BilledCost,BillingAccountId,BillingAccountName,BillingAccountType,BillingCurrency,BillingPeriodStart,BillingPeriodEnd,ChargeCategory,ChargeClass,ChargeDescription,ChargeFrequency,ChargePeriodStart,ChargePeriodEnd,CommitmentDiscountId,CommitmentDiscountCategory,CommitmentDiscountStatus,ConsumedQuantity,ConsumedUnit,ContractedCost,ContractedUnitPrice,EffectiveCost,InvoiceIssuerName,ListCost,ListUnitPrice,PricingCategory,PricingQuantity,PricingUnit,RegionId,RegionName,ResourceId,ResourceName,ResourceType,ServiceCategory,ServiceSubcategory,ServiceName,ServiceProviderName,SkuId,SkuPriceId,SubAccountId,SubAccountName,SubAccountType,Tags
23.2198,prj-core-prod,cloudfinops-demo,Billing Account,USD,2026-08-01T00:00:00Z,2026-09-01T00:00:00Z,Usage,,Compute Engine - Virtual Machines,Usage-Based,2026-08-01T00:00:00Z,2026-08-01T23:59:59Z,cd-google-compute,Usage,Used,1130.246,Hours,19.5046,0.020544,19.5046,Google LLC,23.2198,0.020544,Committed,1130.246,Hours,us-central1,Iowa,google/prj-core-prod/compute-engine,compute-engine-prod,Instance,Compute,Virtual Machines,Compute Engine,Google Cloud,GOO-ComputeEngin,GOO-ComputeE-us-central1,prj-core-prod,projeto-core,Subscription,"{""OwnerTeam"": ""backend"", ""Environment"": ""prod"", ""ManagedBy"": ""cloudformation""}"
23.2066,prj-core-prod,cloudfinops-demo,Billing Account,USD,2026-08-01T00:00:00Z,2026-09-01T00:00:00Z,Usage,,Compute Engine - Virtual Machines,Usage-Based,2026-08-02T00:00:00Z,2026-08-02T23:59:59Z,cd-google-compute,Usage,Used,52.17,Hours,19.4935,0.444827,19.4935,Google LLC,23.2066,0.444827,Committed,52.17,Hours,us-central1,Iowa,google/prj-core-prod/compute-engine,compute-engine-prod,Instance,Compute,Virtual Machines,Compute Engine,Google Cloud,GOO-ComputeEngin,GOO-ComputeE-us-central1,prj-core-prod,projeto-core,Subscription,"{""OwnerTeam"": ""redes"", ""Environment"": ""prod"", ""ManagedBy"": ""cloudformation""}"
27.7302,prj-core-prod,cloudfinops-demo,Billing Account,USD,2026-08-01T00:00:00Z,2026-09-01T00:00:00Z,Usage,,Compute Engine - Virtual Machines,Usage-Based,2026-08-03T00:00:00Z,2026-08-03T23:59:59Z,cd-google-compute,Usage,Used,76.031,Hours,23.2934,0.364722,23.2934,Google LLC,27.7302,0.364722,Committed,76.031,Hours,us-central1,Iowa,google/prj-core-prod/compute-engine,compute-engine-prod,Instance,Compute,Virtual Machines,Compute Engine,Google Cloud,GOO-ComputeEngin,GOO-ComputeE-us-central1,prj-core-prod,projeto-core,Subscription,"{""OwnerTeam"": ""redes"", ""Environment"": ""prod"", ""ManagedBy"": ""terraform""}"
28.3488,prj-core-prod,cloudfinops-demo,Billing Account,USD,2026-08-01T00:00:00Z,2026-09-01T00:00:00Z,Usage,,Compute Engine - Virtual Machines,Usage-Based,2026-08-04T00:00:00Z,2026-08-04T23:59:59Z,,,,66.541,Hours,28.3488,0.426035,28.3488,Google LLC,28.3488,0.426035,Standard,66.541,Hours,us-central1,Iowa,google/prj-core-prod/compute-engine,compute-engine-prod,Instance,Compute,Virtual Machines,Compute Engine,Google Cloud,GOO-ComputeEngin,GOO-ComputeE-us-central1,prj-core-prod,projeto-core,Subscription,"{""OwnerTeam"": ""plataforma"", ""Environment"": ""prod"", ""ManagedBy"": ""terraform""}"
27.9459,prj-core-prod,cloudfinops-demo,Billing Account,USD,2026-08-01T00:00:00Z,2026-09-01T00:00:00Z,Usage,,Compute Engine - Virtual Machines,Usage-Based,2026-08-05T00:00:00Z,2026-08-05T23:59:59Z,cd-google-compute,Usage,Used,78.047,Hours,23.4746,0.358065,23.4746,Google LLC,27.9459,0.358065,Committed,78.047,Hours,us-central1,Iowa,google/prj-core-prod/compute-engine,compute-engine-prod,Instance,Compute,Virtual Machines,Compute Engine,Google Cloud,GOO-ComputeEngin,GOO-ComputeE-us-central1,prj-core-prod,projeto-core,Subscription,"{""OwnerTeam"": ""redes"", ""Environment"": ""prod"", ""ManagedBy"": ""serverless""}"
27.2386,prj-core-prod,cloudfinops-demo,Billing Account,USD,2026-08-01T00:00:00Z,2026-09-01T00:00:00Z,Usage,,Compute Engine - Virtual Machines,Usage-Based,2026-08-06T00:00:00Z,2026-08-06T23:59:59Z,cd-google-compute,Usage,Used,441.854,Hours,22.8804,0.061646,22.8804,Google LLC,27.2386,0.061646,Committed,441.854,Hours,us-central1,Iowa,google/prj-core-prod/compute-engine,compute-engine-prod,Instance,Compute,Virtual Machines,Compute Engine,Google Cloud,GOO-ComputeEngin,GOO-ComputeE-us-central1,prj-core-prod,projeto-core,Subscription,"{""OwnerTeam"": ""backend"", ""Environment"": ""prod""}"
28.1972,prj-core-prod,cloudfinops-demo,Billing Account,USD,2026-08-01T00:00:00Z,2026-09-01T00:00:00Z,Usage,,Compute Engine - Virtual Machines,Usage-Based,2026-08-07T00:00:00Z,2026-08-07T23:59:59Z,,,,89.719,Hours,28.1972,0.314283,28.1972,Google LLC,28.1972,0.314283,Standard,89.719,Hours,us-central1,Iowa,google/prj-core-prod/compute-engine,compute-engine-prod,Instance,Compute,Virtual Machines,Compute Engine,Google Cloud,GOO-ComputeEngin,GOO-ComputeE-us-central1,prj-core-prod,projeto-core,Subscription,"{""OwnerTeam"": ""dados"", ""Environment"": ""prod"", ""ManagedBy"": ""serverless""}"
23.6193,prj-core-prod,cloudfinops-demo,Billing Account,USD,2026-08-01T00:00:00Z,2026-09-01T00:00:00Z,Usage,,Compute Engine - Virtual Machines,Usage-Based,2026-08-08T00:00:00Z,2026-08-08T23:59:59Z,cd-google-compute,Usage,Used,270.484,Hours,19.8402,0.087322,19.8402,Google LLC,23.6193,0.087322,Committed,270.484,Hours,us-central1,Iowa,google/prj-core-prod/compute-engine,compute-engine-prod,Instance,Compute,Virtual Machines,Compute Engine,Google Cloud,GOO-ComputeEngin,GOO-ComputeE-us-central1,prj-core-prod,projeto-core,Subscription,"{""OwnerTeam"": ""backend"", ""Environment"": ""prod"", ""ManagedBy"": ""manual""}"
23.7132,prj-core-prod,cloudfinops-demo,Billing Account,USD,2026-08-01T00:00:00Z,2026-09-01T00:00:00Z,Usage,,Compute Engine - Virtual Machines,Usage-Based,2026-08-09T00:00:00Z,2026-08-09T23:59:59Z,,,,58.045,Hours,23.7132,0.408531,23.7132,Google LLC,23.7132,0.408531,Standard,58.045,Hours,us-central1,Iowa,google/prj-core-prod/compute-engine,compute-engine-prod,Instance,Compute,Virtual Machines,Compute Engine,Google Cloud,GOO-ComputeEngin,GOO-ComputeE-us-central1,prj-core-prod,projeto-core,Subscription,"{""OwnerTeam"": ""backend"", ""Environment"": ""prod"", ""ManagedBy"": ""manual""}"
27.5128,prj-core-prod,cloudfinops-demo,Billing Account,USD,2026-08-01T00:00:00Z,2026-09-01T00:00:00Z,Usage,,Compute Engine - Virtual Machines,Usage-Based,2026-08-10T00:00:00Z,2026-08-10T23:59:59Z,cd-google-compute,Usage,Used,106.748,Hours,23.1108,0.257736,23.1108,Google LLC,27.5128,0.257736,Committed,106.748,Hours,us-central1,Iowa,google/prj-core-prod/compute-engine,compute-engine-prod,Instance,Compute,Virtual Machines,Compute Engine,Google Cloud,GOO-ComputeEngin,GOO-ComputeE-us-central1,prj-core-prod,projeto-core,Subscription,"{""OwnerTeam"": ""plataforma"", ""Environment"": ""prod"", ""ManagedBy"": ""cloudformation""}"
28.2988,prj-core-prod,cloudfinops-demo,Billing Account,USD,2026-08-01T00:00:00Z,2026-09-01T00:00:00Z,Usage,,Compute Engine - Virtual Machines,Usage-Based,2026-08-11T00:00:00Z,2026-08-11T23:59:59Z,,,,88.566,Hours,28.2988,0.319522,28.2988,Google LLC,28.2988,0.319522,Standard,88.566,Hours,us-central1,Iowa,google/prj-core-prod/compute-engine,compute-engine-prod,Instance,Compute,Virtual Machines,Compute Engine,Google Cloud,GOO-ComputeEngin,GOO-ComputeE-us-central1,prj-core-prod,projeto-core,Subscription,"{""OwnerTeam"": ""redes"", ""Environment"": ""prod"", ""ManagedBy"": ""cloudformation""}"
28.5601,prj-core-prod,cloudfinops-demo,Billing Account,USD,2026-08-01T00:00:00Z,2026-09-01T00:00:00Z,Usage,,Compute Engine - Virtual Machines,Usage-Based,2026-08-12T00:00:00Z,2026-08-12T23:59:59Z,,,,151.062,Hours,28.5601,0.189062,28.5601,Google LLC,28.5601,0.189062,Standard,151.062,Hours,us-central1,Iowa,google/prj-core-prod/compute-engine,compute-engine-prod,Instance,Compute,Virtual Machines,Compute Engine,Google Cloud,GOO-ComputeEngin,GOO-ComputeE-us-central1,prj-core-prod,projeto-core,Subscription,"{""OwnerTeam"": ""backend"", ""Environment"": ""prod""}"
28.1638,prj-core-prod,cloudfinops-demo,Billing Account,USD,2026-08-01T00:00:00Z,2026-09-01T00:00:00Z,Usage,,Compute Engine - Virtual Machines,Usage-Based,2026-08-13T00:00:00Z,2026-08-13T23:59:59Z,cd-google-compute,Usage,Used,114.508,Hours,23.6576,0.245955,23.6576,Google LLC,28.1638,0.245955,Committed,114.508,Hours,us-central1,Iowa,google/prj-core-prod/compute-engine,compute-engine-prod,Instance,Compute,Virtual Machines,Compute Engine,Google Cloud,GOO-ComputeEngin,GOO-ComputeE-us-central1,prj-core-prod,projeto-core,Subscription,"{""OwnerTeam"": ""dados"", ""Environment"": ""prod"", ""ManagedBy"": ""serverless""}"
28.0504,prj-core-prod,cloudfinops-demo,Billing Account,USD,2026-08-01T00:00:00Z,2026-09-01T00:00:00Z,Usage,,Compute Engine - Virtual Machines,Usage-Based,2026-08-14T00:00:00Z,2026-08-14T23:59:59Z,,,,81.266,Hours,28.0504,0.345168,28.0504,Google LLC,28.0504,0.345168,Standard,81.266,Hours,us-central1,Iowa,google/prj-core-prod/compute-engine,compute-engine-prod,Instance,Compute,Virtual Machines,Compute Engine,Google Cloud,GOO-ComputeEngin,GOO-ComputeE-us-central1,prj-core-prod,projeto-core,Subscription,"{""OwnerTeam"": ""backend"", ""Environment"": ""prod"", ""ManagedBy"": ""manual""}"
23.7853,prj-core-prod,cloudfinops-demo,Billing Account,USD,2026-08-01T00:00:00Z,2026-09-01T00:00:00Z,Usage,,Compute Engine - Virtual Machines,Usage-Based,2026-08-15T00:00:00Z,2026-08-15T23:59:59Z,,,,114.378,Hours,23.7853,0.207953,23.7853,Google LLC,23.7853,0.207953,Standard,114.378,Hours,us-central1,Iowa,google/prj-core-prod/compute-engine,compute-engine-prod,Instance,Compute,Virtual Machines,Compute Engine,Google Cloud,GOO-ComputeEngin,GOO-ComputeE-us-central1,prj-core-prod,projeto-core,Subscription,"{""OwnerTeam"": ""dados"", ""Environment"": ""prod"", ""ManagedBy"": ""cloudformation""}"
23.4657,prj-core-prod,cloudfinops-demo,Billing Account,USD,2026-08-01T00:00:00Z,2026-09-01T00:00:00Z,Usage,,Compute Engine - Virtual Machines,Usage-Based,2026-08-16T00:00:00Z,2026-08-16T23:59:59Z,,,,56.215,Hours,23.4657,0.417428,23.4657,Google LLC,23.4657,0.417428,Standard,56.215,Hours,us-central1,Iowa,google/prj-core-prod/compute-engine,compute-engine-prod,Instance,Compute,Virtual Machines,Compute Engine,Google Cloud,GOO-ComputeEngin,GOO-ComputeE-us-central1,prj-core-prod,projeto-core,Subscription,"{""OwnerTeam"": ""dados"", ""Environment"": ""prod"", ""ManagedBy"": ""manual""}"
28.0643,prj-core-prod,cloudfinops-demo,Billing Account,USD,2026-08-01T00:00:00Z,2026-09-01T00:00:00Z,Usage,,Compute Engine - Virtual Machines,Usage-Based,2026-08-17T00:00:00Z,2026-08-17T23:59:59Z,cd-google-compute,Usage,Used,397.03,Hours,23.574,0.070686,23.574,Google LLC,28.0643,0.070686,Committed,397.03,Hours,us-central1,Iowa,google/prj-core-prod/compute-engine,compute-engine-prod,Instance,Compute,Virtual Machines,Compute Engine,Google Cloud,GOO-ComputeEngin,GOO-ComputeE-us-central1,prj-core-prod,projeto-core,Subscription,"{""OwnerTeam"": ""dados"", ""Environment"": ""prod"", ""ManagedBy"": ""manual""}"
27.1119,prj-core-prod,cloudfinops-demo,Billing Account,USD,2026-08-01T00:00:00Z,2026-09-01T00:00:00Z,Usage,,Compute Engine - Virtual Machines,Usage-Based,2026-08-18T00:00:00Z,2026-08-18T23:59:59Z,cd-google-compute,Usage,Used,638.022,Hours,22.774,0.042494,22.774,Google LLC,27.1119,0.042494,Committed,638.022,Hours,us-central1,Iowa,google/prj-core-prod/compute-engine,compute-engine-prod,Instance,Compute,Virtual Machines,Compute Engine,Google Cloud,GOO-ComputeEngin,GOO-ComputeE-us-central1,prj-core-prod,projeto-core,Subscription,"{""OwnerTeam"": ""dados"", ""Environment"": ""prod"", ""ManagedBy"": ""terraform""}"
26.9265,prj-core-prod,cloudfinops-demo,Billing Account,USD,2026-08-01T00:00:00Z,2026-09-01T00:00:00Z,Usage,,Compute Engine - Virtual Machines,Usage-Based,2026-08-19T00:00:00Z,2026-08-19T23:59:59Z,,,,106.057,Hours,26.9265,0.253887,26.9265,Google LLC,26.9265,0.253887,Standard,106.057,Hours,us-central1,Iowa,google/prj-core-prod/compute-engine,compute-engine-prod,Instance,Compute,Virtual Machines,Compute Engine,Google Cloud,GOO-ComputeEngin,GOO-ComputeE-us-central1,prj-core-prod,projeto-core,Subscription,"{""OwnerTeam"": ""backend"", ""Environment"": ""prod"", ""ManagedBy"": ""manual""}"
28.3648,prj-core-prod,cloudfinops-demo,Billing Account,USD,2026-08-01T00:00:00Z,2026-09-01T00:00:00Z,Usage,,Compute Engine - Virtual Machines,Usage-Based,2026-08-20T00:00:00Z,2026-08-20T23:59:59Z,,,,617.107,Hours,28.3648,0.045964,28.3648,Google LLC,28.3648,0.045964,Standard,617.107,Hours,us-central1,Iowa,google/prj-core-prod/compute-engine,compute-engine-prod,Instance,Compute,Virtual Machines,Compute Engine,Google Cloud,GOO-ComputeEngin,GOO-ComputeE-us-central1,prj-core-prod,projeto-core,Subscription,"{""OwnerTeam"": ""dados"", ""Environment"": ""prod"", ""ManagedBy"": ""manual""}"
27.0553,prj-core-prod,cloudfinops-demo,Billing Account,USD,2026-08-01T00:00:00Z,2026-09-01T00:00:00Z,Usage,,Compute Engine - Virtual Machines,Usage-Based,2026-08-21T00:00:00Z,2026-08-21T23:59:59Z,cd-google-compute,Usage,Used,72.78,Hours,22.7265,0.371741,22.7265,Google LLC,27.0553,0.371741,Committed,72.78,Hours,us-central1,Iowa,google/prj-core-prod/compute-engine,compute-engine-prod,Instance,Compute,Virtual Machines,Compute Engine,Google Cloud,GOO-ComputeEngin,GOO-ComputeE-us-central1,prj-core-prod,projeto-core,Subscription,"{""OwnerTeam"": ""redes"", ""Environment"": ""prod"", ""ManagedBy"": ""serverless""}"
22.5874,prj-core-prod,cloudfinops-demo,Billing Account,USD,2026-08-01T00:00:00Z,2026-09-01T00:00:00Z,Usage,,Compute Engine - Virtual Machines,Usage-Based,2026-08-22T00:00:00Z,2026-08-22T23:59:59Z,cd-google-compute,Usage,Used,112.07,Hours,18.9734,0.201547,18.9734,Google LLC,22.5874,0.201547,Committed,112.07,Hours,us-central1,Iowa,google/prj-core-prod/compute-engine,compute-engine-prod,Instance,Compute,Virtual Machines,Compute Engine,Google Cloud,GOO-ComputeEngin,GOO-ComputeE-us-central1,prj-core-prod,projeto-core,Subscription,"{""OwnerTeam"": ""dados"", ""Environment"": ""prod"", ""ManagedBy"": ""cloudformation""}"
23.27,prj-core-prod,cloudfinops-demo,Billing Account,USD,2026-08-01T00:00:00Z,2026-09-01T00:00:00Z,Usage,,Compute Engine - Virtual Machines,Usage-Based,2026-08-23T00:00:00Z,2026-08-23T23:59:59Z,,,,134.396,Hours,23.27,0.173145,23.27,Google LLC,23.27,0.173145,Standard,134.396,Hours,us-central1,Iowa,google/prj-core-prod/compute-engine,compute-engine-prod,Instance,Compute,Virtual Machines,Compute Engine,Google Cloud,GOO-ComputeEngin,GOO-ComputeE-us-central1,prj-core-prod,projeto-core,Subscription,"{""OwnerTeam"": ""backend"", ""Environment"": ""prod"", ""ManagedBy"": ""cloudformation""}"
27.2991,prj-core-prod,cloudfinops-demo,Billing Account,USD,2026-08-01T00:00:00Z,2026-09-01T00:00:00Z,Usage,,Compute Engine - Virtual Machines,Usage-Based,2026-08-24T00:00:00Z,2026-08-24T23:59:59Z,cd-google-compute,Usage,Used,188.456,Hours,22.9312,0.144857,22.9312,Google LLC,27.2991,0.144857,Committed,188.456,Hours,us-central1,Iowa,google/prj-core-prod/compute-engine,compute-engine-prod,Instance,Compute,Virtual Machines,Compute Engine,Google Cloud,GOO-ComputeEngin,GOO-ComputeE-us-central1,prj-core-prod,projeto-core,Subscription,"{""OwnerTeam"": ""plataforma"", ""Environment"": ""prod""}"
27.3673,prj-core-prod,cloudfinops-demo,Billing Account,USD,2026-08-01T00:00:00Z,2026-09-01T00:00:00Z,Usage,,Compute Engine - Virtual Machines,Usage-Based,2026-08-25T00:00:00Z,2026-08-25T23:59:59Z,,,,92.563,Hours,27.3673,0.295661,27.3673,Google LLC,27.3673,0.295661,Standard,92.563,Hours,us-central1,Iowa,google/prj-core-prod/compute-engine,compute-engine-prod,Instance,Compute,Virtual Machines,Compute Engine,Google Cloud,GOO-ComputeEngin,GOO-ComputeE-us-central1,prj-core-prod,projeto-core,Subscription,"{""OwnerTeam"": ""plataforma"", ""Environment"": ""prod"", ""ManagedBy"": ""manual""}"
26.9926,prj-core-prod,cloudfinops-demo,Billing Account,USD,2026-08-01T00:00:00Z,2026-09-01T00:00:00Z,Usage,,Compute Engine - Virtual Machines,Usage-Based,2026-08-26T00:00:00Z,2026-08-26T23:59:59Z,cd-google-compute,Usage,Used,95.643,Hours,22.6738,0.282222,22.6738,Google LLC,26.9926,0.282222,Committed,95.643,Hours,us-central1,Iowa,google/prj-core-prod/compute-engine,compute-engine-prod,Instance,Compute,Virtual Machines,Compute Engine,Google Cloud,GOO-ComputeEngin,GOO-ComputeE-us-central1,prj-core-prod,projeto-core,Subscription,"{""OwnerTeam"": ""dados"", ""Environment"": ""prod"", ""ManagedBy"": ""serverless""}"
26.7821,prj-core-prod,cloudfinops-demo,Billing Account,USD,2026-08-01T00:00:00Z,2026-09-01T00:00:00Z,Usage,,Compute Engine - Virtual Machines,Usage-Based,2026-08-27T00:00:00Z,2026-08-27T23:59:59Z,,,,857.595,Hours,26.7821,0.031229,26.7821,Google LLC,26.7821,0.031229,Standard,857.595,Hours,us-central1,Iowa,google/prj-core-prod/compute-engine,compute-engine-prod,Instance,Compute,Virtual Machines,Compute Engine,Google Cloud,GOO-ComputeEngin,GOO-ComputeE-us-central1,prj-core-prod,projeto-core,Subscription,"{""OwnerTeam"": ""redes"", ""Environment"": ""prod"", ""ManagedBy"": ""terraform""}"
26.9688,prj-core-prod,cloudfinops-demo,Billing Account,USD,2026-08-01T00:00:00Z,2026-09-01T00:00:00Z,Usage,,Compute Engine - Virtual Machines,Usage-Based,2026-08-28T00:00:00Z,2026-08-28T23:59:59Z,,,,124.678,Hours,26.9688,0.216308,26.9688,Google LLC,26.9688,0.216308,Standard,124.678,Hours,us-central1,Iowa,google/prj-core-prod/compute-engine,compute-engine-prod,Instance,Compute,Virtual Machines,Compute Engine,Google Cloud,GOO-ComputeEngin,GOO-ComputeE-us-central1,prj-core-prod,projeto-core,Subscription,"{""OwnerTeam"": ""plataforma"", ""Environment"": ""prod"", ""ManagedBy"": ""serverless""}"
23.2226,prj-core-prod,cloudfinops-demo,Billing Account,USD,2026-08-01T00:00:00Z,2026-09-01T00:00:00Z,Usage,,Compute Engine - Virtual Machines,Usage-Based,2026-08-29T00:00:00Z,2026-08-29T23:59:59Z,,,,54.687,Hours,23.2226,0.424646,23.2226,Google LLC,23.2226,0.424646,Standard,54.687,Hours,us-central1,Iowa,google/prj-core-prod/compute-engine,compute-engine-prod,Instance,Compute,Virtual Machines,Compute Engine,Google Cloud,GOO-ComputeEngin,GOO-ComputeE-us-central1,prj-core-prod,projeto-core,Subscription,"{""OwnerTeam"": ""plataforma"", ""Environment"": ""prod"", ""ManagedBy"": ""cloudformation""}"
23.9566,prj-core-prod,cloudfinops-demo,Billing Account,USD,2026-08-01T00:00:00Z,2026-09-01T00:00:00Z,Usage,,Compute Engine - Virtual Machines,Usage-Based,2026-08-30T00:00:00Z,2026-08-30T23:59:59Z,cd-google-compute,Usage,Used,216.651,Hours,20.1235,0.110577,20.1235,Google LLC,23.9566,0.110577,Committed,216.651,Hours,us-central1,Iowa,google/prj-core-prod/compute-engine,compute-engine-prod,Instance,Compute,Virtual Machines,Compute Engine,Google Cloud,GOO-ComputeEngin,GOO-ComputeE-us-central1,prj-core-prod,projeto-core,Subscription,"{""OwnerTeam"": ""backend"", ""Environment"": ""prod""}"
27.0803,prj-core-prod,cloudfinops-demo,Billing Account,USD,2026-08-01T00:00:00Z,2026-09-01T00:00:00Z,Usage,,Compute Engine - Virtual Machines,Usage-Based,2026-08-31T00:00:00Z,2026-08-31T23:59:59Z,cd-google-compute,Usage,Used,138.656,Hours,22.7475,0.195306,22.7475,Google LLC,27.0803,0.195306,Committed,138.656,Hours,us-central1,Iowa,google/prj-core-prod/compute-engine,compute-engine-prod,Instance,Compute,Virtual Machines,Compute Engine,Google Cloud,GOO-ComputeEngin,GOO-ComputeE-us-central1,prj-core-prod,projeto-core,Subscription,"{""OwnerTeam"": ""redes"", ""Environment"": ""prod"", ""ManagedBy"": ""cloudformation""}"
27.9625,prj-core-prod,cloudfinops-demo,Billing Account,USD,2026-09-01T00:00:00Z,2026-10-01T00:00:00Z,Usage,,Compute Engine - Virtual Machines,Usage-Based,2026-09-01T00:00:00Z,2026-09-01T23:59:59Z,,,,121.333,Hours,27.9625,0.230461,27.9625,Google LLC,27.9625,0.230461,Standard,121.333,Hours,us-central1,Iowa,google/prj-core-prod/compute-engine,compute-engine-prod,Instance,Compute,Virtual Machines,Compute Engine,Google Cloud,GOO-ComputeEngin,GOO-ComputeE-us-central1,prj-core-prod,projeto-core,Subscription,"{""OwnerTeam"": ""plataforma"", ""Environment"": ""prod"", ""ManagedBy"": ""manual""}"
28.6514,prj-core-prod,cloudfinops-demo,Billing Account,USD,2026-09-01T00:00:00Z,2026-10-01T00:00:00Z,Usage,,Compute Engine - Virtual Machines,Usage-Based,2026-09-02T00:00:00Z,2026-09-02T23:59:59Z,,,,124.101,Hours,28.6514,0.230872,28.6514,Google LLC,28.6514,0.230872,Standard,124.101,Hours,us-central1,Iowa,google/prj-core-prod/compute-engine,compute-engine-prod,Instance,Compute,Virtual Machines,Compute Engine,Google Cloud,GOO-ComputeEngin,GOO-ComputeE-us-central1,prj-core-prod,projeto-core,Subscription,"{""OwnerTeam"": ""dados"", ""Environment"": ""prod"", ""ManagedBy"": ""cloudformation""}"
28.6167,prj-core-prod,cloudfinops-demo,Billing Account,USD,2026-09-01T00:00:00Z,2026-10-01T00:00:00Z,Usage,,Compute Engine - Virtual Machines,Usage-Based,2026-09-03T00:00:00Z,2026-09-03T23:59:59Z,,,,73.314,Hours,28.6167,0.390331,28.6167,Google LLC,28.6167,0.390331,Standard,73.314,Hours,us-central1,Iowa,google/prj-core-prod/compute-engine,compute-engine-prod,Instance,Compute,Virtual Machines,Compute Engine,Google Cloud,GOO-ComputeEngin,GOO-ComputeE-us-central1,prj-core-prod,projeto-core,Subscription,"{""OwnerTeam"": ""dados"", ""Environment"": ""prod"", ""ManagedBy"": ""cloudformation""}"
28.3938,prj-core-prod,cloudfinops-demo,Billing Account,USD,2026-09-01T00:00:00Z,2026-10-01T00:00:00Z,Usage,,Compute Engine - Virtual Machines,Usage-Based,2026-09-04T00:00:00Z,2026-09-04T23:59:59Z,,,,380.768,Hours,28.3938,0.07457,28.3938,Google LLC,28.3938,0.07457,Standard,380.768,Hours,us-central1,Iowa,google/prj-core-prod/compute-engine,compute-engine-prod,Instance,Compute,Virtual Machines,Compute Engine,Google Cloud,GOO-ComputeEngin,GOO-ComputeE-us-central1,prj-core-prod,projeto-core,Subscription,"{""OwnerTeam"": ""plataforma"", ""Environment"": ""prod"", ""ManagedBy"": ""terraform""}"
24.8788,prj-core-prod,cloudfinops-demo,Billing Account,USD,2026-09-01T00:00:00Z,2026-10-01T00:00:00Z,Usage,,Compute Engine - Virtual Machines,Usage-Based,2026-09-05T00:00:00Z,2026-09-05T23:59:59Z,,,,175.159,Hours,24.8788,0.142036,24.8788,Google LLC,24.8788,0.142036,Standard,175.159,Hours,us-central1,Iowa,google/prj-core-prod/compute-engine,compute-engine-prod,Instance,Compute,Virtual Machines,Compute Engine,Google Cloud,GOO-ComputeEngin,GOO-ComputeE-us-central1,prj-core-prod,projeto-core,Subscription,"{""OwnerTeam"": ""redes"", ""Environment"": ""prod"", ""ManagedBy"": ""cloudformation""}"
24.4734,prj-core-prod,cloudfinops-demo,Billing Account,USD,2026-09-01T00:00:00Z,2026-10-01T00:00:00Z,Usage,,Compute Engine - Virtual Machines,Usage-Based,2026-09-06T00:00:00Z,2026-09-06T23:59:59Z,cd-google-compute,Usage,Used,54.579,Hours,20.5577,0.448403,20.5577,Google LLC,24.4734,0.448403,Committed,54.579,Hours,us-central1,Iowa,google/prj-core-prod/compute-engine,compute-engine-prod,Instance,Compute,Virtual Machines,Compute Engine,Google Cloud,GOO-ComputeEngin,GOO-ComputeE-us-central1,prj-core-prod,projeto-core,Subscription,"{""OwnerTeam"": ""plataforma"", ""Environment"": ""prod""}"
28.7918,prj-core-prod,cloudfinops-demo,Billing Account,USD,2026-09-01T00:00:00Z,2026-10-01T00:00:00Z,Usage,,Compute Engine - Virtual Machines,Usage-Based,2026-09-07T00:00:00Z,2026-09-07T23:59:59Z,,,,345.622,Hours,28.7918,0.083304,28.7918,Google LLC,28.7918,0.083304,Standard,345.622,Hours,us-central1,Iowa,google/prj-core-prod/compute-engine,compute-engine-prod,Instance,Compute,Virtual Machines,Compute Engine,Google Cloud,GOO-ComputeEngin,GOO-ComputeE-us-central1,prj-core-prod,projeto-core,Subscription,"{""OwnerTeam"": ""plataforma"", ""Environment"": ""prod"", ""ManagedBy"": ""terraform""}"
28.2026,prj-core-prod,cloudfinops-demo,Billing Account,USD,2026-09-01T00:00:00Z,2026-10-01T00:00:00Z,Usage,,Compute Engine - Virtual Machines,Usage-Based,2026-09-08T00:00:00Z,2026-09-08T23:59:59Z,cd-google-compute,Usage,Used,142.118,Hours,23.6902,0.198445,23.6902,Google LLC,28.2026,0.198445,Committed,142.118,Hours,us-central1,Iowa,google/prj-core-prod/compute-engine,compute-engine-prod,Instance,Compute,Virtual Machines,Compute Engine,Google Cloud,GOO-ComputeEngin,GOO-ComputeE-us-central1,prj-core-prod,projeto-core,Subscription,"{""OwnerTeam"": ""dados"", ""Environment"": ""prod"", ""ManagedBy"": ""serverless""}"
28.727,prj-core-prod,cloudfinops-demo,Billing Account,USD,2026-09-01T00:00:00Z,2026-10-01T00:00:00Z,Usage,,Compute Engine - Virtual Machines,Usage-Based,2026-09-09T00:00:00Z,2026-09-09T23:59:59Z,cd-google-compute,Usage,Used,71.311,Hours,24.1307,0.402841,24.1307,Google LLC,28.727,0.402841,Committed,71.311,Hours,us-central1,Iowa,google/prj-core-prod/compute-engine,compute-engine-prod,Instance,Compute,Virtual Machines,Compute Engine,Google Cloud,GOO-ComputeEngin,GOO-ComputeE-us-central1,prj-core-prod,projeto-core,Subscription,"{""OwnerTeam"": ""backend"", ""Environment"": ""prod"", ""ManagedBy"": ""terraform""}"
29.049,prj-core-prod,cloudfinops-demo,Billing Account,USD,2026-09-01T00:00:00Z,2026-10-01T00:00:00Z,Usage,,Compute Engine - Virtual Machines,Usage-Based,2026-09-10T00:00:00Z,2026-09-10T23:59:59Z,cd-google-compute,Usage,Used,1183.513,Hours,24.4012,0.024545,24.4012,Google LLC,29.049,0.024545,Committed,1183.513,Hours,us-central1,Iowa,google/prj-core-prod/compute-engine,compute-engine-prod,Instance,Compute,Virtual Machines,Compute Engine,Google Cloud,GOO-ComputeEngin,GOO-ComputeE-us-central1,prj-core-prod,projeto-core,Subscription,"{""OwnerTeam"": ""backend"", ""Environment"": ""prod""}"
29.7351,prj-core-prod,cloudfinops-demo,Billing Account,USD,2026-09-01T00:00:00Z,2026-10-01T00:00:00Z,Usage,,Compute Engine - Virtual Machines,Usage-Based,2026-09-11T00:00:00Z,2026-09-11T23:59:59Z,,,,86.767,Hours,29.7351,0.342701,29.7351,Google LLC,29.7351,0.342701,Standard,86.767,Hours,us-central1,Iowa,google/prj-core-prod/compute-engine,compute-engine-prod,Instance,Compute,Virtual Machines,Compute Engine,Google Cloud,GOO-ComputeEngin,GOO-ComputeE-us-central1,prj-core-prod,projeto-core,Subscription,"{""OwnerTeam"": ""dados"", ""Environment"": ""prod"", ""ManagedBy"": ""manual""}"
25.0536,prj-core-prod,cloudfinops-demo,Billing Account,USD,2026-09-01T00:00:00Z,2026-10-01T00:00:00Z,Usage,,Compute Engine - Virtual Machines,Usage-Based,2026-09-12T00:00:00Z,2026-09-12T23:59:59Z,cd-google-compute,Usage,Used,103.45,Hours,21.045,0.242181,21.045,Google LLC,25.0536,0.242181,Committed,103.45,Hours,us-central1,Iowa,google/prj-core-prod/compute-engine,compute-engine-prod,Instance,Compute,Virtual Machines,Compute Engine,Google Cloud,GOO-ComputeEngin,GOO-ComputeE-us-central1,prj-core-prod,projeto-core,Subscription,"{""OwnerTeam"": ""redes"", ""Environment"": ""prod""}"
23.6573,prj-core-prod,cloudfinops-demo,Billing Account,USD,2026-09-01T00:00:00Z,2026-10-01T00:00:00Z,Usage,,Compute Engine - Virtual Machines,Usage-Based,2026-09-13T00:00:00Z,2026-09-13T23:59:59Z,,,,86.476,Hours,23.6573,0.273571,23.6573,Google LLC,23.6573,0.273571,Standard,86.476,Hours,us-central1,Iowa,google/prj-core-prod/compute-engine,compute-engine-prod,Instance,Compute,Virtual Machines,Compute Engine,Google Cloud,GOO-ComputeEngin,GOO-ComputeE-us-central1,prj-core-prod,projeto-core,Subscription,"{""OwnerTeam"": ""plataforma"", ""Environment"": ""prod""}"
28.5177,prj-core-prod,cloudfinops-demo,Billing Account,USD,2026-09-01T00:00:00Z,2026-10-01T00:00:00Z,Usage,,Compute Engine - Virtual Machines,Usage-Based,2026-09-14T00:00:00Z,2026-09-14T23:59:59Z,,,,87.016,Hours,28.5177,0.327729,28.5177,Google LLC,28.5177,0.327729,Standard,87.016,Hours,us-central1,Iowa,google/prj-core-prod/compute-engine,compute-engine-prod,Instance,Compute,Virtual Machines,Compute Engine,Google Cloud,GOO-ComputeEngin,GOO-ComputeE-us-central1,prj-core-prod,projeto-core,Subscription,"{""OwnerTeam"": ""plataforma"", ""Environment"": ""prod"", ""ManagedBy"": ""cloudformation""}"
29.7128,prj-core-prod,cloudfinops-demo,Billing Account,USD,2026-09-01T00:00:00Z,2026-10-01T00:00:00Z,Usage,,Compute Engine - Virtual Machines,Usage-Based,2026-09-15T00:00:00Z,2026-09-15T23:59:59Z,cd-google-compute,Usage,Used,67.313,Hours,24.9588,0.441413,24.9588,Google LLC,29.7128,0.441413,Committed,67.313,Hours,us-central1,Iowa,google/prj-core-prod/compute-engine,compute-engine-prod,Instance,Compute,Virtual Machines,Compute Engine,Google Cloud,GOO-ComputeEngin,GOO-ComputeE-us-central1,prj-core-prod,projeto-core,Subscription,"{""OwnerTeam"": ""dados"", ""Environment"": ""prod"", ""ManagedBy"": ""cloudformation""}"
28.2349,prj-core-prod,cloudfinops-demo,Billing Account,USD,2026-09-01T00:00:00Z,2026-10-01T00:00:00Z,Usage,,Compute Engine - Virtual Machines,Usage-Based,2026-09-16T00:00:00Z,2026-09-16T23:59:59Z,,,,270.185,Hours,28.2349,0.104502,28.2349,Google LLC,28.2349,0.104502,Standard,270.185,Hours,us-central1,Iowa,google/prj-core-prod/compute-engine,compute-engine-prod,Instance,Compute,Virtual Machines,Compute Engine,Google Cloud,GOO-ComputeEngin,GOO-ComputeE-us-central1,prj-core-prod,projeto-core,Subscription,"{""OwnerTeam"": ""plataforma"", ""Environment"": ""prod""}"
29.5243,prj-core-prod,cloudfinops-demo,Billing Account,USD,2026-09-01T00:00:00Z,2026-10-01T00:00:00Z,Usage,,Compute Engine - Virtual Machines,Usage-Based,2026-09-17T00:00:00Z,2026-09-17T23:59:59Z,cd-google-compute,Usage,Used,81.874,Hours,24.8004,0.360607,24.8004,Google LLC,29.5243,0.360607,Committed,81.874,Hours,us-central1,Iowa,google/prj-core-prod/compute-engine,compute-engine-prod,Instance,Compute,Virtual Machines,Compute Engine,Google Cloud,GOO-ComputeEngin,GOO-ComputeE-us-central1,prj-core-prod,projeto-core,Subscription,"{""OwnerTeam"": ""dados"", ""Environment"": ""prod"", ""ManagedBy"": ""manual""}"
28.0647,prj-core-prod,cloudfinops-demo,Billing Account,USD,2026-09-01T00:00:00Z,2026-10-01T00:00:00Z,Usage,,Compute Engine - Virtual Machines,Usage-Based,2026-09-18T00:00:00Z,2026-09-18T23:59:59Z,,,,122.248,Hours,28.0647,0.229572,28.0647,Google LLC,28.0647,0.229572,Standard,122.248,Hours,us-central1,Iowa,google/prj-core-prod/compute-engine,compute-engine-prod,Instance,Compute,Virtual Machines,Compute Engine,Google Cloud,GOO-ComputeEngin,GOO-ComputeE-us-central1,prj-core-prod,projeto-core,Subscription,"{""OwnerTeam"": ""plataforma"", ""Environment"": ""prod""}"
23.6287,prj-core-prod,cloudfinops-demo,Billing Account,USD,2026-09-01T00:00:00Z,2026-10-01T00:00:00Z,Usage,,Compute Engine - Virtual Machines,Usage-Based,2026-09-19T00:00:00Z,2026-09-19T23:59:59Z,,,,1038.252,Hours,23.6287,0.022758,23.6287,Google LLC,23.6287,0.022758,Standard,1038.252,Hours,us-central1,Iowa,google/prj-core-prod/compute-engine,compute-engine-prod,Instance,Compute,Virtual Machines,Compute Engine,Google Cloud,GOO-ComputeEngin,GOO-ComputeE-us-central1,prj-core-prod,projeto-core,Subscription,"{""OwnerTeam"": ""backend"", ""Environment"": ""prod"", ""ManagedBy"": ""manual""}"
24.9074,prj-core-prod,cloudfinops-demo,Billing Account,USD,2026-09-01T00:00:00Z,2026-10-01T00:00:00Z,Usage,,Compute Engine - Virtual Machines,Usage-Based,2026-09-20T00:00:00Z,2026-09-20T23:59:59Z,,,,67.06,Hours,24.9074,0.37142,24.9074,Google LLC,24.9074,0.37142,Standard,67.06,Hours,us-central1,Iowa,google/prj-core-prod/compute-engine,compute-engine-prod,Instance,Compute,Virtual Machines,Compute Engine,Google Cloud,GOO-ComputeEngin,GOO-ComputeE-us-central1,prj-core-prod,projeto-core,Subscription,"{""OwnerTeam"": ""plataforma"", ""Environment"": ""prod"", ""ManagedBy"": ""terraform""}"
29.4029,prj-core-prod,cloudfinops-demo,Billing Account,USD,2026-09-01T00:00:00Z,2026-10-01T00:00:00Z,Usage,,Compute Engine - Virtual Machines,Usage-Based,2026-09-21T00:00:00Z,2026-09-21T23:59:59Z,,,,274.967,Hours,29.4029,0.106932,29.4029,Google LLC,29.4029,0.106932,Standard,274.967,Hours,us-central1,Iowa,google/prj-core-prod/compute-engine,compute-engine-prod,Instance,Compute,Virtual Machines,Compute Engine,Google Cloud,GOO-ComputeEngin,GOO-ComputeE-us-central1,prj-core-prod,projeto-core,Subscription,"{""OwnerTeam"": ""backend"", ""Environment"": ""prod"", ""ManagedBy"": ""serverless""}"
28.2211,prj-core-prod,cloudfinops-demo,Billing Account,USD,2026-09-01T00:00:00Z,2026-10-01T00:00:00Z,Usage,,Compute Engine - Virtual Machines,Usage-Based,2026-09-22T00:00:00Z,2026-09-22T23:59:59Z,,,,167.292,Hours,28.2211,0.168694,28.2211,Google LLC,28.2211,0.168694,Standard,167.292,Hours,us-central1,Iowa,google/prj-core-prod/compute-engine,compute-engine-prod,Instance,Compute,Virtual Machines,Compute Engine,Google Cloud,GOO-ComputeEngin,GOO-ComputeE-us-central1,prj-core-prod,projeto-core,Subscription,"{""OwnerTeam"": ""dados"", ""Environment"": ""prod"", ""ManagedBy"": ""manual""}"
29.4559,prj-core-prod,cloudfinops-demo,Billing Account,USD,2026-09-01T00:00:00Z,2026-10-01T00:00:00Z,Usage,,Compute Engine - Virtual Machines,Usage-Based,2026-09-23T00:00:00Z,2026-09-23T23:59:59Z,,,,201.291,Hours,29.4559,0.146335,29.4559,Google LLC,29.4559,0.146335,Standard,201.291,Hours,us-central1,Iowa,google/prj-core-prod/compute-engine,compute-engine-prod,Instance,Compute,Virtual Machines,Compute Engine,Google Cloud,GOO-ComputeEngin,GOO-ComputeE-us-central1,prj-core-prod,projeto-core,Subscription,"{""OwnerTeam"": ""dados"", ""Environment"": ""prod"", ""ManagedBy"": ""cloudformation""}"
28.3081,prj-core-prod,cloudfinops-demo,Billing Account,USD,2026-09-01T00:00:00Z,2026-10-01T00:00:00Z,Usage,,Compute Engine - Virtual Machines,Usage-Based,2026-09-24T00:00:00Z,2026-09-24T23:59:59Z,,,,63.073,Hours,28.3081,0.448815,28.3081,Google LLC,28.3081,0.448815,Standard,63.073,Hours,us-central1,Iowa,google/prj-core-prod/compute-engine,compute-engine-prod,Instance,Compute,Virtual Machines,Compute Engine,Google Cloud,GOO-ComputeEngin,GOO-ComputeE-us-central1,prj-core-prod,projeto-core,Subscription,"{""OwnerTeam"": ""dados"", ""Environment"": ""prod"", ""ManagedBy"": ""manual""}"
29.8922,prj-core-prod,cloudfinops-demo,Billing Account,USD,2026-09-01T00:00:00Z,2026-10-01T00:00:00Z,Usage,,Compute Engine - Virtual Machines,Usage-Based,2026-09-25T00:00:00Z,2026-09-25T23:59:59Z,,,,109.837,Hours,29.8922,0.272151,29.8922,Google LLC,29.8922,0.272151,Standard,109.837,Hours,us-central1,Iowa,google/prj-core-prod/compute-engine,compute-engine-prod,Instance,Compute,Virtual Machines,Compute Engine,Google Cloud,GOO-ComputeEngin,GOO-ComputeE-us-central1,prj-core-prod,projeto-core,Subscription,"{""OwnerTeam"": ""plataforma"", ""Environment"": ""prod"", ""ManagedBy"": ""manual""}"
24.7416,prj-core-prod,cloudfinops-demo,Billing Account,USD,2026-09-01T00:00:00Z,2026-10-01T00:00:00Z,Usage,,Compute Engine - Virtual Machines,Usage-Based,2026-09-26T00:00:00Z,2026-09-26T23:59:59Z,cd-google-compute,Usage,Used,94.175,Hours,20.7829,0.262719,20.7829,Google LLC,24.7416,0.262719,Committed,94.175,Hours,us-central1,Iowa,google/prj-core-prod/compute-engine,compute-engine-prod,Instance,Compute,Virtual Machines,Compute Engine,Google Cloud,GOO-ComputeEngin,GOO-ComputeE-us-central1,prj-core-prod,projeto-core,Subscription,"{""OwnerTeam"": ""plataforma"", ""Environment"": ""prod"", ""ManagedBy"": ""cloudformation""}"
23.75,prj-core-prod,cloudfinops-demo,Billing Account,USD,2026-09-01T00:00:00Z,2026-10-01T00:00:00Z,Usage,,Compute Engine - Virtual Machines,Usage-Based,2026-09-27T00:00:00Z,2026-09-27T23:59:59Z,cd-google-compute,Usage,Used,53.259,Hours,19.95,0.445934,19.95,Google LLC,23.75,0.445934,Committed,53.259,Hours,us-central1,Iowa,google/prj-core-prod/compute-engine,compute-engine-prod,Instance,Compute,Virtual Machines,Compute Engine,Google Cloud,GOO-ComputeEngin,GOO-ComputeE-us-central1,prj-core-prod,projeto-core,Subscription,"{""OwnerTeam"": ""dados"", ""Environment"": ""prod"", ""ManagedBy"": ""serverless""}"
29.466,prj-core-prod,cloudfinops-demo,Billing Account,USD,2026-09-01T00:00:00Z,2026-10-01T00:00:00Z,Usage,,Compute Engine - Virtual Machines,Usage-Based,2026-09-28T00:00:00Z,2026-09-28T23:59:59Z,,,,68.347,Hours,29.466,0.431124,29.466,Google LLC,29.466,0.431124,Standard,68.347,Hours,us-central1,Iowa,google/prj-core-prod/compute-engine,compute-engine-prod,Instance,Compute,Virtual Machines,Compute Engine,Google Cloud,GOO-ComputeEngin,GOO-ComputeE-us-central1,prj-core-prod,projeto-core,Subscription,"{""OwnerTeam"": ""plataforma"", ""Environment"": ""prod""}"
29.3809,prj-core-prod,cloudfinops-demo,Billing Account,USD,2026-09-01T00:00:00Z,2026-10-01T00:00:00Z,Usage,,Compute Engine - Virtual Machines,Usage-Based,2026-09-29T00:00:00Z,2026-09-29T23:59:59Z,cd-google-compute,Usage,Used,83.425,Hours,24.68,0.352183,24.68,Google LLC,29.3809,0.352183,Committed,83.425,Hours,us-central1,Iowa,google/prj-core-prod/compute-engine,compute-engine-prod,Instance,Compute,Virtual Machines,Compute Engine,Google Cloud,GOO-ComputeEngin,GOO-ComputeE-us-central1,prj-core-prod,projeto-core,Subscription,"{""OwnerTeam"": ""plataforma"", ""Environment"": ""prod"", ""ManagedBy"": ""cloudformation""}"
29.2747,prj-core-prod,cloudfinops-demo,Billing Account,USD,2026-09-01T00:00:00Z,2026-10-01T00:00:00Z,Usage,,Compute Engine - Virtual Machines,Usage-Based,2026-09-30T00:00:00Z,2026-09-30T23:59:59Z,cd-google-compute,Usage,Used,80.715,Hours,24.5907,0.362692,24.5907,Google LLC,29.2747,0.362692,Committed,80.715,Hours,us-central1,Iowa,google/prj-core-prod/compute-engine,compute-engine-prod,Instance,Compute,Virtual Machines,Compute Engine,Google Cloud,GOO-ComputeEngin,GOO-ComputeE-us-central1,prj-core-prod,projeto-core,Subscription,"{""OwnerTeam"": ""plataforma"", ""Environment"": ""prod"", ""ManagedBy"": ""cloudformation""}"
28.508,prj-core-prod,cloudfinops-demo,Billing Account,USD,2026-10-01T00:00:00Z,2026-11-01T00:00:00Z,Usage,,Compute Engine - Virtual Machines,Usage-Based,2026-10-01T00:00:00Z,2026-10-01T23:59:59Z,,,,75.318,Hours,28.508,0.378502,28.508,Google LLC,28.508,0.378502,Standard,75.318,Hours,us-central1,Iowa,google/prj-core-prod/compute-engine,compute-engine-prod,Instance,Compute,Virtual Machines,Compute Engine,Google Cloud,GOO-ComputeEngin,GOO-ComputeE-us-central1,prj-core-prod,projeto-core,Subscription,"{""OwnerTeam"": ""backend"", ""Environment"": ""prod"", ""ManagedBy"": ""serverless""}"
27.7622,prj-core-prod,cloudfinops-demo,Billing Account,USD,2026-10-01T00:00:00Z,2026-11-01T00:00:00Z,Usage,,Compute Engine - Virtual Machines,Usage-Based,2026-10-02T00:00:00Z,2026-10-02T23:59:59Z,cd-google-compute,Usage,Used,78.417,Hours,23.3202,0.354033,23.3202,Google LLC,27.7622,0.354033,Committed,78.417,Hours,us-central1,Iowa,google/prj-core-prod/compute-engine,compute-engine-prod,Instance,Compute,Virtual Machines,Compute Engine,Google Cloud,GOO-ComputeEngin,GOO-ComputeE-us-central1,prj-core-prod,projeto-core,Subscription,"{""OwnerTeam"": ""dados"", ""Environment"": ""prod"", ""ManagedBy"": ""serverless""}"
23.2176,prj-core-prod,cloudfinops-demo,Billing Account,USD,2026-10-01T00:00:00Z,2026-11-01T00:00:00Z,Usage,,Compute Engine - Virtual Machines,Usage-Based,2026-10-03T00:00:00Z,2026-10-03T23:59:59Z,,,,53.109,Hours,23.2176,0.437169,23.2176,Google LLC,23.2176,0.437169,Standard,53.109,Hours,us-central1,Iowa,google/prj-core-prod/compute-engine,compute-engine-prod,Instance,Compute,Virtual Machines,Compute Engine,Google Cloud,GOO-ComputeEngin,GOO-ComputeE-us-central1,prj-core-prod,projeto-core,Subscription,"{""OwnerTeam"": ""plataforma"", ""Environment"": ""prod""}"
12.3154,prj-core-prod,cloudfinops-demo,Billing Account,USD,2026-08-01T00:00:00Z,2026-09-01T00:00:00Z,Usage,,Compute Engine - Virtual Machines,Usage-Based,2026-08-01T00:00:00Z,2026-08-01T23:59:59Z,,,,139.067,Hours,12.3154,0.088557,12.3154,Google LLC,12.3154,0.088557,Standard,139.067,Hours,us-central1,Iowa,google/prj-data-lab/compute-engine,compute-engine-dev,Instance,Compute,Virtual Machines,Compute Engine,Google Cloud,GOO-ComputeEngin,GOO-ComputeE-us-central1,prj-data-lab,projeto-dados,Subscription,"{""OwnerTeam"": ""dados"", ""Environment"": ""dev"", ""ManagedBy"": ""manual""}"
12.3685,prj-core-prod,cloudfinops-demo,Billing Account,USD,2026-08-01T00:00:00Z,2026-09-01T00:00:00Z,Usage,,Compute Engine - Virtual Machines,Usage-Based,2026-08-02T00:00:00Z,2026-08-02T23:59:59Z,,,,34.353,Hours,12.3685,0.360041,12.3685,Google LLC,12.3685,0.360041,Standard,34.353,Hours,us-central1,Iowa,google/prj-data-lab/compute-engine,compute-engine-dev,Instance,Compute,Virtual Machines,Compute Engine,Google Cloud,GOO-ComputeEngin,GOO-ComputeE-us-central1,prj-data-lab,projeto-dados,Subscription,"{""OwnerTeam"": ""backend"", ""Environment"": ""dev""}"
14.4236,prj-core-prod,cloudfinops-demo,Billing Account,USD,2026-08-01T00:00:00Z,2026-09-01T00:00:00Z,Usage,,Compute Engine - Virtual Machines,Usage-Based,2026-08-03T00:00:00Z,2026-08-03T23:59:59Z,cd-google-compute,Usage,Used,83.327,Hours,12.1158,0.173096,12.1158,Google LLC,14.4236,0.173096,Committed,83.327,Hours,us-central1,Iowa,google/prj-data-lab/compute-engine,compute-engine-dev,Instance,Compute,Virtual Machines,Compute Engine,Google Cloud,GOO-ComputeEngin,GOO-ComputeE-us-central1,prj-data-lab,projeto-dados,Subscription,"{""OwnerTeam"": ""backend"", ""Environment"": ""dev"", ""ManagedBy"": ""manual""}"
14.6822,prj-core-prod,cloudfinops-demo,Billing Account,USD,2026-08-01T00:00:00Z,2026-09-01T00:00:00Z,Usage,,Compute Engine - Virtual Machines,Usage-Based,2026-08-04T00:00:00Z,2026-08-04T23:59:59Z,cd-google-compute,Usage,Used,94.108,Hours,12.333,0.156014,12.333,Google LLC,14.6822,0.156014,Committed,94.108,Hours,us-central1,Iowa,google/prj-data-lab/compute-engine,compute-engine-dev,Instance,Compute,Virtual Machines,Compute Engine,Google Cloud,GOO-ComputeEngin,GOO-ComputeE-us-central1,prj-data-lab,projeto-dados,Subscription,"{""OwnerTeam"": ""redes"", ""Environment"": ""dev""}"
15.3877,prj-core-prod,cloudfinops-demo,Billing Account,USD,2026-08-01T00:00:00Z,2026-09-01T00:00:00Z,Usage,,Compute Engine - Virtual Machines,Usage-Based,2026-08-05T00:00:00Z,2026-08-05T23:59:59Z,,,,61.318,Hours,15.3877,0.250949,15.3877,Google LLC,15.3877,0.250949,Standard,61.318,Hours,us-central1,Iowa,google/prj-data-lab/compute-engine,compute-engine-dev,Instance,Compute,Virtual Machines,Compute Engine,Google Cloud,GOO-ComputeEngin,GOO-ComputeE-us-central1,prj-data-lab,projeto-dados,Subscription,"{""OwnerTeam"": ""redes"", ""Environment"": ""dev"", ""ManagedBy"": ""terraform""}"
14.9461,prj-core-prod,cloudfinops-demo,Billing Account,USD,2026-08-01T00:00:00Z,2026-09-01T00:00:00Z,Usage,,Compute Engine - Virtual Machines,Usage-Based,2026-08-06T00:00:00Z,2026-08-06T23:59:59Z,cd-google-compute,Usage,Used,38.692,Hours,12.5547,0.386284,12.5547,Google LLC,14.9461,0.386284,Committed,38.692,Hours,us-central1,Iowa,google/prj-data-lab/compute-engine,compute-engine-dev,Instance,Compute,Virtual Machines,Compute Engine,Google Cloud,GOO-ComputeEngin,GOO-ComputeE-us-central1,prj-data-lab,projeto-dados,Subscription,"{""OwnerTeam"": ""plataforma"", ""Environment"": ""dev"", ""ManagedBy"": ""terraform""}"
15.3868,prj-core-prod,cloudfinops-demo,Billing Account,USD,2026-08-01T00:00:00Z,2026-09-01T00:00:00Z,Usage,,Compute Engine - Virtual Machines,Usage-Based,2026-08-07T00:00:00Z,2026-08-07T23:59:59Z,,,,108.638,Hours,15.3868,0.141634,15.3868,Google LLC,15.3868,0.141634,Standard,108.638,Hours,us-central1,Iowa,google/prj-data-lab/compute-engine,compute-engine-dev,Instance,Compute,Virtual Machines,Compute Engine,Google Cloud,GOO-ComputeEngin,GOO-ComputeE-us-central1,prj-data-lab,projeto-dados,Subscription,"{""OwnerTeam"": ""backend"", ""Environment"": ""dev""}"
12.6084,prj-core-prod,cloudfinops-demo,Billing Account,USD,2026-08-01T00:00:00Z,2026-09-01T00:00:00Z,Usage,,Compute Engine - Virtual Machines,Usage-Based,2026-08-08T00:00:00Z,2026-08-08T23:59:59Z,,,,29.159,Hours,12.6084,0.432402,12.6084,Google LLC,12.6084,0.432402,Standard,29.159,Hours,us-central1,Iowa,google/prj-data-lab/compute-engine,compute-engine-dev,Instance,Compute,Virtual Machines,Compute Engine,Google Cloud,GOO-ComputeEngin,GOO-ComputeE-us-central1,prj-data-lab,projeto-dados,Subscription,"{""OwnerTeam"": ""redes"", ""Environment"": ""dev"", ""ManagedBy"": ""manual""}"
12.3125,prj-core-prod,cloudfinops-demo,Billing Account,USD,2026-08-01T00:00:00Z,2026-09-01T00:00:00Z,Usage,,Compute Engine - Virtual Machines,Usage-Based,2026-08-09T00:00:00Z,2026-08-09T23:59:59Z,cd-google-compute,Usage,Used,49.862,Hours,10.3425,0.246932,10.3425,Google LLC,12.3125,0.246932,Committed,49.862,Hours,us-central1,Iowa,google/prj-data-lab/compute-engine,compute-engine-dev,Instance,Compute,Virtual Machines,Compute Engine,Google Cloud,GOO-ComputeEngin,GOO-ComputeE-us-central1,prj-data-lab,projeto-dados,Subscription,"{""OwnerTeam"": ""backend"", ""Environment"": ""dev"", ""ManagedBy"": ""serverless""}"
15.199,prj-core-prod,cloudfinops-demo,Billing Account,USD,2026-08-01T00:00:00Z,2026-09-01T00:00:00Z,Usage,,Compute Engine - Virtual Machines,Usage-Based,2026-08-10T00:00:00Z,2026-08-10T23:59:59Z,cd-google-compute,Usage,Used,161.484,Hours,12.7672,0.094121,12.7672,Google LLC,15.199,0.094121,Committed,161.484,Hours,us-central1,Iowa,google/prj-data-lab/compute-engine,compute-engine-dev,Instance,Compute,Virtual Machines,Compute Engine,Google Cloud,GOO-ComputeEngin,GOO-ComputeE-us-central1,prj-data-lab,projeto-dados,Subscription,"{""OwnerTeam"": ""dados"", ""Environment"": ""dev"", ""ManagedBy"": ""manual""}"
15.2404,prj-core-prod,cloudfinops-demo,Billing Account,USD,2026-08-01T00:00:00Z,2026-09-01T00:00:00Z,Usage,,Compute Engine - Virtual Machines,Usage-Based,2026-08-11T00:00:00Z,2026-08-11T23:59:59Z,cd-google-compute,Usage,Used,53.845,Hours,12.8019,0.283042,12.8019,Google LLC,15.2404,0.283042,Committed,53.845,Hours,us-central1,Iowa,google/prj-data-lab/compute-engine,compute-engine-dev,Instance,Compute,Virtual Machines,Compute Engine,Google Cloud,GOO-ComputeEngin,GOO-ComputeE-us-central1,prj-data-lab,projeto-dados,Subscription,"{""OwnerTeam"": ""plataforma"", ""Environment"": ""dev"", ""ManagedBy"": ""terraform""}"
14.4761,prj-core-prod,cloudfinops-demo,Billing Account,USD,2026-08-01T00:00:00Z,2026-09-01T00:00:00Z,Usage,,Compute Engine - Virtual Machines,Usage-Based,2026-08-12T00:00:00Z,2026-08-12T23:59:59Z,cd-google-compute,Usage,Used,156.564,Hours,12.1599,0.092461,12.1599,Google LLC,14.4761,0.092461,Committed,156.564,Hours,us-central1,Iowa,google/prj-data-lab/compute-engine,compute-engine-dev,Instance,Compute,Virtual Machines,Compute Engine,Google Cloud,GOO-ComputeEngin,GOO-ComputeE-us-central1,prj-data-lab,projeto-dados,Subscription,"{""OwnerTeam"": ""redes"", ""Environment"": ""dev""}"
14.9258,prj-core-prod,cloudfinops-demo,Billing Account,USD,2026-08-01T00:00:00Z,2026-09-01T00:00:00Z,Usage,,Compute Engine - Virtual Machines,Usage-Based,2026-08-13T00:00:00Z,2026-08-13T23:59:59Z,cd-google-compute,Usage,Used,128.934,Hours,12.5377,0.115763,12.5377,Google LLC,14.9258,0.115763,Committed,128.934,Hours,us-central1,Iowa,google/prj-data-lab/compute-engine,compute-engine-dev,Instance,Compute,Virtual Machines,Compute Engine,Google Cloud,GOO-ComputeEngin,GOO-ComputeE-us-central1,prj-data-lab,projeto-dados,Subscription,"{""OwnerTeam"": ""dados"", ""Environment"": ""dev"", ""ManagedBy"": ""cloudformation""}"
14.5621,prj-core-prod,cloudfinops-demo,Billing Account,USD,2026-08-01T00:00:00Z,2026-09-01T00:00:00Z,Usage,,Compute Engine - Virtual Machines,Usage-Based,2026-08-14T00:00:00Z,2026-08-14T23:59:59Z,cd-google-compute,Usage,Used,32.905,Hours,12.2322,0.44255,12.2322,Google LLC,14.5621,0.44255,Committed,32.905,Hours,us-central1,Iowa,google/prj-data-lab/compute-engine,compute-engine-dev,Instance,Compute,Virtual Machines,Compute Engine,Google Cloud,GOO-ComputeEngin,GOO-ComputeE-us-central1,prj-data-lab,projeto-dados,Subscription,"{""OwnerTeam"": ""redes"", ""Environment"": ""dev"", ""ManagedBy"": ""serverless""}"
12.6029,prj-core-prod,cloudfinops-demo,Billing Account,USD,2026-08-01T00:00:00Z,2026-09-01T00:00:00Z,Usage,,Compute Engine - Virtual Machines,Usage-Based,2026-08-15T00:00:00Z,2026-08-15T23:59:59Z,cd-google-compute,Usage,Used,133.237,Hours,10.5864,0.09459,10.5864,Google LLC,12.6029,0.09459,Committed,133.237,Hours,us-central1,Iowa,google/prj-data-lab/compute-engine,compute-engine-dev,Instance,Compute,Virtual Machines,Compute Engine,Google Cloud,GOO-ComputeEngin,GOO-ComputeE-us-central1,prj-data-lab,projeto-dados,Subscription,"{""OwnerTeam"": ""redes"", ""Environment"": ""dev""}"
12.125,prj-core-prod,cloudfinops-demo,Billing Account,USD,2026-08-01T00:00:00Z,2026-09-01T00:00:00Z,Usage,,Compute Engine - Virtual Machines,Usage-Based,2026-08-16T00:00:00Z,2026-08-16T23:59:59Z,,,,70.405,Hours,12.125,0.172218,12.125,Google LLC,12.125,0.172218,Standard,70.405,Hours,us-central1,Iowa,google/prj-data-lab/compute-engine,compute-engine-dev,Instance,Compute,Virtual Machines,Compute Engine,Google Cloud,GOO-ComputeEngin,GOO-ComputeE-us-central1,prj-data-lab,projeto-dados,Subscription,"{""OwnerTeam"": ""redes"", ""Environment"": ""dev"", ""ManagedBy"": ""terraform""}"
15.0174,prj-core-prod,cloudfinops-demo,Billing Account,USD,2026-08-01T00:00:00Z,2026-09-01T00:00:00Z,Usage,,Compute Engine - Virtual Machines,Usage-Based,2026-08-17T00:00:00Z,2026-08-17T23:59:59Z,cd-google-compute,Usage,Used,57.045,Hours,12.6146,0.263255,12.6146,Google LLC,15.0174,0.263255,Committed,57.045,Hours,us-central1,Iowa,google/prj-data-lab/compute-engine,compute-engine-dev,Instance,Compute,Virtual Machines,Compute Engine,Google Cloud,GOO-ComputeEngin,GOO-ComputeE-us-central1,prj-data-lab,projeto-dados,Subscription,"{""OwnerTeam"": ""plataforma"", ""Environment"": ""dev"", ""ManagedBy"": ""cloudformation""}"
15.0794,prj-core-prod,cloudfinops-demo,Billing Account,USD,2026-08-01T00:00:00Z,2026-09-01T00:00:00Z,Usage,,Compute Engine - Virtual Machines,Usage-Based,2026-08-18T00:00:00Z,2026-08-18T23:59:59Z,cd-google-compute,Usage,Used,90.438,Hours,12.6667,0.166737,12.6667,Google LLC,15.0794,0.166737,Committed,90.438,Hours,us-central1,Iowa,google/prj-data-lab/compute-engine,compute-engine-dev,Instance,Compute,Virtual Machines,Compute Engine,Google Cloud,GOO-ComputeEngin,GOO-ComputeE-us-central1,prj-data-lab,projeto-dados,Subscription,"{""OwnerTeam"": ""plataforma"", ""Environment"": ""dev"", ""ManagedBy"": ""manual""}"
14.7704,prj-core-prod,cloudfinops-demo,Billing Account,USD,2026-08-01T00:00:00Z,2026-09-01T00:00:00Z,Usage,,Compute Engine - Virtual Machines,Usage-Based,2026-08-19T00:00:00Z,2026-08-19T23:59:59Z,cd-google-compute,Usage,Used,115.284,Hours,12.4071,0.128122,12.4071,Google LLC,14.7704,0.128122,Committed,115.284,Hours,us-central1,Iowa,google/prj-data-lab/compute-engine,compute-engine-dev,Instance,Compute,Virtual Machines,Compute Engine,Google Cloud,GOO-ComputeEngin,GOO-ComputeE-us-central1,prj-data-lab,projeto-dados,Subscription,"{""OwnerTeam"": ""backend"", ""Environment"": ""dev"", ""ManagedBy"": ""manual""}"
14.4922,prj-core-prod,cloudfinops-demo,Billing Account,USD,2026-08-01T00:00:00Z,2026-09-01T00:00:00Z,Usage,,Compute Engine - Virtual Machines,Usage-Based,2026-08-20T00:00:00Z,2026-08-20T23:59:59Z,cd-google-compute,Usage,Used,94.316,Hours,12.1734,0.153656,12.1734,Google LLC,14.4922,0.153656,Committed,94.316,Hours,us-central1,Iowa,google/prj-data-lab/compute-engine,compute-engine-dev,Instance,Compute,Virtual Machines,Compute Engine,Google Cloud,GOO-ComputeEngin,GOO-ComputeE-us-central1,prj-data-lab,projeto-dados,Subscription,"{""OwnerTeam"": ""backend"", ""Environment"": ""dev"", ""ManagedBy"": ""terraform""}"
14.3703,prj-core-prod,cloudfinops-demo,Billing Account,USD,2026-08-01T00:00:00Z,2026-09-01T00:00:00Z,Usage,,Compute Engine - Virtual Machines,Usage-Based,2026-08-21T00:00:00Z,2026-08-21T23:59:59Z,,,,53.056,Hours,14.3703,0.270852,14.3703,Google LLC,14.3703,0.270852,Standard,53.056,Hours,us-central1,Iowa,google/prj-data-lab/compute-engine,compute-engine-dev,Instance,Compute,Virtual Machines,Compute Engine,Google Cloud,GOO-ComputeEngin,GOO-ComputeE-us-central1,prj-data-lab,projeto-dados,Subscription,"{""OwnerTeam"": ""redes"", ""Environment"": ""dev"", ""ManagedBy"": ""terraform""}"
12.2928,prj-core-prod,cloudfinops-demo,Billing Account,USD,2026-08-01T00:00:00Z,2026-09-01T00:00:00Z,Usage,,Compute Engine - Virtual Machines,Usage-Based,2026-08-22T00:00:00Z,2026-08-22T23:59:59Z,,,,44.534,Hours,12.2928,0.276032,12.2928,Google LLC,12.2928,0.276032,Standard,44.534,Hours,us-central1,Iowa,google/prj-data-lab/compute-engine,compute-engine-dev,Instance,Compute,Virtual Machines,Compute Engine,Google Cloud,GOO-ComputeEngin,GOO-ComputeE-us-central1,prj-data-lab,projeto-dados,Subscription,"{""OwnerTeam"": ""plataforma"", ""Environment"": ""dev"", ""ManagedBy"": ""serverless""}"
12.1355,prj-core-prod,cloudfinops-demo,Billing Account,USD,2026-08-01T00:00:00Z,2026-09-01T00:00:00Z,Usage,,Compute Engine - Virtual Machines,Usage-Based,2026-08-23T00:00:00Z,2026-08-23T23:59:59Z,,,,83.989,Hours,12.1355,0.144489,12.1355,Google LLC,12.1355,0.144489,Standard,83.989,Hours,us-central1,Iowa,google/prj-data-lab/compute-engine,compute-engine-dev,Instance,Compute,Virtual Machines,Compute Engine,Google Cloud,GOO-ComputeEngin,GOO-ComputeE-us-central1,prj-data-lab,projeto-dados,Subscription,"{""OwnerTeam"": ""plataforma"", ""Environment"": ""dev""}"
14.961,prj-core-prod,cloudfinops-demo,Billing Account,USD,2026-08-01T00:00:00Z,2026-09-01T00:00:00Z,Usage,,Compute Engine - Virtual Machines,Usage-Based,2026-08-24T00:00:00Z,2026-08-24T23:59:59Z,cd-google-compute,Usage,Used,490.934,Hours,12.5672,0.030475,12.5672,Google LLC,14.961,0.030475,Committed,490.934,Hours,us-central1,Iowa,google/prj-data-lab/compute-engine,compute-engine-dev,Instance,Compute,Virtual Machines,Compute Engine,Google Cloud,GOO-ComputeEngin,GOO-ComputeE-us-central1,prj-data-lab,projeto-dados,Subscription,"{""OwnerTeam"": ""plataforma"", ""Environment"": ""dev"", ""ManagedBy"": ""cloudformation""}"
15.3545,prj-core-prod,cloudfinops-demo,Billing Account,USD,2026-08-01T00:00:00Z,2026-09-01T00:00:00Z,Usage,,Compute Engine - Virtual Machines,Usage-Based,2026-08-25T00:00:00Z,2026-08-25T23:59:59Z,,,,83.807,Hours,15.3545,0.183213,15.3545,Google LLC,15.3545,0.183213,Standard,83.807,Hours,us-central1,Iowa,google/prj-data-lab/compute-engine,compute-engine-dev,Instance,Compute,Virtual Machines,Compute Engine,Google Cloud,GOO-ComputeEngin,GOO-ComputeE-us-central1,prj-data-lab,projeto-dados,Subscription,"{""OwnerTeam"": ""redes"", ""Environment"": ""dev"", ""ManagedBy"": ""manual""}"
14.5797,prj-core-prod,cloudfinops-demo,Billing Account,USD,2026-08-01T00:00:00Z,2026-09-01T00:00:00Z,Usage,,Compute Engine - Virtual Machines,Usage-Based,2026-08-26T00:00:00Z,2026-08-26T23:59:59Z,,,,33.481,Hours,14.5797,0.435462,14.5797,Google LLC,14.5797,0.435462,Standard,33.481,Hours,us-central1,Iowa,google/prj-data-lab/compute-engine,compute-engine-dev,Instance,Compute,Virtual Machines,Compute Engine,Google Cloud,GOO-ComputeEngin,GOO-ComputeE-us-central1,prj-data-lab,projeto-dados,Subscription,"{""OwnerTeam"": ""plataforma"", ""Environment"": ""dev"", ""ManagedBy"": ""terraform""}"
15.3695,prj-core-prod,cloudfinops-demo,Billing Account,USD,2026-08-01T00:00:00Z,2026-09-01T00:00:00Z,Usage,,Compute Engine - Virtual Machines,Usage-Based,2026-08-27T00:00:00Z,2026-08-27T23:59:59Z,,,,56.807,Hours,15.3695,0.270556,15.3695,Google LLC,15.3695,0.270556,Standard,56.807,Hours,us-central1,Iowa,google/prj-data-lab/compute-engine,compute-engine-dev,Instance,Compute,Virtual Machines,Compute Engine,Google Cloud,GOO-ComputeEngin,GOO-ComputeE-us-central1,prj-data-lab,projeto-dados,Subscription,"{""OwnerTeam"": ""dados"", ""Environment"": ""dev"", ""ManagedBy"": ""cloudformation""}"
15.0791,prj-core-prod,cloudfinops-demo,Billing Account,USD,2026-08-01T00:00:00Z,2026-09-01T00:00:00Z,Usage,,Compute Engine - Virtual Machines,Usage-Based,2026-08-28T00:00:00Z,2026-08-28T23:59:59Z,,,,51.158,Hours,15.0791,0.294755,15.0791,Google LLC,15.0791,0.294755,Standard,51.158,Hours,us-central1,Iowa,google/prj-data-lab/compute-engine,compute-engine-dev,Instance,Compute,Virtual Machines,Compute Engine,Google Cloud,GOO-ComputeEngin,GOO-ComputeE-us-central1,prj-data-lab,projeto-dados,Subscription,"{""OwnerTeam"": ""dados"", ""Environment"": ""dev"", ""ManagedBy"": ""manual""}"
12.3054,prj-core-prod,cloudfinops-demo,Billing Account,USD,2026-08-01T00:00:00Z,2026-09-01T00:00:00Z,Usage,,Compute Engine - Virtual Machines,Usage-Based,2026-08-29T00:00:00Z,2026-08-29T23:59:59Z,cd-google-compute,Usage,Used,34.437,Hours,10.3365,0.357331,10.3365,Google LLC,12.3054,0.357331,Committed,34.437,Hours,us-central1,Iowa,google/prj-data-lab/compute-engine,compute-engine-dev,Instance,Compute,Virtual Machines,Compute Engine,Google Cloud,GOO-ComputeEngin,GOO-ComputeE-us-central1,prj-data-lab,projeto-dados,Subscription,"{""OwnerTeam"": ""redes"", ""Environment"": ""dev"", ""ManagedBy"": ""terraform""}"
12.3524,prj-core-prod,cloudfinops-demo,Billing Account,USD,2026-08-01T00:00:00Z,2026-09-01T00:00:00Z,Usage,,Compute Engine - Virtual Machines,Usage-Based,2026-08-30T00:00:00Z,2026-08-30T23:59:59Z,cd-google-compute,Usage,Used,88.338,Hours,10.376,0.139831,10.376,Google LLC,12.3524,0.139831,Committed,88.338,Hours,us-central1,Iowa,google/prj-data-lab/compute-engine,compute-engine-dev,Instance,Compute,Virtual Machines,Compute Engine,Google Cloud,GOO-ComputeEngin,GOO-ComputeE-us-central1,prj-data-lab,projeto-dados,Subscription,"{""OwnerTeam"": ""dados"", ""Environment"": ""dev"", ""ManagedBy"": ""manual""}"
15.3151,prj-core-prod,cloudfinops-demo,Billing Account,USD,2026-08-01T00:00:00Z,2026-09-01T00:00:00Z,Usage,,Compute Engine - Virtual Machines,Usage-Based,2026-08-31T00:00:00Z,2026-08-31T23:59:59Z,,,,98.058,Hours,15.3151,0.156184,15.3151,Google LLC,15.3151,0.156184,Standard,98.058,Hours,us-central1,Iowa,google/prj-data-lab/compute-engine,compute-engine-dev,Instance,Compute,Virtual Machines,Compute Engine,Google Cloud,GOO-ComputeEngin,GOO-ComputeE-us-central1,prj-data-lab,projeto-dados,Subscription,"{""OwnerTeam"": ""dados"", ""Environment"": ""dev"", ""ManagedBy"": ""terraform""}"
15.8603,prj-core-prod,cloudfinops-demo,Billing Account,USD,2026-09-01T00:00:00Z,2026-10-01T00:00:00Z,Usage,,Compute Engine - Virtual Machines,Usage-Based,2026-09-01T00:00:00Z,2026-09-01T23:59:59Z,cd-google-compute,Usage,Used,160.815,Hours,13.3227,0.098625,13.3227,Google LLC,15.8603,0.098625,Committed,160.815,Hours,us-central1,Iowa,google/prj-data-lab/compute-engine,compute-engine-dev,Instance,Compute,Virtual Machines,Compute Engine,Google Cloud,GOO-ComputeEngin,GOO-ComputeE-us-central1,prj-data-lab,projeto-dados,Subscription,"{""OwnerTeam"": ""dados"", ""Environment"": ""dev"", ""ManagedBy"": ""serverless""}"
15.895,prj-core-prod,cloudfinops-demo,Billing Account,USD,2026-09-01T00:00:00Z,2026-10-01T00:00:00Z,Usage,,Compute Engine - Virtual Machines,Usage-Based,2026-09-02T00:00:00Z,2026-09-02T23:59:59Z,,,,37.957,Hours,15.895,0.418763,15.895,Google LLC,15.895,0.418763,Standard,37.957,Hours,us-central1,Iowa,google/prj-data-lab/compute-engine,compute-engine-dev,Instance,Compute,Virtual Machines,Compute Engine,Google Cloud,GOO-ComputeEngin,GOO-ComputeE-us-central1,prj-data-lab,projeto-dados,Subscription,"{""OwnerTeam"": ""redes"", ""Environment"": ""dev"", ""ManagedBy"": ""terraform""}"
15.0958,prj-core-prod,cloudfinops-demo,Billing Account,USD,2026-09-01T00:00:00Z,2026-10-01T00:00:00Z,Usage,,Compute Engine - Virtual Machines,Usage-Based,2026-09-03T00:00:00Z,2026-09-03T23:59:59Z,,,,41.804,Hours,15.0958,0.361109,15.0958,Google LLC,15.0958,0.361109,Standard,41.804,Hours,us-central1,Iowa,google/prj-data-lab/compute-engine,compute-engine-dev,Instance,Compute,Virtual Machines,Compute Engine,Google Cloud,GOO-ComputeEngin,GOO-ComputeE-us-central1,prj-data-lab,projeto-dados,Subscription,"{""OwnerTeam"": ""redes"", ""Environment"": ""dev"", ""ManagedBy"": ""serverless""}"
15.936,prj-core-prod,cloudfinops-demo,Billing Account,USD,2026-09-01T00:00:00Z,2026-10-01T00:00:00Z,Usage,,Compute Engine - Virtual Machines,Usage-Based,2026-09-04T00:00:00Z,2026-09-04T23:59:59Z,,,,71.026,Hours,15.936,0.224369,15.936,Google LLC,15.936,0.224369,Standard,71.026,Hours,us-central1,Iowa,google/prj-data-lab/compute-engine,compute-engine-dev,Instance,Compute,Virtual Machines,Compute Engine,Google Cloud,GOO-ComputeEngin,GOO-ComputeE-us-central1,prj-data-lab,projeto-dados,Subscription,"{""OwnerTeam"": ""dados"", ""Environment"": ""dev"", ""ManagedBy"": ""terraform""}"
13.3781,prj-core-prod,cloudfinops-demo,Billing Account,USD,2026-09-01T00:00:00Z,2026-10-01T00:00:00Z,Usage,,Compute Engine - Virtual Machines,Usage-Based,2026-09-05T00:00:00Z,2026-09-05T23:59:59Z,,,,65.062,Hours,13.3781,0.205621,13.3781,Google LLC,13.3781,0.205621,Standard,65.062,Hours,us-central1,Iowa,google/prj-data-lab/compute-engine,compute-engine-dev,Instance,Compute,Virtual Machines,Compute Engine,Google Cloud,GOO-ComputeEngin,GOO-ComputeE-us-central1,prj-data-lab,projeto-dados,Subscription,"{""OwnerTeam"": ""dados"", ""Environment"": ""dev"", ""ManagedBy"": ""terraform""}"
12.8988,prj-core-prod,cloudfinops-demo,Billing Account,USD,2026-09-01T00:00:00Z,2026-10-01T00:00:00Z,Usage,,Compute Engine - Virtual Machines,Usage-Based,2026-09-06T00:00:00Z,2026-09-06T23:59:59Z,,,,194.192,Hours,12.8988,0.066423,12.8988,Google LLC,12.8988,0.066423,Standard,194.192,Hours,us-central1,Iowa,google/prj-data-lab/compute-engine,compute-engine-dev,Instance,Compute,Virtual Machines,Compute Engine,Google Cloud,GOO-ComputeEngin,GOO-ComputeE-us-central1,prj-data-lab,projeto-dados,Subscription,"{""OwnerTeam"": ""backend"", ""Environment"": ""dev"", ""ManagedBy"": ""manual""}"
15.4549,prj-core-prod,cloudfinops-demo,Billing Account,USD,2026-09-01T00:00:00Z,2026-10-01T00:00:00Z,Usage,,Compute Engine - Virtual Machines,Usage-Based,2026-09-07T00:00:00Z,2026-09-07T23:59:59Z,,,,46.017,Hours,15.4549,0.335852,15.4549,Google LLC,15.4549,0.335852,Standard,46.017,Hours,us-central1,Iowa,google/prj-data-lab/compute-engine,compute-engine-dev,Instance,Compute,Virtual Machines,Compute Engine,Google Cloud,GOO-ComputeEngin,GOO-ComputeE-us-central1,prj-data-lab,projeto-dados,Subscription,"{""OwnerTeam"": ""dados"", ""Environment"": ""dev"", ""ManagedBy"": ""manual""}"
15.1048,prj-core-prod,cloudfinops-demo,Billing Account,USD,2026-09-01T00:00:00Z,2026-10-01T00:00:00Z,Usage,,Compute Engine - Virtual Machines,Usage-Based,2026-09-08T00:00:00Z,2026-09-08T23:59:59Z,cd-google-compute,Usage,Used,35.557,Hours,12.688,0.424805,12.688,Google LLC,15.1048,0.424805,Committed,35.557,Hours,us-central1,Iowa,google/prj-data-lab/compute-engine,compute-engine-dev,Instance,Compute,Virtual Machines,Compute Engine,Google Cloud,GOO-ComputeEngin,GOO-ComputeE-us-central1,prj-data-lab,projeto-dados,Subscription,"{""OwnerTeam"": ""backend"", ""Environment"": ""dev"", ""ManagedBy"": ""terraform""}"
15.6283,prj-core-prod,cloudfinops-demo,Billing Account,USD,2026-09-01T00:00:00Z,2026-10-01T00:00:00Z,Usage,,Compute Engine - Virtual Machines,Usage-Based,2026-09-09T00:00:00Z,2026-09-09T23:59:59Z,cd-google-compute,Usage,Used,73.012,Hours,13.1278,0.214051,13.1278,Google LLC,15.6283,0.214051,Committed,73.012,Hours,us-central1,Iowa,google/prj-data-lab/compute-engine,compute-engine-dev,Instance,Compute,Virtual Machines,Compute Engine,Google Cloud,GOO-ComputeEngin,GOO-ComputeE-us-central1,prj-data-lab,projeto-dados,Subscription,"{""OwnerTeam"": ""plataforma"", ""Environment"": ""dev"", ""ManagedBy"": ""cloudformation""}"
15.4671,prj-core-prod,cloudfinops-demo,Billing Account,USD,2026-09-01T00:00:00Z,2026-10-01T00:00:00Z,Usage,,Compute Engine - Virtual Machines,Usage-Based,2026-09-10T00:00:00Z,2026-09-10T23:59:59Z,,,,41.935,Hours,15.4671,0.368835,15.4671,Google LLC,15.4671,0.368835,Standard,41.935,Hours,us-central1,Iowa,google/prj-data-lab/compute-engine,compute-engine-dev,Instance,Compute,Virtual Machines,Compute Engine,Google Cloud,GOO-ComputeEngin,GOO-ComputeE-us-central1,prj-data-lab,projeto-dados,Subscription,"{""OwnerTeam"": ""dados"", ""Environment"": ""dev"", ""ManagedBy"": ""terraform""}"
15.7389,prj-core-prod,cloudfinops-demo,Billing Account,USD,2026-09-01T00:00:00Z,2026-10-01T00:00:00Z,Usage,,Compute Engine - Virtual Machines,Usage-Based,2026-09-11T00:00:00Z,2026-09-11T23:59:59Z,cd-google-compute,Usage,Used,110.464,Hours,13.2207,0.14248,13.2207,Google LLC,15.7389,0.14248,Committed,110.464,Hours,us-central1,Iowa,google/prj-data-lab/compute-engine,compute-engine-dev,Instance,Compute,Virtual Machines,Compute Engine,Google Cloud,GOO-ComputeEngin,GOO-ComputeE-us-central1,prj-data-lab,projeto-dados,Subscription,"{""OwnerTeam"": ""redes"", ""Environment"": ""dev""}"
13.4128,prj-core-prod,cloudfinops-demo,Billing Account,USD,2026-09-01T00:00:00Z,2026-10-01T00:00:00Z,Usage,,Compute Engine - Virtual Machines,Usage-Based,2026-09-12T00:00:00Z,2026-09-12T23:59:59Z,cd-google-compute,Usage,Used,89.568,Hours,11.2668,0.14975,11.2668,Google LLC,13.4128,0.14975,Committed,89.568,Hours,us-central1,Iowa,google/prj-data-lab/compute-engine,compute-engine-dev,Instance,Compute,Virtual Machines,Compute Engine,Google Cloud,GOO-ComputeEngin,GOO-ComputeE-us-central1,prj-data-lab,projeto-dados,Subscription,"{""OwnerTeam"": ""backend"", ""Environment"": ""dev"", ""ManagedBy"": ""manual""}"
13.5443,prj-core-prod,cloudfinops-demo,Billing Account,USD,2026-09-01T00:00:00Z,2026-10-01T00:00:00Z,Usage,,Compute Engine - Virtual Machines,Usage-Based,2026-09-13T00:00:00Z,2026-09-13T23:59:59Z,,,,34.384,Hours,13.5443,0.393913,13.5443,Google LLC,13.5443,0.393913,Standard,34.384,Hours,us-central1,Iowa,google/prj-data-lab/compute-engine,compute-engine-dev,Instance,Compute,Virtual Machines,Compute Engine,Google Cloud,GOO-ComputeEngin,GOO-ComputeE-us-central1,prj-data-lab,projeto-dados,Subscription,"{""OwnerTeam"": ""plataforma"", ""Environment"": ""dev"", ""ManagedBy"": ""cloudformation""}"
16.1109,prj-core-prod,cloudfinops-demo,Billing Account,USD,2026-09-01T00:00:00Z,2026-10-01T00:00:00Z,Usage,,Compute Engine - Virtual Machines,Usage-Based,2026-09-14T00:00:00Z,2026-09-14T23:59:59Z,cd-google-compute,Usage,Used,59.662,Hours,13.5332,0.270036,13.5332,Google LLC,16.1109,0.270036,Committed,59.662,Hours,us-central1,Iowa,google/prj-data-lab/compute-engine,compute-engine-dev,Instance,Compute,Virtual Machines,Compute Engine,Google Cloud,GOO-ComputeEngin,GOO-ComputeE-us-central1,prj-data-lab,projeto-dados,Subscription,"{""OwnerTeam"": ""redes"", ""Environment"": ""dev"", ""ManagedBy"": ""serverless""}"
15.2551,prj-core-prod,cloudfinops-demo,Billing Account,USD,2026-09-01T00:00:00Z,2026-10-01T00:00:00Z,Usage,,Compute Engine - Virtual Machines,Usage-Based,2026-09-15T00:00:00Z,2026-09-15T23:59:59Z,,,,76.712,Hours,15.2551,0.198862,15.2551,Google LLC,15.2551,0.198862,Standard,76.712,Hours,us-central1,Iowa,google/prj-data-lab/compute-engine,compute-engine-dev,Instance,Compute,Virtual Machines,Compute Engine,Google Cloud,GOO-ComputeEngin,GOO-ComputeE-us-central1,prj-data-lab,projeto-dados,Subscription,"{""OwnerTeam"": ""redes"", ""Environment"": ""dev"", ""ManagedBy"": ""serverless""}"
15.5525,prj-core-prod,cloudfinops-demo,Billing Account,USD,2026-09-01T00:00:00Z,2026-10-01T00:00:00Z,Usage,,Compute Engine - Virtual Machines,Usage-Based,2026-09-16T00:00:00Z,2026-09-16T23:59:59Z,cd-google-compute,Usage,Used,316.072,Hours,13.0641,0.049206,13.0641,Google LLC,15.5525,0.049206,Committed,316.072,Hours,us-central1,Iowa,google/prj-data-lab/compute-engine,compute-engine-dev,Instance,Compute,Virtual Machines,Compute Engine,Google Cloud,GOO-ComputeEngin,GOO-ComputeE-us-central1,prj-data-lab,projeto-dados,Subscription,"{""OwnerTeam"": ""dados"", ""Environment"": ""dev""}"
16.1082,prj-core-prod,cloudfinops-demo,Billing Account,USD,2026-09-01T00:00:00Z,2026-10-01T00:00:00Z,Usage,,Compute Engine - Virtual Machines,Usage-Based,2026-09-17T00:00:00Z,2026-09-17T23:59:59Z,cd-google-compute,Usage,Used,54.335,Hours,13.5309,0.296461,13.5309,Google LLC,16.1082,0.296461,Committed,54.335,Hours,us-central1,Iowa,google/prj-data-lab/compute-engine,compute-engine-dev,Instance,Compute,Virtual Machines,Compute Engine,Google Cloud,GOO-ComputeEngin,GOO-ComputeE-us-central1,prj-data-lab,projeto-dados,Subscription,"{""OwnerTeam"": ""redes"", ""Environment"": ""dev""}"
15.3581,prj-core-prod,cloudfinops-demo,Billing Account,USD,2026-09-01T00:00:00Z,2026-10-01T00:00:00Z,Usage,,Compute Engine - Virtual Machines,Usage-Based,2026-09-18T00:00:00Z,2026-09-18T23:59:59Z,,,,188.201,Hours,15.3581,0.081605,15.3581,Google LLC,15.3581,0.081605,Standard,188.201,Hours,us-central1,Iowa,google/prj-data-lab/compute-engine,compute-engine-dev,Instance,Compute,Virtual Machines,Compute Engine,Google Cloud,GOO-ComputeEngin,GOO-ComputeE-us-central1,prj-data-lab,projeto-dados,Subscription,"{""OwnerTeam"": ""plataforma"", ""Environment"": ""dev"", ""ManagedBy"": ""manual""}"
13.0241,prj-core-prod,cloudfinops-demo,Billing Account,USD,2026-09-01T00:00:00Z,2026-10-01T00:00:00Z,Usage,,Compute Engine - Virtual Machines,Usage-Based,2026-09-19T00:00:00Z,2026-09-19T23:59:59Z,cd-google-compute,Usage,Used,50.073,Hours,10.9402,0.260102,10.9402,Google LLC,13.0241,0.260102,Committed,50.073,Hours,us-central1,Iowa,google/prj-data-lab/compute-engine,compute-engine-dev,Instance,Compute,Virtual Machines,Compute Engine,Google Cloud,GOO-ComputeEngin,GOO-ComputeE-us-central1,prj-data-lab,projeto-dados,Subscription,"{""OwnerTeam"": ""plataforma"", ""Environment"": ""dev"", ""ManagedBy"": ""cloudformation""}"
13.4994,prj-core-prod,cloudfinops-demo,Billing Account,USD,2026-09-01T00:00:00Z,2026-10-01T00:00:00Z,Usage,,Compute Engine - Virtual Machines,Usage-Based,2026-09-20T00:00:00Z,2026-09-20T23:59:59Z,,,,34.606,Hours,13.4994,0.390088,13.4994,Google LLC,13.4994,0.390088,Standard,34.606,Hours,us-central1,Iowa,google/prj-data-lab/compute-engine,compute-engine-dev,Instance,Compute,Virtual Machines,Compute Engine,Google Cloud,GOO-ComputeEngin,GOO-ComputeE-us-central1,prj-data-lab,projeto-dados,Subscription,"{""OwnerTeam"": ""redes"", ""Environment"": ""dev"", ""ManagedBy"": ""serverless""}"
15.7829,prj-core-prod,cloudfinops-demo,Billing Account,USD,2026-09-01T00:00:00Z,2026-10-01T00:00:00Z,Usage,,Compute Engine - Virtual Machines,Usage-Based,2026-09-21T00:00:00Z,2026-09-21T23:59:59Z,,,,44.443,Hours,15.7829,0.355127,15.7829,Google LLC,15.7829,0.355127,Standard,44.443,Hours,us-central1,Iowa,google/prj-data-lab/compute-engine,compute-engine-dev,Instance,Compute,Virtual Machines,Compute Engine,Google Cloud,GOO-ComputeEngin,GOO-ComputeE-us-central1,prj-data-lab,projeto-dados,Subscription,"{""OwnerTeam"": ""dados"", ""Environment"": ""dev"", ""ManagedBy"": ""cloudformation""}"
15.279,prj-core-prod,cloudfinops-demo,Billing Account,USD,2026-09-01T00:00:00Z,2026-10-01T00:00:00Z,Usage,,Compute Engine - Virtual Machines,Usage-Based,2026-09-22T00:00:00Z,2026-09-22T23:59:59Z,cd-google-compute,Usage,Used,38.643,Hours,12.8344,0.395389,12.8344,Google LLC,15.279,0.395389,Committed,38.643,Hours,us-central1,Iowa,google/prj-data-lab/compute-engine,compute-engine-dev,Instance,Compute,Virtual Machines,Compute Engine,Google Cloud,GOO-ComputeEngin,GOO-ComputeE-us-central1,prj-data-lab,projeto-dados,Subscription,"{""OwnerTeam"": ""plataforma"", ""Environment"": ""dev""}"
15.1532,prj-core-prod,cloudfinops-demo,Billing Account,USD,2026-09-01T00:00:00Z,2026-10-01T00:00:00Z,Usage,,Compute Engine - Virtual Machines,Usage-Based,2026-09-23T00:00:00Z,2026-09-23T23:59:59Z,,,,43.555,Hours,15.1532,0.34791,15.1532,Google LLC,15.1532,0.34791,Standard,43.555,Hours,us-central1,Iowa,google/prj-data-lab/compute-engine,compute-engine-dev,Instance,Compute,Virtual Machines,Compute Engine,Google Cloud,GOO-ComputeEngin,GOO-ComputeE-us-central1,prj-data-lab,projeto-dados,Subscription,"{""OwnerTeam"": ""plataforma"", ""Environment"": ""dev"", ""ManagedBy"": ""cloudformation""}"
16.078,prj-core-prod,cloudfinops-demo,Billing Account,USD,2026-09-01T00:00:00Z,2026-10-01T00:00:00Z,Usage,,Compute Engine - Virtual Machines,Usage-Based,2026-09-24T00:00:00Z,2026-09-24T23:59:59Z,cd-google-compute,Usage,Used,40.349,Hours,13.5055,0.398473,13.5055,Google LLC,16.078,0.398473,Committed,40.349,Hours,us-central1,Iowa,google/prj-data-lab/compute-engine,compute-engine-dev,Instance,Compute,Virtual Machines,Compute Engine,Google Cloud,GOO-ComputeEngin,GOO-ComputeE-us-central1,prj-data-lab,projeto-dados,Subscription,"{""OwnerTeam"": ""backend"", ""Environment"": ""dev"", ""ManagedBy"": ""terraform""}"
16.0395,prj-core-prod,cloudfinops-demo,Billing Account,USD,2026-09-01T00:00:00Z,2026-10-01T00:00:00Z,Usage,,Compute Engine - Virtual Machines,Usage-Based,2026-09-25T00:00:00Z,2026-09-25T23:59:59Z,,,,47.872,Hours,16.0395,0.33505,16.0395,Google LLC,16.0395,0.33505,Standard,47.872,Hours,us-central1,Iowa,google/prj-data-lab/compute-engine,compute-engine-dev,Instance,Compute,Virtual Machines,Compute Engine,Google Cloud,GOO-ComputeEngin,GOO-ComputeE-us-central1,prj-data-lab,projeto-dados,Subscription,"{""OwnerTeam"": ""backend"", ""Environment"": ""dev""}"
12.916,prj-core-prod,cloudfinops-demo,Billing Account,USD,2026-09-01T00:00:00Z,2026-10-01T00:00:00Z,Usage,,Compute Engine - Virtual Machines,Usage-Based,2026-09-26T00:00:00Z,2026-09-26T23:59:59Z,,,,37.28,Hours,12.916,0.346459,12.916,Google LLC,12.916,0.346459,Standard,37.28,Hours,us-central1,Iowa,google/prj-data-lab/compute-engine,compute-engine-dev,Instance,Compute,Virtual Machines,Compute Engine,Google Cloud,GOO-ComputeEngin,GOO-ComputeE-us-central1,prj-data-lab,projeto-dados,Subscription,"{""OwnerTeam"": ""redes"", ""Environment"": ""dev"", ""ManagedBy"": ""terraform""}"
12.6666,prj-core-prod,cloudfinops-demo,Billing Account,USD,2026-09-01T00:00:00Z,2026-10-01T00:00:00Z,Usage,,Compute Engine - Virtual Machines,Usage-Based,2026-09-27T00:00:00Z,2026-09-27T23:59:59Z,,,,28.343,Hours,12.6666,0.446904,12.6666,Google LLC,12.6666,0.446904,Standard,28.343,Hours,us-central1,Iowa,google/prj-data-lab/compute-engine,compute-engine-dev,Instance,Compute,Virtual Machines,Compute Engine,Google Cloud,GOO-ComputeEngin,GOO-ComputeE-us-central1,prj-data-lab,projeto-dados,Subscription,"{""OwnerTeam"": ""dados"", ""Environment"": ""dev""}"
15.7218,prj-core-prod,cloudfinops-demo,Billing Account,USD,2026-09-01T00:00:00Z,2026-10-01T00:00:00Z,Usage,,Compute Engine - Virtual Machines,Usage-Based,2026-09-28T00:00:00Z,2026-09-28T23:59:59Z,,,,49.761,Hours,15.7218,0.315946,15.7218,Google LLC,15.7218,0.315946,Standard,49.761,Hours,us-central1,Iowa,google/prj-data-lab/compute-engine,compute-engine-dev,Instance,Compute,Virtual Machines,Compute Engine,Google Cloud,GOO-ComputeEngin,GOO-ComputeE-us-central1,prj-data-lab,projeto-dados,Subscription,"{""OwnerTeam"": ""redes"", ""Environment"": ""dev"", ""ManagedBy"": ""terraform""}"
15.7781,prj-core-prod,cloudfinops-demo,Billing Account,USD,2026-09-01T00:00:00Z,2026-10-01T00:00:00Z,Usage,,Compute Engine - Virtual Machines,Usage-Based,2026-09-29T00:00:00Z,2026-09-29T23:59:59Z,cd-google-compute,Usage,Used,340.709,Hours,13.2536,0.04631,13.2536,Google LLC,15.7781,0.04631,Committed,340.709,Hours,us-central1,Iowa,google/prj-data-lab/compute-engine,compute-engine-dev,Instance,Compute,Virtual Machines,Compute Engine,Google Cloud,GOO-ComputeEngin,GOO-ComputeE-us-central1,prj-data-lab,projeto-dados,Subscription,"{""OwnerTeam"": ""plataforma"", ""Environment"": ""dev"", ""ManagedBy"": ""manual""}"
15.9924,prj-core-prod,cloudfinops-demo,Billing Account,USD,2026-09-01T00:00:00Z,2026-10-01T00:00:00Z,Usage,,Compute Engine - Virtual Machines,Usage-Based,2026-09-30T00:00:00Z,2026-09-30T23:59:59Z,,,,43.771,Hours,15.9924,0.365365,15.9924,Google LLC,15.9924,0.365365,Standard,43.771,Hours,us-central1,Iowa,google/prj-data-lab/compute-engine,compute-engine-dev,Instance,Compute,Virtual Machines,Compute Engine,Google Cloud,GOO-ComputeEngin,GOO-ComputeE-us-central1,prj-data-lab,projeto-dados,Subscription,"{""OwnerTeam"": ""plataforma"", ""Environment"": ""dev"", ""ManagedBy"": ""manual""}"
15.6932,prj-core-prod,cloudfinops-demo,Billing Account,USD,2026-10-01T00:00:00Z,2026-11-01T00:00:00Z,Usage,,Compute Engine - Virtual Machines,Usage-Based,2026-10-01T00:00:00Z,2026-10-01T23:59:59Z,,,,277.853,Hours,15.6932,0.05648,15.6932,Google LLC,15.6932,0.05648,Standard,277.853,Hours,us-central1,Iowa,google/prj-data-lab/compute-engine,compute-engine-dev,Instance,Compute,Virtual Machines,Compute Engine,Google Cloud,GOO-ComputeEngin,GOO-ComputeE-us-central1,prj-data-lab,projeto-dados,Subscription,"{""OwnerTeam"": ""redes"", ""Environment"": ""dev"", ""ManagedBy"": ""terraform""}"
15.6858,prj-core-prod,cloudfinops-demo,Billing Account,USD,2026-10-01T00:00:00Z,2026-11-01T00:00:00Z,Usage,,Compute Engine - Virtual Machines,Usage-Based,2026-10-02T00:00:00Z,2026-10-02T23:59:59Z,cd-google-compute,Usage,Used,140.24,Hours,13.1761,0.11185,13.1761,Google LLC,15.6858,0.11185,Committed,140.24,Hours,us-central1,Iowa,google/prj-data-lab/compute-engine,compute-engine-dev,Instance,Compute,Virtual Machines,Compute Engine,Google Cloud,GOO-ComputeEngin,GOO-ComputeE-us-central1,prj-data-lab,projeto-dados,Subscription,"{""OwnerTeam"": ""dados"", ""Environment"": ""dev""}"
13.0136,prj-core-prod,cloudfinops-demo,Billing Account,USD,2026-10-01T00:00:00Z,2026-11-01T00:00:00Z,Usage,,Compute Engine - Virtual Machines,Usage-Based,2026-10-03T00:00:00Z,2026-10-03T23:59:59Z,,,,79.658,Hours,13.0136,0.163368,13.0136,Google LLC,13.0136,0.163368,Standard,79.658,Hours,us-central1,Iowa,google/prj-data-lab/compute-engine,compute-engine-dev,Instance,Compute,Virtual Machines,Compute Engine,Google Cloud,GOO-ComputeEngin,GOO-ComputeE-us-central1,prj-data-lab,projeto-dados,Subscription,"{""OwnerTeam"": ""plataforma"", ""Environment"": ""dev"", ""ManagedBy"": ""serverless""}"
10.6727,prj-core-prod,cloudfinops-demo,Billing Account,USD,2026-08-01T00:00:00Z,2026-09-01T00:00:00Z,Usage,,Cloud SQL - Relational Databases,Usage-Based,2026-08-01T00:00:00Z,2026-08-01T23:59:59Z,,,,30.816,Hours,10.6727,0.346336,10.6727,Google LLC,10.6727,0.346336,Standard,30.816,Hours,us-central1,Iowa,google/prj-core-prod/cloud-sql,cloud-sql-prod,Database Instance,Databases,Relational Databases,Cloud SQL,Google Cloud,GOO-CloudSQL,GOO-CloudSQL-us-central1,prj-core-prod,projeto-core,Subscription,"{""OwnerTeam"": ""dados"", ""Environment"": ""prod"", ""ManagedBy"": ""terraform""}"
10.615,prj-core-prod,cloudfinops-demo,Billing Account,USD,2026-08-01T00:00:00Z,2026-09-01T00:00:00Z,Usage,,Cloud SQL - Relational Databases,Usage-Based,2026-08-02T00:00:00Z,2026-08-02T23:59:59Z,,,,56.019,Hours,10.615,0.189489,10.615,Google LLC,10.615,0.189489,Standard,56.019,Hours,us-central1,Iowa,google/prj-core-prod/cloud-sql,cloud-sql-prod,Database Instance,Databases,Relational Databases,Cloud SQL,Google Cloud,GOO-CloudSQL,GOO-CloudSQL-us-central1,prj-core-prod,projeto-core,Subscription,"{""OwnerTeam"": ""plataforma"", ""Environment"": ""prod"", ""ManagedBy"": ""terraform""}"
13.2009,prj-core-prod,cloudfinops-demo,Billing Account,USD,2026-08-01T00:00:00Z,2026-09-01T00:00:00Z,Usage,,Cloud SQL - Relational Databases,Usage-Based,2026-08-03T00:00:00Z,2026-08-03T23:59:59Z,,,,76.997,Hours,13.2009,0.171447,13.2009,Google LLC,13.2009,0.171447,Standard,76.997,Hours,us-central1,Iowa,google/prj-core-prod/cloud-sql,cloud-sql-prod,Database Instance,Databases,Relational Databases,Cloud SQL,Google Cloud,GOO-CloudSQL,GOO-CloudSQL-us-central1,prj-core-prod,projeto-core,Subscription,"{""OwnerTeam"": ""dados"", ""Environment"": ""prod"", ""ManagedBy"": ""terraform""}"
12.3368,prj-core-prod,cloudfinops-demo,Billing Account,USD,2026-08-01T00:00:00Z,2026-09-01T00:00:00Z,Usage,,Cloud SQL - Relational Databases,Usage-Based,2026-08-04T00:00:00Z,2026-08-04T23:59:59Z,,,,51.47,Hours,12.3368,0.239689,12.3368,Google LLC,12.3368,0.239689,Standard,51.47,Hours,us-central1,Iowa,google/prj-core-prod/cloud-sql,cloud-sql-prod,Database Instance,Databases,Relational Databases,Cloud SQL,Google Cloud,GOO-CloudSQL,GOO-CloudSQL-us-central1,prj-core-prod,projeto-core,Subscription,"{""OwnerTeam"": ""redes"", ""Environment"": ""prod"", ""ManagedBy"": ""terraform""}"
12.3866,prj-core-prod,cloudfinops-demo,Billing Account,USD,2026-08-01T00:00:00Z,2026-09-01T00:00:00Z,Usage,,Cloud SQL - Relational Databases,Usage-Based,2026-08-05T00:00:00Z,2026-08-05T23:59:59Z,,,,75.568,Hours,12.3866,0.163913,12.3866,Google LLC,12.3866,0.163913,Standard,75.568,Hours,us-central1,Iowa,google/prj-core-prod/cloud-sql,cloud-sql-prod,Database Instance,Databases,Relational Databases,Cloud SQL,Google Cloud,GOO-CloudSQL,GOO-CloudSQL-us-central1,prj-core-prod,projeto-core,Subscription,"{""OwnerTeam"": ""redes"", ""Environment"": ""prod"", ""ManagedBy"": ""serverless""}"
13.0469,prj-core-prod,cloudfinops-demo,Billing Account,USD,2026-08-01T00:00:00Z,2026-09-01T00:00:00Z,Usage,,Cloud SQL - Relational Databases,Usage-Based,2026-08-06T00:00:00Z,2026-08-06T23:59:59Z,,,,110.457,Hours,13.0469,0.118117,13.0469,Google LLC,13.0469,0.118117,Standard,110.457,Hours,us-central1,Iowa,google/prj-core-prod/cloud-sql,cloud-sql-prod,Database Instance,Databases,Relational Databases,Cloud SQL,Google Cloud,GOO-CloudSQL,GOO-CloudSQL-us-central1,prj-core-prod,projeto-core,Subscription,"{""OwnerTeam"": ""plataforma"", ""Environment"": ""prod"", ""ManagedBy"": ""serverless""}"
12.6801,prj-core-prod,cloudfinops-demo,Billing Account,USD,2026-08-01T00:00:00Z,2026-09-01T00:00:00Z,Usage,,Cloud SQL - Relational Databases,Usage-Based,2026-08-07T00:00:00Z,2026-08-07T23:59:59Z,,,,63.182,Hours,12.6801,0.200692,12.6801,Google LLC,12.6801,0.200692,Standard,63.182,Hours,us-central1,Iowa,google/prj-core-prod/cloud-sql,cloud-sql-prod,Database Instance,Databases,Relational Databases,Cloud SQL,Google Cloud,GOO-CloudSQL,GOO-CloudSQL-us-central1,prj-core-prod,projeto-core,Subscription,"{""OwnerTeam"": ""plataforma"", ""Environment"": ""prod"", ""ManagedBy"": ""terraform""}"
10.7151,prj-core-prod,cloudfinops-demo,Billing Account,USD,2026-08-01T00:00:00Z,2026-09-01T00:00:00Z,Usage,,Cloud SQL - Relational Databases,Usage-Based,2026-08-08T00:00:00Z,2026-08-08T23:59:59Z,,,,37.451,Hours,10.7151,0.28611,10.7151,Google LLC,10.7151,0.28611,Standard,37.451,Hours,us-central1,Iowa,google/prj-core-prod/cloud-sql,cloud-sql-prod,Database Instance,Databases,Relational Databases,Cloud SQL,Google Cloud,GOO-CloudSQL,GOO-CloudSQL-us-central1,prj-core-prod,projeto-core,Subscription,"{""OwnerTeam"": ""backend"", ""Environment"": ""prod"", ""ManagedBy"": ""terraform""}"
10.6572,prj-core-prod,cloudfinops-demo,Billing Account,USD,2026-08-01T00:00:00Z,2026-09-01T00:00:00Z,Usage,,Cloud SQL - Relational Databases,Usage-Based,2026-08-09T00:00:00Z,2026-08-09T23:59:59Z,,,,222.318,Hours,10.6572,0.047937,10.6572,Google LLC,10.6572,0.047937,Standard,222.318,Hours,us-central1,Iowa,google/prj-core-prod/cloud-sql,cloud-sql-prod,Database Instance,Databases,Relational Databases,Cloud SQL,Google Cloud,GOO-CloudSQL,GOO-CloudSQL-us-central1,prj-core-prod,projeto-core,Subscription,"{""OwnerTeam"": ""dados"", ""Environment"": ""prod"", ""ManagedBy"": ""cloudformation""}"
13.166,prj-core-prod,cloudfinops-demo,Billing Account,USD,2026-08-01T00:00:00Z,2026-09-01T00:00:00Z,Usage,,Cloud SQL - Relational Databases,Usage-Based,2026-08-10T00:00:00Z,2026-08-10T23:59:59Z,,,,257.702,Hours,13.166,0.05109,13.166,Google LLC,13.166,0.05109,Standard,257.702,Hours,us-central1,Iowa,google/prj-core-prod/cloud-sql,cloud-sql-prod,Database Instance,Databases,Relational Databases,Cloud SQL,Google Cloud,GOO-CloudSQL,GOO-CloudSQL-us-central1,prj-core-prod,projeto-core,Subscription,"{""OwnerTeam"": ""backend"", ""Environment"": ""prod"", ""ManagedBy"": ""manual""}"
12.9567,prj-core-prod,cloudfinops-demo,Billing Account,USD,2026-08-01T00:00:00Z,2026-09-01T00:00:00Z,Usage,,Cloud SQL - Relational Databases,Usage-Based,2026-08-11T00:00:00Z,2026-08-11T23:59:59Z,,,,580.354,Hours,12.9567,0.022326,12.9567,Google LLC,12.9567,0.022326,Standard,580.354,Hours,us-central1,Iowa,google/prj-core-prod/cloud-sql,cloud-sql-prod,Database Instance,Databases,Relational Databases,Cloud SQL,Google Cloud,GOO-CloudSQL,GOO-CloudSQL-us-central1,prj-core-prod,projeto-core,Subscription,"{""OwnerTeam"": ""dados"", ""Environment"": ""prod"", ""ManagedBy"": ""terraform""}"
12.6015,prj-core-prod,cloudfinops-demo,Billing Account,USD,2026-08-01T00:00:00Z,2026-09-01T00:00:00Z,Usage,,Cloud SQL - Relational Databases,Usage-Based,2026-08-12T00:00:00Z,2026-08-12T23:59:59Z,,,,36.499,Hours,12.6015,0.345256,12.6015,Google LLC,12.6015,0.345256,Standard,36.499,Hours,us-central1,Iowa,google/prj-core-prod/cloud-sql,cloud-sql-prod,Database Instance,Databases,Relational Databases,Cloud SQL,Google Cloud,GOO-CloudSQL,GOO-CloudSQL-us-central1,prj-core-prod,projeto-core,Subscription,"{""OwnerTeam"": ""plataforma"", ""Environment"": ""prod"", ""ManagedBy"": ""serverless""}"
12.397,prj-core-prod,cloudfinops-demo,Billing Account,USD,2026-08-01T00:00:00Z,2026-09-01T00:00:00Z,Usage,,Cloud SQL - Relational Databases,Usage-Based,2026-08-13T00:00:00Z,2026-08-13T23:59:59Z,,,,48.357,Hours,12.397,0.256364,12.397,Google LLC,12.397,0.256364,Standard,48.357,Hours,us-central1,Iowa,google/prj-core-prod/cloud-sql,cloud-sql-prod,Database Instance,Databases,Relational Databases,Cloud SQL,Google Cloud,GOO-CloudSQL,GOO-CloudSQL-us-central1,prj-core-prod,projeto-core,Subscription,"{""OwnerTeam"": ""plataforma"", ""Environment"": ""prod"", ""ManagedBy"": ""cloudformation""}"
12.9536,prj-core-prod,cloudfinops-demo,Billing Account,USD,2026-08-01T00:00:00Z,2026-09-01T00:00:00Z,Usage,,Cloud SQL - Relational Databases,Usage-Based,2026-08-14T00:00:00Z,2026-08-14T23:59:59Z,,,,282.939,Hours,12.9536,0.045782,12.9536,Google LLC,12.9536,0.045782,Standard,282.939,Hours,us-central1,Iowa,google/prj-core-prod/cloud-sql,cloud-sql-prod,Database Instance,Databases,Relational Databases,Cloud SQL,Google Cloud,GOO-CloudSQL,GOO-CloudSQL-us-central1,prj-core-prod,projeto-core,Subscription,"{""OwnerTeam"": ""backend"", ""Environment"": ""prod"", ""ManagedBy"": ""terraform""}"
10.6453,prj-core-prod,cloudfinops-demo,Billing Account,USD,2026-08-01T00:00:00Z,2026-09-01T00:00:00Z,Usage,,Cloud SQL - Relational Databases,Usage-Based,2026-08-15T00:00:00Z,2026-08-15T23:59:59Z,,,,24.485,Hours,10.6453,0.434768,10.6453,Google LLC,10.6453,0.434768,Standard,24.485,Hours,us-central1,Iowa,google/prj-core-prod/cloud-sql,cloud-sql-prod,Database Instance,Databases,Relational Databases,Cloud SQL,Google Cloud,GOO-CloudSQL,GOO-CloudSQL-us-central1,prj-core-prod,projeto-core,Subscription,"{""OwnerTeam"": ""backend"", ""Environment"": ""prod"", ""ManagedBy"": ""terraform""}"
10.954,prj-core-prod,cloudfinops-demo,Billing Account,USD,2026-08-01T00:00:00Z,2026-09-01T00:00:00Z,Usage,,Cloud SQL - Relational Databases,Usage-Based,2026-08-16T00:00:00Z,2026-08-16T23:59:59Z,,,,30.989,Hours,10.954,0.35348,10.954,Google LLC,10.954,0.35348,Standard,30.989,Hours,us-central1,Iowa,google/prj-core-prod/cloud-sql,cloud-sql-prod,Database Instance,Databases,Relational Databases,Cloud SQL,Google Cloud,GOO-CloudSQL,GOO-CloudSQL-us-central1,prj-core-prod,projeto-core,Subscription,"{""OwnerTeam"": ""redes"", ""Environment"": ""prod"", ""ManagedBy"": ""serverless""}"
13.0379,prj-core-prod,cloudfinops-demo,Billing Account,USD,2026-08-01T00:00:00Z,2026-09-01T00:00:00Z,Usage,,Cloud SQL - Relational Databases,Usage-Based,2026-08-17T00:00:00Z,2026-08-17T23:59:59Z,,,,44.167,Hours,13.0379,0.295196,13.0379,Google LLC,13.0379,0.295196,Standard,44.167,Hours,us-central1,Iowa,google/prj-core-prod/cloud-sql,cloud-sql-prod,Database Instance,Databases,Relational Databases,Cloud SQL,Google Cloud,GOO-CloudSQL,GOO-CloudSQL-us-central1,prj-core-prod,projeto-core,Subscription,"{""OwnerTeam"": ""redes"", ""Environment"": ""prod"", ""ManagedBy"": ""serverless""}"
12.5396,prj-core-prod,cloudfinops-demo,Billing Account,USD,2026-08-01T00:00:00Z,2026-09-01T00:00:00Z,Usage,,Cloud SQL - Relational Databases,Usage-Based,2026-08-18T00:00:00Z,2026-08-18T23:59:59Z,,,,136.74,Hours,12.5396,0.091704,12.5396,Google LLC,12.5396,0.091704,Standard,136.74,Hours,us-central1,Iowa,google/prj-core-prod/cloud-sql,cloud-sql-prod,Database Instance,Databases,Relational Databases,Cloud SQL,Google Cloud,GOO-CloudSQL,GOO-CloudSQL-us-central1,prj-core-prod,projeto-core,Subscription,"{""OwnerTeam"": ""dados"", ""Environment"": ""prod"", ""ManagedBy"": ""cloudformation""}"
12.7538,prj-core-prod,cloudfinops-demo,Billing Account,USD,2026-08-01T00:00:00Z,2026-09-01T00:00:00Z,Usage,,Cloud SQL - Relational Databases,Usage-Based,2026-08-19T00:00:00Z,2026-08-19T23:59:59Z,,,,71.215,Hours,12.7538,0.179089,12.7538,Google LLC,12.7538,0.179089,Standard,71.215,Hours,us-central1,Iowa,google/prj-core-prod/cloud-sql,cloud-sql-prod,Database Instance,Databases,Relational Databases,Cloud SQL,Google Cloud,GOO-CloudSQL,GOO-CloudSQL-us-central1,prj-core-prod,projeto-core,Subscription,"{""OwnerTeam"": ""dados"", ""Environment"": ""prod"", ""ManagedBy"": ""cloudformation""}"
12.7994,prj-core-prod,cloudfinops-demo,Billing Account,USD,2026-08-01T00:00:00Z,2026-09-01T00:00:00Z,Usage,,Cloud SQL - Relational Databases,Usage-Based,2026-08-20T00:00:00Z,2026-08-20T23:59:59Z,,,,80.661,Hours,12.7994,0.158681,12.7994,Google LLC,12.7994,0.158681,Standard,80.661,Hours,us-central1,Iowa,google/prj-core-prod/cloud-sql,cloud-sql-prod,Database Instance,Databases,Relational Databases,Cloud SQL,Google Cloud,GOO-CloudSQL,GOO-CloudSQL-us-central1,prj-core-prod,projeto-core,Subscription,"{""OwnerTeam"": ""backend"", ""Environment"": ""prod"", ""ManagedBy"": ""cloudformation""}"
12.3235,prj-core-prod,cloudfinops-demo,Billing Account,USD,2026-08-01T00:00:00Z,2026-09-01T00:00:00Z,Usage,,Cloud SQL - Relational Databases,Usage-Based,2026-08-21T00:00:00Z,2026-08-21T23:59:59Z,,,,59.177,Hours,12.3235,0.208248,12.3235,Google LLC,12.3235,0.208248,Standard,59.177,Hours,us-central1,Iowa,google/prj-core-prod/cloud-sql,cloud-sql-prod,Database Instance,Databases,Relational Databases,Cloud SQL,Google Cloud,GOO-CloudSQL,GOO-CloudSQL-us-central1,prj-core-prod,projeto-core,Subscription,"{""OwnerTeam"": ""redes"", ""Environment"": ""prod"", ""ManagedBy"": ""manual""}"
10.7304,prj-core-prod,cloudfinops-demo,Billing Account,USD,2026-08-01T00:00:00Z,2026-09-01T00:00:00Z,Usage,,Cloud SQL - Relational Databases,Usage-Based,2026-08-22T00:00:00Z,2026-08-22T23:59:59Z,,,,200.376,Hours,10.7304,0.053551,10.7304,Google LLC,10.7304,0.053551,Standard,200.376,Hours,us-central1,Iowa,google/prj-core-prod/cloud-sql,cloud-sql-prod,Database Instance,Databases,Relational Databases,Cloud SQL,Google Cloud,GOO-CloudSQL,GOO-CloudSQL-us-central1,prj-core-prod,projeto-core,Subscription,"{""OwnerTeam"": ""backend"", ""Environment"": ""prod"", ""ManagedBy"": ""manual""}"
10.4045,prj-core-prod,cloudfinops-demo,Billing Account,USD,2026-08-01T00:00:00Z,2026-09-01T00:00:00Z,Usage,,Cloud SQL - Relational Databases,Usage-Based,2026-08-23T00:00:00Z,2026-08-23T23:59:59Z,,,,88.237,Hours,10.4045,0.117915,10.4045,Google LLC,10.4045,0.117915,Standard,88.237,Hours,us-central1,Iowa,google/prj-core-prod/cloud-sql,cloud-sql-prod,Database Instance,Databases,Relational Databases,Cloud SQL,Google Cloud,GOO-CloudSQL,GOO-CloudSQL-us-central1,prj-core-prod,projeto-core,Subscription,"{""OwnerTeam"": ""plataforma"", ""Environment"": ""prod"", ""ManagedBy"": ""manual""}"
12.9023,prj-core-prod,cloudfinops-demo,Billing Account,USD,2026-08-01T00:00:00Z,2026-09-01T00:00:00Z,Usage,,Cloud SQL - Relational Databases,Usage-Based,2026-08-24T00:00:00Z,2026-08-24T23:59:59Z,,,,40.854,Hours,12.9023,0.315815,12.9023,Google LLC,12.9023,0.315815,Standard,40.854,Hours,us-central1,Iowa,google/prj-core-prod/cloud-sql,cloud-sql-prod,Database Instance,Databases,Relational Databases,Cloud SQL,Google Cloud,GOO-CloudSQL,GOO-CloudSQL-us-central1,prj-core-prod,projeto-core,Subscription,"{""OwnerTeam"": ""dados"", ""Environment"": ""prod"", ""ManagedBy"": ""serverless""}"
12.6245,prj-core-prod,cloudfinops-demo,Billing Account,USD,2026-08-01T00:00:00Z,2026-09-01T00:00:00Z,Usage,,Cloud SQL - Relational Databases,Usage-Based,2026-08-25T00:00:00Z,2026-08-25T23:59:59Z,,,,65.342,Hours,12.6245,0.193207,12.6245,Google LLC,12.6245,0.193207,Standard,65.342,Hours,us-central1,Iowa,google/prj-core-prod/cloud-sql,cloud-sql-prod,Database Instance,Databases,Relational Databases,Cloud SQL,Google Cloud,GOO-CloudSQL,GOO-CloudSQL-us-central1,prj-core-prod,projeto-core,Subscription,"{""OwnerTeam"": ""dados"", ""Environment"": ""prod"", ""ManagedBy"": ""manual""}"
12.4161,prj-core-prod,cloudfinops-demo,Billing Account,USD,2026-08-01T00:00:00Z,2026-09-01T00:00:00Z,Usage,,Cloud SQL - Relational Databases,Usage-Based,2026-08-26T00:00:00Z,2026-08-26T23:59:59Z,,,,117.581,Hours,12.4161,0.105596,12.4161,Google LLC,12.4161,0.105596,Standard,117.581,Hours,us-central1,Iowa,google/prj-core-prod/cloud-sql,cloud-sql-prod,Database Instance,Databases,Relational Databases,Cloud SQL,Google Cloud,GOO-CloudSQL,GOO-CloudSQL-us-central1,prj-core-prod,projeto-core,Subscription,"{""OwnerTeam"": ""dados"", ""Environment"": ""prod"", ""ManagedBy"": ""manual""}"
12.8909,prj-core-prod,cloudfinops-demo,Billing Account,USD,2026-08-01T00:00:00Z,2026-09-01T00:00:00Z,Usage,,Cloud SQL - Relational Databases,Usage-Based,2026-08-27T00:00:00Z,2026-08-27T23:59:59Z,,,,58.213,Hours,12.8909,0.221444,12.8909,Google LLC,12.8909,0.221444,Standard,58.213,Hours,us-central1,Iowa,google/prj-core-prod/cloud-sql,cloud-sql-prod,Database Instance,Databases,Relational Databases,Cloud SQL,Google Cloud,GOO-CloudSQL,GOO-CloudSQL-us-central1,prj-core-prod,projeto-core,Subscription,"{""OwnerTeam"": ""redes"", ""Environment"": ""prod"", ""ManagedBy"": ""manual""}"
12.4835,prj-core-prod,cloudfinops-demo,Billing Account,USD,2026-08-01T00:00:00Z,2026-09-01T00:00:00Z,Usage,,Cloud SQL - Relational Databases,Usage-Based,2026-08-28T00:00:00Z,2026-08-28T23:59:59Z,,,,31.872,Hours,12.4835,0.391676,12.4835,Google LLC,12.4835,0.391676,Standard,31.872,Hours,us-central1,Iowa,google/prj-core-prod/cloud-sql,cloud-sql-prod,Database Instance,Databases,Relational Databases,Cloud SQL,Google Cloud,GOO-CloudSQL,GOO-CloudSQL-us-central1,prj-core-prod,projeto-core,Subscription,"{""OwnerTeam"": ""plataforma"", ""Environment"": ""prod"", ""ManagedBy"": ""serverless""}"
10.7138,prj-core-prod,cloudfinops-demo,Billing Account,USD,2026-08-01T00:00:00Z,2026-09-01T00:00:00Z,Usage,,Cloud SQL - Relational Databases,Usage-Based,2026-08-29T00:00:00Z,2026-08-29T23:59:59Z,,,,66.365,Hours,10.7138,0.161438,10.7138,Google LLC,10.7138,0.161438,Standard,66.365,Hours,us-central1,Iowa,google/prj-core-prod/cloud-sql,cloud-sql-prod,Database Instance,Databases,Relational Databases,Cloud SQL,Google Cloud,GOO-CloudSQL,GOO-CloudSQL-us-central1,prj-core-prod,projeto-core,Subscription,"{""OwnerTeam"": ""plataforma"", ""Environment"": ""prod"", ""ManagedBy"": ""terraform""}"
10.6149,prj-core-prod,cloudfinops-demo,Billing Account,USD,2026-08-01T00:00:00Z,2026-09-01T00:00:00Z,Usage,,Cloud SQL - Relational Databases,Usage-Based,2026-08-30T00:00:00Z,2026-08-30T23:59:59Z,,,,40.494,Hours,10.6149,0.262135,10.6149,Google LLC,10.6149,0.262135,Standard,40.494,Hours,us-central1,Iowa,google/prj-core-prod/cloud-sql,cloud-sql-prod,Database Instance,Databases,Relational Databases,Cloud SQL,Google Cloud,GOO-CloudSQL,GOO-CloudSQL-us-central1,prj-core-prod,projeto-core,Subscription,"{""OwnerTeam"": ""redes"", ""Environment"": ""prod"", ""ManagedBy"": ""serverless""}"
12.7409,prj-core-prod,cloudfinops-demo,Billing Account,USD,2026-08-01T00:00:00Z,2026-09-01T00:00:00Z,Usage,,Cloud SQL - Relational Databases,Usage-Based,2026-08-31T00:00:00Z,2026-08-31T23:59:59Z,,,,39.688,Hours,12.7409,0.321027,12.7409,Google LLC,12.7409,0.321027,Standard,39.688,Hours,us-central1,Iowa,google/prj-core-prod/cloud-sql,cloud-sql-prod,Database Instance,Databases,Relational Databases,Cloud SQL,Google Cloud,GOO-CloudSQL,GOO-CloudSQL-us-central1,prj-core-prod,projeto-core,Subscription,"{""OwnerTeam"": ""backend"", ""Environment"": ""prod"", ""ManagedBy"": ""terraform""}"
13.1076,prj-core-prod,cloudfinops-demo,Billing Account,USD,2026-09-01T00:00:00Z,2026-10-01T00:00:00Z,Usage,,Cloud SQL - Relational Databases,Usage-Based,2026-09-01T00:00:00Z,2026-09-01T23:59:59Z,,,,54.524,Hours,13.1076,0.240401,13.1076,Google LLC,13.1076,0.240401,Standard,54.524,Hours,us-central1,Iowa,google/prj-core-prod/cloud-sql,cloud-sql-prod,Database Instance,Databases,Relational Databases,Cloud SQL,Google Cloud,GOO-CloudSQL,GOO-CloudSQL-us-central1,prj-core-prod,projeto-core,Subscription,"{""OwnerTeam"": ""backend"", ""Environment"": ""prod"", ""ManagedBy"": ""manual""}"
13.83,prj-core-prod,cloudfinops-demo,Billing Account,USD,2026-09-01T00:00:00Z,2026-10-01T00:00:00Z,Usage,,Cloud SQL - Relational Databases,Usage-Based,2026-09-02T00:00:00Z,2026-09-02T23:59:59Z,,,,43.371,Hours,13.83,0.318877,13.83,Google LLC,13.83,0.318877,Standard,43.371,Hours,us-central1,Iowa,google/prj-core-prod/cloud-sql,cloud-sql-prod,Database Instance,Databases,Relational Databases,Cloud SQL,Google Cloud,GOO-CloudSQL,GOO-CloudSQL-us-central1,prj-core-prod,projeto-core,Subscription,"{""OwnerTeam"": ""dados"", ""Environment"": ""prod"", ""ManagedBy"": ""cloudformation""}"
12.9169,prj-core-prod,cloudfinops-demo,Billing Account,USD,2026-09-01T00:00:00Z,2026-10-01T00:00:00Z,Usage,,Cloud SQL - Relational Databases,Usage-Based,2026-09-03T00:00:00Z,2026-09-03T23:59:59Z,,,,97.708,Hours,12.9169,0.132199,12.9169,Google LLC,12.9169,0.132199,Standard,97.708,Hours,us-central1,Iowa,google/prj-core-prod/cloud-sql,cloud-sql-prod,Database Instance,Databases,Relational Databases,Cloud SQL,Google Cloud,GOO-CloudSQL,GOO-CloudSQL-us-central1,prj-core-prod,projeto-core,Subscription,"{""OwnerTeam"": ""dados"", ""Environment"": ""prod"", ""ManagedBy"": ""terraform""}"
13.264,prj-core-prod,cloudfinops-demo,Billing Account,USD,2026-09-01T00:00:00Z,2026-10-01T00:00:00Z,Usage,,Cloud SQL - Relational Databases,Usage-Based,2026-09-04T00:00:00Z,2026-09-04T23:59:59Z,,,,36.779,Hours,13.264,0.360641,13.264,Google LLC,13.264,0.360641,Standard,36.779,Hours,us-central1,Iowa,google/prj-core-prod/cloud-sql,cloud-sql-prod,Database Instance,Databases,Relational Databases,Cloud SQL,Google Cloud,GOO-CloudSQL,GOO-CloudSQL-us-central1,prj-core-prod,projeto-core,Subscription,"{""OwnerTeam"": ""redes"", ""Environment"": ""prod"", ""ManagedBy"": ""serverless""}"
11.2936,prj-core-prod,cloudfinops-demo,Billing Account,USD,2026-09-01T00:00:00Z,2026-10-01T00:00:00Z,Usage,,Cloud SQL - Relational Databases,Usage-Based,2026-09-05T00:00:00Z,2026-09-05T23:59:59Z,,,,36.673,Hours,11.2936,0.307954,11.2936,Google LLC,11.2936,0.307954,Standard,36.673,Hours,us-central1,Iowa,google/prj-core-prod/cloud-sql,cloud-sql-prod,Database Instance,Databases,Relational Databases,Cloud SQL,Google Cloud,GOO-CloudSQL,GOO-CloudSQL-us-central1,prj-core-prod,projeto-core,Subscription,"{""OwnerTeam"": ""dados"", ""Environment"": ""prod"", ""ManagedBy"": ""cloudformation""}"
11.0882,prj-core-prod,cloudfinops-demo,Billing Account,USD,2026-09-01T00:00:00Z,2026-10-01T00:00:00Z,Usage,,Cloud SQL - Relational Databases,Usage-Based,2026-09-06T00:00:00Z,2026-09-06T23:59:59Z,,,,326.896,Hours,11.0882,0.03392,11.0882,Google LLC,11.0882,0.03392,Standard,326.896,Hours,us-central1,Iowa,google/prj-core-prod/cloud-sql,cloud-sql-prod,Database Instance,Databases,Relational Databases,Cloud SQL,Google Cloud,GOO-CloudSQL,GOO-CloudSQL-us-central1,prj-core-prod,projeto-core,Subscription,"{""OwnerTeam"": ""plataforma"", ""Environment"": ""prod"", ""ManagedBy"": ""manual""}"
13.3621,prj-core-prod,cloudfinops-demo,Billing Account,USD,2026-09-01T00:00:00Z,2026-10-01T00:00:00Z,Usage,,Cloud SQL - Relational Databases,Usage-Based,2026-09-07T00:00:00Z,2026-09-07T23:59:59Z,,,,85.889,Hours,13.3621,0.155574,13.3621,Google LLC,13.3621,0.155574,Standard,85.889,Hours,us-central1,Iowa,google/prj-core-prod/cloud-sql,cloud-sql-prod,Database Instance,Databases,Relational Databases,Cloud SQL,Google Cloud,GOO-CloudSQL,GOO-CloudSQL-us-central1,prj-core-prod,projeto-core,Subscription,"{""OwnerTeam"": ""plataforma"", ""Environment"": ""prod"", ""ManagedBy"": ""serverless""}"
13.8095,prj-core-prod,cloudfinops-demo,Billing Account,USD,2026-09-01T00:00:00Z,2026-10-01T00:00:00Z,Usage,,Cloud SQL - Relational Databases,Usage-Based,2026-09-08T00:00:00Z,2026-09-08T23:59:59Z,,,,48.576,Hours,13.8095,0.284286,13.8095,Google LLC,13.8095,0.284286,Standard,48.576,Hours,us-central1,Iowa,google/prj-core-prod/cloud-sql,cloud-sql-prod,Database Instance,Databases,Relational Databases,Cloud SQL,Google Cloud,GOO-CloudSQL,GOO-CloudSQL-us-central1,prj-core-prod,projeto-core,Subscription,"{""OwnerTeam"": ""plataforma"", ""Environment"": ""prod"", ""ManagedBy"": ""terraform""}"
13.6894,prj-core-prod,cloudfinops-demo,Billing Account,USD,2026-09-01T00:00:00Z,2026-10-01T00:00:00Z,Usage,,Cloud SQL - Relational Databases,Usage-Based,2026-09-09T00:00:00Z,2026-09-09T23:59:59Z,,,,30.546,Hours,13.6894,0.448157,13.6894,Google LLC,13.6894,0.448157,Standard,30.546,Hours,us-central1,Iowa,google/prj-core-prod/cloud-sql,cloud-sql-prod,Database Instance,Databases,Relational Databases,Cloud SQL,Google Cloud,GOO-CloudSQL,GOO-CloudSQL-us-central1,prj-core-prod,projeto-core,Subscription,"{""OwnerTeam"": ""backend"", ""Environment"": ""prod"", ""ManagedBy"": ""manual""}"
13.8162,prj-core-prod,cloudfinops-demo,Billing Account,USD,2026-09-01T00:00:00Z,2026-10-01T00:00:00Z,Usage,,Cloud SQL - Relational Databases,Usage-Based,2026-09-10T00:00:00Z,2026-09-10T23:59:59Z,,,,58.357,Hours,13.8162,0.236753,13.8162,Google LLC,13.8162,0.236753,Standard,58.357,Hours,us-central1,Iowa,google/prj-core-prod/cloud-sql,cloud-sql-prod,Database Instance,Databases,Relational Databases,Cloud SQL,Google Cloud,GOO-CloudSQL,GOO-CloudSQL-us-central1,prj-core-prod,projeto-core,Subscription,"{""OwnerTeam"": ""plataforma"", ""Environment"": ""prod"", ""ManagedBy"": ""cloudformation""}"
13.5274,prj-core-prod,cloudfinops-demo,Billing Account,USD,2026-09-01T00:00:00Z,2026-10-01T00:00:00Z,Usage,,Cloud SQL - Relational Databases,Usage-Based,2026-09-11T00:00:00Z,2026-09-11T23:59:59Z,,,,159.824,Hours,13.5274,0.084639,13.5274,Google LLC,13.5274,0.084639,Standard,159.824,Hours,us-central1,Iowa,google/prj-core-prod/cloud-sql,cloud-sql-prod,Database Instance,Databases,Relational Databases,Cloud SQL,Google Cloud,GOO-CloudSQL,GOO-CloudSQL-us-central1,prj-core-prod,projeto-core,Subscription,"{""OwnerTeam"": ""plataforma"", ""Environment"": ""prod"", ""ManagedBy"": ""serverless""}"
11.3376,prj-core-prod,cloudfinops-demo,Billing Account,USD,2026-09-01T00:00:00Z,2026-10-01T00:00:00Z,Usage,,Cloud SQL - Relational Databases,Usage-Based,2026-09-12T00:00:00Z,2026-09-12T23:59:59Z,,,,94.783,Hours,11.3376,0.119616,11.3376,Google LLC,11.3376,0.119616,Standard,94.783,Hours,us-central1,Iowa,google/prj-core-prod/cloud-sql,cloud-sql-prod,Database Instance,Databases,Relational Databases,Cloud SQL,Google Cloud,GOO-CloudSQL,GOO-CloudSQL-us-central1,prj-core-prod,projeto-core,Subscription,"{""OwnerTeam"": ""plataforma"", ""Environment"": ""prod"", ""ManagedBy"": ""terraform""}"
11.1174,prj-core-prod,cloudfinops-demo,Billing Account,USD,2026-09-01T00:00:00Z,2026-10-01T00:00:00Z,Usage,,Cloud SQL - Relational Databases,Usage-Based,2026-09-13T00:00:00Z,2026-09-13T23:59:59Z,,,,28.698,Hours,11.1174,0.387393,11.1174,Google LLC,11.1174,0.387393,Standard,28.698,Hours,us-central1,Iowa,google/prj-core-prod/cloud-sql,cloud-sql-prod,Database Instance,Databases,Relational Databases,Cloud SQL,Google Cloud,GOO-CloudSQL,GOO-CloudSQL-us-central1,prj-core-prod,projeto-core,Subscription,"{""OwnerTeam"": ""plataforma"", ""Environment"": ""prod"", ""ManagedBy"": ""cloudformation""}"
12.9288,prj-core-prod,cloudfinops-demo,Billing Account,USD,2026-09-01T00:00:00Z,2026-10-01T00:00:00Z,Usage,,Cloud SQL - Relational Databases,Usage-Based,2026-09-14T00:00:00Z,2026-09-14T23:59:59Z,,,,30.621,Hours,12.9288,0.42222,12.9288,Google LLC,12.9288,0.42222,Standard,30.621,Hours,us-central1,Iowa,google/prj-core-prod/cloud-sql,cloud-sql-prod,Database Instance,Databases,Relational Databases,Cloud SQL,Google Cloud,GOO-CloudSQL,GOO-CloudSQL-us-central1,prj-core-prod,projeto-core,Subscription,"{""OwnerTeam"": ""plataforma"", ""Environment"": ""prod"", ""ManagedBy"": ""terraform""}"
13.695,prj-core-prod,cloudfinops-demo,Billing Account,USD,2026-09-01T00:00:00Z,2026-10-01T00:00:00Z,Usage,,Cloud SQL - Relational Databases,Usage-Based,2026-09-15T00:00:00Z,2026-09-15T23:59:59Z,,,,31.858,Hours,13.695,0.429876,13.695,Google LLC,13.695,0.429876,Standard,31.858,Hours,us-central1,Iowa,google/prj-core-prod/cloud-sql,cloud-sql-prod,Database Instance,Databases,Relational Databases,Cloud SQL,Google Cloud,GOO-CloudSQL,GOO-CloudSQL-us-central1,prj-core-prod,projeto-core,Subscription,"{""OwnerTeam"": ""plataforma"", ""Environment"": ""prod"", ""ManagedBy"": ""serverless""}"
13.6593,prj-core-prod,cloudfinops-demo,Billing Account,USD,2026-09-01T00:00:00Z,2026-10-01T00:00:00Z,Usage,,Cloud SQL - Relational Databases,Usage-Based,2026-09-16T00:00:00Z,2026-09-16T23:59:59Z,,,,200.484,Hours,13.6593,0.068132,13.6593,Google LLC,13.6593,0.068132,Standard,200.484,Hours,us-central1,Iowa,google/prj-core-prod/cloud-sql,cloud-sql-prod,Database Instance,Databases,Relational Databases,Cloud SQL,Google Cloud,GOO-CloudSQL,GOO-CloudSQL-us-central1,prj-core-prod,projeto-core,Subscription,"{""OwnerTeam"": ""dados"", ""Environment"": ""prod"", ""ManagedBy"": ""manual""}"
13.609,prj-core-prod,cloudfinops-demo,Billing Account,USD,2026-09-01T00:00:00Z,2026-10-01T00:00:00Z,Usage,,Cloud SQL - Relational Databases,Usage-Based,2026-09-17T00:00:00Z,2026-09-17T23:59:59Z,,,,217.978,Hours,13.609,0.062433,13.609,Google LLC,13.609,0.062433,Standard,217.978,Hours,us-central1,Iowa,google/prj-core-prod/cloud-sql,cloud-sql-prod,Database Instance,Databases,Relational Databases,Cloud SQL,Google Cloud,GOO-CloudSQL,GOO-CloudSQL-us-central1,prj-core-prod,projeto-core,Subscription,"{""OwnerTeam"": ""plataforma"", ""Environment"": ""prod"", ""ManagedBy"": ""manual""}"
13.7996,prj-core-prod,cloudfinops-demo,Billing Account,USD,2026-09-01T00:00:00Z,2026-10-01T00:00:00Z,Usage,,Cloud SQL - Relational Databases,Usage-Based,2026-09-18T00:00:00Z,2026-09-18T23:59:59Z,,,,87.739,Hours,13.7996,0.15728,13.7996,Google LLC,13.7996,0.15728,Standard,87.739,Hours,us-central1,Iowa,google/prj-core-prod/cloud-sql,cloud-sql-prod,Database Instance,Databases,Relational Databases,Cloud SQL,Google Cloud,GOO-CloudSQL,GOO-CloudSQL-us-central1,prj-core-prod,projeto-core,Subscription,"{""OwnerTeam"": ""backend"", ""Environment"": ""prod"", ""ManagedBy"": ""terraform""}"
11.3733,prj-core-prod,cloudfinops-demo,Billing Account,USD,2026-09-01T00:00:00Z,2026-10-01T00:00:00Z,Usage,,Cloud SQL - Relational Databases,Usage-Based,2026-09-19T00:00:00Z,2026-09-19T23:59:59Z,,,,41.256,Hours,11.3733,0.275676,11.3733,Google LLC,11.3733,0.275676,Standard,41.256,Hours,us-central1,Iowa,google/prj-core-prod/cloud-sql,cloud-sql-prod,Database Instance,Databases,Relational Databases,Cloud SQL,Google Cloud,GOO-CloudSQL,GOO-CloudSQL-us-central1,prj-core-prod,projeto-core,Subscription,"{""OwnerTeam"": ""dados"", ""Environment"": ""prod"", ""ManagedBy"": ""manual""}"
11.3809,prj-core-prod,cloudfinops-demo,Billing Account,USD,2026-09-01T00:00:00Z,2026-10-01T00:00:00Z,Usage,,Cloud SQL - Relational Databases,Usage-Based,2026-09-20T00:00:00Z,2026-09-20T23:59:59Z,,,,34.113,Hours,11.3809,0.333624,11.3809,Google LLC,11.3809,0.333624,Standard,34.113,Hours,us-central1,Iowa,google/prj-core-prod/cloud-sql,cloud-sql-prod,Database Instance,Databases,Relational Databases,Cloud SQL,Google Cloud,GOO-CloudSQL,GOO-CloudSQL-us-central1,prj-core-prod,projeto-core,Subscription,"{""OwnerTeam"": ""dados"", ""Environment"": ""prod"", ""ManagedBy"": ""cloudformation""}"
13.0233,prj-core-prod,cloudfinops-demo,Billing Account,USD,2026-09-01T00:00:00Z,2026-10-01T00:00:00Z,Usage,,Cloud SQL - Relational Databases,Usage-Based,2026-09-21T00:00:00Z,2026-09-21T23:59:59Z,,,,64.892,Hours,13.0233,0.200692,13.0233,Google LLC,13.0233,0.200692,Standard,64.892,Hours,us-central1,Iowa,google/prj-core-prod/cloud-sql,cloud-sql-prod,Database Instance,Databases,Relational Databases,Cloud SQL,Google Cloud,GOO-CloudSQL,GOO-CloudSQL-us-central1,prj-core-prod,projeto-core,Subscription,"{""OwnerTeam"": ""plataforma"", ""Environment"": ""prod"", ""ManagedBy"": ""terraform""}"
13.1347,prj-core-prod,cloudfinops-demo,Billing Account,USD,2026-09-01T00:00:00Z,2026-10-01T00:00:00Z,Usage,,Cloud SQL - Relational Databases,Usage-Based,2026-09-22T00:00:00Z,2026-09-22T23:59:59Z,,,,30.209,Hours,13.1347,0.434794,13.1347,Google LLC,13.1347,0.434794,Standard,30.209,Hours,us-central1,Iowa,google/prj-core-prod/cloud-sql,cloud-sql-prod,Database Instance,Databases,Relational Databases,Cloud SQL,Google Cloud,GOO-CloudSQL,GOO-CloudSQL-us-central1,prj-core-prod,projeto-core,Subscription,"{""OwnerTeam"": ""dados"", ""Environment"": ""prod"", ""ManagedBy"": ""manual""}"
13.3475,prj-core-prod,cloudfinops-demo,Billing Account,USD,2026-09-01T00:00:00Z,2026-10-01T00:00:00Z,Usage,,Cloud SQL - Relational Databases,Usage-Based,2026-09-23T00:00:00Z,2026-09-23T23:59:59Z,,,,70.47,Hours,13.3475,0.189407,13.3475,Google LLC,13.3475,0.189407,Standard,70.47,Hours,us-central1,Iowa,google/prj-core-prod/cloud-sql,cloud-sql-prod,Database Instance,Databases,Relational Databases,Cloud SQL,Google Cloud,GOO-CloudSQL,GOO-CloudSQL-us-central1,prj-core-prod,projeto-core,Subscription,"{""OwnerTeam"": ""dados"", ""Environment"": ""prod"", ""ManagedBy"": ""terraform""}"
13.7855,prj-core-prod,cloudfinops-demo,Billing Account,USD,2026-09-01T00:00:00Z,2026-10-01T00:00:00Z,Usage,,Cloud SQL - Relational Databases,Usage-Based,2026-09-24T00:00:00Z,2026-09-24T23:59:59Z,,,,123.459,Hours,13.7855,0.111661,13.7855,Google LLC,13.7855,0.111661,Standard,123.459,Hours,us-central1,Iowa,google/prj-core-prod/cloud-sql,cloud-sql-prod,Database Instance,Databases,Relational Databases,Cloud SQL,Google Cloud,GOO-CloudSQL,GOO-CloudSQL-us-central1,prj-core-prod,projeto-core,Subscription,"{""OwnerTeam"": ""dados"", ""Environment"": ""prod"", ""ManagedBy"": ""manual""}"
13.2317,prj-core-prod,cloudfinops-demo,Billing Account,USD,2026-09-01T00:00:00Z,2026-10-01T00:00:00Z,Usage,,Cloud SQL - Relational Databases,Usage-Based,2026-09-25T00:00:00Z,2026-09-25T23:59:59Z,,,,120.929,Hours,13.2317,0.109417,13.2317,Google LLC,13.2317,0.109417,Standard,120.929,Hours,us-central1,Iowa,google/prj-core-prod/cloud-sql,cloud-sql-prod,Database Instance,Databases,Relational Databases,Cloud SQL,Google Cloud,GOO-CloudSQL,GOO-CloudSQL-us-central1,prj-core-prod,projeto-core,Subscription,"{""OwnerTeam"": ""plataforma"", ""Environment"": ""prod"", ""ManagedBy"": ""manual""}"
11.2581,prj-core-prod,cloudfinops-demo,Billing Account,USD,2026-09-01T00:00:00Z,2026-10-01T00:00:00Z,Usage,,Cloud SQL - Relational Databases,Usage-Based,2026-09-26T00:00:00Z,2026-09-26T23:59:59Z,,,,28.893,Hours,11.2581,0.389648,11.2581,Google LLC,11.2581,0.389648,Standard,28.893,Hours,us-central1,Iowa,google/prj-core-prod/cloud-sql,cloud-sql-prod,Database Instance,Databases,Relational Databases,Cloud SQL,Google Cloud,GOO-CloudSQL,GOO-CloudSQL-us-central1,prj-core-prod,projeto-core,Subscription,"{""OwnerTeam"": ""backend"", ""Environment"": ""prod"", ""ManagedBy"": ""cloudformation""}"
11.6458,prj-core-prod,cloudfinops-demo,Billing Account,USD,2026-09-01T00:00:00Z,2026-10-01T00:00:00Z,Usage,,Cloud SQL - Relational Databases,Usage-Based,2026-09-27T00:00:00Z,2026-09-27T23:59:59Z,,,,25.991,Hours,11.6458,0.44807,11.6458,Google LLC,11.6458,0.44807,Standard,25.991,Hours,us-central1,Iowa,google/prj-core-prod/cloud-sql,cloud-sql-prod,Database Instance,Databases,Relational Databases,Cloud SQL,Google Cloud,GOO-CloudSQL,GOO-CloudSQL-us-central1,prj-core-prod,projeto-core,Subscription,"{""OwnerTeam"": ""redes"", ""Environment"": ""prod"", ""ManagedBy"": ""manual""}"
13.5924,prj-core-prod,cloudfinops-demo,Billing Account,USD,2026-09-01T00:00:00Z,2026-10-01T00:00:00Z,Usage,,Cloud SQL - Relational Databases,Usage-Based,2026-09-28T00:00:00Z,2026-09-28T23:59:59Z,,,,37.383,Hours,13.5924,0.363598,13.5924,Google LLC,13.5924,0.363598,Standard,37.383,Hours,us-central1,Iowa,google/prj-core-prod/cloud-sql,cloud-sql-prod,Database Instance,Databases,Relational Databases,Cloud SQL,Google Cloud,GOO-CloudSQL,GOO-CloudSQL-us-central1,prj-core-prod,projeto-core,Subscription,"{""OwnerTeam"": ""redes"", ""Environment"": ""prod"", ""ManagedBy"": ""cloudformation""}"
13.555,prj-core-prod,cloudfinops-demo,Billing Account,USD,2026-09-01T00:00:00Z,2026-10-01T00:00:00Z,Usage,,Cloud SQL - Relational Databases,Usage-Based,2026-09-29T00:00:00Z,2026-09-29T23:59:59Z,,,,43.584,Hours,13.555,0.311009,13.555,Google LLC,13.555,0.311009,Standard,43.584,Hours,us-central1,Iowa,google/prj-core-prod/cloud-sql,cloud-sql-prod,Database Instance,Databases,Relational Databases,Cloud SQL,Google Cloud,GOO-CloudSQL,GOO-CloudSQL-us-central1,prj-core-prod,projeto-core,Subscription,"{""OwnerTeam"": ""dados"", ""Environment"": ""prod"", ""ManagedBy"": ""terraform""}"
13.5021,prj-core-prod,cloudfinops-demo,Billing Account,USD,2026-09-01T00:00:00Z,2026-10-01T00:00:00Z,Usage,,Cloud SQL - Relational Databases,Usage-Based,2026-09-30T00:00:00Z,2026-09-30T23:59:59Z,,,,79.986,Hours,13.5021,0.168806,13.5021,Google LLC,13.5021,0.168806,Standard,79.986,Hours,us-central1,Iowa,google/prj-core-prod/cloud-sql,cloud-sql-prod,Database Instance,Databases,Relational Databases,Cloud SQL,Google Cloud,GOO-CloudSQL,GOO-CloudSQL-us-central1,prj-core-prod,projeto-core,Subscription,"{""OwnerTeam"": ""plataforma"", ""Environment"": ""prod"", ""ManagedBy"": ""serverless""}"
12.7297,prj-core-prod,cloudfinops-demo,Billing Account,USD,2026-10-01T00:00:00Z,2026-11-01T00:00:00Z,Usage,,Cloud SQL - Relational Databases,Usage-Based,2026-10-01T00:00:00Z,2026-10-01T23:59:59Z,,,,54.264,Hours,12.7297,0.234588,12.7297,Google LLC,12.7297,0.234588,Standard,54.264,Hours,us-central1,Iowa,google/prj-core-prod/cloud-sql,cloud-sql-prod,Database Instance,Databases,Relational Databases,Cloud SQL,Google Cloud,GOO-CloudSQL,GOO-CloudSQL-us-central1,prj-core-prod,projeto-core,Subscription,"{""OwnerTeam"": ""dados"", ""Environment"": ""prod"", ""ManagedBy"": ""serverless""}"
13.4455,prj-core-prod,cloudfinops-demo,Billing Account,USD,2026-10-01T00:00:00Z,2026-11-01T00:00:00Z,Usage,,Cloud SQL - Relational Databases,Usage-Based,2026-10-02T00:00:00Z,2026-10-02T23:59:59Z,,,,30.869,Hours,13.4455,0.435566,13.4455,Google LLC,13.4455,0.435566,Standard,30.869,Hours,us-central1,Iowa,google/prj-core-prod/cloud-sql,cloud-sql-prod,Database Instance,Databases,Relational Databases,Cloud SQL,Google Cloud,GOO-CloudSQL,GOO-CloudSQL-us-central1,prj-core-prod,projeto-core,Subscription,"{""OwnerTeam"": ""backend"", ""Environment"": ""prod"", ""ManagedBy"": ""manual""}"
11.1836,prj-core-prod,cloudfinops-demo,Billing Account,USD,2026-10-01T00:00:00Z,2026-11-01T00:00:00Z,Usage,,Cloud SQL - Relational Databases,Usage-Based,2026-10-03T00:00:00Z,2026-10-03T23:59:59Z,,,,33.735,Hours,11.1836,0.331513,11.1836,Google LLC,11.1836,0.331513,Standard,33.735,Hours,us-central1,Iowa,google/prj-core-prod/cloud-sql,cloud-sql-prod,Database Instance,Databases,Relational Databases,Cloud SQL,Google Cloud,GOO-CloudSQL,GOO-CloudSQL-us-central1,prj-core-prod,projeto-core,Subscription,"{""OwnerTeam"": ""dados"", ""Environment"": ""prod"", ""ManagedBy"": ""manual""}"
5.8936,prj-core-prod,cloudfinops-demo,Billing Account,USD,2026-08-01T00:00:00Z,2026-09-01T00:00:00Z,Usage,,Cloud SQL - Relational Databases,Usage-Based,2026-08-01T00:00:00Z,2026-08-01T23:59:59Z,,,,72.201,Hours,5.8936,0.081628,5.8936,Google LLC,5.8936,0.081628,Standard,72.201,Hours,us-central1,Iowa,google/prj-data-lab/cloud-sql,cloud-sql-dev,Database Instance,Databases,Relational Databases,Cloud SQL,Google Cloud,GOO-CloudSQL,GOO-CloudSQL-us-central1,prj-data-lab,projeto-dados,Subscription,"{""OwnerTeam"": ""plataforma"", ""Environment"": ""dev"", ""ManagedBy"": ""terraform""}"
5.6006,prj-core-prod,cloudfinops-demo,Billing Account,USD,2026-08-01T00:00:00Z,2026-09-01T00:00:00Z,Usage,,Cloud SQL - Relational Databases,Usage-Based,2026-08-02T00:00:00Z,2026-08-02T23:59:59Z,,,,14.016,Hours,5.6006,0.399586,5.6006,Google LLC,5.6006,0.399586,Standard,14.016,Hours,us-central1,Iowa,google/prj-data-lab/cloud-sql,cloud-sql-dev,Database Instance,Databases,Relational Databases,Cloud SQL,Google Cloud,GOO-CloudSQL,GOO-CloudSQL-us-central1,prj-data-lab,projeto-dados,Subscription,"{""OwnerTeam"": ""plataforma"", ""Environment"": ""dev"", ""ManagedBy"": ""cloudformation""}"
6.9598,prj-core-prod,cloudfinops-demo,Billing Account,USD,2026-08-01T00:00:00Z,2026-09-01T00:00:00Z,Usage,,Cloud SQL - Relational Databases,Usage-Based,2026-08-03T00:00:00Z,2026-08-03T23:59:59Z,,,,29.201,Hours,6.9598,0.238341,6.9598,Google LLC,6.9598,0.238341,Standard,29.201,Hours,us-central1,Iowa,google/prj-data-lab/cloud-sql,cloud-sql-dev,Database Instance,Databases,Relational Databases,Cloud SQL,Google Cloud,GOO-CloudSQL,GOO-CloudSQL-us-central1,prj-data-lab,projeto-dados,Subscription,"{""OwnerTeam"": ""dados"", ""Environment"": ""dev"", ""ManagedBy"": ""manual""}"
6.9386,prj-core-prod,cloudfinops-demo,Billing Account,USD,2026-08-01T00:00:00Z,2026-09-01T00:00:00Z,Usage,,Cloud SQL - Relational Databases,Usage-Based,2026-08-04T00:00:00Z,2026-08-04T23:59:59Z,,,,20.567,Hours,6.9386,0.337366,6.9386,Google LLC,6.9386,0.337366,Standard,20.567,Hours,us-central1,Iowa,google/prj-data-lab/cloud-sql,cloud-sql-dev,Database Instance,Databases,Relational Databases,Cloud SQL,Google Cloud,GOO-CloudSQL,GOO-CloudSQL-us-central1,prj-data-lab,projeto-dados,Subscription,"{""OwnerTeam"": ""redes"", ""Environment"": ""dev"", ""ManagedBy"": ""manual""}"
6.7887,prj-core-prod,cloudfinops-demo,Billing Account,USD,2026-08-01T00:00:00Z,2026-09-01T00:00:00Z,Usage,,Cloud SQL - Relational Databases,Usage-Based,2026-08-05T00:00:00Z,2026-08-05T23:59:59Z,,,,15.298,Hours,6.7887,0.443764,6.7887,Google LLC,6.7887,0.443764,Standard,15.298,Hours,us-central1,Iowa,google/prj-data-lab/cloud-sql,cloud-sql-dev,Database Instance,Databases,Relational Databases,Cloud SQL,Google Cloud,GOO-CloudSQL,GOO-CloudSQL-us-central1,prj-data-lab,projeto-dados,Subscription,"{""OwnerTeam"": ""dados"", ""Environment"": ""dev"", ""ManagedBy"": ""manual""}"
6.8373,prj-core-prod,cloudfinops-demo,Billing Account,USD,2026-08-01T00:00:00Z,2026-09-01T00:00:00Z,Usage,,Cloud SQL - Relational Databases,Usage-Based,2026-08-06T00:00:00Z,2026-08-06T23:59:59Z,,,,67.861,Hours,6.8373,0.100754,6.8373,Google LLC,6.8373,0.100754,Standard,67.861,Hours,us-central1,Iowa,google/prj-data-lab/cloud-sql,cloud-sql-dev,Database Instance,Databases,Relational Databases,Cloud SQL,Google Cloud,GOO-CloudSQL,GOO-CloudSQL-us-central1,prj-data-lab,projeto-dados,Subscription,"{""OwnerTeam"": ""dados"", ""Environment"": ""dev"", ""ManagedBy"": ""manual""}"
6.7111,prj-core-prod,cloudfinops-demo,Billing Account,USD,2026-08-01T00:00:00Z,2026-09-01T00:00:00Z,Usage,,Cloud SQL - Relational Databases,Usage-Based,2026-08-07T00:00:00Z,2026-08-07T23:59:59Z,,,,20.793,Hours,6.7111,0.322758,6.7111,Google LLC,6.7111,0.322758,Standard,20.793,Hours,us-central1,Iowa,google/prj-data-lab/cloud-sql,cloud-sql-dev,Database Instance,Databases,Relational Databases,Cloud SQL,Google Cloud,GOO-CloudSQL,GOO-CloudSQL-us-central1,prj-data-lab,projeto-dados,Subscription,"{""OwnerTeam"": ""redes"", ""Environment"": ""dev"", ""ManagedBy"": ""cloudformation""}"
5.8099,prj-core-prod,cloudfinops-demo,Billing Account,USD,2026-08-01T00:00:00Z,2026-09-01T00:00:00Z,Usage,,Cloud SQL - Relational Databases,Usage-Based,2026-08-08T00:00:00Z,2026-08-08T23:59:59Z,,,,51.911,Hours,5.8099,0.11192,5.8099,Google LLC,5.8099,0.11192,Standard,51.911,Hours,us-central1,Iowa,google/prj-data-lab/cloud-sql,cloud-sql-dev,Database Instance,Databases,Relational Databases,Cloud SQL,Google Cloud,GOO-CloudSQL,GOO-CloudSQL-us-central1,prj-data-lab,projeto-dados,Subscription,"{""OwnerTeam"": ""plataforma"", ""Environment"": ""dev"", ""ManagedBy"": ""terraform""}"
5.5917,prj-core-prod,cloudfinops-demo,Billing Account,USD,2026-08-01T00:00:00Z,2026-09-01T00:00:00Z,Usage,,Cloud SQL - Relational Databases,Usage-Based,2026-08-09T00:00:00Z,2026-08-09T23:59:59Z,,,,59.6,Hours,5.5917,0.09382,5.5917,Google LLC,5.5917,0.09382,Standard,59.6,Hours,us-central1,Iowa,google/prj-data-lab/cloud-sql,cloud-sql-dev,Database Instance,Databases,Relational Databases,Cloud SQL,Google Cloud,GOO-CloudSQL,GOO-CloudSQL-us-central1,prj-data-lab,projeto-dados,Subscription,"{""OwnerTeam"": ""backend"", ""Environment"": ""dev"", ""ManagedBy"": ""terraform""}"
6.8155,prj-core-prod,cloudfinops-demo,Billing Account,USD,2026-08-01T00:00:00Z,2026-09-01T00:00:00Z,Usage,,Cloud SQL - Relational Databases,Usage-Based,2026-08-10T00:00:00Z,2026-08-10T23:59:59Z,,,,16.832,Hours,6.8155,0.404913,6.8155,Google LLC,6.8155,0.404913,Standard,16.832,Hours,us-central1,Iowa,google/prj-data-lab/cloud-sql,cloud-sql-dev,Database Instance,Databases,Relational Databases,Cloud SQL,Google Cloud,GOO-CloudSQL,GOO-CloudSQL-us-central1,prj-data-lab,projeto-dados,Subscription,"{""OwnerTeam"": ""backend"", ""Environment"": ""dev"", ""ManagedBy"": ""cloudformation""}"
6.8343,prj-core-prod,cloudfinops-demo,Billing Account,USD,2026-08-01T00:00:00Z,2026-09-01T00:00:00Z,Usage,,Cloud SQL - Relational Databases,Usage-Based,2026-08-11T00:00:00Z,2026-08-11T23:59:59Z,,,,15.783,Hours,6.8343,0.433017,6.8343,Google LLC,6.8343,0.433017,Standard,15.783,Hours,us-central1,Iowa,google/prj-data-lab/cloud-sql,cloud-sql-dev,Database Instance,Databases,Relational Databases,Cloud SQL,Google Cloud,GOO-CloudSQL,GOO-CloudSQL-us-central1,prj-data-lab,projeto-dados,Subscription,"{""OwnerTeam"": ""dados"", ""Environment"": ""dev"", ""ManagedBy"": ""serverless""}"
7.0754,prj-core-prod,cloudfinops-demo,Billing Account,USD,2026-08-01T00:00:00Z,2026-09-01T00:00:00Z,Usage,,Cloud SQL - Relational Databases,Usage-Based,2026-08-12T00:00:00Z,2026-08-12T23:59:59Z,,,,98.656,Hours,7.0754,0.071718,7.0754,Google LLC,7.0754,0.071718,Standard,98.656,Hours,us-central1,Iowa,google/prj-data-lab/cloud-sql,cloud-sql-dev,Database Instance,Databases,Relational Databases,Cloud SQL,Google Cloud,GOO-CloudSQL,GOO-CloudSQL-us-central1,prj-data-lab,projeto-dados,Subscription,"{""OwnerTeam"": ""backend"", ""Environment"": ""dev"", ""ManagedBy"": ""serverless""}"
7.0802,prj-core-prod,cloudfinops-demo,Billing Account,USD,2026-08-01T00:00:00Z,2026-09-01T00:00:00Z,Usage,,Cloud SQL - Relational Databases,Usage-Based,2026-08-13T00:00:00Z,2026-08-13T23:59:59Z,,,,36.385,Hours,7.0802,0.194591,7.0802,Google LLC,7.0802,0.194591,Standard,36.385,Hours,us-central1,Iowa,google/prj-data-lab/cloud-sql,cloud-sql-dev,Database Instance,Databases,Relational Databases,Cloud SQL,Google Cloud,GOO-CloudSQL,GOO-CloudSQL-us-central1,prj-data-lab,projeto-dados,Subscription,"{""OwnerTeam"": ""backend"", ""Environment"": ""dev"", ""ManagedBy"": ""terraform""}"
6.9664,prj-core-prod,cloudfinops-demo,Billing Account,USD,2026-08-01T00:00:00Z,2026-09-01T00:00:00Z,Usage,,Cloud SQL - Relational Databases,Usage-Based,2026-08-14T00:00:00Z,2026-08-14T23:59:59Z,,,,44.669,Hours,6.9664,0.155956,6.9664,Google LLC,6.9664,0.155956,Standard,44.669,Hours,us-central1,Iowa,google/prj-data-lab/cloud-sql,cloud-sql-dev,Database Instance,Databases,Relational Databases,Cloud SQL,Google Cloud,GOO-CloudSQL,GOO-CloudSQL-us-central1,prj-data-lab,projeto-dados,Subscription,"{""OwnerTeam"": ""backend"", ""Environment"": ""dev"", ""ManagedBy"": ""terraform""}"
5.653,prj-core-prod,cloudfinops-demo,Billing Account,USD,2026-08-01T00:00:00Z,2026-09-01T00:00:00Z,Usage,,Cloud SQL - Relational Databases,Usage-Based,2026-08-15T00:00:00Z,2026-08-15T23:59:59Z,,,,13.902,Hours,5.653,0.406632,5.653,Google LLC,5.653,0.406632,Standard,13.902,Hours,us-central1,Iowa,google/prj-data-lab/cloud-sql,cloud-sql-dev,Database Instance,Databases,Relational Databases,Cloud SQL,Google Cloud,GOO-CloudSQL,GOO-CloudSQL-us-central1,prj-data-lab,projeto-dados,Subscription,"{""OwnerTeam"": ""plataforma"", ""Environment"": ""dev"", ""ManagedBy"": ""serverless""}"
5.6476,prj-core-prod,cloudfinops-demo,Billing Account,USD,2026-08-01T00:00:00Z,2026-09-01T00:00:00Z,Usage,,Cloud SQL - Relational Databases,Usage-Based,2026-08-16T00:00:00Z,2026-08-16T23:59:59Z,,,,13.105,Hours,5.6476,0.43095,5.6476,Google LLC,5.6476,0.43095,Standard,13.105,Hours,us-central1,Iowa,google/prj-data-lab/cloud-sql,cloud-sql-dev,Database Instance,Databases,Relational Databases,Cloud SQL,Google Cloud,GOO-CloudSQL,GOO-CloudSQL-us-central1,prj-data-lab,projeto-dados,Subscription,"{""OwnerTeam"": ""backend"", ""Environment"": ""dev"", ""ManagedBy"": ""serverless""}"
6.7293,prj-core-prod,cloudfinops-demo,Billing Account,USD,2026-08-01T00:00:00Z,2026-09-01T00:00:00Z,Usage,,Cloud SQL - Relational Databases,Usage-Based,2026-08-17T00:00:00Z,2026-08-17T23:59:59Z,,,,16.278,Hours,6.7293,0.413398,6.7293,Google LLC,6.7293,0.413398,Standard,16.278,Hours,us-central1,Iowa,google/prj-data-lab/cloud-sql,cloud-sql-dev,Database Instance,Databases,Relational Databases,Cloud SQL,Google Cloud,GOO-CloudSQL,GOO-CloudSQL-us-central1,prj-data-lab,projeto-dados,Subscription,"{""OwnerTeam"": ""redes"", ""Environment"": ""dev"", ""ManagedBy"": ""terraform""}"
6.832,prj-core-prod,cloudfinops-demo,Billing Account,USD,2026-08-01T00:00:00Z,2026-09-01T00:00:00Z,Usage,,Cloud SQL - Relational Databases,Usage-Based,2026-08-18T00:00:00Z,2026-08-18T23:59:59Z,,,,28.109,Hours,6.832,0.243054,6.832,Google LLC,6.832,0.243054,Standard,28.109,Hours,us-central1,Iowa,google/prj-data-lab/cloud-sql,cloud-sql-dev,Database Instance,Databases,Relational Databases,Cloud SQL,Google Cloud,GOO-CloudSQL,GOO-CloudSQL-us-central1,prj-data-lab,projeto-dados,Subscription,"{""OwnerTeam"": ""dados"", ""Environment"": ""dev"", ""ManagedBy"": ""terraform""}"
6.8121,prj-core-prod,cloudfinops-demo,Billing Account,USD,2026-08-01T00:00:00Z,2026-09-01T00:00:00Z,Usage,,Cloud SQL - Relational Databases,Usage-Based,2026-08-19T00:00:00Z,2026-08-19T23:59:59Z,,,,29.134,Hours,6.8121,0.23382,6.8121,Google LLC,6.8121,0.23382,Standard,29.134,Hours,us-central1,Iowa,google/prj-data-lab/cloud-sql,cloud-sql-dev,Database Instance,Databases,Relational Databases,Cloud SQL,Google Cloud,GOO-CloudSQL,GOO-CloudSQL-us-central1,prj-data-lab,projeto-dados,Subscription,"{""OwnerTeam"": ""backend"", ""Environment"": ""dev"", ""ManagedBy"": ""cloudformation""}"
6.6652,prj-core-prod,cloudfinops-demo,Billing Account,USD,2026-08-01T00:00:00Z,2026-09-01T00:00:00Z,Usage,,Cloud SQL - Relational Databases,Usage-Based,2026-08-20T00:00:00Z,2026-08-20T23:59:59Z,,,,26.929,Hours,6.6652,0.24751,6.6652,Google LLC,6.6652,0.24751,Standard,26.929,Hours,us-central1,Iowa,google/prj-data-lab/cloud-sql,cloud-sql-dev,Database Instance,Databases,Relational Databases,Cloud SQL,Google Cloud,GOO-CloudSQL,GOO-CloudSQL-us-central1,prj-data-lab,projeto-dados,Subscription,"{""OwnerTeam"": ""redes"", ""Environment"": ""dev"", ""ManagedBy"": ""terraform""}"
6.697,prj-core-prod,cloudfinops-demo,Billing Account,USD,2026-08-01T00:00:00Z,2026-09-01T00:00:00Z,Usage,,Cloud SQL - Relational Databases,Usage-Based,2026-08-21T00:00:00Z,2026-08-21T23:59:59Z,,,,15.645,Hours,6.697,0.42806,6.697,Google LLC,6.697,0.42806,Standard,15.645,Hours,us-central1,Iowa,google/prj-data-lab/cloud-sql,cloud-sql-dev,Database Instance,Databases,Relational Databases,Cloud SQL,Google Cloud,GOO-CloudSQL,GOO-CloudSQL-us-central1,prj-data-lab,projeto-dados,Subscription,"{""OwnerTeam"": ""redes"", ""Environment"": ""dev"", ""ManagedBy"": ""serverless""}"
5.6659,prj-core-prod,cloudfinops-demo,Billing Account,USD,2026-08-01T00:00:00Z,2026-09-01T00:00:00Z,Usage,,Cloud SQL - Relational Databases,Usage-Based,2026-08-22T00:00:00Z,2026-08-22T23:59:59Z,,,,119.935,Hours,5.6659,0.047241,5.6659,Google LLC,5.6659,0.047241,Standard,119.935,Hours,us-central1,Iowa,google/prj-data-lab/cloud-sql,cloud-sql-dev,Database Instance,Databases,Relational Databases,Cloud SQL,Google Cloud,GOO-CloudSQL,GOO-CloudSQL-us-central1,prj-data-lab,projeto-dados,Subscription,"{""OwnerTeam"": ""backend"", ""Environment"": ""dev"", ""ManagedBy"": ""cloudformation""}"
5.5961,prj-core-prod,cloudfinops-demo,Billing Account,USD,2026-08-01T00:00:00Z,2026-09-01T00:00:00Z,Usage,,Cloud SQL - Relational Databases,Usage-Based,2026-08-23T00:00:00Z,2026-08-23T23:59:59Z,,,,58.024,Hours,5.5961,0.096445,5.5961,Google LLC,5.5961,0.096445,Standard,58.024,Hours,us-central1,Iowa,google/prj-data-lab/cloud-sql,cloud-sql-dev,Database Instance,Databases,Relational Databases,Cloud SQL,Google Cloud,GOO-CloudSQL,GOO-CloudSQL-us-central1,prj-data-lab,projeto-dados,Subscription,"{""OwnerTeam"": ""backend"", ""Environment"": ""dev"", ""ManagedBy"": ""serverless""}"
7.0661,prj-core-prod,cloudfinops-demo,Billing Account,USD,2026-08-01T00:00:00Z,2026-09-01T00:00:00Z,Usage,,Cloud SQL - Relational Databases,Usage-Based,2026-08-24T00:00:00Z,2026-08-24T23:59:59Z,,,,31.192,Hours,7.0661,0.226536,7.0661,Google LLC,7.0661,0.226536,Standard,31.192,Hours,us-central1,Iowa,google/prj-data-lab/cloud-sql,cloud-sql-dev,Database Instance,Databases,Relational Databases,Cloud SQL,Google Cloud,GOO-CloudSQL,GOO-CloudSQL-us-central1,prj-data-lab,projeto-dados,Subscription,"{""OwnerTeam"": ""dados"", ""Environment"": ""dev"", ""ManagedBy"": ""terraform""}"
6.8633,prj-core-prod,cloudfinops-demo,Billing Account,USD,2026-08-01T00:00:00Z,2026-09-01T00:00:00Z,Usage,,Cloud SQL - Relational Databases,Usage-Based,2026-08-25T00:00:00Z,2026-08-25T23:59:59Z,,,,17.545,Hours,6.8633,0.391183,6.8633,Google LLC,6.8633,0.391183,Standard,17.545,Hours,us-central1,Iowa,google/prj-data-lab/cloud-sql,cloud-sql-dev,Database Instance,Databases,Relational Databases,Cloud SQL,Google Cloud,GOO-CloudSQL,GOO-CloudSQL-us-central1,prj-data-lab,projeto-dados,Subscription,"{""OwnerTeam"": ""dados"", ""Environment"": ""dev"", ""ManagedBy"": ""terraform""}"
6.9265,prj-core-prod,cloudfinops-demo,Billing Account,USD,2026-08-01T00:00:00Z,2026-09-01T00:00:00Z,Usage,,Cloud SQL - Relational Databases,Usage-Based,2026-08-26T00:00:00Z,2026-08-26T23:59:59Z,,,,18.707,Hours,6.9265,0.370262,6.9265,Google LLC,6.9265,0.370262,Standard,18.707,Hours,us-central1,Iowa,google/prj-data-lab/cloud-sql,cloud-sql-dev,Database Instance,Databases,Relational Databases,Cloud SQL,Google Cloud,GOO-CloudSQL,GOO-CloudSQL-us-central1,prj-data-lab,projeto-dados,Subscription,"{""OwnerTeam"": ""plataforma"", ""Environment"": ""dev"", ""ManagedBy"": ""cloudformation""}"
7.0491,prj-core-prod,cloudfinops-demo,Billing Account,USD,2026-08-01T00:00:00Z,2026-09-01T00:00:00Z,Usage,,Cloud SQL - Relational Databases,Usage-Based,2026-08-27T00:00:00Z,2026-08-27T23:59:59Z,,,,132.206,Hours,7.0491,0.053319,7.0491,Google LLC,7.0491,0.053319,Standard,132.206,Hours,us-central1,Iowa,google/prj-data-lab/cloud-sql,cloud-sql-dev,Database Instance,Databases,Relational Databases,Cloud SQL,Google Cloud,GOO-CloudSQL,GOO-CloudSQL-us-central1,prj-data-lab,projeto-dados,Subscription,"{""OwnerTeam"": ""plataforma"", ""Environment"": ""dev"", ""ManagedBy"": ""terraform""}"
6.6504,prj-core-prod,cloudfinops-demo,Billing Account,USD,2026-08-01T00:00:00Z,2026-09-01T00:00:00Z,Usage,,Cloud SQL - Relational Databases,Usage-Based,2026-08-28T00:00:00Z,2026-08-28T23:59:59Z,,,,64.818,Hours,6.6504,0.102601,6.6504,Google LLC,6.6504,0.102601,Standard,64.818,Hours,us-central1,Iowa,google/prj-data-lab/cloud-sql,cloud-sql-dev,Database Instance,Databases,Relational Databases,Cloud SQL,Google Cloud,GOO-CloudSQL,GOO-CloudSQL-us-central1,prj-data-lab,projeto-dados,Subscription,"{""OwnerTeam"": ""dados"", ""Environment"": ""dev"", ""ManagedBy"": ""serverless""}"
5.5925,prj-core-prod,cloudfinops-demo,Billing Account,USD,2026-08-01T00:00:00Z,2026-09-01T00:00:00Z,Usage,,Cloud SQL - Relational Databases,Usage-Based,2026-08-29T00:00:00Z,2026-08-29T23:59:59Z,,,,40.183,Hours,5.5925,0.139176,5.5925,Google LLC,5.5925,0.139176,Standard,40.183,Hours,us-central1,Iowa,google/prj-data-lab/cloud-sql,cloud-sql-dev,Database Instance,Databases,Relational Databases,Cloud SQL,Google Cloud,GOO-CloudSQL,GOO-CloudSQL-us-central1,prj-data-lab,projeto-dados,Subscription,"{""OwnerTeam"": ""dados"", ""Environment"": ""dev"", ""ManagedBy"": ""cloudformation""}"
5.9328,prj-core-prod,cloudfinops-demo,Billing Account,USD,2026-08-01T00:00:00Z,2026-09-01T00:00:00Z,Usage,,Cloud SQL - Relational Databases,Usage-Based,2026-08-30T00:00:00Z,2026-08-30T23:59:59Z,,,,193.2,Hours,5.9328,0.030708,5.9328,Google LLC,5.9328,0.030708,Standard,193.2,Hours,us-central1,Iowa,google/prj-data-lab/cloud-sql,cloud-sql-dev,Database Instance,Databases,Relational Databases,Cloud SQL,Google Cloud,GOO-CloudSQL,GOO-CloudSQL-us-central1,prj-data-lab,projeto-dados,Subscription,"{""OwnerTeam"": ""plataforma"", ""Environment"": ""dev"", ""ManagedBy"": ""terraform""}"
6.9712,prj-core-prod,cloudfinops-demo,Billing Account,USD,2026-08-01T00:00:00Z,2026-09-01T00:00:00Z,Usage,,Cloud SQL - Relational Databases,Usage-Based,2026-08-31T00:00:00Z,2026-08-31T23:59:59Z,,,,38.182,Hours,6.9712,0.182578,6.9712,Google LLC,6.9712,0.182578,Standard,38.182,Hours,us-central1,Iowa,google/prj-data-lab/cloud-sql,cloud-sql-dev,Database Instance,Databases,Relational Databases,Cloud SQL,Google Cloud,GOO-CloudSQL,GOO-CloudSQL-us-central1,prj-data-lab,projeto-dados,Subscription,"{""OwnerTeam"": ""backend"", ""Environment"": ""dev"", ""ManagedBy"": ""serverless""}"
7.0802,prj-core-prod,cloudfinops-demo,Billing Account,USD,2026-09-01T00:00:00Z,2026-10-01T00:00:00Z,Usage,,Cloud SQL - Relational Databases,Usage-Based,2026-09-01T00:00:00Z,2026-09-01T23:59:59Z,,,,18.548,Hours,7.0802,0.381723,7.0802,Google LLC,7.0802,0.381723,Standard,18.548,Hours,us-central1,Iowa,google/prj-data-lab/cloud-sql,cloud-sql-dev,Database Instance,Databases,Relational Databases,Cloud SQL,Google Cloud,GOO-CloudSQL,GOO-CloudSQL-us-central1,prj-data-lab,projeto-dados,Subscription,"{""OwnerTeam"": ""dados"", ""Environment"": ""dev"", ""ManagedBy"": ""terraform""}"
7.419,prj-core-prod,cloudfinops-demo,Billing Account,USD,2026-09-01T00:00:00Z,2026-10-01T00:00:00Z,Usage,,Cloud SQL - Relational Databases,Usage-Based,2026-09-02T00:00:00Z,2026-09-02T23:59:59Z,,,,23.543,Hours,7.419,0.315126,7.419,Google LLC,7.419,0.315126,Standard,23.543,Hours,us-central1,Iowa,google/prj-data-lab/cloud-sql,cloud-sql-dev,Database Instance,Databases,Relational Databases,Cloud SQL,Google Cloud,GOO-CloudSQL,GOO-CloudSQL-us-central1,prj-data-lab,projeto-dados,Subscription,"{""OwnerTeam"": ""plataforma"", ""Environment"": ""dev"", ""ManagedBy"": ""manual""}"
7.1514,prj-core-prod,cloudfinops-demo,Billing Account,USD,2026-09-01T00:00:00Z,2026-10-01T00:00:00Z,Usage,,Cloud SQL - Relational Databases,Usage-Based,2026-09-03T00:00:00Z,2026-09-03T23:59:59Z,,,,19.14,Hours,7.1514,0.373636,7.1514,Google LLC,7.1514,0.373636,Standard,19.14,Hours,us-central1,Iowa,google/prj-data-lab/cloud-sql,cloud-sql-dev,Database Instance,Databases,Relational Databases,Cloud SQL,Google Cloud,GOO-CloudSQL,GOO-CloudSQL-us-central1,prj-data-lab,projeto-dados,Subscription,"{""OwnerTeam"": ""backend"", ""Environment"": ""dev"", ""ManagedBy"": ""manual""}"
7.4003,prj-core-prod,cloudfinops-demo,Billing Account,USD,2026-09-01T00:00:00Z,2026-10-01T00:00:00Z,Usage,,Cloud SQL - Relational Databases,Usage-Based,2026-09-04T00:00:00Z,2026-09-04T23:59:59Z,,,,27.954,Hours,7.4003,0.264731,7.4003,Google LLC,7.4003,0.264731,Standard,27.954,Hours,us-central1,Iowa,google/prj-data-lab/cloud-sql,cloud-sql-dev,Database Instance,Databases,Relational Databases,Cloud SQL,Google Cloud,GOO-CloudSQL,GOO-CloudSQL-us-central1,prj-data-lab,projeto-dados,Subscription,"{""OwnerTeam"": ""redes"", ""Environment"": ""dev"", ""ManagedBy"": ""terraform""}"
6.1578,prj-core-prod,cloudfinops-demo,Billing Account,USD,2026-09-01T00:00:00Z,2026-10-01T00:00:00Z,Usage,,Cloud SQL - Relational Databases,Usage-Based,2026-09-05T00:00:00Z,2026-09-05T23:59:59Z,,,,14.038,Hours,6.1578,0.438652,6.1578,Google LLC,6.1578,0.438652,Standard,14.038,Hours,us-central1,Iowa,google/prj-data-lab/cloud-sql,cloud-sql-dev,Database Instance,Databases,Relational Databases,Cloud SQL,Google Cloud,GOO-CloudSQL,GOO-CloudSQL-us-central1,prj-data-lab,projeto-dados,Subscription,"{""OwnerTeam"": ""plataforma"", ""Environment"": ""dev"", ""ManagedBy"": ""terraform""}"
5.9546,prj-core-prod,cloudfinops-demo,Billing Account,USD,2026-09-01T00:00:00Z,2026-10-01T00:00:00Z,Usage,,Cloud SQL - Relational Databases,Usage-Based,2026-09-06T00:00:00Z,2026-09-06T23:59:59Z,,,,26.627,Hours,5.9546,0.22363,5.9546,Google LLC,5.9546,0.22363,Standard,26.627,Hours,us-central1,Iowa,google/prj-data-lab/cloud-sql,cloud-sql-dev,Database Instance,Databases,Relational Databases,Cloud SQL,Google Cloud,GOO-CloudSQL,GOO-CloudSQL-us-central1,prj-data-lab,projeto-dados,Subscription,"{""OwnerTeam"": ""backend"", ""Environment"": ""dev"", ""ManagedBy"": ""serverless""}"
7.2082,prj-core-prod,cloudfinops-demo,Billing Account,USD,2026-09-01T00:00:00Z,2026-10-01T00:00:00Z,Usage,,Cloud SQL - Relational Databases,Usage-Based,2026-09-07T00:00:00Z,2026-09-07T23:59:59Z,,,,19.601,Hours,7.2082,0.367747,7.2082,Google LLC,7.2082,0.367747,Standard,19.601,Hours,us-central1,Iowa,google/prj-data-lab/cloud-sql,cloud-sql-dev,Database Instance,Databases,Relational Databases,Cloud SQL,Google Cloud,GOO-CloudSQL,GOO-CloudSQL-us-central1,prj-data-lab,projeto-dados,Subscription,"{""OwnerTeam"": ""dados"", ""Environment"": ""dev"", ""ManagedBy"": ""serverless""}"
7.1573,prj-core-prod,cloudfinops-demo,Billing Account,USD,2026-09-01T00:00:00Z,2026-10-01T00:00:00Z,Usage,,Cloud SQL - Relational Databases,Usage-Based,2026-09-08T00:00:00Z,2026-09-08T23:59:59Z,,,,20.007,Hours,7.1573,0.35774,7.1573,Google LLC,7.1573,0.35774,Standard,20.007,Hours,us-central1,Iowa,google/prj-data-lab/cloud-sql,cloud-sql-dev,Database Instance,Databases,Relational Databases,Cloud SQL,Google Cloud,GOO-CloudSQL,GOO-CloudSQL-us-central1,prj-data-lab,projeto-dados,Subscription,"{""OwnerTeam"": ""backend"", ""Environment"": ""dev"", ""ManagedBy"": ""cloudformation""}"
7.0472,prj-core-prod,cloudfinops-demo,Billing Account,USD,2026-09-01T00:00:00Z,2026-10-01T00:00:00Z,Usage,,Cloud SQL - Relational Databases,Usage-Based,2026-09-09T00:00:00Z,2026-09-09T23:59:59Z,,,,24.983,Hours,7.0472,0.28208,7.0472,Google LLC,7.0472,0.28208,Standard,24.983,Hours,us-central1,Iowa,google/prj-data-lab/cloud-sql,cloud-sql-dev,Database Instance,Databases,Relational Databases,Cloud SQL,Google Cloud,GOO-CloudSQL,GOO-CloudSQL-us-central1,prj-data-lab,projeto-dados,Subscription,"{""OwnerTeam"": ""backend"", ""Environment"": ""dev"", ""ManagedBy"": ""manual""}"
7.0743,prj-core-prod,cloudfinops-demo,Billing Account,USD,2026-09-01T00:00:00Z,2026-10-01T00:00:00Z,Usage,,Cloud SQL - Relational Databases,Usage-Based,2026-09-10T00:00:00Z,2026-09-10T23:59:59Z,,,,29.851,Hours,7.0743,0.236987,7.0743,Google LLC,7.0743,0.236987,Standard,29.851,Hours,us-central1,Iowa,google/prj-data-lab/cloud-sql,cloud-sql-dev,Database Instance,Databases,Relational Databases,Cloud SQL,Google Cloud,GOO-CloudSQL,GOO-CloudSQL-us-central1,prj-data-lab,projeto-dados,Subscription,"{""OwnerTeam"": ""plataforma"", ""Environment"": ""dev"", ""ManagedBy"": ""cloudformation""}"
7.2522,prj-core-prod,cloudfinops-demo,Billing Account,USD,2026-09-01T00:00:00Z,2026-10-01T00:00:00Z,Usage,,Cloud SQL - Relational Databases,Usage-Based,2026-09-11T00:00:00Z,2026-09-11T23:59:59Z,,,,82.931,Hours,7.2522,0.087449,7.2522,Google LLC,7.2522,0.087449,Standard,82.931,Hours,us-central1,Iowa,google/prj-data-lab/cloud-sql,cloud-sql-dev,Database Instance,Databases,Relational Databases,Cloud SQL,Google Cloud,GOO-CloudSQL,GOO-CloudSQL-us-central1,prj-data-lab,projeto-dados,Subscription,"{""OwnerTeam"": ""redes"", ""Environment"": ""dev"", ""ManagedBy"": ""terraform""}"
5.9458,prj-core-prod,cloudfinops-demo,Billing Account,USD,2026-09-01T00:00:00Z,2026-10-01T00:00:00Z,Usage,,Cloud SQL - Relational Databases,Usage-Based,2026-09-12T00:00:00Z,2026-09-12T23:59:59Z,,,,52.144,Hours,5.9458,0.114027,5.9458,Google LLC,5.9458,0.114027,Standard,52.144,Hours,us-central1,Iowa,google/prj-data-lab/cloud-sql,cloud-sql-dev,Database Instance,Databases,Relational Databases,Cloud SQL,Google Cloud,GOO-CloudSQL,GOO-CloudSQL-us-central1,prj-data-lab,projeto-dados,Subscription,"{""OwnerTeam"": ""plataforma"", ""Environment"": ""dev"", ""ManagedBy"": ""cloudformation""}"
6.0228,prj-core-prod,cloudfinops-demo,Billing Account,USD,2026-09-01T00:00:00Z,2026-10-01T00:00:00Z,Usage,,Cloud SQL - Relational Databases,Usage-Based,2026-09-13T00:00:00Z,2026-09-13T23:59:59Z,,,,44.029,Hours,6.0228,0.136792,6.0228,Google LLC,6.0228,0.136792,Standard,44.029,Hours,us-central1,Iowa,google/prj-data-lab/cloud-sql,cloud-sql-dev,Database Instance,Databases,Relational Databases,Cloud SQL,Google Cloud,GOO-CloudSQL,GOO-CloudSQL-us-central1,prj-data-lab,projeto-dados,Subscription,"{""OwnerTeam"": ""plataforma"", ""Environment"": ""dev"", ""ManagedBy"": ""manual""}"
7.3311,prj-core-prod,cloudfinops-demo,Billing Account,USD,2026-09-01T00:00:00Z,2026-10-01T00:00:00Z,Usage,,Cloud SQL - Relational Databases,Usage-Based,2026-09-14T00:00:00Z,2026-09-14T23:59:59Z,,,,32.272,Hours,7.3311,0.227166,7.3311,Google LLC,7.3311,0.227166,Standard,32.272,Hours,us-central1,Iowa,google/prj-data-lab/cloud-sql,cloud-sql-dev,Database Instance,Databases,Relational Databases,Cloud SQL,Google Cloud,GOO-CloudSQL,GOO-CloudSQL-us-central1,prj-data-lab,projeto-dados,Subscription,"{""OwnerTeam"": ""dados"", ""Environment"": ""dev"", ""ManagedBy"": ""manual""}"
7.4216,prj-core-prod,cloudfinops-demo,Billing Account,USD,2026-09-01T00:00:00Z,2026-10-01T00:00:00Z,Usage,,Cloud SQL - Relational Databases,Usage-Based,2026-09-15T00:00:00Z,2026-09-15T23:59:59Z,,,,177.652,Hours,7.4216,0.041776,7.4216,Google LLC,7.4216,0.041776,Standard,177.652,Hours,us-central1,Iowa,google/prj-data-lab/cloud-sql,cloud-sql-dev,Database Instance,Databases,Relational Databases,Cloud SQL,Google Cloud,GOO-CloudSQL,GOO-CloudSQL-us-central1,prj-data-lab,projeto-dados,Subscription,"{""OwnerTeam"": ""backend"", ""Environment"": ""dev"", ""ManagedBy"": ""cloudformation""}"
7.0968,prj-core-prod,cloudfinops-demo,Billing Account,USD,2026-09-01T00:00:00Z,2026-10-01T00:00:00Z,Usage,,Cloud SQL - Relational Databases,Usage-Based,2026-09-16T00:00:00Z,2026-09-16T23:59:59Z,,,,53.371,Hours,7.0968,0.132971,7.0968,Google LLC,7.0968,0.132971,Standard,53.371,Hours,us-central1,Iowa,google/prj-data-lab/cloud-sql,cloud-sql-dev,Database Instance,Databases,Relational Databases,Cloud SQL,Google Cloud,GOO-CloudSQL,GOO-CloudSQL-us-central1,prj-data-lab,projeto-dados,Subscription,"{""OwnerTeam"": ""plataforma"", ""Environment"": ""dev"", ""ManagedBy"": ""cloudformation""}"
7.131,prj-core-prod,cloudfinops-demo,Billing Account,USD,2026-09-01T00:00:00Z,2026-10-01T00:00:00Z,Usage,,Cloud SQL - Relational Databases,Usage-Based,2026-09-17T00:00:00Z,2026-09-17T23:59:59Z,,,,17.644,Hours,7.131,0.40416,7.131,Google LLC,7.131,0.40416,Standard,17.644,Hours,us-central1,Iowa,google/prj-data-lab/cloud-sql,cloud-sql-dev,Database Instance,Databases,Relational Databases,Cloud SQL,Google Cloud,GOO-CloudSQL,GOO-CloudSQL-us-central1,prj-data-lab,projeto-dados,Subscription,"{""OwnerTeam"": ""backend"", ""Environment"": ""dev"", ""ManagedBy"": ""serverless""}"
7.4302,prj-core-prod,cloudfinops-demo,Billing Account,USD,2026-09-01T00:00:00Z,2026-10-01T00:00:00Z,Usage,,Cloud SQL - Relational Databases,Usage-Based,2026-09-18T00:00:00Z,2026-09-18T23:59:59Z,,,,19.875,Hours,7.4302,0.373847,7.4302,Google LLC,7.4302,0.373847,Standard,19.875,Hours,us-central1,Iowa,google/prj-data-lab/cloud-sql,cloud-sql-dev,Database Instance,Databases,Relational Databases,Cloud SQL,Google Cloud,GOO-CloudSQL,GOO-CloudSQL-us-central1,prj-data-lab,projeto-dados,Subscription,"{""OwnerTeam"": ""dados"", ""Environment"": ""dev"", ""ManagedBy"": ""cloudformation""}"
6.0037,prj-core-prod,cloudfinops-demo,Billing Account,USD,2026-09-01T00:00:00Z,2026-10-01T00:00:00Z,Usage,,Cloud SQL - Relational Databases,Usage-Based,2026-09-19T00:00:00Z,2026-09-19T23:59:59Z,,,,56.942,Hours,6.0037,0.105435,6.0037,Google LLC,6.0037,0.105435,Standard,56.942,Hours,us-central1,Iowa,google/prj-data-lab/cloud-sql,cloud-sql-dev,Database Instance,Databases,Relational Databases,Cloud SQL,Google Cloud,GOO-CloudSQL,GOO-CloudSQL-us-central1,prj-data-lab,projeto-dados,Subscription,"{""OwnerTeam"": ""redes"", ""Environment"": ""dev"", ""ManagedBy"": ""serverless""}"
5.8999,prj-core-prod,cloudfinops-demo,Billing Account,USD,2026-09-01T00:00:00Z,2026-10-01T00:00:00Z,Usage,,Cloud SQL - Relational Databases,Usage-Based,2026-09-20T00:00:00Z,2026-09-20T23:59:59Z,,,,56.171,Hours,5.8999,0.105035,5.8999,Google LLC,5.8999,0.105035,Standard,56.171,Hours,us-central1,Iowa,google/prj-data-lab/cloud-sql,cloud-sql-dev,Database Instance,Databases,Relational Databases,Cloud SQL,Google Cloud,GOO-CloudSQL,GOO-CloudSQL-us-central1,prj-data-lab,projeto-dados,Subscription,"{""OwnerTeam"": ""dados"", ""Environment"": ""dev"", ""ManagedBy"": ""manual""}"
7.086,prj-core-prod,cloudfinops-demo,Billing Account,USD,2026-09-01T00:00:00Z,2026-10-01T00:00:00Z,Usage,,Cloud SQL - Relational Databases,Usage-Based,2026-09-21T00:00:00Z,2026-09-21T23:59:59Z,,,,28.271,Hours,7.086,0.250646,7.086,Google LLC,7.086,0.250646,Standard,28.271,Hours,us-central1,Iowa,google/prj-data-lab/cloud-sql,cloud-sql-dev,Database Instance,Databases,Relational Databases,Cloud SQL,Google Cloud,GOO-CloudSQL,GOO-CloudSQL-us-central1,prj-data-lab,projeto-dados,Subscription,"{""OwnerTeam"": ""redes"", ""Environment"": ""dev"", ""ManagedBy"": ""serverless""}"
7.2766,prj-core-prod,cloudfinops-demo,Billing Account,USD,2026-09-01T00:00:00Z,2026-10-01T00:00:00Z,Usage,,Cloud SQL - Relational Databases,Usage-Based,2026-09-22T00:00:00Z,2026-09-22T23:59:59Z,,,,22.764,Hours,7.2766,0.319654,7.2766,Google LLC,7.2766,0.319654,Standard,22.764,Hours,us-central1,Iowa,google/prj-data-lab/cloud-sql,cloud-sql-dev,Database Instance,Databases,Relational Databases,Cloud SQL,Google Cloud,GOO-CloudSQL,GOO-CloudSQL-us-central1,prj-data-lab,projeto-dados,Subscription,"{""OwnerTeam"": ""dados"", ""Environment"": ""dev"", ""ManagedBy"": ""serverless""}"
7.4266,prj-core-prod,cloudfinops-demo,Billing Account,USD,2026-09-01T00:00:00Z,2026-10-01T00:00:00Z,Usage,,Cloud SQL - Relational Databases,Usage-Based,2026-09-23T00:00:00Z,2026-09-23T23:59:59Z,,,,22.854,Hours,7.4266,0.324958,7.4266,Google LLC,7.4266,0.324958,Standard,22.854,Hours,us-central1,Iowa,google/prj-data-lab/cloud-sql,cloud-sql-dev,Database Instance,Databases,Relational Databases,Cloud SQL,Google Cloud,GOO-CloudSQL,GOO-CloudSQL-us-central1,prj-data-lab,projeto-dados,Subscription,"{""OwnerTeam"": ""dados"", ""Environment"": ""dev"", ""ManagedBy"": ""cloudformation""}"
7.3274,prj-core-prod,cloudfinops-demo,Billing Account,USD,2026-09-01T00:00:00Z,2026-10-01T00:00:00Z,Usage,,Cloud SQL - Relational Databases,Usage-Based,2026-09-24T00:00:00Z,2026-09-24T23:59:59Z,,,,52.374,Hours,7.3274,0.139905,7.3274,Google LLC,7.3274,0.139905,Standard,52.374,Hours,us-central1,Iowa,google/prj-data-lab/cloud-sql,cloud-sql-dev,Database Instance,Databases,Relational Databases,Cloud SQL,Google Cloud,GOO-CloudSQL,GOO-CloudSQL-us-central1,prj-data-lab,projeto-dados,Subscription,"{""OwnerTeam"": ""plataforma"", ""Environment"": ""dev"", ""ManagedBy"": ""cloudformation""}"
7.323,prj-core-prod,cloudfinops-demo,Billing Account,USD,2026-09-01T00:00:00Z,2026-10-01T00:00:00Z,Usage,,Cloud SQL - Relational Databases,Usage-Based,2026-09-25T00:00:00Z,2026-09-25T23:59:59Z,,,,31.236,Hours,7.323,0.234441,7.323,Google LLC,7.323,0.234441,Standard,31.236,Hours,us-central1,Iowa,google/prj-data-lab/cloud-sql,cloud-sql-dev,Database Instance,Databases,Relational Databases,Cloud SQL,Google Cloud,GOO-CloudSQL,GOO-CloudSQL-us-central1,prj-data-lab,projeto-dados,Subscription,"{""OwnerTeam"": ""redes"", ""Environment"": ""dev"", ""ManagedBy"": ""cloudformation""}"
6.1647,prj-core-prod,cloudfinops-demo,Billing Account,USD,2026-09-01T00:00:00Z,2026-10-01T00:00:00Z,Usage,,Cloud SQL - Relational Databases,Usage-Based,2026-09-26T00:00:00Z,2026-09-26T23:59:59Z,,,,39.183,Hours,6.1647,0.157331,6.1647,Google LLC,6.1647,0.157331,Standard,39.183,Hours,us-central1,Iowa,google/prj-data-lab/cloud-sql,cloud-sql-dev,Database Instance,Databases,Relational Databases,Cloud SQL,Google Cloud,GOO-CloudSQL,GOO-CloudSQL-us-central1,prj-data-lab,projeto-dados,Subscription,"{""OwnerTeam"": ""dados"", ""Environment"": ""dev"", ""ManagedBy"": ""serverless""}"
5.8656,prj-core-prod,cloudfinops-demo,Billing Account,USD,2026-09-01T00:00:00Z,2026-10-01T00:00:00Z,Usage,,Cloud SQL - Relational Databases,Usage-Based,2026-09-27T00:00:00Z,2026-09-27T23:59:59Z,,,,46.82,Hours,5.8656,0.12528,5.8656,Google LLC,5.8656,0.12528,Standard,46.82,Hours,us-central1,Iowa,google/prj-data-lab/cloud-sql,cloud-sql-dev,Database Instance,Databases,Relational Databases,Cloud SQL,Google Cloud,GOO-CloudSQL,GOO-CloudSQL-us-central1,prj-data-lab,projeto-dados,Subscription,"{""OwnerTeam"": ""redes"", ""Environment"": ""dev"", ""ManagedBy"": ""terraform""}"
7.1208,prj-core-prod,cloudfinops-demo,Billing Account,USD,2026-09-01T00:00:00Z,2026-10-01T00:00:00Z,Usage,,Cloud SQL - Relational Databases,Usage-Based,2026-09-28T00:00:00Z,2026-09-28T23:59:59Z,,,,19.441,Hours,7.1208,0.366277,7.1208,Google LLC,7.1208,0.366277,Standard,19.441,Hours,us-central1,Iowa,google/prj-data-lab/cloud-sql,cloud-sql-dev,Database Instance,Databases,Relational Databases,Cloud SQL,Google Cloud,GOO-CloudSQL,GOO-CloudSQL-us-central1,prj-data-lab,projeto-dados,Subscription,"{""OwnerTeam"": ""dados"", ""Environment"": ""dev"", ""ManagedBy"": ""manual""}"
7.1038,prj-core-prod,cloudfinops-demo,Billing Account,USD,2026-09-01T00:00:00Z,2026-10-01T00:00:00Z,Usage,,Cloud SQL - Relational Databases,Usage-Based,2026-09-29T00:00:00Z,2026-09-29T23:59:59Z,,,,28.409,Hours,7.1038,0.250055,7.1038,Google LLC,7.1038,0.250055,Standard,28.409,Hours,us-central1,Iowa,google/prj-data-lab/cloud-sql,cloud-sql-dev,Database Instance,Databases,Relational Databases,Cloud SQL,Google Cloud,GOO-CloudSQL,GOO-CloudSQL-us-central1,prj-data-lab,projeto-dados,Subscription,"{""OwnerTeam"": ""dados"", ""Environment"": ""dev"", ""ManagedBy"": ""manual""}"
7.2559,prj-core-prod,cloudfinops-demo,Billing Account,USD,2026-09-01T00:00:00Z,2026-10-01T00:00:00Z,Usage,,Cloud SQL - Relational Databases,Usage-Based,2026-09-30T00:00:00Z,2026-09-30T23:59:59Z,,,,29.864,Hours,7.2559,0.242965,7.2559,Google LLC,7.2559,0.242965,Standard,29.864,Hours,us-central1,Iowa,google/prj-data-lab/cloud-sql,cloud-sql-dev,Database Instance,Databases,Relational Databases,Cloud SQL,Google Cloud,GOO-CloudSQL,GOO-CloudSQL-us-central1,prj-data-lab,projeto-dados,Subscription,"{""OwnerTeam"": ""redes"", ""Environment"": ""dev"", ""ManagedBy"": ""manual""}"
7.2708,prj-core-prod,cloudfinops-demo,Billing Account,USD,2026-10-01T00:00:00Z,2026-11-01T00:00:00Z,Usage,,Cloud SQL - Relational Databases,Usage-Based,2026-10-01T00:00:00Z,2026-10-01T23:59:59Z,,,,86.23,Hours,7.2708,0.084319,7.2708,Google LLC,7.2708,0.084319,Standard,86.23,Hours,us-central1,Iowa,google/prj-data-lab/cloud-sql,cloud-sql-dev,Database Instance,Databases,Relational Databases,Cloud SQL,Google Cloud,GOO-CloudSQL,GOO-CloudSQL-us-central1,prj-data-lab,projeto-dados,Subscription,"{""OwnerTeam"": ""dados"", ""Environment"": ""dev"", ""ManagedBy"": ""cloudformation""}"
7.2028,prj-core-prod,cloudfinops-demo,Billing Account,USD,2026-10-01T00:00:00Z,2026-11-01T00:00:00Z,Usage,,Cloud SQL - Relational Databases,Usage-Based,2026-10-02T00:00:00Z,2026-10-02T23:59:59Z,,,,30.262,Hours,7.2028,0.238015,7.2028,Google LLC,7.2028,0.238015,Standard,30.262,Hours,us-central1,Iowa,google/prj-data-lab/cloud-sql,cloud-sql-dev,Database Instance,Databases,Relational Databases,Cloud SQL,Google Cloud,GOO-CloudSQL,GOO-CloudSQL-us-central1,prj-data-lab,projeto-dados,Subscription,"{""OwnerTeam"": ""redes"", ""Environment"": ""dev"", ""ManagedBy"": ""manual""}"
5.8104,prj-core-prod,cloudfinops-demo,Billing Account,USD,2026-10-01T00:00:00Z,2026-11-01T00:00:00Z,Usage,,Cloud SQL - Relational Databases,Usage-Based,2026-10-03T00:00:00Z,2026-10-03T23:59:59Z,,,,26.238,Hours,5.8104,0.22145,5.8104,Google LLC,5.8104,0.22145,Standard,26.238,Hours,us-central1,Iowa,google/prj-data-lab/cloud-sql,cloud-sql-dev,Database Instance,Databases,Relational Databases,Cloud SQL,Google Cloud,GOO-CloudSQL,GOO-CloudSQL-us-central1,prj-data-lab,projeto-dados,Subscription,"{""OwnerTeam"": ""redes"", ""Environment"": ""dev"", ""ManagedBy"": ""cloudformation""}"
6.0291,prj-core-prod,cloudfinops-demo,Billing Account,USD,2026-08-01T00:00:00Z,2026-09-01T00:00:00Z,Usage,,Cloud Storage - Object Storage,Usage-Based,2026-08-01T00:00:00Z,2026-08-01T23:59:59Z,,,,20.539,GB-Month,6.0291,0.293544,6.0291,Google LLC,6.0291,0.293544,Standard,20.539,GB-Month,us-central1,Iowa,google/prj-core-prod/cloud-storage,cloud-storage-prod,Bucket,Storage,Object Storage,Cloud Storage,Google Cloud,GOO-CloudStorage,GOO-CloudSto-us-central1,prj-core-prod,projeto-core,Subscription,"{""OwnerTeam"": ""redes"", ""Environment"": ""prod"", ""ManagedBy"": ""serverless""}"
5.834,prj-core-prod,cloudfinops-demo,Billing Account,USD,2026-08-01T00:00:00Z,2026-09-01T00:00:00Z,Usage,,Cloud Storage - Object Storage,Usage-Based,2026-08-02T00:00:00Z,2026-08-02T23:59:59Z,,,,15.755,GB-Month,5.834,0.370295,5.834,Google LLC,5.834,0.370295,Standard,15.755,GB-Month,us-central1,Iowa,google/prj-core-prod/cloud-storage,cloud-storage-prod,Bucket,Storage,Object Storage,Cloud Storage,Google Cloud,GOO-CloudStorage,GOO-CloudSto-us-central1,prj-core-prod,projeto-core,Subscription,"{""OwnerTeam"": ""dados"", ""Environment"": ""prod"", ""ManagedBy"": ""serverless""}"
6.9878,prj-core-prod,cloudfinops-demo,Billing Account,USD,2026-08-01T00:00:00Z,2026-09-01T00:00:00Z,Usage,,Cloud Storage - Object Storage,Usage-Based,2026-08-03T00:00:00Z,2026-08-03T23:59:59Z,,,,19.72,GB-Month,6.9878,0.354351,6.9878,Google LLC,6.9878,0.354351,Standard,19.72,GB-Month,us-central1,Iowa,google/prj-core-prod/cloud-storage,cloud-storage-prod,Bucket,Storage,Object Storage,Cloud Storage,Google Cloud,GOO-CloudStorage,GOO-CloudSto-us-central1,prj-core-prod,projeto-core,Subscription,"{""OwnerTeam"": ""backend"", ""Environment"": ""prod"", ""ManagedBy"": ""serverless""}"
7.1824,prj-core-prod,cloudfinops-demo,Billing Account,USD,2026-08-01T00:00:00Z,2026-09-01T00:00:00Z,Usage,,Cloud Storage - Object Storage,Usage-Based,2026-08-04T00:00:00Z,2026-08-04T23:59:59Z,,,,39.861,GB-Month,7.1824,0.180186,7.1824,Google LLC,7.1824,0.180186,Standard,39.861,GB-Month,us-central1,Iowa,google/prj-core-prod/cloud-storage,cloud-storage-prod,Bucket,Storage,Object Storage,Cloud Storage,Google Cloud,GOO-CloudStorage,GOO-CloudSto-us-central1,prj-core-prod,projeto-core,Subscription,"{""OwnerTeam"": ""dados"", ""Environment"": ""prod"", ""ManagedBy"": ""serverless""}"
6.9392,prj-core-prod,cloudfinops-demo,Billing Account,USD,2026-08-01T00:00:00Z,2026-09-01T00:00:00Z,Usage,,Cloud Storage - Object Storage,Usage-Based,2026-08-05T00:00:00Z,2026-08-05T23:59:59Z,,,,30.483,GB-Month,6.9392,0.227642,6.9392,Google LLC,6.9392,0.227642,Standard,30.483,GB-Month,us-central1,Iowa,google/prj-core-prod/cloud-storage,cloud-storage-prod,Bucket,Storage,Object Storage,Cloud Storage,Google Cloud,GOO-CloudStorage,GOO-CloudSto-us-central1,prj-core-prod,projeto-core,Subscription,"{""OwnerTeam"": ""backend"", ""Environment"": ""prod"", ""ManagedBy"": ""terraform""}"
7.0824,prj-core-prod,cloudfinops-demo,Billing Account,USD,2026-08-01T00:00:00Z,2026-09-01T00:00:00Z,Usage,,Cloud Storage - Object Storage,Usage-Based,2026-08-06T00:00:00Z,2026-08-06T23:59:59Z,,,,62.578,GB-Month,7.0824,0.113177,7.0824,Google LLC,7.0824,0.113177,Standard,62.578,GB-Month,us-central1,Iowa,google/prj-core-prod/cloud-storage,cloud-storage-prod,Bucket,Storage,Object Storage,Cloud Storage,Google Cloud,GOO-CloudStorage,GOO-CloudSto-us-central1,prj-core-prod,projeto-core,Subscription,"{""OwnerTeam"": ""dados"", ""Environment"": ""prod"", ""ManagedBy"": ""cloudformation""}"
6.8747,prj-core-prod,cloudfinops-demo,Billing Account,USD,2026-08-01T00:00:00Z,2026-09-01T00:00:00Z,Usage,,Cloud Storage - Object Storage,Usage-Based,2026-08-07T00:00:00Z,2026-08-07T23:59:59Z,,,,56.016,GB-Month,6.8747,0.122727,6.8747,Google LLC,6.8747,0.122727,Standard,56.016,GB-Month,us-central1,Iowa,google/prj-core-prod/cloud-storage,cloud-storage-prod,Bucket,Storage,Object Storage,Cloud Storage,Google Cloud,GOO-CloudStorage,GOO-CloudSto-us-central1,prj-core-prod,projeto-core,Subscription,"{""OwnerTeam"": ""backend"", ""Environment"": ""prod"", ""ManagedBy"": ""cloudformation""}"
6.0327,prj-core-prod,cloudfinops-demo,Billing Account,USD,2026-08-01T00:00:00Z,2026-09-01T00:00:00Z,Usage,,Cloud Storage - Object Storage,Usage-Based,2026-08-08T00:00:00Z,2026-08-08T23:59:59Z,,,,32.649,GB-Month,6.0327,0.184774,6.0327,Google LLC,6.0327,0.184774,Standard,32.649,GB-Month,us-central1,Iowa,google/prj-core-prod/cloud-storage,cloud-storage-prod,Bucket,Storage,Object Storage,Cloud Storage,Google Cloud,GOO-CloudStorage,GOO-CloudSto-us-central1,prj-core-prod,projeto-core,Subscription,"{""OwnerTeam"": ""plataforma"", ""Environment"": ""prod"", ""ManagedBy"": ""manual""}"
5.7883,prj-core-prod,cloudfinops-demo,Billing Account,USD,2026-08-01T00:00:00Z,2026-09-01T00:00:00Z,Usage,,Cloud Storage - Object Storage,Usage-Based,2026-08-09T00:00:00Z,2026-08-09T23:59:59Z,,,,24.072,GB-Month,5.7883,0.240458,5.7883,Google LLC,5.7883,0.240458,Standard,24.072,GB-Month,us-central1,Iowa,google/prj-core-prod/cloud-storage,cloud-storage-prod,Bucket,Storage,Object Storage,Cloud Storage,Google Cloud,GOO-CloudStorage,GOO-CloudSto-us-central1,prj-core-prod,projeto-core,Subscription,"{""OwnerTeam"": ""dados"", ""Environment"": ""prod"", ""ManagedBy"": ""serverless""}"
7.0854,prj-core-prod,cloudfinops-demo,Billing Account,USD,2026-08-01T00:00:00Z,2026-09-01T00:00:00Z,Usage,,Cloud Storage - Object Storage,Usage-Based,2026-08-10T00:00:00Z,2026-08-10T23:59:59Z,,,,19.364,GB-Month,7.0854,0.365906,7.0854,Google LLC,7.0854,0.365906,Standard,19.364,GB-Month,us-central1,Iowa,google/prj-core-prod/cloud-storage,cloud-storage-prod,Bucket,Storage,Object Storage,Cloud Storage,Google Cloud,GOO-CloudStorage,GOO-CloudSto-us-central1,prj-core-prod,projeto-core,Subscription,"{""OwnerTeam"": ""backend"", ""Environment"": ""prod"", ""ManagedBy"": ""manual""}"
6.9199,prj-core-prod,cloudfinops-demo,Billing Account,USD,2026-08-01T00:00:00Z,2026-09-01T00:00:00Z,Usage,,Cloud Storage - Object Storage,Usage-Based,2026-08-11T00:00:00Z,2026-08-11T23:59:59Z,,,,30.559,GB-Month,6.9199,0.226444,6.9199,Google LLC,6.9199,0.226444,Standard,30.559,GB-Month,us-central1,Iowa,google/prj-core-prod/cloud-storage,cloud-storage-prod,Bucket,Storage,Object Storage,Cloud Storage,Google Cloud,GOO-CloudStorage,GOO-CloudSto-us-central1,prj-core-prod,projeto-core,Subscription,"{""OwnerTeam"": ""dados"", ""Environment"": ""prod"", ""ManagedBy"": ""cloudformation""}"
6.8812,prj-core-prod,cloudfinops-demo,Billing Account,USD,2026-08-01T00:00:00Z,2026-09-01T00:00:00Z,Usage,,Cloud Storage - Object Storage,Usage-Based,2026-08-12T00:00:00Z,2026-08-12T23:59:59Z,,,,17.045,GB-Month,6.8812,0.403708,6.8812,Google LLC,6.8812,0.403708,Standard,17.045,GB-Month,us-central1,Iowa,google/prj-core-prod/cloud-storage,cloud-storage-prod,Bucket,Storage,Object Storage,Cloud Storage,Google Cloud,GOO-CloudStorage,GOO-CloudSto-us-central1,prj-core-prod,projeto-core,Subscription,"{""OwnerTeam"": ""plataforma"", ""Environment"": ""prod"", ""ManagedBy"": ""serverless""}"
6.9164,prj-core-prod,cloudfinops-demo,Billing Account,USD,2026-08-01T00:00:00Z,2026-09-01T00:00:00Z,Usage,,Cloud Storage - Object Storage,Usage-Based,2026-08-13T00:00:00Z,2026-08-13T23:59:59Z,,,,25.016,GB-Month,6.9164,0.276479,6.9164,Google LLC,6.9164,0.276479,Standard,25.016,GB-Month,us-central1,Iowa,google/prj-core-prod/cloud-storage,cloud-storage-prod,Bucket,Storage,Object Storage,Cloud Storage,Google Cloud,GOO-CloudStorage,GOO-CloudSto-us-central1,prj-core-prod,projeto-core,Subscription,"{""OwnerTeam"": ""plataforma"", ""Environment"": ""prod"", ""ManagedBy"": ""serverless""}"
6.8823,prj-core-prod,cloudfinops-demo,Billing Account,USD,2026-08-01T00:00:00Z,2026-09-01T00:00:00Z,Usage,,Cloud Storage - Object Storage,Usage-Based,2026-08-14T00:00:00Z,2026-08-14T23:59:59Z,,,,115.626,GB-Month,6.8823,0.059522,6.8823,Google LLC,6.8823,0.059522,Standard,115.626,GB-Month,us-central1,Iowa,google/prj-core-prod/cloud-storage,cloud-storage-prod,Bucket,Storage,Object Storage,Cloud Storage,Google Cloud,GOO-CloudStorage,GOO-CloudSto-us-central1,prj-core-prod,projeto-core,Subscription,"{""OwnerTeam"": ""redes"", ""Environment"": ""prod"", ""ManagedBy"": ""serverless""}"
5.9904,prj-core-prod,cloudfinops-demo,Billing Account,USD,2026-08-01T00:00:00Z,2026-09-01T00:00:00Z,Usage,,Cloud Storage - Object Storage,Usage-Based,2026-08-15T00:00:00Z,2026-08-15T23:59:59Z,,,,32.631,GB-Month,5.9904,0.18358,5.9904,Google LLC,5.9904,0.18358,Standard,32.631,GB-Month,us-central1,Iowa,google/prj-core-prod/cloud-storage,cloud-storage-prod,Bucket,Storage,Object Storage,Cloud Storage,Google Cloud,GOO-CloudStorage,GOO-CloudSto-us-central1,prj-core-prod,projeto-core,Subscription,"{""OwnerTeam"": ""plataforma"", ""Environment"": ""prod"", ""ManagedBy"": ""cloudformation""}"
6.1076,prj-core-prod,cloudfinops-demo,Billing Account,USD,2026-08-01T00:00:00Z,2026-09-01T00:00:00Z,Usage,,Cloud Storage - Object Storage,Usage-Based,2026-08-16T00:00:00Z,2026-08-16T23:59:59Z,,,,26.514,GB-Month,6.1076,0.230354,6.1076,Google LLC,6.1076,0.230354,Standard,26.514,GB-Month,us-central1,Iowa,google/prj-core-prod/cloud-storage,cloud-storage-prod,Bucket,Storage,Object Storage,Cloud Storage,Google Cloud,GOO-CloudStorage,GOO-CloudSto-us-central1,prj-core-prod,projeto-core,Subscription,"{""OwnerTeam"": ""redes"", ""Environment"": ""prod"", ""ManagedBy"": ""serverless""}"
6.9678,prj-core-prod,cloudfinops-demo,Billing Account,USD,2026-08-01T00:00:00Z,2026-09-01T00:00:00Z,Usage,,Cloud Storage - Object Storage,Usage-Based,2026-08-17T00:00:00Z,2026-08-17T23:59:59Z,,,,17.576,GB-Month,6.9678,0.396438,6.9678,Google LLC,6.9678,0.396438,Standard,17.576,GB-Month,us-central1,Iowa,google/prj-core-prod/cloud-storage,cloud-storage-prod,Bucket,Storage,Object Storage,Cloud Storage,Google Cloud,GOO-CloudStorage,GOO-CloudSto-us-central1,prj-core-prod,projeto-core,Subscription,"{""OwnerTeam"": ""backend"", ""Environment"": ""prod"", ""ManagedBy"": ""terraform""}"
7.329,prj-core-prod,cloudfinops-demo,Billing Account,USD,2026-08-01T00:00:00Z,2026-09-01T00:00:00Z,Usage,,Cloud Storage - Object Storage,Usage-Based,2026-08-18T00:00:00Z,2026-08-18T23:59:59Z,,,,24.601,GB-Month,7.329,0.297915,7.329,Google LLC,7.329,0.297915,Standard,24.601,GB-Month,us-central1,Iowa,google/prj-core-prod/cloud-storage,cloud-storage-prod,Bucket,Storage,Object Storage,Cloud Storage,Google Cloud,GOO-CloudStorage,GOO-CloudSto-us-central1,prj-core-prod,projeto-core,Subscription,"{""OwnerTeam"": ""backend"", ""Environment"": ""prod"", ""ManagedBy"": ""serverless""}"
6.9372,prj-core-prod,cloudfinops-demo,Billing Account,USD,2026-08-01T00:00:00Z,2026-09-01T00:00:00Z,Usage,,Cloud Storage - Object Storage,Usage-Based,2026-08-19T00:00:00Z,2026-08-19T23:59:59Z,,,,146.752,GB-Month,6.9372,0.047272,6.9372,Google LLC,6.9372,0.047272,Standard,146.752,GB-Month,us-central1,Iowa,google/prj-core-prod/cloud-storage,cloud-storage-prod,Bucket,Storage,Object Storage,Cloud Storage,Google Cloud,GOO-CloudStorage,GOO-CloudSto-us-central1,prj-core-prod,projeto-core,Subscription,"{""OwnerTeam"": ""plataforma"", ""Environment"": ""prod"", ""ManagedBy"": ""terraform""}"
7.0534,prj-core-prod,cloudfinops-demo,Billing Account,USD,2026-08-01T00:00:00Z,2026-09-01T00:00:00Z,Usage,,Cloud Storage - Object Storage,Usage-Based,2026-08-20T00:00:00Z,2026-08-20T23:59:59Z,,,,15.695,GB-Month,7.0534,0.449404,7.0534,Google LLC,7.0534,0.449404,Standard,15.695,GB-Month,us-central1,Iowa,google/prj-core-prod/cloud-storage,cloud-storage-prod,Bucket,Storage,Object Storage,Cloud Storage,Google Cloud,GOO-CloudStorage,GOO-CloudSto-us-central1,prj-core-prod,projeto-core,Subscription,"{""OwnerTeam"": ""redes"", ""Environment"": ""prod"", ""ManagedBy"": ""manual""}"
7.3442,prj-core-prod,cloudfinops-demo,Billing Account,USD,2026-08-01T00:00:00Z,2026-09-01T00:00:00Z,Usage,,Cloud Storage - Object Storage,Usage-Based,2026-08-21T00:00:00Z,2026-08-21T23:59:59Z,,,,27.883,GB-Month,7.3442,0.263393,7.3442,Google LLC,7.3442,0.263393,Standard,27.883,GB-Month,us-central1,Iowa,google/prj-core-prod/cloud-storage,cloud-storage-prod,Bucket,Storage,Object Storage,Cloud Storage,Google Cloud,GOO-CloudStorage,GOO-CloudSto-us-central1,prj-core-prod,projeto-core,Subscription,"{""OwnerTeam"": ""backend"", ""Environment"": ""prod"", ""ManagedBy"": ""terraform""}"
5.9018,prj-core-prod,cloudfinops-demo,Billing Account,USD,2026-08-01T00:00:00Z,2026-09-01T00:00:00Z,Usage,,Cloud Storage - Object Storage,Usage-Based,2026-08-22T00:00:00Z,2026-08-22T23:59:59Z,,,,74.3,GB-Month,5.9018,0.079432,5.9018,Google LLC,5.9018,0.079432,Standard,74.3,GB-Month,us-central1,Iowa,google/prj-core-prod/cloud-storage,cloud-storage-prod,Bucket,Storage,Object Storage,Cloud Storage,Google Cloud,GOO-CloudStorage,GOO-CloudSto-us-central1,prj-core-prod,projeto-core,Subscription,"{""OwnerTeam"": ""dados"", ""Environment"": ""prod"", ""ManagedBy"": ""cloudformation""}"
6.0926,prj-core-prod,cloudfinops-demo,Billing Account,USD,2026-08-01T00:00:00Z,2026-09-01T00:00:00Z,Usage,,Cloud Storage - Object Storage,Usage-Based,2026-08-23T00:00:00Z,2026-08-23T23:59:59Z,,,,18.865,GB-Month,6.0926,0.322958,6.0926,Google LLC,6.0926,0.322958,Standard,18.865,GB-Month,us-central1,Iowa,google/prj-core-prod/cloud-storage,cloud-storage-prod,Bucket,Storage,Object Storage,Cloud Storage,Google Cloud,GOO-CloudStorage,GOO-CloudSto-us-central1,prj-core-prod,projeto-core,Subscription,"{""OwnerTeam"": ""redes"", ""Environment"": ""prod"", ""ManagedBy"": ""cloudformation""}"
7.0148,prj-core-prod,cloudfinops-demo,Billing Account,USD,2026-08-01T00:00:00Z,2026-09-01T00:00:00Z,Usage,,Cloud Storage - Object Storage,Usage-Based,2026-08-24T00:00:00Z,2026-08-24T23:59:59Z,,,,20.731,GB-Month,7.0148,0.338372,7.0148,Google LLC,7.0148,0.338372,Standard,20.731,GB-Month,us-central1,Iowa,google/prj-core-prod/cloud-storage,cloud-storage-prod,Bucket,Storage,Object Storage,Cloud Storage,Google Cloud,GOO-CloudStorage,GOO-CloudSto-us-central1,prj-core-prod,projeto-core,Subscription,"{""OwnerTeam"": ""dados"", ""Environment"": ""prod"", ""ManagedBy"": ""manual""}"
7.0916,prj-core-prod,cloudfinops-demo,Billing Account,USD,2026-08-01T00:00:00Z,2026-09-01T00:00:00Z,Usage,,Cloud Storage - Object Storage,Usage-Based,2026-08-25T00:00:00Z,2026-08-25T23:59:59Z,,,,15.786,GB-Month,7.0916,0.449233,7.0916,Google LLC,7.0916,0.449233,Standard,15.786,GB-Month,us-central1,Iowa,google/prj-core-prod/cloud-storage,cloud-storage-prod,Bucket,Storage,Object Storage,Cloud Storage,Google Cloud,GOO-CloudStorage,GOO-CloudSto-us-central1,prj-core-prod,projeto-core,Subscription,"{""OwnerTeam"": ""plataforma"", ""Environment"": ""prod"", ""ManagedBy"": ""manual""}"
7.125,prj-core-prod,cloudfinops-demo,Billing Account,USD,2026-08-01T00:00:00Z,2026-09-01T00:00:00Z,Usage,,Cloud Storage - Object Storage,Usage-Based,2026-08-26T00:00:00Z,2026-08-26T23:59:59Z,,,,23.823,GB-Month,7.125,0.299081,7.125,Google LLC,7.125,0.299081,Standard,23.823,GB-Month,us-central1,Iowa,google/prj-core-prod/cloud-storage,cloud-storage-prod,Bucket,Storage,Object Storage,Cloud Storage,Google Cloud,GOO-CloudStorage,GOO-CloudSto-us-central1,prj-core-prod,projeto-core,Subscription,"{""OwnerTeam"": ""redes"", ""Environment"": ""prod"", ""ManagedBy"": ""serverless""}"
7.2415,prj-core-prod,cloudfinops-demo,Billing Account,USD,2026-08-01T00:00:00Z,2026-09-01T00:00:00Z,Usage,,Cloud Storage - Object Storage,Usage-Based,2026-08-27T00:00:00Z,2026-08-27T23:59:59Z,,,,53.355,GB-Month,7.2415,0.135723,7.2415,Google LLC,7.2415,0.135723,Standard,53.355,GB-Month,us-central1,Iowa,google/prj-core-prod/cloud-storage,cloud-storage-prod,Bucket,Storage,Object Storage,Cloud Storage,Google Cloud,GOO-CloudStorage,GOO-CloudSto-us-central1,prj-core-prod,projeto-core,Subscription,"{""OwnerTeam"": ""redes"", ""Environment"": ""prod"", ""ManagedBy"": ""manual""}"
7.2293,prj-core-prod,cloudfinops-demo,Billing Account,USD,2026-08-01T00:00:00Z,2026-09-01T00:00:00Z,Usage,,Cloud Storage - Object Storage,Usage-Based,2026-08-28T00:00:00Z,2026-08-28T23:59:59Z,,,,16.258,GB-Month,7.2293,0.444661,7.2293,Google LLC,7.2293,0.444661,Standard,16.258,GB-Month,us-central1,Iowa,google/prj-core-prod/cloud-storage,cloud-storage-prod,Bucket,Storage,Object Storage,Cloud Storage,Google Cloud,GOO-CloudStorage,GOO-CloudSto-us-central1,prj-core-prod,projeto-core,Subscription,"{""OwnerTeam"": ""backend"", ""Environment"": ""prod"", ""ManagedBy"": ""serverless""}"
5.8471,prj-core-prod,cloudfinops-demo,Billing Account,USD,2026-08-01T00:00:00Z,2026-09-01T00:00:00Z,Usage,,Cloud Storage - Object Storage,Usage-Based,2026-08-29T00:00:00Z,2026-08-29T23:59:59Z,,,,15.503,GB-Month,5.8471,0.377159,5.8471,Google LLC,5.8471,0.377159,Standard,15.503,GB-Month,us-central1,Iowa,google/prj-core-prod/cloud-storage,cloud-storage-prod,Bucket,Storage,Object Storage,Cloud Storage,Google Cloud,GOO-CloudStorage,GOO-CloudSto-us-central1,prj-core-prod,projeto-core,Subscription,"{""OwnerTeam"": ""backend"", ""Environment"": ""prod"", ""ManagedBy"": ""manual""}"
6.1324,prj-core-prod,cloudfinops-demo,Billing Account,USD,2026-08-01T00:00:00Z,2026-09-01T00:00:00Z,Usage,,Cloud Storage - Object Storage,Usage-Based,2026-08-30T00:00:00Z,2026-08-30T23:59:59Z,,,,18.971,GB-Month,6.1324,0.323251,6.1324,Google LLC,6.1324,0.323251,Standard,18.971,GB-Month,us-central1,Iowa,google/prj-core-prod/cloud-storage,cloud-storage-prod,Bucket,Storage,Object Storage,Cloud Storage,Google Cloud,GOO-CloudStorage,GOO-CloudSto-us-central1,prj-core-prod,projeto-core,Subscription,"{""OwnerTeam"": ""plataforma"", ""Environment"": ""prod"", ""ManagedBy"": ""serverless""}"
7.3068,prj-core-prod,cloudfinops-demo,Billing Account,USD,2026-08-01T00:00:00Z,2026-09-01T00:00:00Z,Usage,,Cloud Storage - Object Storage,Usage-Based,2026-08-31T00:00:00Z,2026-08-31T23:59:59Z,,,,227.548,GB-Month,7.3068,0.032111,7.3068,Google LLC,7.3068,0.032111,Standard,227.548,GB-Month,us-central1,Iowa,google/prj-core-prod/cloud-storage,cloud-storage-prod,Bucket,Storage,Object Storage,Cloud Storage,Google Cloud,GOO-CloudStorage,GOO-CloudSto-us-central1,prj-core-prod,projeto-core,Subscription,"{""OwnerTeam"": ""plataforma"", ""Environment"": ""prod"", ""ManagedBy"": ""cloudformation""}"
7.2372,prj-core-prod,cloudfinops-demo,Billing Account,USD,2026-09-01T00:00:00Z,2026-10-01T00:00:00Z,Usage,,Cloud Storage - Object Storage,Usage-Based,2026-09-01T00:00:00Z,2026-09-01T23:59:59Z,,,,82.738,GB-Month,7.2372,0.087471,7.2372,Google LLC,7.2372,0.087471,Standard,82.738,GB-Month,us-central1,Iowa,google/prj-core-prod/cloud-storage,cloud-storage-prod,Bucket,Storage,Object Storage,Cloud Storage,Google Cloud,GOO-CloudStorage,GOO-CloudSto-us-central1,prj-core-prod,projeto-core,Subscription,"{""OwnerTeam"": ""plataforma"", ""Environment"": ""prod"", ""ManagedBy"": ""serverless""}"
7.3152,prj-core-prod,cloudfinops-demo,Billing Account,USD,2026-09-01T00:00:00Z,2026-10-01T00:00:00Z,Usage,,Cloud Storage - Object Storage,Usage-Based,2026-09-02T00:00:00Z,2026-09-02T23:59:59Z,,,,27.535,GB-Month,7.3152,0.265669,7.3152,Google LLC,7.3152,0.265669,Standard,27.535,GB-Month,us-central1,Iowa,google/prj-core-prod/cloud-storage,cloud-storage-prod,Bucket,Storage,Object Storage,Cloud Storage,Google Cloud,GOO-CloudStorage,GOO-CloudSto-us-central1,prj-core-prod,projeto-core,Subscription,"{""OwnerTeam"": ""backend"", ""Environment"": ""prod"", ""ManagedBy"": ""serverless""}"
7.6492,prj-core-prod,cloudfinops-demo,Billing Account,USD,2026-09-01T00:00:00Z,2026-10-01T00:00:00Z,Usage,,Cloud Storage - Object Storage,Usage-Based,2026-09-03T00:00:00Z,2026-09-03T23:59:59Z,,,,27.742,GB-Month,7.6492,0.275726,7.6492,Google LLC,7.6492,0.275726,Standard,27.742,GB-Month,us-central1,Iowa,google/prj-core-prod/cloud-storage,cloud-storage-prod,Bucket,Storage,Object Storage,Cloud Storage,Google Cloud,GOO-CloudStorage,GOO-CloudSto-us-central1,prj-core-prod,projeto-core,Subscription,"{""OwnerTeam"": ""redes"", ""Environment"": ""prod"", ""ManagedBy"": ""cloudformation""}"
7.2282,prj-core-prod,cloudfinops-demo,Billing Account,USD,2026-09-01T00:00:00Z,2026-10-01T00:00:00Z,Usage,,Cloud Storage - Object Storage,Usage-Based,2026-09-04T00:00:00Z,2026-09-04T23:59:59Z,,,,35.112,GB-Month,7.2282,0.205861,7.2282,Google LLC,7.2282,0.205861,Standard,35.112,GB-Month,us-central1,Iowa,google/prj-core-prod/cloud-storage,cloud-storage-prod,Bucket,Storage,Object Storage,Cloud Storage,Google Cloud,GOO-CloudStorage,GOO-CloudSto-us-central1,prj-core-prod,projeto-core,Subscription,"{""OwnerTeam"": ""redes"", ""Environment"": ""prod"", ""ManagedBy"": ""cloudformation""}"
6.0753,prj-core-prod,cloudfinops-demo,Billing Account,USD,2026-09-01T00:00:00Z,2026-10-01T00:00:00Z,Usage,,Cloud Storage - Object Storage,Usage-Based,2026-09-05T00:00:00Z,2026-09-05T23:59:59Z,,,,45.351,GB-Month,6.0753,0.133962,6.0753,Google LLC,6.0753,0.133962,Standard,45.351,GB-Month,us-central1,Iowa,google/prj-core-prod/cloud-storage,cloud-storage-prod,Bucket,Storage,Object Storage,Cloud Storage,Google Cloud,GOO-CloudStorage,GOO-CloudSto-us-central1,prj-core-prod,projeto-core,Subscription,"{""OwnerTeam"": ""plataforma"", ""Environment"": ""prod"", ""ManagedBy"": ""cloudformation""}"
6.4496,prj-core-prod,cloudfinops-demo,Billing Account,USD,2026-09-01T00:00:00Z,2026-10-01T00:00:00Z,Usage,,Cloud Storage - Object Storage,Usage-Based,2026-09-06T00:00:00Z,2026-09-06T23:59:59Z,,,,49.986,GB-Month,6.4496,0.129028,6.4496,Google LLC,6.4496,0.129028,Standard,49.986,GB-Month,us-central1,Iowa,google/prj-core-prod/cloud-storage,cloud-storage-prod,Bucket,Storage,Object Storage,Cloud Storage,Google Cloud,GOO-CloudStorage,GOO-CloudSto-us-central1,prj-core-prod,projeto-core,Subscription,"{""OwnerTeam"": ""backend"", ""Environment"": ""prod"", ""ManagedBy"": ""manual""}"
7.33,prj-core-prod,cloudfinops-demo,Billing Account,USD,2026-09-01T00:00:00Z,2026-10-01T00:00:00Z,Usage,,Cloud Storage - Object Storage,Usage-Based,2026-09-07T00:00:00Z,2026-09-07T23:59:59Z,,,,17.947,GB-Month,7.33,0.408425,7.33,Google LLC,7.33,0.408425,Standard,17.947,GB-Month,us-central1,Iowa,google/prj-core-prod/cloud-storage,cloud-storage-prod,Bucket,Storage,Object Storage,Cloud Storage,Google Cloud,GOO-CloudStorage,GOO-CloudSto-us-central1,prj-core-prod,projeto-core,Subscription,"{""OwnerTeam"": ""dados"", ""Environment"": ""prod"", ""ManagedBy"": ""manual""}"
7.2649,prj-core-prod,cloudfinops-demo,Billing Account,USD,2026-09-01T00:00:00Z,2026-10-01T00:00:00Z,Usage,,Cloud Storage - Object Storage,Usage-Based,2026-09-08T00:00:00Z,2026-09-08T23:59:59Z,,,,51.353,GB-Month,7.2649,0.14147,7.2649,Google LLC,7.2649,0.14147,Standard,51.353,GB-Month,us-central1,Iowa,google/prj-core-prod/cloud-storage,cloud-storage-prod,Bucket,Storage,Object Storage,Cloud Storage,Google Cloud,GOO-CloudStorage,GOO-CloudSto-us-central1,prj-core-prod,projeto-core,Subscription,"{""OwnerTeam"": ""redes"", ""Environment"": ""prod"", ""ManagedBy"": ""terraform""}"
7.4518,prj-core-prod,cloudfinops-demo,Billing Account,USD,2026-09-01T00:00:00Z,2026-10-01T00:00:00Z,Usage,,Cloud Storage - Object Storage,Usage-Based,2026-09-09T00:00:00Z,2026-09-09T23:59:59Z,,,,18.924,GB-Month,7.4518,0.393775,7.4518,Google LLC,7.4518,0.393775,Standard,18.924,GB-Month,us-central1,Iowa,google/prj-core-prod/cloud-storage,cloud-storage-prod,Bucket,Storage,Object Storage,Cloud Storage,Google Cloud,GOO-CloudStorage,GOO-CloudSto-us-central1,prj-core-prod,projeto-core,Subscription,"{""OwnerTeam"": ""redes"", ""Environment"": ""prod"", ""ManagedBy"": ""manual""}"
7.2836,prj-core-prod,cloudfinops-demo,Billing Account,USD,2026-09-01T00:00:00Z,2026-10-01T00:00:00Z,Usage,,Cloud Storage - Object Storage,Usage-Based,2026-09-10T00:00:00Z,2026-09-10T23:59:59Z,,,,211.034,GB-Month,7.2836,0.034514,7.2836,Google LLC,7.2836,0.034514,Standard,211.034,GB-Month,us-central1,Iowa,google/prj-core-prod/cloud-storage,cloud-storage-prod,Bucket,Storage,Object Storage,Cloud Storage,Google Cloud,GOO-CloudStorage,GOO-CloudSto-us-central1,prj-core-prod,projeto-core,Subscription,"{""OwnerTeam"": ""backend"", ""Environment"": ""prod"", ""ManagedBy"": ""terraform""}"
7.2321,prj-core-prod,cloudfinops-demo,Billing Account,USD,2026-09-01T00:00:00Z,2026-10-01T00:00:00Z,Usage,,Cloud Storage - Object Storage,Usage-Based,2026-09-11T00:00:00Z,2026-09-11T23:59:59Z,,,,31.886,GB-Month,7.2321,0.226811,7.2321,Google LLC,7.2321,0.226811,Standard,31.886,GB-Month,us-central1,Iowa,google/prj-core-prod/cloud-storage,cloud-storage-prod,Bucket,Storage,Object Storage,Cloud Storage,Google Cloud,GOO-CloudStorage,GOO-CloudSto-us-central1,prj-core-prod,projeto-core,Subscription,"{""OwnerTeam"": ""backend"", ""Environment"": ""prod"", ""ManagedBy"": ""terraform""}"
6.1826,prj-core-prod,cloudfinops-demo,Billing Account,USD,2026-09-01T00:00:00Z,2026-10-01T00:00:00Z,Usage,,Cloud Storage - Object Storage,Usage-Based,2026-09-12T00:00:00Z,2026-09-12T23:59:59Z,,,,103.966,GB-Month,6.1826,0.059468,6.1826,Google LLC,6.1826,0.059468,Standard,103.966,GB-Month,us-central1,Iowa,google/prj-core-prod/cloud-storage,cloud-storage-prod,Bucket,Storage,Object Storage,Cloud Storage,Google Cloud,GOO-CloudStorage,GOO-CloudSto-us-central1,prj-core-prod,projeto-core,Subscription,"{""OwnerTeam"": ""dados"", ""Environment"": ""prod"", ""ManagedBy"": ""cloudformation""}"
6.3626,prj-core-prod,cloudfinops-demo,Billing Account,USD,2026-09-01T00:00:00Z,2026-10-01T00:00:00Z,Usage,,Cloud Storage - Object Storage,Usage-Based,2026-09-13T00:00:00Z,2026-09-13T23:59:59Z,,,,29.132,GB-Month,6.3626,0.218406,6.3626,Google LLC,6.3626,0.218406,Standard,29.132,GB-Month,us-central1,Iowa,google/prj-core-prod/cloud-storage,cloud-storage-prod,Bucket,Storage,Object Storage,Cloud Storage,Google Cloud,GOO-CloudStorage,GOO-CloudSto-us-central1,prj-core-prod,projeto-core,Subscription,"{""OwnerTeam"": ""dados"", ""Environment"": ""prod"", ""ManagedBy"": ""serverless""}"
7.6466,prj-core-prod,cloudfinops-demo,Billing Account,USD,2026-09-01T00:00:00Z,2026-10-01T00:00:00Z,Usage,,Cloud Storage - Object Storage,Usage-Based,2026-09-14T00:00:00Z,2026-09-14T23:59:59Z,,,,61.931,GB-Month,7.6466,0.12347,7.6466,Google LLC,7.6466,0.12347,Standard,61.931,GB-Month,us-central1,Iowa,google/prj-core-prod/cloud-storage,cloud-storage-prod,Bucket,Storage,Object Storage,Cloud Storage,Google Cloud,GOO-CloudStorage,GOO-CloudSto-us-central1,prj-core-prod,projeto-core,Subscription,"{""OwnerTeam"": ""redes"", ""Environment"": ""prod"", ""ManagedBy"": ""serverless""}"
7.3066,prj-core-prod,cloudfinops-demo,Billing Account,USD,2026-09-01T00:00:00Z,2026-10-01T00:00:00Z,Usage,,Cloud Storage - Object Storage,Usage-Based,2026-09-15T00:00:00Z,2026-09-15T23:59:59Z,,,,83.002,GB-Month,7.3066,0.088029,7.3066,Google LLC,7.3066,0.088029,Standard,83.002,GB-Month,us-central1,Iowa,google/prj-core-prod/cloud-storage,cloud-storage-prod,Bucket,Storage,Object Storage,Cloud Storage,Google Cloud,GOO-CloudStorage,GOO-CloudSto-us-central1,prj-core-prod,projeto-core,Subscription,"{""OwnerTeam"": ""dados"", ""Environment"": ""prod"", ""ManagedBy"": ""cloudformation""}"
7.3296,prj-core-prod,cloudfinops-demo,Billing Account,USD,2026-09-01T00:00:00Z,2026-10-01T00:00:00Z,Usage,,Cloud Storage - Object Storage,Usage-Based,2026-09-16T00:00:00Z,2026-09-16T23:59:59Z,,,,35.757,GB-Month,7.3296,0.204984,7.3296,Google LLC,7.3296,0.204984,Standard,35.757,GB-Month,us-central1,Iowa,google/prj-core-prod/cloud-storage,cloud-storage-prod,Bucket,Storage,Object Storage,Cloud Storage,Google Cloud,GOO-CloudStorage,GOO-CloudSto-us-central1,prj-core-prod,projeto-core,Subscription,"{""OwnerTeam"": ""dados"", ""Environment"": ""prod"", ""ManagedBy"": ""terraform""}"
7.464,prj-core-prod,cloudfinops-demo,Billing Account,USD,2026-09-01T00:00:00Z,2026-10-01T00:00:00Z,Usage,,Cloud Storage - Object Storage,Usage-Based,2026-09-17T00:00:00Z,2026-09-17T23:59:59Z,,,,19.879,GB-Month,7.464,0.375472,7.464,Google LLC,7.464,0.375472,Standard,19.879,GB-Month,us-central1,Iowa,google/prj-core-prod/cloud-storage,cloud-storage-prod,Bucket,Storage,Object Storage,Cloud Storage,Google Cloud,GOO-CloudStorage,GOO-CloudSto-us-central1,prj-core-prod,projeto-core,Subscription,"{""OwnerTeam"": ""dados"", ""Environment"": ""prod"", ""ManagedBy"": ""manual""}"
7.6375,prj-core-prod,cloudfinops-demo,Billing Account,USD,2026-09-01T00:00:00Z,2026-10-01T00:00:00Z,Usage,,Cloud Storage - Object Storage,Usage-Based,2026-09-18T00:00:00Z,2026-09-18T23:59:59Z,,,,116.671,GB-Month,7.6375,0.065462,7.6375,Google LLC,7.6375,0.065462,Standard,116.671,GB-Month,us-central1,Iowa,google/prj-core-prod/cloud-storage,cloud-storage-prod,Bucket,Storage,Object Storage,Cloud Storage,Google Cloud,GOO-CloudStorage,GOO-CloudSto-us-central1,prj-core-prod,projeto-core,Subscription,"{""OwnerTeam"": ""redes"", ""Environment"": ""prod"", ""ManagedBy"": ""serverless""}"
6.3324,prj-core-prod,cloudfinops-demo,Billing Account,USD,2026-09-01T00:00:00Z,2026-10-01T00:00:00Z,Usage,,Cloud Storage - Object Storage,Usage-Based,2026-09-19T00:00:00Z,2026-09-19T23:59:59Z,,,,15.309,GB-Month,6.3324,0.413639,6.3324,Google LLC,6.3324,0.413639,Standard,15.309,GB-Month,us-central1,Iowa,google/prj-core-prod/cloud-storage,cloud-storage-prod,Bucket,Storage,Object Storage,Cloud Storage,Google Cloud,GOO-CloudStorage,GOO-CloudSto-us-central1,prj-core-prod,projeto-core,Subscription,"{""OwnerTeam"": ""plataforma"", ""Environment"": ""prod"", ""ManagedBy"": ""cloudformation""}"
6.1608,prj-core-prod,cloudfinops-demo,Billing Account,USD,2026-09-01T00:00:00Z,2026-10-01T00:00:00Z,Usage,,Cloud Storage - Object Storage,Usage-Based,2026-09-20T00:00:00Z,2026-09-20T23:59:59Z,,,,28.423,GB-Month,6.1608,0.216754,6.1608,Google LLC,6.1608,0.216754,Standard,28.423,GB-Month,us-central1,Iowa,google/prj-core-prod/cloud-storage,cloud-storage-prod,Bucket,Storage,Object Storage,Cloud Storage,Google Cloud,GOO-CloudStorage,GOO-CloudSto-us-central1,prj-core-prod,projeto-core,Subscription,"{""OwnerTeam"": ""plataforma"", ""Environment"": ""prod"", ""ManagedBy"": ""cloudformation""}"
7.2471,prj-core-prod,cloudfinops-demo,Billing Account,USD,2026-09-01T00:00:00Z,2026-10-01T00:00:00Z,Usage,,Cloud Storage - Object Storage,Usage-Based,2026-09-21T00:00:00Z,2026-09-21T23:59:59Z,,,,40.78,GB-Month,7.2471,0.177712,7.2471,Google LLC,7.2471,0.177712,Standard,40.78,GB-Month,us-central1,Iowa,google/prj-core-prod/cloud-storage,cloud-storage-prod,Bucket,Storage,Object Storage,Cloud Storage,Google Cloud,GOO-CloudStorage,GOO-CloudSto-us-central1,prj-core-prod,projeto-core,Subscription,"{""OwnerTeam"": ""redes"", ""Environment"": ""prod"", ""ManagedBy"": ""cloudformation""}"
7.3449,prj-core-prod,cloudfinops-demo,Billing Account,USD,2026-09-01T00:00:00Z,2026-10-01T00:00:00Z,Usage,,Cloud Storage - Object Storage,Usage-Based,2026-09-22T00:00:00Z,2026-09-22T23:59:59Z,,,,21.282,GB-Month,7.3449,0.345123,7.3449,Google LLC,7.3449,0.345123,Standard,21.282,GB-Month,us-central1,Iowa,google/prj-core-prod/cloud-storage,cloud-storage-prod,Bucket,Storage,Object Storage,Cloud Storage,Google Cloud,GOO-CloudStorage,GOO-CloudSto-us-central1,prj-core-prod,projeto-core,Subscription,"{""OwnerTeam"": ""plataforma"", ""Environment"": ""prod"", ""ManagedBy"": ""cloudformation""}"
7.3792,prj-core-prod,cloudfinops-demo,Billing Account,USD,2026-09-01T00:00:00Z,2026-10-01T00:00:00Z,Usage,,Cloud Storage - Object Storage,Usage-Based,2026-09-23T00:00:00Z,2026-09-23T23:59:59Z,,,,31.913,GB-Month,7.3792,0.231229,7.3792,Google LLC,7.3792,0.231229,Standard,31.913,GB-Month,us-central1,Iowa,google/prj-core-prod/cloud-storage,cloud-storage-prod,Bucket,Storage,Object Storage,Cloud Storage,Google Cloud,GOO-CloudStorage,GOO-CloudSto-us-central1,prj-core-prod,projeto-core,Subscription,"{""OwnerTeam"": ""dados"", ""Environment"": ""prod"", ""ManagedBy"": ""cloudformation""}"
7.3562,prj-core-prod,cloudfinops-demo,Billing Account,USD,2026-09-01T00:00:00Z,2026-10-01T00:00:00Z,Usage,,Cloud Storage - Object Storage,Usage-Based,2026-09-24T00:00:00Z,2026-09-24T23:59:59Z,,,,18.301,GB-Month,7.3562,0.401956,7.3562,Google LLC,7.3562,0.401956,Standard,18.301,GB-Month,us-central1,Iowa,google/prj-core-prod/cloud-storage,cloud-storage-prod,Bucket,Storage,Object Storage,Cloud Storage,Google Cloud,GOO-CloudStorage,GOO-CloudSto-us-central1,prj-core-prod,projeto-core,Subscription,"{""OwnerTeam"": ""redes"", ""Environment"": ""prod"", ""ManagedBy"": ""terraform""}"
7.5851,prj-core-prod,cloudfinops-demo,Billing Account,USD,2026-09-01T00:00:00Z,2026-10-01T00:00:00Z,Usage,,Cloud Storage - Object Storage,Usage-Based,2026-09-25T00:00:00Z,2026-09-25T23:59:59Z,,,,33.446,GB-Month,7.5851,0.226786,7.5851,Google LLC,7.5851,0.226786,Standard,33.446,GB-Month,us-central1,Iowa,google/prj-core-prod/cloud-storage,cloud-storage-prod,Bucket,Storage,Object Storage,Cloud Storage,Google Cloud,GOO-CloudStorage,GOO-CloudSto-us-central1,prj-core-prod,projeto-core,Subscription,"{""OwnerTeam"": ""plataforma"", ""Environment"": ""prod"", ""ManagedBy"": ""manual""}"
6.3208,prj-core-prod,cloudfinops-demo,Billing Account,USD,2026-09-01T00:00:00Z,2026-10-01T00:00:00Z,Usage,,Cloud Storage - Object Storage,Usage-Based,2026-09-26T00:00:00Z,2026-09-26T23:59:59Z,,,,21.2,GB-Month,6.3208,0.298151,6.3208,Google LLC,6.3208,0.298151,Standard,21.2,GB-Month,us-central1,Iowa,google/prj-core-prod/cloud-storage,cloud-storage-prod,Bucket,Storage,Object Storage,Cloud Storage,Google Cloud,GOO-CloudStorage,GOO-CloudSto-us-central1,prj-core-prod,projeto-core,Subscription,"{""OwnerTeam"": ""dados"", ""Environment"": ""prod"", ""ManagedBy"": ""serverless""}"
6.4014,prj-core-prod,cloudfinops-demo,Billing Account,USD,2026-09-01T00:00:00Z,2026-10-01T00:00:00Z,Usage,,Cloud Storage - Object Storage,Usage-Based,2026-09-27T00:00:00Z,2026-09-27T23:59:59Z,,,,27.366,GB-Month,6.4014,0.233918,6.4014,Google LLC,6.4014,0.233918,Standard,27.366,GB-Month,us-central1,Iowa,google/prj-core-prod/cloud-storage,cloud-storage-prod,Bucket,Storage,Object Storage,Cloud Storage,Google Cloud,GOO-CloudStorage,GOO-CloudSto-us-central1,prj-core-prod,projeto-core,Subscription,"{""OwnerTeam"": ""dados"", ""Environment"": ""prod"", ""ManagedBy"": ""cloudformation""}"
7.2397,prj-core-prod,cloudfinops-demo,Billing Account,USD,2026-09-01T00:00:00Z,2026-10-01T00:00:00Z,Usage,,Cloud Storage - Object Storage,Usage-Based,2026-09-28T00:00:00Z,2026-09-28T23:59:59Z,,,,46.849,GB-Month,7.2397,0.154533,7.2397,Google LLC,7.2397,0.154533,Standard,46.849,GB-Month,us-central1,Iowa,google/prj-core-prod/cloud-storage,cloud-storage-prod,Bucket,Storage,Object Storage,Cloud Storage,Google Cloud,GOO-CloudStorage,GOO-CloudSto-us-central1,prj-core-prod,projeto-core,Subscription,"{""OwnerTeam"": ""plataforma"", ""Environment"": ""prod"", ""ManagedBy"": ""terraform""}"
7.6566,prj-core-prod,cloudfinops-demo,Billing Account,USD,2026-09-01T00:00:00Z,2026-10-01T00:00:00Z,Usage,,Cloud Storage - Object Storage,Usage-Based,2026-09-29T00:00:00Z,2026-09-29T23:59:59Z,,,,160.707,GB-Month,7.6566,0.047643,7.6566,Google LLC,7.6566,0.047643,Standard,160.707,GB-Month,us-central1,Iowa,google/prj-core-prod/cloud-storage,cloud-storage-prod,Bucket,Storage,Object Storage,Cloud Storage,Google Cloud,GOO-CloudStorage,GOO-CloudSto-us-central1,prj-core-prod,projeto-core,Subscription,"{""OwnerTeam"": ""redes"", ""Environment"": ""prod"", ""ManagedBy"": ""serverless""}"
7.5586,prj-core-prod,cloudfinops-demo,Billing Account,USD,2026-09-01T00:00:00Z,2026-10-01T00:00:00Z,Usage,,Cloud Storage - Object Storage,Usage-Based,2026-09-30T00:00:00Z,2026-09-30T23:59:59Z,,,,19.178,GB-Month,7.5586,0.394129,7.5586,Google LLC,7.5586,0.394129,Standard,19.178,GB-Month,us-central1,Iowa,google/prj-core-prod/cloud-storage,cloud-storage-prod,Bucket,Storage,Object Storage,Cloud Storage,Google Cloud,GOO-CloudStorage,GOO-CloudSto-us-central1,prj-core-prod,projeto-core,Subscription,"{""OwnerTeam"": ""plataforma"", ""Environment"": ""prod"", ""ManagedBy"": ""terraform""}"
7.3619,prj-core-prod,cloudfinops-demo,Billing Account,USD,2026-10-01T00:00:00Z,2026-11-01T00:00:00Z,Usage,,Cloud Storage - Object Storage,Usage-Based,2026-10-01T00:00:00Z,2026-10-01T23:59:59Z,,,,79.72,GB-Month,7.3619,0.092347,7.3619,Google LLC,7.3619,0.092347,Standard,79.72,GB-Month,us-central1,Iowa,google/prj-core-prod/cloud-storage,cloud-storage-prod,Bucket,Storage,Object Storage,Cloud Storage,Google Cloud,GOO-CloudStorage,GOO-CloudSto-us-central1,prj-core-prod,projeto-core,Subscription,"{""OwnerTeam"": ""backend"", ""Environment"": ""prod"", ""ManagedBy"": ""terraform""}"
7.4335,prj-core-prod,cloudfinops-demo,Billing Account,USD,2026-10-01T00:00:00Z,2026-11-01T00:00:00Z,Usage,,Cloud Storage - Object Storage,Usage-Based,2026-10-02T00:00:00Z,2026-10-02T23:59:59Z,,,,87.312,GB-Month,7.4335,0.085137,7.4335,Google LLC,7.4335,0.085137,Standard,87.312,GB-Month,us-central1,Iowa,google/prj-core-prod/cloud-storage,cloud-storage-prod,Bucket,Storage,Object Storage,Cloud Storage,Google Cloud,GOO-CloudStorage,GOO-CloudSto-us-central1,prj-core-prod,projeto-core,Subscription,"{""OwnerTeam"": ""dados"", ""Environment"": ""prod"", ""ManagedBy"": ""terraform""}"
6.0424,prj-core-prod,cloudfinops-demo,Billing Account,USD,2026-10-01T00:00:00Z,2026-11-01T00:00:00Z,Usage,,Cloud Storage - Object Storage,Usage-Based,2026-10-03T00:00:00Z,2026-10-03T23:59:59Z,,,,63.225,GB-Month,6.0424,0.09557,6.0424,Google LLC,6.0424,0.09557,Standard,63.225,GB-Month,us-central1,Iowa,google/prj-core-prod/cloud-storage,cloud-storage-prod,Bucket,Storage,Object Storage,Cloud Storage,Google Cloud,GOO-CloudStorage,GOO-CloudSto-us-central1,prj-core-prod,projeto-core,Subscription,"{""OwnerTeam"": ""backend"", ""Environment"": ""prod"", ""ManagedBy"": ""serverless""}"
3.1588,prj-core-prod,cloudfinops-demo,Billing Account,USD,2026-08-01T00:00:00Z,2026-09-01T00:00:00Z,Usage,,Cloud Storage - Object Storage,Usage-Based,2026-08-01T00:00:00Z,2026-08-01T23:59:59Z,,,,11.878,GB-Month,3.1588,0.265937,3.1588,Google LLC,3.1588,0.265937,Standard,11.878,GB-Month,us-central1,Iowa,google/prj-data-lab/cloud-storage,cloud-storage-dev,Bucket,Storage,Object Storage,Cloud Storage,Google Cloud,GOO-CloudStorage,GOO-CloudSto-us-central1,prj-data-lab,projeto-dados,Subscription,"{""OwnerTeam"": ""redes"", ""Environment"": ""dev"", ""ManagedBy"": ""manual""}"
3.319,prj-core-prod,cloudfinops-demo,Billing Account,USD,2026-08-01T00:00:00Z,2026-09-01T00:00:00Z,Usage,,Cloud Storage - Object Storage,Usage-Based,2026-08-02T00:00:00Z,2026-08-02T23:59:59Z,,,,125.012,GB-Month,3.319,0.026549,3.319,Google LLC,3.319,0.026549,Standard,125.012,GB-Month,us-central1,Iowa,google/prj-data-lab/cloud-storage,cloud-storage-dev,Bucket,Storage,Object Storage,Cloud Storage,Google Cloud,GOO-CloudStorage,GOO-CloudSto-us-central1,prj-data-lab,projeto-dados,Subscription,"{""OwnerTeam"": ""redes"", ""Environment"": ""dev"", ""ManagedBy"": ""terraform""}"
3.7358,prj-core-prod,cloudfinops-demo,Billing Account,USD,2026-08-01T00:00:00Z,2026-09-01T00:00:00Z,Usage,,Cloud Storage - Object Storage,Usage-Based,2026-08-03T00:00:00Z,2026-08-03T23:59:59Z,,,,20.401,GB-Month,3.7358,0.183118,3.7358,Google LLC,3.7358,0.183118,Standard,20.401,GB-Month,us-central1,Iowa,google/prj-data-lab/cloud-storage,cloud-storage-dev,Bucket,Storage,Object Storage,Cloud Storage,Google Cloud,GOO-CloudStorage,GOO-CloudSto-us-central1,prj-data-lab,projeto-dados,Subscription,"{""OwnerTeam"": ""redes"", ""Environment"": ""dev"", ""ManagedBy"": ""serverless""}"
3.7164,prj-core-prod,cloudfinops-demo,Billing Account,USD,2026-08-01T00:00:00Z,2026-09-01T00:00:00Z,Usage,,Cloud Storage - Object Storage,Usage-Based,2026-08-04T00:00:00Z,2026-08-04T23:59:59Z,,,,17.517,GB-Month,3.7164,0.21216,3.7164,Google LLC,3.7164,0.21216,Standard,17.517,GB-Month,us-central1,Iowa,google/prj-data-lab/cloud-storage,cloud-storage-dev,Bucket,Storage,Object Storage,Cloud Storage,Google Cloud,GOO-CloudStorage,GOO-CloudSto-us-central1,prj-data-lab,projeto-dados,Subscription,"{""OwnerTeam"": ""plataforma"", ""Environment"": ""dev"", ""ManagedBy"": ""cloudformation""}"
3.944,prj-core-prod,cloudfinops-demo,Billing Account,USD,2026-08-01T00:00:00Z,2026-09-01T00:00:00Z,Usage,,Cloud Storage - Object Storage,Usage-Based,2026-08-05T00:00:00Z,2026-08-05T23:59:59Z,,,,14.727,GB-Month,3.944,0.267807,3.944,Google LLC,3.944,0.267807,Standard,14.727,GB-Month,us-central1,Iowa,google/prj-data-lab/cloud-storage,cloud-storage-dev,Bucket,Storage,Object Storage,Cloud Storage,Google Cloud,GOO-CloudStorage,GOO-CloudSto-us-central1,prj-data-lab,projeto-dados,Subscription,"{""OwnerTeam"": ""dados"", ""Environment"": ""dev"", ""ManagedBy"": ""terraform""}"
3.8172,prj-core-prod,cloudfinops-demo,Billing Account,USD,2026-08-01T00:00:00Z,2026-09-01T00:00:00Z,Usage,,Cloud Storage - Object Storage,Usage-Based,2026-08-06T00:00:00Z,2026-08-06T23:59:59Z,,,,32.394,GB-Month,3.8172,0.117837,3.8172,Google LLC,3.8172,0.117837,Standard,32.394,GB-Month,us-central1,Iowa,google/prj-data-lab/cloud-storage,cloud-storage-dev,Bucket,Storage,Object Storage,Cloud Storage,Google Cloud,GOO-CloudStorage,GOO-CloudSto-us-central1,prj-data-lab,projeto-dados,Subscription,"{""OwnerTeam"": ""plataforma"", ""Environment"": ""dev"", ""ManagedBy"": ""cloudformation""}"
3.7731,prj-core-prod,cloudfinops-demo,Billing Account,USD,2026-08-01T00:00:00Z,2026-09-01T00:00:00Z,Usage,,Cloud Storage - Object Storage,Usage-Based,2026-08-07T00:00:00Z,2026-08-07T23:59:59Z,,,,11.708,GB-Month,3.7731,0.322267,3.7731,Google LLC,3.7731,0.322267,Standard,11.708,GB-Month,us-central1,Iowa,google/prj-data-lab/cloud-storage,cloud-storage-dev,Bucket,Storage,Object Storage,Cloud Storage,Google Cloud,GOO-CloudStorage,GOO-CloudSto-us-central1,prj-data-lab,projeto-dados,Subscription,"{""OwnerTeam"": ""plataforma"", ""Environment"": ""dev"", ""ManagedBy"": ""serverless""}"
3.2552,prj-core-prod,cloudfinops-demo,Billing Account,USD,2026-08-01T00:00:00Z,2026-09-01T00:00:00Z,Usage,,Cloud Storage - Object Storage,Usage-Based,2026-08-08T00:00:00Z,2026-08-08T23:59:59Z,,,,23.673,GB-Month,3.2552,0.137507,3.2552,Google LLC,3.2552,0.137507,Standard,23.673,GB-Month,us-central1,Iowa,google/prj-data-lab/cloud-storage,cloud-storage-dev,Bucket,Storage,Object Storage,Cloud Storage,Google Cloud,GOO-CloudStorage,GOO-CloudSto-us-central1,prj-data-lab,projeto-dados,Subscription,"{""OwnerTeam"": ""plataforma"", ""Environment"": ""dev"", ""ManagedBy"": ""terraform""}"
3.1691,prj-core-prod,cloudfinops-demo,Billing Account,USD,2026-08-01T00:00:00Z,2026-09-01T00:00:00Z,Usage,,Cloud Storage - Object Storage,Usage-Based,2026-08-09T00:00:00Z,2026-08-09T23:59:59Z,,,,17.981,GB-Month,3.1691,0.176247,3.1691,Google LLC,3.1691,0.176247,Standard,17.981,GB-Month,us-central1,Iowa,google/prj-data-lab/cloud-storage,cloud-storage-dev,Bucket,Storage,Object Storage,Cloud Storage,Google Cloud,GOO-CloudStorage,GOO-CloudSto-us-central1,prj-data-lab,projeto-dados,Subscription,"{""OwnerTeam"": ""plataforma"", ""Environment"": ""dev"", ""ManagedBy"": ""manual""}"
3.8647,prj-core-prod,cloudfinops-demo,Billing Account,USD,2026-08-01T00:00:00Z,2026-09-01T00:00:00Z,Usage,,Cloud Storage - Object Storage,Usage-Based,2026-08-10T00:00:00Z,2026-08-10T23:59:59Z,,,,10.871,GB-Month,3.8647,0.355505,3.8647,Google LLC,3.8647,0.355505,Standard,10.871,GB-Month,us-central1,Iowa,google/prj-data-lab/cloud-storage,cloud-storage-dev,Bucket,Storage,Object Storage,Cloud Storage,Google Cloud,GOO-CloudStorage,GOO-CloudSto-us-central1,prj-data-lab,projeto-dados,Subscription,"{""OwnerTeam"": ""backend"", ""Environment"": ""dev"", ""ManagedBy"": ""terraform""}"
3.7535,prj-core-prod,cloudfinops-demo,Billing Account,USD,2026-08-01T00:00:00Z,2026-09-01T00:00:00Z,Usage,,Cloud Storage - Object Storage,Usage-Based,2026-08-11T00:00:00Z,2026-08-11T23:59:59Z,,,,86.992,GB-Month,3.7535,0.043148,3.7535,Google LLC,3.7535,0.043148,Standard,86.992,GB-Month,us-central1,Iowa,google/prj-data-lab/cloud-storage,cloud-storage-dev,Bucket,Storage,Object Storage,Cloud Storage,Google Cloud,GOO-CloudStorage,GOO-CloudSto-us-central1,prj-data-lab,projeto-dados,Subscription,"{""OwnerTeam"": ""dados"", ""Environment"": ""dev"", ""ManagedBy"": ""serverless""}"
3.9401,prj-core-prod,cloudfinops-demo,Billing Account,USD,2026-08-01T00:00:00Z,2026-09-01T00:00:00Z,Usage,,Cloud Storage - Object Storage,Usage-Based,2026-08-12T00:00:00Z,2026-08-12T23:59:59Z,,,,23.586,GB-Month,3.9401,0.167052,3.9401,Google LLC,3.9401,0.167052,Standard,23.586,GB-Month,us-central1,Iowa,google/prj-data-lab/cloud-storage,cloud-storage-dev,Bucket,Storage,Object Storage,Cloud Storage,Google Cloud,GOO-CloudStorage,GOO-CloudSto-us-central1,prj-data-lab,projeto-dados,Subscription,"{""OwnerTeam"": ""plataforma"", ""Environment"": ""dev"", ""ManagedBy"": ""terraform""}"
3.7436,prj-core-prod,cloudfinops-demo,Billing Account,USD,2026-08-01T00:00:00Z,2026-09-01T00:00:00Z,Usage,,Cloud Storage - Object Storage,Usage-Based,2026-08-13T00:00:00Z,2026-08-13T23:59:59Z,,,,11.186,GB-Month,3.7436,0.334668,3.7436,Google LLC,3.7436,0.334668,Standard,11.186,GB-Month,us-central1,Iowa,google/prj-data-lab/cloud-storage,cloud-storage-dev,Bucket,Storage,Object Storage,Cloud Storage,Google Cloud,GOO-CloudStorage,GOO-CloudSto-us-central1,prj-data-lab,projeto-dados,Subscription,"{""OwnerTeam"": ""backend"", ""Environment"": ""dev"", ""ManagedBy"": ""terraform""}"
3.9422,prj-core-prod,cloudfinops-demo,Billing Account,USD,2026-08-01T00:00:00Z,2026-09-01T00:00:00Z,Usage,,Cloud Storage - Object Storage,Usage-Based,2026-08-14T00:00:00Z,2026-08-14T23:59:59Z,,,,75.388,GB-Month,3.9422,0.052292,3.9422,Google LLC,3.9422,0.052292,Standard,75.388,GB-Month,us-central1,Iowa,google/prj-data-lab/cloud-storage,cloud-storage-dev,Bucket,Storage,Object Storage,Cloud Storage,Google Cloud,GOO-CloudStorage,GOO-CloudSto-us-central1,prj-data-lab,projeto-dados,Subscription,"{""OwnerTeam"": ""dados"", ""Environment"": ""dev"", ""ManagedBy"": ""serverless""}"
3.136,prj-core-prod,cloudfinops-demo,Billing Account,USD,2026-08-01T00:00:00Z,2026-09-01T00:00:00Z,Usage,,Cloud Storage - Object Storage,Usage-Based,2026-08-15T00:00:00Z,2026-08-15T23:59:59Z,,,,15.068,GB-Month,3.136,0.208123,3.136,Google LLC,3.136,0.208123,Standard,15.068,GB-Month,us-central1,Iowa,google/prj-data-lab/cloud-storage,cloud-storage-dev,Bucket,Storage,Object Storage,Cloud Storage,Google Cloud,GOO-CloudStorage,GOO-CloudSto-us-central1,prj-data-lab,projeto-dados,Subscription,"{""OwnerTeam"": ""backend"", ""Environment"": ""dev"", ""ManagedBy"": ""manual""}"
3.1564,prj-core-prod,cloudfinops-demo,Billing Account,USD,2026-08-01T00:00:00Z,2026-09-01T00:00:00Z,Usage,,Cloud Storage - Object Storage,Usage-Based,2026-08-16T00:00:00Z,2026-08-16T23:59:59Z,,,,14.037,GB-Month,3.1564,0.224863,3.1564,Google LLC,3.1564,0.224863,Standard,14.037,GB-Month,us-central1,Iowa,google/prj-data-lab/cloud-storage,cloud-storage-dev,Bucket,Storage,Object Storage,Cloud Storage,Google Cloud,GOO-CloudStorage,GOO-CloudSto-us-central1,prj-data-lab,projeto-dados,Subscription,"{""OwnerTeam"": ""redes"", ""Environment"": ""dev"", ""ManagedBy"": ""cloudformation""}"
3.8549,prj-core-prod,cloudfinops-demo,Billing Account,USD,2026-08-01T00:00:00Z,2026-09-01T00:00:00Z,Usage,,Cloud Storage - Object Storage,Usage-Based,2026-08-17T00:00:00Z,2026-08-17T23:59:59Z,,,,8.908,GB-Month,3.8549,0.432746,3.8549,Google LLC,3.8549,0.432746,Standard,8.908,GB-Month,us-central1,Iowa,google/prj-data-lab/cloud-storage,cloud-storage-dev,Bucket,Storage,Object Storage,Cloud Storage,Google Cloud,GOO-CloudStorage,GOO-CloudSto-us-central1,prj-data-lab,projeto-dados,Subscription,"{""OwnerTeam"": ""dados"", ""Environment"": ""dev"", ""ManagedBy"": ""terraform""}"
3.8723,prj-core-prod,cloudfinops-demo,Billing Account,USD,2026-08-01T00:00:00Z,2026-09-01T00:00:00Z,Usage,,Cloud Storage - Object Storage,Usage-Based,2026-08-18T00:00:00Z,2026-08-18T23:59:59Z,,,,17.574,GB-Month,3.8723,0.220343,3.8723,Google LLC,3.8723,0.220343,Standard,17.574,GB-Month,us-central1,Iowa,google/prj-data-lab/cloud-storage,cloud-storage-dev,Bucket,Storage,Object Storage,Cloud Storage,Google Cloud,GOO-CloudStorage,GOO-CloudSto-us-central1,prj-data-lab,projeto-dados,Subscription,"{""OwnerTeam"": ""dados"", ""Environment"": ""dev"", ""ManagedBy"": ""cloudformation""}"
3.8452,prj-core-prod,cloudfinops-demo,Billing Account,USD,2026-08-01T00:00:00Z,2026-09-01T00:00:00Z,Usage,,Cloud Storage - Object Storage,Usage-Based,2026-08-19T00:00:00Z,2026-08-19T23:59:59Z,,,,28.312,GB-Month,3.8452,0.135815,3.8452,Google LLC,3.8452,0.135815,Standard,28.312,GB-Month,us-central1,Iowa,google/prj-data-lab/cloud-storage,cloud-storage-dev,Bucket,Storage,Object Storage,Cloud Storage,Google Cloud,GOO-CloudStorage,GOO-CloudSto-us-central1,prj-data-lab,projeto-dados,Subscription,"{""OwnerTeam"": ""redes"", ""Environment"": ""dev"", ""ManagedBy"": ""serverless""}"
3.7914,prj-core-prod,cloudfinops-demo,Billing Account,USD,2026-08-01T00:00:00Z,2026-09-01T00:00:00Z,Usage,,Cloud Storage - Object Storage,Usage-Based,2026-08-20T00:00:00Z,2026-08-20T23:59:59Z,,,,29.108,GB-Month,3.7914,0.130253,3.7914,Google LLC,3.7914,0.130253,Standard,29.108,GB-Month,us-central1,Iowa,google/prj-data-lab/cloud-storage,cloud-storage-dev,Bucket,Storage,Object Storage,Cloud Storage,Google Cloud,GOO-CloudStorage,GOO-CloudSto-us-central1,prj-data-lab,projeto-dados,Subscription,"{""OwnerTeam"": ""dados"", ""Environment"": ""dev"", ""ManagedBy"": ""cloudformation""}"
3.9533,prj-core-prod,cloudfinops-demo,Billing Account,USD,2026-08-01T00:00:00Z,2026-09-01T00:00:00Z,Usage,,Cloud Storage - Object Storage,Usage-Based,2026-08-21T00:00:00Z,2026-08-21T23:59:59Z,,,,23.323,GB-Month,3.9533,0.169502,3.9533,Google LLC,3.9533,0.169502,Standard,23.323,GB-Month,us-central1,Iowa,google/prj-data-lab/cloud-storage,cloud-storage-dev,Bucket,Storage,Object Storage,Cloud Storage,Google Cloud,GOO-CloudStorage,GOO-CloudSto-us-central1,prj-data-lab,projeto-dados,Subscription,"{""OwnerTeam"": ""redes"", ""Environment"": ""dev"", ""ManagedBy"": ""manual""}"
3.2627,prj-core-prod,cloudfinops-demo,Billing Account,USD,2026-08-01T00:00:00Z,2026-09-01T00:00:00Z,Usage,,Cloud Storage - Object Storage,Usage-Based,2026-08-22T00:00:00Z,2026-08-22T23:59:59Z,,,,23.457,GB-Month,3.2627,0.139093,3.2627,Google LLC,3.2627,0.139093,Standard,23.457,GB-Month,us-central1,Iowa,google/prj-data-lab/cloud-storage,cloud-storage-dev,Bucket,Storage,Object Storage,Cloud Storage,Google Cloud,GOO-CloudStorage,GOO-CloudSto-us-central1,prj-data-lab,projeto-dados,Subscription,"{""OwnerTeam"": ""plataforma"", ""Environment"": ""dev"", ""ManagedBy"": ""cloudformation""}"
3.2497,prj-core-prod,cloudfinops-demo,Billing Account,USD,2026-08-01T00:00:00Z,2026-09-01T00:00:00Z,Usage,,Cloud Storage - Object Storage,Usage-Based,2026-08-23T00:00:00Z,2026-08-23T23:59:59Z,,,,12.301,GB-Month,3.2497,0.264182,3.2497,Google LLC,3.2497,0.264182,Standard,12.301,GB-Month,us-central1,Iowa,google/prj-data-lab/cloud-storage,cloud-storage-dev,Bucket,Storage,Object Storage,Cloud Storage,Google Cloud,GOO-CloudStorage,GOO-CloudSto-us-central1,prj-data-lab,projeto-dados,Subscription,"{""OwnerTeam"": ""dados"", ""Environment"": ""dev"", ""ManagedBy"": ""serverless""}"
3.8375,prj-core-prod,cloudfinops-demo,Billing Account,USD,2026-08-01T00:00:00Z,2026-09-01T00:00:00Z,Usage,,Cloud Storage - Object Storage,Usage-Based,2026-08-24T00:00:00Z,2026-08-24T23:59:59Z,,,,11.571,GB-Month,3.8375,0.331648,3.8375,Google LLC,3.8375,0.331648,Standard,11.571,GB-Month,us-central1,Iowa,google/prj-data-lab/cloud-storage,cloud-storage-dev,Bucket,Storage,Object Storage,Cloud Storage,Google Cloud,GOO-CloudStorage,GOO-CloudSto-us-central1,prj-data-lab,projeto-dados,Subscription,"{""OwnerTeam"": ""dados"", ""Environment"": ""dev"", ""ManagedBy"": ""cloudformation""}"
3.8417,prj-core-prod,cloudfinops-demo,Billing Account,USD,2026-08-01T00:00:00Z,2026-09-01T00:00:00Z,Usage,,Cloud Storage - Object Storage,Usage-Based,2026-08-25T00:00:00Z,2026-08-25T23:59:59Z,,,,10.242,GB-Month,3.8417,0.375093,3.8417,Google LLC,3.8417,0.375093,Standard,10.242,GB-Month,us-central1,Iowa,google/prj-data-lab/cloud-storage,cloud-storage-dev,Bucket,Storage,Object Storage,Cloud Storage,Google Cloud,GOO-CloudStorage,GOO-CloudSto-us-central1,prj-data-lab,projeto-dados,Subscription,"{""OwnerTeam"": ""dados"", ""Environment"": ""dev"", ""ManagedBy"": ""terraform""}"
3.7133,prj-core-prod,cloudfinops-demo,Billing Account,USD,2026-08-01T00:00:00Z,2026-09-01T00:00:00Z,Usage,,Cloud Storage - Object Storage,Usage-Based,2026-08-26T00:00:00Z,2026-08-26T23:59:59Z,,,,18.022,GB-Month,3.7133,0.206043,3.7133,Google LLC,3.7133,0.206043,Standard,18.022,GB-Month,us-central1,Iowa,google/prj-data-lab/cloud-storage,cloud-storage-dev,Bucket,Storage,Object Storage,Cloud Storage,Google Cloud,GOO-CloudStorage,GOO-CloudSto-us-central1,prj-data-lab,projeto-dados,Subscription,"{""OwnerTeam"": ""redes"", ""Environment"": ""dev"", ""ManagedBy"": ""serverless""}"
3.8616,prj-core-prod,cloudfinops-demo,Billing Account,USD,2026-08-01T00:00:00Z,2026-09-01T00:00:00Z,Usage,,Cloud Storage - Object Storage,Usage-Based,2026-08-27T00:00:00Z,2026-08-27T23:59:59Z,,,,10.16,GB-Month,3.8616,0.380079,3.8616,Google LLC,3.8616,0.380079,Standard,10.16,GB-Month,us-central1,Iowa,google/prj-data-lab/cloud-storage,cloud-storage-dev,Bucket,Storage,Object Storage,Cloud Storage,Google Cloud,GOO-CloudStorage,GOO-CloudSto-us-central1,prj-data-lab,projeto-dados,Subscription,"{""OwnerTeam"": ""redes"", ""Environment"": ""dev"", ""ManagedBy"": ""manual""}"
3.8191,prj-core-prod,cloudfinops-demo,Billing Account,USD,2026-08-01T00:00:00Z,2026-09-01T00:00:00Z,Usage,,Cloud Storage - Object Storage,Usage-Based,2026-08-28T00:00:00Z,2026-08-28T23:59:59Z,,,,27.084,GB-Month,3.8191,0.141009,3.8191,Google LLC,3.8191,0.141009,Standard,27.084,GB-Month,us-central1,Iowa,google/prj-data-lab/cloud-storage,cloud-storage-dev,Bucket,Storage,Object Storage,Cloud Storage,Google Cloud,GOO-CloudStorage,GOO-CloudSto-us-central1,prj-data-lab,projeto-dados,Subscription,"{""OwnerTeam"": ""dados"", ""Environment"": ""dev"", ""ManagedBy"": ""cloudformation""}"
3.2895,prj-core-prod,cloudfinops-demo,Billing Account,USD,2026-08-01T00:00:00Z,2026-09-01T00:00:00Z,Usage,,Cloud Storage - Object Storage,Usage-Based,2026-08-29T00:00:00Z,2026-08-29T23:59:59Z,,,,12.78,GB-Month,3.2895,0.257394,3.2895,Google LLC,3.2895,0.257394,Standard,12.78,GB-Month,us-central1,Iowa,google/prj-data-lab/cloud-storage,cloud-storage-dev,Bucket,Storage,Object Storage,Cloud Storage,Google Cloud,GOO-CloudStorage,GOO-CloudSto-us-central1,prj-data-lab,projeto-dados,Subscription,"{""OwnerTeam"": ""plataforma"", ""Environment"": ""dev"", ""ManagedBy"": ""terraform""}"
3.2599,prj-core-prod,cloudfinops-demo,Billing Account,USD,2026-08-01T00:00:00Z,2026-09-01T00:00:00Z,Usage,,Cloud Storage - Object Storage,Usage-Based,2026-08-30T00:00:00Z,2026-08-30T23:59:59Z,,,,9.882,GB-Month,3.2599,0.329883,3.2599,Google LLC,3.2599,0.329883,Standard,9.882,GB-Month,us-central1,Iowa,google/prj-data-lab/cloud-storage,cloud-storage-dev,Bucket,Storage,Object Storage,Cloud Storage,Google Cloud,GOO-CloudStorage,GOO-CloudSto-us-central1,prj-data-lab,projeto-dados,Subscription,"{""OwnerTeam"": ""redes"", ""Environment"": ""dev"", ""ManagedBy"": ""serverless""}"
3.8555,prj-core-prod,cloudfinops-demo,Billing Account,USD,2026-08-01T00:00:00Z,2026-09-01T00:00:00Z,Usage,,Cloud Storage - Object Storage,Usage-Based,2026-08-31T00:00:00Z,2026-08-31T23:59:59Z,,,,24.468,GB-Month,3.8555,0.157573,3.8555,Google LLC,3.8555,0.157573,Standard,24.468,GB-Month,us-central1,Iowa,google/prj-data-lab/cloud-storage,cloud-storage-dev,Bucket,Storage,Object Storage,Cloud Storage,Google Cloud,GOO-CloudStorage,GOO-CloudSto-us-central1,prj-data-lab,projeto-dados,Subscription,"{""OwnerTeam"": ""dados"", ""Environment"": ""dev"", ""ManagedBy"": ""cloudformation""}"
3.9149,prj-core-prod,cloudfinops-demo,Billing Account,USD,2026-09-01T00:00:00Z,2026-10-01T00:00:00Z,Usage,,Cloud Storage - Object Storage,Usage-Based,2026-09-01T00:00:00Z,2026-09-01T23:59:59Z,,,,10.296,GB-Month,3.9149,0.380235,3.9149,Google LLC,3.9149,0.380235,Standard,10.296,GB-Month,us-central1,Iowa,google/prj-data-lab/cloud-storage,cloud-storage-dev,Bucket,Storage,Object Storage,Cloud Storage,Google Cloud,GOO-CloudStorage,GOO-CloudSto-us-central1,prj-data-lab,projeto-dados,Subscription,"{""OwnerTeam"": ""backend"", ""Environment"": ""dev"", ""ManagedBy"": ""terraform""}"
3.8876,prj-core-prod,cloudfinops-demo,Billing Account,USD,2026-09-01T00:00:00Z,2026-10-01T00:00:00Z,Usage,,Cloud Storage - Object Storage,Usage-Based,2026-09-02T00:00:00Z,2026-09-02T23:59:59Z,,,,8.804,GB-Month,3.8876,0.441572,3.8876,Google LLC,3.8876,0.441572,Standard,8.804,GB-Month,us-central1,Iowa,google/prj-data-lab/cloud-storage,cloud-storage-dev,Bucket,Storage,Object Storage,Cloud Storage,Google Cloud,GOO-CloudStorage,GOO-CloudSto-us-central1,prj-data-lab,projeto-dados,Subscription,"{""OwnerTeam"": ""plataforma"", ""Environment"": ""dev"", ""ManagedBy"": ""manual""}"
4.1279,prj-core-prod,cloudfinops-demo,Billing Account,USD,2026-09-01T00:00:00Z,2026-10-01T00:00:00Z,Usage,,Cloud Storage - Object Storage,Usage-Based,2026-09-03T00:00:00Z,2026-09-03T23:59:59Z,,,,23.494,GB-Month,4.1279,0.1757,4.1279,Google LLC,4.1279,0.1757,Standard,23.494,GB-Month,us-central1,Iowa,google/prj-data-lab/cloud-storage,cloud-storage-dev,Bucket,Storage,Object Storage,Cloud Storage,Google Cloud,GOO-CloudStorage,GOO-CloudSto-us-central1,prj-data-lab,projeto-dados,Subscription,"{""OwnerTeam"": ""backend"", ""Environment"": ""dev"", ""ManagedBy"": ""cloudformation""}"
4.136,prj-core-prod,cloudfinops-demo,Billing Account,USD,2026-09-01T00:00:00Z,2026-10-01T00:00:00Z,Usage,,Cloud Storage - Object Storage,Usage-Based,2026-09-04T00:00:00Z,2026-09-04T23:59:59Z,,,,97.588,GB-Month,4.136,0.042382,4.136,Google LLC,4.136,0.042382,Standard,97.588,GB-Month,us-central1,Iowa,google/prj-data-lab/cloud-storage,cloud-storage-dev,Bucket,Storage,Object Storage,Cloud Storage,Google Cloud,GOO-CloudStorage,GOO-CloudSto-us-central1,prj-data-lab,projeto-dados,Subscription,"{""OwnerTeam"": ""dados"", ""Environment"": ""dev"", ""ManagedBy"": ""serverless""}"
3.4575,prj-core-prod,cloudfinops-demo,Billing Account,USD,2026-09-01T00:00:00Z,2026-10-01T00:00:00Z,Usage,,Cloud Storage - Object Storage,Usage-Based,2026-09-05T00:00:00Z,2026-09-05T23:59:59Z,,,,16.963,GB-Month,3.4575,0.203826,3.4575,Google LLC,3.4575,0.203826,Standard,16.963,GB-Month,us-central1,Iowa,google/prj-data-lab/cloud-storage,cloud-storage-dev,Bucket,Storage,Object Storage,Cloud Storage,Google Cloud,GOO-CloudStorage,GOO-CloudSto-us-central1,prj-data-lab,projeto-dados,Subscription,"{""OwnerTeam"": ""plataforma"", ""Environment"": ""dev"", ""ManagedBy"": ""serverless""}"
3.4696,prj-core-prod,cloudfinops-demo,Billing Account,USD,2026-09-01T00:00:00Z,2026-10-01T00:00:00Z,Usage,,Cloud Storage - Object Storage,Usage-Based,2026-09-06T00:00:00Z,2026-09-06T23:59:59Z,,,,43.606,GB-Month,3.4696,0.079567,3.4696,Google LLC,3.4696,0.079567,Standard,43.606,GB-Month,us-central1,Iowa,google/prj-data-lab/cloud-storage,cloud-storage-dev,Bucket,Storage,Object Storage,Cloud Storage,Google Cloud,GOO-CloudStorage,GOO-CloudSto-us-central1,prj-data-lab,projeto-dados,Subscription,"{""OwnerTeam"": ""dados"", ""Environment"": ""dev"", ""ManagedBy"": ""cloudformation""}"
3.9885,prj-core-prod,cloudfinops-demo,Billing Account,USD,2026-09-01T00:00:00Z,2026-10-01T00:00:00Z,Usage,,Cloud Storage - Object Storage,Usage-Based,2026-09-07T00:00:00Z,2026-09-07T23:59:59Z,,,,16.543,GB-Month,3.9885,0.241099,3.9885,Google LLC,3.9885,0.241099,Standard,16.543,GB-Month,us-central1,Iowa,google/prj-data-lab/cloud-storage,cloud-storage-dev,Bucket,Storage,Object Storage,Cloud Storage,Google Cloud,GOO-CloudStorage,GOO-CloudSto-us-central1,prj-data-lab,projeto-dados,Subscription,"{""OwnerTeam"": ""backend"", ""Environment"": ""dev"", ""ManagedBy"": ""terraform""}"
4.121,prj-core-prod,cloudfinops-demo,Billing Account,USD,2026-09-01T00:00:00Z,2026-10-01T00:00:00Z,Usage,,Cloud Storage - Object Storage,Usage-Based,2026-09-08T00:00:00Z,2026-09-08T23:59:59Z,,,,151.414,GB-Month,4.121,0.027217,4.121,Google LLC,4.121,0.027217,Standard,151.414,GB-Month,us-central1,Iowa,google/prj-data-lab/cloud-storage,cloud-storage-dev,Bucket,Storage,Object Storage,Cloud Storage,Google Cloud,GOO-CloudStorage,GOO-CloudSto-us-central1,prj-data-lab,projeto-dados,Subscription,"{""OwnerTeam"": ""redes"", ""Environment"": ""dev"", ""ManagedBy"": ""serverless""}"
3.926,prj-core-prod,cloudfinops-demo,Billing Account,USD,2026-09-01T00:00:00Z,2026-10-01T00:00:00Z,Usage,,Cloud Storage - Object Storage,Usage-Based,2026-09-09T00:00:00Z,2026-09-09T23:59:59Z,,,,14.517,GB-Month,3.926,0.270442,3.926,Google LLC,3.926,0.270442,Standard,14.517,GB-Month,us-central1,Iowa,google/prj-data-lab/cloud-storage,cloud-storage-dev,Bucket,Storage,Object Storage,Cloud Storage,Google Cloud,GOO-CloudStorage,GOO-CloudSto-us-central1,prj-data-lab,projeto-dados,Subscription,"{""OwnerTeam"": ""dados"", ""Environment"": ""dev"", ""ManagedBy"": ""terraform""}"
4.0066,prj-core-prod,cloudfinops-demo,Billing Account,USD,2026-09-01T00:00:00Z,2026-10-01T00:00:00Z,Usage,,Cloud Storage - Object Storage,Usage-Based,2026-09-10T00:00:00Z,2026-09-10T23:59:59Z,,,,18.307,GB-Month,4.0066,0.218856,4.0066,Google LLC,4.0066,0.218856,Standard,18.307,GB-Month,us-central1,Iowa,google/prj-data-lab/cloud-storage,cloud-storage-dev,Bucket,Storage,Object Storage,Cloud Storage,Google Cloud,GOO-CloudStorage,GOO-CloudSto-us-central1,prj-data-lab,projeto-dados,Subscription,"{""OwnerTeam"": ""backend"", ""Environment"": ""dev"", ""ManagedBy"": ""serverless""}"
3.9367,prj-core-prod,cloudfinops-demo,Billing Account,USD,2026-09-01T00:00:00Z,2026-10-01T00:00:00Z,Usage,,Cloud Storage - Object Storage,Usage-Based,2026-09-11T00:00:00Z,2026-09-11T23:59:59Z,,,,17.589,GB-Month,3.9367,0.223816,3.9367,Google LLC,3.9367,0.223816,Standard,17.589,GB-Month,us-central1,Iowa,google/prj-data-lab/cloud-storage,cloud-storage-dev,Bucket,Storage,Object Storage,Cloud Storage,Google Cloud,GOO-CloudStorage,GOO-CloudSto-us-central1,prj-data-lab,projeto-dados,Subscription,"{""OwnerTeam"": ""redes"", ""Environment"": ""dev"", ""ManagedBy"": ""serverless""}"
3.3954,prj-core-prod,cloudfinops-demo,Billing Account,USD,2026-09-01T00:00:00Z,2026-10-01T00:00:00Z,Usage,,Cloud Storage - Object Storage,Usage-Based,2026-09-12T00:00:00Z,2026-09-12T23:59:59Z,,,,10.957,GB-Month,3.3954,0.309884,3.3954,Google LLC,3.3954,0.309884,Standard,10.957,GB-Month,us-central1,Iowa,google/prj-data-lab/cloud-storage,cloud-storage-dev,Bucket,Storage,Object Storage,Cloud Storage,Google Cloud,GOO-CloudStorage,GOO-CloudSto-us-central1,prj-data-lab,projeto-dados,Subscription,"{""OwnerTeam"": ""redes"", ""Environment"": ""dev"", ""ManagedBy"": ""terraform""}"
3.4808,prj-core-prod,cloudfinops-demo,Billing Account,USD,2026-09-01T00:00:00Z,2026-10-01T00:00:00Z,Usage,,Cloud Storage - Object Storage,Usage-Based,2026-09-13T00:00:00Z,2026-09-13T23:59:59Z,,,,9.515,GB-Month,3.4808,0.365822,3.4808,Google LLC,3.4808,0.365822,Standard,9.515,GB-Month,us-central1,Iowa,google/prj-data-lab/cloud-storage,cloud-storage-dev,Bucket,Storage,Object Storage,Cloud Storage,Google Cloud,GOO-CloudStorage,GOO-CloudSto-us-central1,prj-data-lab,projeto-dados,Subscription,"{""OwnerTeam"": ""plataforma"", ""Environment"": ""dev"", ""ManagedBy"": ""cloudformation""}"
4.1322,prj-core-prod,cloudfinops-demo,Billing Account,USD,2026-09-01T00:00:00Z,2026-10-01T00:00:00Z,Usage,,Cloud Storage - Object Storage,Usage-Based,2026-09-14T00:00:00Z,2026-09-14T23:59:59Z,,,,14.789,GB-Month,4.1322,0.27941,4.1322,Google LLC,4.1322,0.27941,Standard,14.789,GB-Month,us-central1,Iowa,google/prj-data-lab/cloud-storage,cloud-storage-dev,Bucket,Storage,Object Storage,Cloud Storage,Google Cloud,GOO-CloudStorage,GOO-CloudSto-us-central1,prj-data-lab,projeto-dados,Subscription,"{""OwnerTeam"": ""backend"", ""Environment"": ""dev"", ""ManagedBy"": ""terraform""}"
3.963,prj-core-prod,cloudfinops-demo,Billing Account,USD,2026-09-01T00:00:00Z,2026-10-01T00:00:00Z,Usage,,Cloud Storage - Object Storage,Usage-Based,2026-09-15T00:00:00Z,2026-09-15T23:59:59Z,,,,11.157,GB-Month,3.963,0.355203,3.963,Google LLC,3.963,0.355203,Standard,11.157,GB-Month,us-central1,Iowa,google/prj-data-lab/cloud-storage,cloud-storage-dev,Bucket,Storage,Object Storage,Cloud Storage,Google Cloud,GOO-CloudStorage,GOO-CloudSto-us-central1,prj-data-lab,projeto-dados,Subscription,"{""OwnerTeam"": ""dados"", ""Environment"": ""dev"", ""ManagedBy"": ""manual""}"
4.0155,prj-core-prod,cloudfinops-demo,Billing Account,USD,2026-09-01T00:00:00Z,2026-10-01T00:00:00Z,Usage,,Cloud Storage - Object Storage,Usage-Based,2026-09-16T00:00:00Z,2026-09-16T23:59:59Z,,,,10.247,GB-Month,4.0155,0.391871,4.0155,Google LLC,4.0155,0.391871,Standard,10.247,GB-Month,us-central1,Iowa,google/prj-data-lab/cloud-storage,cloud-storage-dev,Bucket,Storage,Object Storage,Cloud Storage,Google Cloud,GOO-CloudStorage,GOO-CloudSto-us-central1,prj-data-lab,projeto-dados,Subscription,"{""OwnerTeam"": ""redes"", ""Environment"": ""dev"", ""ManagedBy"": ""cloudformation""}"
3.9691,prj-core-prod,cloudfinops-demo,Billing Account,USD,2026-09-01T00:00:00Z,2026-10-01T00:00:00Z,Usage,,Cloud Storage - Object Storage,Usage-Based,2026-09-17T00:00:00Z,2026-09-17T23:59:59Z,,,,12.083,GB-Month,3.9691,0.328486,3.9691,Google LLC,3.9691,0.328486,Standard,12.083,GB-Month,us-central1,Iowa,google/prj-data-lab/cloud-storage,cloud-storage-dev,Bucket,Storage,Object Storage,Cloud Storage,Google Cloud,GOO-CloudStorage,GOO-CloudSto-us-central1,prj-data-lab,projeto-dados,Subscription,"{""OwnerTeam"": ""dados"", ""Environment"": ""dev"", ""ManagedBy"": ""terraform""}"
4.0618,prj-core-prod,cloudfinops-demo,Billing Account,USD,2026-09-01T00:00:00Z,2026-10-01T00:00:00Z,Usage,,Cloud Storage - Object Storage,Usage-Based,2026-09-18T00:00:00Z,2026-09-18T23:59:59Z,,,,39.006,GB-Month,4.0618,0.104133,4.0618,Google LLC,4.0618,0.104133,Standard,39.006,GB-Month,us-central1,Iowa,google/prj-data-lab/cloud-storage,cloud-storage-dev,Bucket,Storage,Object Storage,Cloud Storage,Google Cloud,GOO-CloudStorage,GOO-CloudSto-us-central1,prj-data-lab,projeto-dados,Subscription,"{""OwnerTeam"": ""redes"", ""Environment"": ""dev"", ""ManagedBy"": ""manual""}"
3.4698,prj-core-prod,cloudfinops-demo,Billing Account,USD,2026-09-01T00:00:00Z,2026-10-01T00:00:00Z,Usage,,Cloud Storage - Object Storage,Usage-Based,2026-09-19T00:00:00Z,2026-09-19T23:59:59Z,,,,8.909,GB-Month,3.4698,0.389471,3.4698,Google LLC,3.4698,0.389471,Standard,8.909,GB-Month,us-central1,Iowa,google/prj-data-lab/cloud-storage,cloud-storage-dev,Bucket,Storage,Object Storage,Cloud Storage,Google Cloud,GOO-CloudStorage,GOO-CloudSto-us-central1,prj-data-lab,projeto-dados,Subscription,"{""OwnerTeam"": ""backend"", ""Environment"": ""dev"", ""ManagedBy"": ""cloudformation""}"
3.3159,prj-core-prod,cloudfinops-demo,Billing Account,USD,2026-09-01T00:00:00Z,2026-10-01T00:00:00Z,Usage,,Cloud Storage - Object Storage,Usage-Based,2026-09-20T00:00:00Z,2026-09-20T23:59:59Z,,,,30.964,GB-Month,3.3159,0.107089,3.3159,Google LLC,3.3159,0.107089,Standard,30.964,GB-Month,us-central1,Iowa,google/prj-data-lab/cloud-storage,cloud-storage-dev,Bucket,Storage,Object Storage,Cloud Storage,Google Cloud,GOO-CloudStorage,GOO-CloudSto-us-central1,prj-data-lab,projeto-dados,Subscription,"{""OwnerTeam"": ""redes"", ""Environment"": ""dev"", ""ManagedBy"": ""cloudformation""}"
3.9594,prj-core-prod,cloudfinops-demo,Billing Account,USD,2026-09-01T00:00:00Z,2026-10-01T00:00:00Z,Usage,,Cloud Storage - Object Storage,Usage-Based,2026-09-21T00:00:00Z,2026-09-21T23:59:59Z,,,,11.323,GB-Month,3.9594,0.349678,3.9594,Google LLC,3.9594,0.349678,Standard,11.323,GB-Month,us-central1,Iowa,google/prj-data-lab/cloud-storage,cloud-storage-dev,Bucket,Storage,Object Storage,Cloud Storage,Google Cloud,GOO-CloudStorage,GOO-CloudSto-us-central1,prj-data-lab,projeto-dados,Subscription,"{""OwnerTeam"": ""dados"", ""Environment"": ""dev"", ""ManagedBy"": ""cloudformation""}"
4.0212,prj-core-prod,cloudfinops-demo,Billing Account,USD,2026-09-01T00:00:00Z,2026-10-01T00:00:00Z,Usage,,Cloud Storage - Object Storage,Usage-Based,2026-09-22T00:00:00Z,2026-09-22T23:59:59Z,,,,10.946,GB-Month,4.0212,0.367367,4.0212,Google LLC,4.0212,0.367367,Standard,10.946,GB-Month,us-central1,Iowa,google/prj-data-lab/cloud-storage,cloud-storage-dev,Bucket,Storage,Object Storage,Cloud Storage,Google Cloud,GOO-CloudStorage,GOO-CloudSto-us-central1,prj-data-lab,projeto-dados,Subscription,"{""OwnerTeam"": ""plataforma"", ""Environment"": ""dev"", ""ManagedBy"": ""terraform""}"
3.9821,prj-core-prod,cloudfinops-demo,Billing Account,USD,2026-09-01T00:00:00Z,2026-10-01T00:00:00Z,Usage,,Cloud Storage - Object Storage,Usage-Based,2026-09-23T00:00:00Z,2026-09-23T23:59:59Z,,,,38.906,GB-Month,3.9821,0.102352,3.9821,Google LLC,3.9821,0.102352,Standard,38.906,GB-Month,us-central1,Iowa,google/prj-data-lab/cloud-storage,cloud-storage-dev,Bucket,Storage,Object Storage,Cloud Storage,Google Cloud,GOO-CloudStorage,GOO-CloudSto-us-central1,prj-data-lab,projeto-dados,Subscription,"{""OwnerTeam"": ""dados"", ""Environment"": ""dev"", ""ManagedBy"": ""terraform""}"
4.0161,prj-core-prod,cloudfinops-demo,Billing Account,USD,2026-09-01T00:00:00Z,2026-10-01T00:00:00Z,Usage,,Cloud Storage - Object Storage,Usage-Based,2026-09-24T00:00:00Z,2026-09-24T23:59:59Z,,,,20.151,GB-Month,4.0161,0.1993,4.0161,Google LLC,4.0161,0.1993,Standard,20.151,GB-Month,us-central1,Iowa,google/prj-data-lab/cloud-storage,cloud-storage-dev,Bucket,Storage,Object Storage,Cloud Storage,Google Cloud,GOO-CloudStorage,GOO-CloudSto-us-central1,prj-data-lab,projeto-dados,Subscription,"{""OwnerTeam"": ""plataforma"", ""Environment"": ""dev"", ""ManagedBy"": ""cloudformation""}"
3.9084,prj-core-prod,cloudfinops-demo,Billing Account,USD,2026-09-01T00:00:00Z,2026-10-01T00:00:00Z,Usage,,Cloud Storage - Object Storage,Usage-Based,2026-09-25T00:00:00Z,2026-09-25T23:59:59Z,,,,15.57,GB-Month,3.9084,0.251021,3.9084,Google LLC,3.9084,0.251021,Standard,15.57,GB-Month,us-central1,Iowa,google/prj-data-lab/cloud-storage,cloud-storage-dev,Bucket,Storage,Object Storage,Cloud Storage,Google Cloud,GOO-CloudStorage,GOO-CloudSto-us-central1,prj-data-lab,projeto-dados,Subscription,"{""OwnerTeam"": ""dados"", ""Environment"": ""dev"", ""ManagedBy"": ""serverless""}"
3.4036,prj-core-prod,cloudfinops-demo,Billing Account,USD,2026-09-01T00:00:00Z,2026-10-01T00:00:00Z,Usage,,Cloud Storage - Object Storage,Usage-Based,2026-09-26T00:00:00Z,2026-09-26T23:59:59Z,,,,10.76,GB-Month,3.4036,0.31632,3.4036,Google LLC,3.4036,0.31632,Standard,10.76,GB-Month,us-central1,Iowa,google/prj-data-lab/cloud-storage,cloud-storage-dev,Bucket,Storage,Object Storage,Cloud Storage,Google Cloud,GOO-CloudStorage,GOO-CloudSto-us-central1,prj-data-lab,projeto-dados,Subscription,"{""OwnerTeam"": ""redes"", ""Environment"": ""dev"", ""ManagedBy"": ""cloudformation""}"
3.3992,prj-core-prod,cloudfinops-demo,Billing Account,USD,2026-09-01T00:00:00Z,2026-10-01T00:00:00Z,Usage,,Cloud Storage - Object Storage,Usage-Based,2026-09-27T00:00:00Z,2026-09-27T23:59:59Z,,,,25.82,GB-Month,3.3992,0.13165,3.3992,Google LLC,3.3992,0.13165,Standard,25.82,GB-Month,us-central1,Iowa,google/prj-data-lab/cloud-storage,cloud-storage-dev,Bucket,Storage,Object Storage,Cloud Storage,Google Cloud,GOO-CloudStorage,GOO-CloudSto-us-central1,prj-data-lab,projeto-dados,Subscription,"{""OwnerTeam"": ""backend"", ""Environment"": ""dev"", ""ManagedBy"": ""manual""}"
3.9056,prj-core-prod,cloudfinops-demo,Billing Account,USD,2026-09-01T00:00:00Z,2026-10-01T00:00:00Z,Usage,,Cloud Storage - Object Storage,Usage-Based,2026-09-28T00:00:00Z,2026-09-28T23:59:59Z,,,,26.638,GB-Month,3.9056,0.146618,3.9056,Google LLC,3.9056,0.146618,Standard,26.638,GB-Month,us-central1,Iowa,google/prj-data-lab/cloud-storage,cloud-storage-dev,Bucket,Storage,Object Storage,Cloud Storage,Google Cloud,GOO-CloudStorage,GOO-CloudSto-us-central1,prj-data-lab,projeto-dados,Subscription,"{""OwnerTeam"": ""backend"", ""Environment"": ""dev"", ""ManagedBy"": ""cloudformation""}"
4.0686,prj-core-prod,cloudfinops-demo,Billing Account,USD,2026-09-01T00:00:00Z,2026-10-01T00:00:00Z,Usage,,Cloud Storage - Object Storage,Usage-Based,2026-09-29T00:00:00Z,2026-09-29T23:59:59Z,,,,17.353,GB-Month,4.0686,0.234461,4.0686,Google LLC,4.0686,0.234461,Standard,17.353,GB-Month,us-central1,Iowa,google/prj-data-lab/cloud-storage,cloud-storage-dev,Bucket,Storage,Object Storage,Cloud Storage,Google Cloud,GOO-CloudStorage,GOO-CloudSto-us-central1,prj-data-lab,projeto-dados,Subscription,"{""OwnerTeam"": ""plataforma"", ""Environment"": ""dev"", ""ManagedBy"": ""cloudformation""}"
4.0953,prj-core-prod,cloudfinops-demo,Billing Account,USD,2026-09-01T00:00:00Z,2026-10-01T00:00:00Z,Usage,,Cloud Storage - Object Storage,Usage-Based,2026-09-30T00:00:00Z,2026-09-30T23:59:59Z,,,,21.259,GB-Month,4.0953,0.192638,4.0953,Google LLC,4.0953,0.192638,Standard,21.259,GB-Month,us-central1,Iowa,google/prj-data-lab/cloud-storage,cloud-storage-dev,Bucket,Storage,Object Storage,Cloud Storage,Google Cloud,GOO-CloudStorage,GOO-CloudSto-us-central1,prj-data-lab,projeto-dados,Subscription,"{""OwnerTeam"": ""redes"", ""Environment"": ""dev"", ""ManagedBy"": ""serverless""}"
3.8082,prj-core-prod,cloudfinops-demo,Billing Account,USD,2026-10-01T00:00:00Z,2026-11-01T00:00:00Z,Usage,,Cloud Storage - Object Storage,Usage-Based,2026-10-01T00:00:00Z,2026-10-01T23:59:59Z,,,,18.938,GB-Month,3.8082,0.201088,3.8082,Google LLC,3.8082,0.201088,Standard,18.938,GB-Month,us-central1,Iowa,google/prj-data-lab/cloud-storage,cloud-storage-dev,Bucket,Storage,Object Storage,Cloud Storage,Google Cloud,GOO-CloudStorage,GOO-CloudSto-us-central1,prj-data-lab,projeto-dados,Subscription,"{""OwnerTeam"": ""redes"", ""Environment"": ""dev"", ""ManagedBy"": ""cloudformation""}"
4.0685,prj-core-prod,cloudfinops-demo,Billing Account,USD,2026-10-01T00:00:00Z,2026-11-01T00:00:00Z,Usage,,Cloud Storage - Object Storage,Usage-Based,2026-10-02T00:00:00Z,2026-10-02T23:59:59Z,,,,16.323,GB-Month,4.0685,0.24925,4.0685,Google LLC,4.0685,0.24925,Standard,16.323,GB-Month,us-central1,Iowa,google/prj-data-lab/cloud-storage,cloud-storage-dev,Bucket,Storage,Object Storage,Cloud Storage,Google Cloud,GOO-CloudStorage,GOO-CloudSto-us-central1,prj-data-lab,projeto-dados,Subscription,"{""OwnerTeam"": ""dados"", ""Environment"": ""dev"", ""ManagedBy"": ""terraform""}"
3.2028,prj-core-prod,cloudfinops-demo,Billing Account,USD,2026-10-01T00:00:00Z,2026-11-01T00:00:00Z,Usage,,Cloud Storage - Object Storage,Usage-Based,2026-10-03T00:00:00Z,2026-10-03T23:59:59Z,,,,31.51,GB-Month,3.2028,0.101644,3.2028,Google LLC,3.2028,0.101644,Standard,31.51,GB-Month,us-central1,Iowa,google/prj-data-lab/cloud-storage,cloud-storage-dev,Bucket,Storage,Object Storage,Cloud Storage,Google Cloud,GOO-CloudStorage,GOO-CloudSto-us-central1,prj-data-lab,projeto-dados,Subscription,"{""OwnerTeam"": ""plataforma"", ""Environment"": ""dev"", ""ManagedBy"": ""manual""}"
4.0258,prj-core-prod,cloudfinops-demo,Billing Account,USD,2026-08-01T00:00:00Z,2026-09-01T00:00:00Z,Usage,,Cloud NAT - Network Address Translation,Usage-Based,2026-08-01T00:00:00Z,2026-08-01T23:59:59Z,,,,12.608,GB,4.0258,0.319305,4.0258,Google LLC,4.0258,0.319305,Standard,12.608,GB,southamerica-east1,Sao Paulo,google/prj-core-prod/cloud-nat,cloud-nat-prod,NAT Gateway,Networking,Network Address Translation,Cloud NAT,Google Cloud,GOO-CloudNAT,GOO-CloudNAT-southamerica-east1,prj-core-prod,projeto-core,Subscription,"{""OwnerTeam"": ""plataforma"", ""Environment"": ""prod""}"
3.9279,prj-core-prod,cloudfinops-demo,Billing Account,USD,2026-08-01T00:00:00Z,2026-09-01T00:00:00Z,Usage,,Cloud NAT - Network Address Translation,Usage-Based,2026-08-02T00:00:00Z,2026-08-02T23:59:59Z,,,,12.11,GB,3.9279,0.324352,3.9279,Google LLC,3.9279,0.324352,Standard,12.11,GB,southamerica-east1,Sao Paulo,google/prj-core-prod/cloud-nat,cloud-nat-prod,NAT Gateway,Networking,Network Address Translation,Cloud NAT,Google Cloud,GOO-CloudNAT,GOO-CloudNAT-southamerica-east1,prj-core-prod,projeto-core,Subscription,"{""OwnerTeam"": ""plataforma"", ""Environment"": ""prod""}"
4.6497,prj-core-prod,cloudfinops-demo,Billing Account,USD,2026-08-01T00:00:00Z,2026-09-01T00:00:00Z,Usage,,Cloud NAT - Network Address Translation,Usage-Based,2026-08-03T00:00:00Z,2026-08-03T23:59:59Z,,,,14.462,GB,4.6497,0.321512,4.6497,Google LLC,4.6497,0.321512,Standard,14.462,GB,southamerica-east1,Sao Paulo,google/prj-core-prod/cloud-nat,cloud-nat-prod,NAT Gateway,Networking,Network Address Translation,Cloud NAT,Google Cloud,GOO-CloudNAT,GOO-CloudNAT-southamerica-east1,prj-core-prod,projeto-core,Subscription,"{""OwnerTeam"": ""dados"", ""Environment"": ""prod""}"
4.6834,prj-core-prod,cloudfinops-demo,Billing Account,USD,2026-08-01T00:00:00Z,2026-09-01T00:00:00Z,Usage,,Cloud NAT - Network Address Translation,Usage-Based,2026-08-04T00:00:00Z,2026-08-04T23:59:59Z,,,,11.818,GB,4.6834,0.396294,4.6834,Google LLC,4.6834,0.396294,Standard,11.818,GB,southamerica-east1,Sao Paulo,google/prj-core-prod/cloud-nat,cloud-nat-prod,NAT Gateway,Networking,Network Address Translation,Cloud NAT,Google Cloud,GOO-CloudNAT,GOO-CloudNAT-southamerica-east1,prj-core-prod,projeto-core,Subscription,"{""OwnerTeam"": ""backend"", ""Environment"": ""prod""}"
4.6994,prj-core-prod,cloudfinops-demo,Billing Account,USD,2026-08-01T00:00:00Z,2026-09-01T00:00:00Z,Usage,,Cloud NAT - Network Address Translation,Usage-Based,2026-08-05T00:00:00Z,2026-08-05T23:59:59Z,,,,89.667,GB,4.6994,0.052409,4.6994,Google LLC,4.6994,0.052409,Standard,89.667,GB,southamerica-east1,Sao Paulo,google/prj-core-prod/cloud-nat,cloud-nat-prod,NAT Gateway,Networking,Network Address Translation,Cloud NAT,Google Cloud,GOO-CloudNAT,GOO-CloudNAT-southamerica-east1,prj-core-prod,projeto-core,Subscription,"{""OwnerTeam"": ""dados"", ""Environment"": ""prod""}"
4.7273,prj-core-prod,cloudfinops-demo,Billing Account,USD,2026-08-01T00:00:00Z,2026-09-01T00:00:00Z,Usage,,Cloud NAT - Network Address Translation,Usage-Based,2026-08-06T00:00:00Z,2026-08-06T23:59:59Z,,,,27.699,GB,4.7273,0.170667,4.7273,Google LLC,4.7273,0.170667,Standard,27.699,GB,southamerica-east1,Sao Paulo,google/prj-core-prod/cloud-nat,cloud-nat-prod,NAT Gateway,Networking,Network Address Translation,Cloud NAT,Google Cloud,GOO-CloudNAT,GOO-CloudNAT-southamerica-east1,prj-core-prod,projeto-core,Subscription,"{""OwnerTeam"": ""backend"", ""Environment"": ""prod""}"
4.8957,prj-core-prod,cloudfinops-demo,Billing Account,USD,2026-08-01T00:00:00Z,2026-09-01T00:00:00Z,Usage,,Cloud NAT - Network Address Translation,Usage-Based,2026-08-07T00:00:00Z,2026-08-07T23:59:59Z,,,,29.096,GB,4.8957,0.16826,4.8957,Google LLC,4.8957,0.16826,Standard,29.096,GB,southamerica-east1,Sao Paulo,google/prj-core-prod/cloud-nat,cloud-nat-prod,NAT Gateway,Networking,Network Address Translation,Cloud NAT,Google Cloud,GOO-CloudNAT,GOO-CloudNAT-southamerica-east1,prj-core-prod,projeto-core,Subscription,"{""OwnerTeam"": ""backend"", ""Environment"": ""prod""}"
3.9792,prj-core-prod,cloudfinops-demo,Billing Account,USD,2026-08-01T00:00:00Z,2026-09-01T00:00:00Z,Usage,,Cloud NAT - Network Address Translation,Usage-Based,2026-08-08T00:00:00Z,2026-08-08T23:59:59Z,,,,18.514,GB,3.9792,0.214929,3.9792,Google LLC,3.9792,0.214929,Standard,18.514,GB,southamerica-east1,Sao Paulo,google/prj-core-prod/cloud-nat,cloud-nat-prod,NAT Gateway,Networking,Network Address Translation,Cloud NAT,Google Cloud,GOO-CloudNAT,GOO-CloudNAT-southamerica-east1,prj-core-prod,projeto-core,Subscription,"{""OwnerTeam"": ""plataforma"", ""Environment"": ""prod""}"
3.9325,prj-core-prod,cloudfinops-demo,Billing Account,USD,2026-08-01T00:00:00Z,2026-09-01T00:00:00Z,Usage,,Cloud NAT - Network Address Translation,Usage-Based,2026-08-09T00:00:00Z,2026-08-09T23:59:59Z,,,,17.644,GB,3.9325,0.22288,3.9325,Google LLC,3.9325,0.22288,Standard,17.644,GB,southamerica-east1,Sao Paulo,google/prj-core-prod/cloud-nat,cloud-nat-prod,NAT Gateway,Networking,Network Address Translation,Cloud NAT,Google Cloud,GOO-CloudNAT,GOO-CloudNAT-southamerica-east1,prj-core-prod,projeto-core,Subscription,"{""OwnerTeam"": ""plataforma"", ""Environment"": ""prod""}"
4.717,prj-core-prod,cloudfinops-demo,Billing Account,USD,2026-08-01T00:00:00Z,2026-09-01T00:00:00Z,Usage,,Cloud NAT - Network Address Translation,Usage-Based,2026-08-10T00:00:00Z,2026-08-10T23:59:59Z,,,,11.943,GB,4.717,0.394959,4.717,Google LLC,4.717,0.394959,Standard,11.943,GB,southamerica-east1,Sao Paulo,google/prj-core-prod/cloud-nat,cloud-nat-prod,NAT Gateway,Networking,Network Address Translation,Cloud NAT,Google Cloud,GOO-CloudNAT,GOO-CloudNAT-southamerica-east1,prj-core-prod,projeto-core,Subscription,"{""OwnerTeam"": ""backend"", ""Environment"": ""prod""}"
4.7698,prj-core-prod,cloudfinops-demo,Billing Account,USD,2026-08-01T00:00:00Z,2026-09-01T00:00:00Z,Usage,,Cloud NAT - Network Address Translation,Usage-Based,2026-08-11T00:00:00Z,2026-08-11T23:59:59Z,,,,49.204,GB,4.7698,0.096939,4.7698,Google LLC,4.7698,0.096939,Standard,49.204,GB,southamerica-east1,Sao Paulo,google/prj-core-prod/cloud-nat,cloud-nat-prod,NAT Gateway,Networking,Network Address Translation,Cloud NAT,Google Cloud,GOO-CloudNAT,GOO-CloudNAT-southamerica-east1,prj-core-prod,projeto-core,Subscription,"{""OwnerTeam"": ""backend"", ""Environment"": ""prod""}"
4.7776,prj-core-prod,cloudfinops-demo,Billing Account,USD,2026-08-01T00:00:00Z,2026-09-01T00:00:00Z,Usage,,Cloud NAT - Network Address Translation,Usage-Based,2026-08-12T00:00:00Z,2026-08-12T23:59:59Z,,,,36.165,GB,4.7776,0.132106,4.7776,Google LLC,4.7776,0.132106,Standard,36.165,GB,southamerica-east1,Sao Paulo,google/prj-core-prod/cloud-nat,cloud-nat-prod,NAT Gateway,Networking,Network Address Translation,Cloud NAT,Google Cloud,GOO-CloudNAT,GOO-CloudNAT-southamerica-east1,prj-core-prod,projeto-core,Subscription,"{""OwnerTeam"": ""plataforma"", ""Environment"": ""prod""}"
4.783,prj-core-prod,cloudfinops-demo,Billing Account,USD,2026-08-01T00:00:00Z,2026-09-01T00:00:00Z,Usage,,Cloud NAT - Network Address Translation,Usage-Based,2026-08-13T00:00:00Z,2026-08-13T23:59:59Z,,,,16.401,GB,4.783,0.291629,4.783,Google LLC,4.783,0.291629,Standard,16.401,GB,southamerica-east1,Sao Paulo,google/prj-core-prod/cloud-nat,cloud-nat-prod,NAT Gateway,Networking,Network Address Translation,Cloud NAT,Google Cloud,GOO-CloudNAT,GOO-CloudNAT-southamerica-east1,prj-core-prod,projeto-core,Subscription,"{""OwnerTeam"": ""plataforma"", ""Environment"": ""prod""}"
4.8754,prj-core-prod,cloudfinops-demo,Billing Account,USD,2026-08-01T00:00:00Z,2026-09-01T00:00:00Z,Usage,,Cloud NAT - Network Address Translation,Usage-Based,2026-08-14T00:00:00Z,2026-08-14T23:59:59Z,,,,58.5,GB,4.8754,0.08334,4.8754,Google LLC,4.8754,0.08334,Standard,58.5,GB,southamerica-east1,Sao Paulo,google/prj-core-prod/cloud-nat,cloud-nat-prod,NAT Gateway,Networking,Network Address Translation,Cloud NAT,Google Cloud,GOO-CloudNAT,GOO-CloudNAT-southamerica-east1,prj-core-prod,projeto-core,Subscription,"{""OwnerTeam"": ""redes"", ""Environment"": ""prod""}"
4.1678,prj-core-prod,cloudfinops-demo,Billing Account,USD,2026-08-01T00:00:00Z,2026-09-01T00:00:00Z,Usage,,Cloud NAT - Network Address Translation,Usage-Based,2026-08-15T00:00:00Z,2026-08-15T23:59:59Z,,,,23.643,GB,4.1678,0.176281,4.1678,Google LLC,4.1678,0.176281,Standard,23.643,GB,southamerica-east1,Sao Paulo,google/prj-core-prod/cloud-nat,cloud-nat-prod,NAT Gateway,Networking,Network Address Translation,Cloud NAT,Google Cloud,GOO-CloudNAT,GOO-CloudNAT-southamerica-east1,prj-core-prod,projeto-core,Subscription,"{""OwnerTeam"": ""redes"", ""Environment"": ""prod""}"
4.1906,prj-core-prod,cloudfinops-demo,Billing Account,USD,2026-08-01T00:00:00Z,2026-09-01T00:00:00Z,Usage,,Cloud NAT - Network Address Translation,Usage-Based,2026-08-16T00:00:00Z,2026-08-16T23:59:59Z,,,,35.445,GB,4.1906,0.118228,4.1906,Google LLC,4.1906,0.118228,Standard,35.445,GB,southamerica-east1,Sao Paulo,google/prj-core-prod/cloud-nat,cloud-nat-prod,NAT Gateway,Networking,Network Address Translation,Cloud NAT,Google Cloud,GOO-CloudNAT,GOO-CloudNAT-southamerica-east1,prj-core-prod,projeto-core,Subscription,"{""OwnerTeam"": ""redes"", ""Environment"": ""prod""}"
4.7092,prj-core-prod,cloudfinops-demo,Billing Account,USD,2026-08-01T00:00:00Z,2026-09-01T00:00:00Z,Usage,,Cloud NAT - Network Address Translation,Usage-Based,2026-08-17T00:00:00Z,2026-08-17T23:59:59Z,,,,10.506,GB,4.7092,0.448239,4.7092,Google LLC,4.7092,0.448239,Standard,10.506,GB,southamerica-east1,Sao Paulo,google/prj-core-prod/cloud-nat,cloud-nat-prod,NAT Gateway,Networking,Network Address Translation,Cloud NAT,Google Cloud,GOO-CloudNAT,GOO-CloudNAT-southamerica-east1,prj-core-prod,projeto-core,Subscription,"{""OwnerTeam"": ""backend"", ""Environment"": ""prod""}"
4.8782,prj-core-prod,cloudfinops-demo,Billing Account,USD,2026-08-01T00:00:00Z,2026-09-01T00:00:00Z,Usage,,Cloud NAT - Network Address Translation,Usage-Based,2026-08-18T00:00:00Z,2026-08-18T23:59:59Z,,,,13.764,GB,4.8782,0.354417,4.8782,Google LLC,4.8782,0.354417,Standard,13.764,GB,southamerica-east1,Sao Paulo,google/prj-core-prod/cloud-nat,cloud-nat-prod,NAT Gateway,Networking,Network Address Translation,Cloud NAT,Google Cloud,GOO-CloudNAT,GOO-CloudNAT-southamerica-east1,prj-core-prod,projeto-core,Subscription,"{""OwnerTeam"": ""backend"", ""Environment"": ""prod""}"
4.8645,prj-core-prod,cloudfinops-demo,Billing Account,USD,2026-08-01T00:00:00Z,2026-09-01T00:00:00Z,Usage,,Cloud NAT - Network Address Translation,Usage-Based,2026-08-19T00:00:00Z,2026-08-19T23:59:59Z,,,,13.519,GB,4.8645,0.359827,4.8645,Google LLC,4.8645,0.359827,Standard,13.519,GB,southamerica-east1,Sao Paulo,google/prj-core-prod/cloud-nat,cloud-nat-prod,NAT Gateway,Networking,Network Address Translation,Cloud NAT,Google Cloud,GOO-CloudNAT,GOO-CloudNAT-southamerica-east1,prj-core-prod,projeto-core,Subscription,"{""OwnerTeam"": ""plataforma"", ""Environment"": ""prod""}"
4.6635,prj-core-prod,cloudfinops-demo,Billing Account,USD,2026-08-01T00:00:00Z,2026-09-01T00:00:00Z,Usage,,Cloud NAT - Network Address Translation,Usage-Based,2026-08-20T00:00:00Z,2026-08-20T23:59:59Z,,,,18.821,GB,4.6635,0.247782,4.6635,Google LLC,4.6635,0.247782,Standard,18.821,GB,southamerica-east1,Sao Paulo,google/prj-core-prod/cloud-nat,cloud-nat-prod,NAT Gateway,Networking,Network Address Translation,Cloud NAT,Google Cloud,GOO-CloudNAT,GOO-CloudNAT-southamerica-east1,prj-core-prod,projeto-core,Subscription,"{""OwnerTeam"": ""plataforma"", ""Environment"": ""prod""}"
4.7312,prj-core-prod,cloudfinops-demo,Billing Account,USD,2026-08-01T00:00:00Z,2026-09-01T00:00:00Z,Usage,,Cloud NAT - Network Address Translation,Usage-Based,2026-08-21T00:00:00Z,2026-08-21T23:59:59Z,,,,12.466,GB,4.7312,0.379528,4.7312,Google LLC,4.7312,0.379528,Standard,12.466,GB,southamerica-east1,Sao Paulo,google/prj-core-prod/cloud-nat,cloud-nat-prod,NAT Gateway,Networking,Network Address Translation,Cloud NAT,Google Cloud,GOO-CloudNAT,GOO-CloudNAT-southamerica-east1,prj-core-prod,projeto-core,Subscription,"{""OwnerTeam"": ""plataforma"", ""Environment"": ""prod""}"
4.0965,prj-core-prod,cloudfinops-demo,Billing Account,USD,2026-08-01T00:00:00Z,2026-09-01T00:00:00Z,Usage,,Cloud NAT - Network Address Translation,Usage-Based,2026-08-22T00:00:00Z,2026-08-22T23:59:59Z,,,,38.979,GB,4.0965,0.105095,4.0965,Google LLC,4.0965,0.105095,Standard,38.979,GB,southamerica-east1,Sao Paulo,google/prj-core-prod/cloud-nat,cloud-nat-prod,NAT Gateway,Networking,Network Address Translation,Cloud NAT,Google Cloud,GOO-CloudNAT,GOO-CloudNAT-southamerica-east1,prj-core-prod,projeto-core,Subscription,"{""OwnerTeam"": ""backend"", ""Environment"": ""prod""}"
4.0238,prj-core-prod,cloudfinops-demo,Billing Account,USD,2026-08-01T00:00:00Z,2026-09-01T00:00:00Z,Usage,,Cloud NAT - Network Address Translation,Usage-Based,2026-08-23T00:00:00Z,2026-08-23T23:59:59Z,,,,61.864,GB,4.0238,0.065043,4.0238,Google LLC,4.0238,0.065043,Standard,61.864,GB,southamerica-east1,Sao Paulo,google/prj-core-prod/cloud-nat,cloud-nat-prod,NAT Gateway,Networking,Network Address Translation,Cloud NAT,Google Cloud,GOO-CloudNAT,GOO-CloudNAT-southamerica-east1,prj-core-prod,projeto-core,Subscription,"{""OwnerTeam"": ""plataforma"", ""Environment"": ""prod""}"
4.9017,prj-core-prod,cloudfinops-demo,Billing Account,USD,2026-08-01T00:00:00Z,2026-09-01T00:00:00Z,Usage,,Cloud NAT - Network Address Translation,Usage-Based,2026-08-24T00:00:00Z,2026-08-24T23:59:59Z,,,,32.284,GB,4.9017,0.151831,4.9017,Google LLC,4.9017,0.151831,Standard,32.284,GB,southamerica-east1,Sao Paulo,google/prj-core-prod/cloud-nat,cloud-nat-prod,NAT Gateway,Networking,Network Address Translation,Cloud NAT,Google Cloud,GOO-CloudNAT,GOO-CloudNAT-southamerica-east1,prj-core-prod,projeto-core,Subscription,"{""OwnerTeam"": ""redes"", ""Environment"": ""prod""}"
4.9279,prj-core-prod,cloudfinops-demo,Billing Account,USD,2026-08-01T00:00:00Z,2026-09-01T00:00:00Z,Usage,,Cloud NAT - Network Address Translation,Usage-Based,2026-08-25T00:00:00Z,2026-08-25T23:59:59Z,,,,106.192,GB,4.9279,0.046406,4.9279,Google LLC,4.9279,0.046406,Standard,106.192,GB,southamerica-east1,Sao Paulo,google/prj-core-prod/cloud-nat,cloud-nat-prod,NAT Gateway,Networking,Network Address Translation,Cloud NAT,Google Cloud,GOO-CloudNAT,GOO-CloudNAT-southamerica-east1,prj-core-prod,projeto-core,Subscription,"{""OwnerTeam"": ""backend"", ""Environment"": ""prod""}"
4.9274,prj-core-prod,cloudfinops-demo,Billing Account,USD,2026-08-01T00:00:00Z,2026-09-01T00:00:00Z,Usage,,Cloud NAT - Network Address Translation,Usage-Based,2026-08-26T00:00:00Z,2026-08-26T23:59:59Z,,,,18.103,GB,4.9274,0.272187,4.9274,Google LLC,4.9274,0.272187,Standard,18.103,GB,southamerica-east1,Sao Paulo,google/prj-core-prod/cloud-nat,cloud-nat-prod,NAT Gateway,Networking,Network Address Translation,Cloud NAT,Google Cloud,GOO-CloudNAT,GOO-CloudNAT-southamerica-east1,prj-core-prod,projeto-core,Subscription,"{""OwnerTeam"": ""dados"", ""Environment"": ""prod""}"
4.8962,prj-core-prod,cloudfinops-demo,Billing Account,USD,2026-08-01T00:00:00Z,2026-09-01T00:00:00Z,Usage,,Cloud NAT - Network Address Translation,Usage-Based,2026-08-27T00:00:00Z,2026-08-27T23:59:59Z,,,,46.221,GB,4.8962,0.10593,4.8962,Google LLC,4.8962,0.10593,Standard,46.221,GB,southamerica-east1,Sao Paulo,google/prj-core-prod/cloud-nat,cloud-nat-prod,NAT Gateway,Networking,Network Address Translation,Cloud NAT,Google Cloud,GOO-CloudNAT,GOO-CloudNAT-southamerica-east1,prj-core-prod,projeto-core,Subscription,"{""OwnerTeam"": ""plataforma"", ""Environment"": ""prod""}"
4.7063,prj-core-prod,cloudfinops-demo,Billing Account,USD,2026-08-01T00:00:00Z,2026-09-01T00:00:00Z,Usage,,Cloud NAT - Network Address Translation,Usage-Based,2026-08-28T00:00:00Z,2026-08-28T23:59:59Z,,,,16.55,GB,4.7063,0.284369,4.7063,Google LLC,4.7063,0.284369,Standard,16.55,GB,southamerica-east1,Sao Paulo,google/prj-core-prod/cloud-nat,cloud-nat-prod,NAT Gateway,Networking,Network Address Translation,Cloud NAT,Google Cloud,GOO-CloudNAT,GOO-CloudNAT-southamerica-east1,prj-core-prod,projeto-core,Subscription,"{""OwnerTeam"": ""redes"", ""Environment"": ""prod""}"
4.1177,prj-core-prod,cloudfinops-demo,Billing Account,USD,2026-08-01T00:00:00Z,2026-09-01T00:00:00Z,Usage,,Cloud NAT - Network Address Translation,Usage-Based,2026-08-29T00:00:00Z,2026-08-29T23:59:59Z,,,,15.688,GB,4.1177,0.262475,4.1177,Google LLC,4.1177,0.262475,Standard,15.688,GB,southamerica-east1,Sao Paulo,google/prj-core-prod/cloud-nat,cloud-nat-prod,NAT Gateway,Networking,Network Address Translation,Cloud NAT,Google Cloud,GOO-CloudNAT,GOO-CloudNAT-southamerica-east1,prj-core-prod,projeto-core,Subscription,"{""OwnerTeam"": ""plataforma"", ""Environment"": ""prod""}"
4.0384,prj-core-prod,cloudfinops-demo,Billing Account,USD,2026-08-01T00:00:00Z,2026-09-01T00:00:00Z,Usage,,Cloud NAT - Network Address Translation,Usage-Based,2026-08-30T00:00:00Z,2026-08-30T23:59:59Z,,,,22.451,GB,4.0384,0.179876,4.0384,Google LLC,4.0384,0.179876,Standard,22.451,GB,southamerica-east1,Sao Paulo,google/prj-core-prod/cloud-nat,cloud-nat-prod,NAT Gateway,Networking,Network Address Translation,Cloud NAT,Google Cloud,GOO-CloudNAT,GOO-CloudNAT-southamerica-east1,prj-core-prod,projeto-core,Subscription,"{""OwnerTeam"": ""plataforma"", ""Environment"": ""prod""}"
4.7502,prj-core-prod,cloudfinops-demo,Billing Account,USD,2026-08-01T00:00:00Z,2026-09-01T00:00:00Z,Usage,,Cloud NAT - Network Address Translation,Usage-Based,2026-08-31T00:00:00Z,2026-08-31T23:59:59Z,,,,22.179,GB,4.7502,0.214176,4.7502,Google LLC,4.7502,0.214176,Standard,22.179,GB,southamerica-east1,Sao Paulo,google/prj-core-prod/cloud-nat,cloud-nat-prod,NAT Gateway,Networking,Network Address Translation,Cloud NAT,Google Cloud,GOO-CloudNAT,GOO-CloudNAT-southamerica-east1,prj-core-prod,projeto-core,Subscription,"{""OwnerTeam"": ""redes"", ""Environment"": ""prod""}"
4.9963,prj-core-prod,cloudfinops-demo,Billing Account,USD,2026-09-01T00:00:00Z,2026-10-01T00:00:00Z,Usage,,Cloud NAT - Network Address Translation,Usage-Based,2026-09-01T00:00:00Z,2026-09-01T23:59:59Z,,,,70.152,GB,4.9963,0.071221,4.9963,Google LLC,4.9963,0.071221,Standard,70.152,GB,southamerica-east1,Sao Paulo,google/prj-core-prod/cloud-nat,cloud-nat-prod,NAT Gateway,Networking,Network Address Translation,Cloud NAT,Google Cloud,GOO-CloudNAT,GOO-CloudNAT-southamerica-east1,prj-core-prod,projeto-core,Subscription,"{""OwnerTeam"": ""plataforma"", ""Environment"": ""prod""}"
5.0081,prj-core-prod,cloudfinops-demo,Billing Account,USD,2026-09-01T00:00:00Z,2026-10-01T00:00:00Z,Usage,,Cloud NAT - Network Address Translation,Usage-Based,2026-09-02T00:00:00Z,2026-09-02T23:59:59Z,,,,12.87,GB,5.0081,0.38913,5.0081,Google LLC,5.0081,0.38913,Standard,12.87,GB,southamerica-east1,Sao Paulo,google/prj-core-prod/cloud-nat,cloud-nat-prod,NAT Gateway,Networking,Network Address Translation,Cloud NAT,Google Cloud,GOO-CloudNAT,GOO-CloudNAT-southamerica-east1,prj-core-prod,projeto-core,Subscription,"{""OwnerTeam"": ""backend"", ""Environment"": ""prod""}"
5.1199,prj-core-prod,cloudfinops-demo,Billing Account,USD,2026-09-01T00:00:00Z,2026-10-01T00:00:00Z,Usage,,Cloud NAT - Network Address Translation,Usage-Based,2026-09-03T00:00:00Z,2026-09-03T23:59:59Z,,,,16.553,GB,5.1199,0.309303,5.1199,Google LLC,5.1199,0.309303,Standard,16.553,GB,southamerica-east1,Sao Paulo,google/prj-core-prod/cloud-nat,cloud-nat-prod,NAT Gateway,Networking,Network Address Translation,Cloud NAT,Google Cloud,GOO-CloudNAT,GOO-CloudNAT-southamerica-east1,prj-core-prod,projeto-core,Subscription,"{""OwnerTeam"": ""dados"", ""Environment"": ""prod""}"
5.0364,prj-core-prod,cloudfinops-demo,Billing Account,USD,2026-09-01T00:00:00Z,2026-10-01T00:00:00Z,Usage,,Cloud NAT - Network Address Translation,Usage-Based,2026-09-04T00:00:00Z,2026-09-04T23:59:59Z,,,,109.318,GB,5.0364,0.046071,5.0364,Google LLC,5.0364,0.046071,Standard,109.318,GB,southamerica-east1,Sao Paulo,google/prj-core-prod/cloud-nat,cloud-nat-prod,NAT Gateway,Networking,Network Address Translation,Cloud NAT,Google Cloud,GOO-CloudNAT,GOO-CloudNAT-southamerica-east1,prj-core-prod,projeto-core,Subscription,"{""OwnerTeam"": ""plataforma"", ""Environment"": ""prod""}"
4.1594,prj-core-prod,cloudfinops-demo,Billing Account,USD,2026-09-01T00:00:00Z,2026-10-01T00:00:00Z,Usage,,Cloud NAT - Network Address Translation,Usage-Based,2026-09-05T00:00:00Z,2026-09-05T23:59:59Z,,,,30.688,GB,4.1594,0.135538,4.1594,Google LLC,4.1594,0.135538,Standard,30.688,GB,southamerica-east1,Sao Paulo,google/prj-core-prod/cloud-nat,cloud-nat-prod,NAT Gateway,Networking,Network Address Translation,Cloud NAT,Google Cloud,GOO-CloudNAT,GOO-CloudNAT-southamerica-east1,prj-core-prod,projeto-core,Subscription,"{""OwnerTeam"": ""redes"", ""Environment"": ""prod""}"
4.3842,prj-core-prod,cloudfinops-demo,Billing Account,USD,2026-09-01T00:00:00Z,2026-10-01T00:00:00Z,Usage,,Cloud NAT - Network Address Translation,Usage-Based,2026-09-06T00:00:00Z,2026-09-06T23:59:59Z,,,,11.822,GB,4.3842,0.370851,4.3842,Google LLC,4.3842,0.370851,Standard,11.822,GB,southamerica-east1,Sao Paulo,google/prj-core-prod/cloud-nat,cloud-nat-prod,NAT Gateway,Networking,Network Address Translation,Cloud NAT,Google Cloud,GOO-CloudNAT,GOO-CloudNAT-southamerica-east1,prj-core-prod,projeto-core,Subscription,"{""OwnerTeam"": ""plataforma"", ""Environment"": ""prod""}"
5.047,prj-core-prod,cloudfinops-demo,Billing Account,USD,2026-09-01T00:00:00Z,2026-10-01T00:00:00Z,Usage,,Cloud NAT - Network Address Translation,Usage-Based,2026-09-07T00:00:00Z,2026-09-07T23:59:59Z,,,,81.89,GB,5.047,0.061631,5.047,Google LLC,5.047,0.061631,Standard,81.89,GB,southamerica-east1,Sao Paulo,google/prj-core-prod/cloud-nat,cloud-nat-prod,NAT Gateway,Networking,Network Address Translation,Cloud NAT,Google Cloud,GOO-CloudNAT,GOO-CloudNAT-southamerica-east1,prj-core-prod,projeto-core,Subscription,"{""OwnerTeam"": ""backend"", ""Environment"": ""prod""}"
4.9229,prj-core-prod,cloudfinops-demo,Billing Account,USD,2026-09-01T00:00:00Z,2026-10-01T00:00:00Z,Usage,,Cloud NAT - Network Address Translation,Usage-Based,2026-09-08T00:00:00Z,2026-09-08T23:59:59Z,,,,12.804,GB,4.9229,0.384481,4.9229,Google LLC,4.9229,0.384481,Standard,12.804,GB,southamerica-east1,Sao Paulo,google/prj-core-prod/cloud-nat,cloud-nat-prod,NAT Gateway,Networking,Network Address Translation,Cloud NAT,Google Cloud,GOO-CloudNAT,GOO-CloudNAT-southamerica-east1,prj-core-prod,projeto-core,Subscription,"{""OwnerTeam"": ""redes"", ""Environment"": ""prod""}"
5.0503,prj-core-prod,cloudfinops-demo,Billing Account,USD,2026-09-01T00:00:00Z,2026-10-01T00:00:00Z,Usage,,Cloud NAT - Network Address Translation,Usage-Based,2026-09-09T00:00:00Z,2026-09-09T23:59:59Z,,,,20.719,GB,5.0503,0.243752,5.0503,Google LLC,5.0503,0.243752,Standard,20.719,GB,southamerica-east1,Sao Paulo,google/prj-core-prod/cloud-nat,cloud-nat-prod,NAT Gateway,Networking,Network Address Translation,Cloud NAT,Google Cloud,GOO-CloudNAT,GOO-CloudNAT-southamerica-east1,prj-core-prod,projeto-core,Subscription,"{""OwnerTeam"": ""plataforma"", ""Environment"": ""prod""}"
5.0901,prj-core-prod,cloudfinops-demo,Billing Account,USD,2026-09-01T00:00:00Z,2026-10-01T00:00:00Z,Usage,,Cloud NAT - Network Address Translation,Usage-Based,2026-09-10T00:00:00Z,2026-09-10T23:59:59Z,,,,11.347,GB,5.0901,0.448586,5.0901,Google LLC,5.0901,0.448586,Standard,11.347,GB,southamerica-east1,Sao Paulo,google/prj-core-prod/cloud-nat,cloud-nat-prod,NAT Gateway,Networking,Network Address Translation,Cloud NAT,Google Cloud,GOO-CloudNAT,GOO-CloudNAT-southamerica-east1,prj-core-prod,projeto-core,Subscription,"{""OwnerTeam"": ""dados"", ""Environment"": ""prod""}"
4.9597,prj-core-prod,cloudfinops-demo,Billing Account,USD,2026-09-01T00:00:00Z,2026-10-01T00:00:00Z,Usage,,Cloud NAT - Network Address Translation,Usage-Based,2026-09-11T00:00:00Z,2026-09-11T23:59:59Z,,,,60.858,GB,4.9597,0.081496,4.9597,Google LLC,4.9597,0.081496,Standard,60.858,GB,southamerica-east1,Sao Paulo,google/prj-core-prod/cloud-nat,cloud-nat-prod,NAT Gateway,Networking,Network Address Translation,Cloud NAT,Google Cloud,GOO-CloudNAT,GOO-CloudNAT-southamerica-east1,prj-core-prod,projeto-core,Subscription,"{""OwnerTeam"": ""redes"", ""Environment"": ""prod""}"
4.2422,prj-core-prod,cloudfinops-demo,Billing Account,USD,2026-09-01T00:00:00Z,2026-10-01T00:00:00Z,Usage,,Cloud NAT - Network Address Translation,Usage-Based,2026-09-12T00:00:00Z,2026-09-12T23:59:59Z,,,,63.864,GB,4.2422,0.066426,4.2422,Google LLC,4.2422,0.066426,Standard,63.864,GB,southamerica-east1,Sao Paulo,google/prj-core-prod/cloud-nat,cloud-nat-prod,NAT Gateway,Networking,Network Address Translation,Cloud NAT,Google Cloud,GOO-CloudNAT,GOO-CloudNAT-southamerica-east1,prj-core-prod,projeto-core,Subscription,"{""OwnerTeam"": ""redes"", ""Environment"": ""prod""}"
4.3457,prj-core-prod,cloudfinops-demo,Billing Account,USD,2026-09-01T00:00:00Z,2026-10-01T00:00:00Z,Usage,,Cloud NAT - Network Address Translation,Usage-Based,2026-09-13T00:00:00Z,2026-09-13T23:59:59Z,,,,31.571,GB,4.3457,0.137648,4.3457,Google LLC,4.3457,0.137648,Standard,31.571,GB,southamerica-east1,Sao Paulo,google/prj-core-prod/cloud-nat,cloud-nat-prod,NAT Gateway,Networking,Network Address Translation,Cloud NAT,Google Cloud,GOO-CloudNAT,GOO-CloudNAT-southamerica-east1,prj-core-prod,projeto-core,Subscription,"{""OwnerTeam"": ""redes"", ""Environment"": ""prod""}"
4.881,prj-core-prod,cloudfinops-demo,Billing Account,USD,2026-09-01T00:00:00Z,2026-10-01T00:00:00Z,Usage,,Cloud NAT - Network Address Translation,Usage-Based,2026-09-14T00:00:00Z,2026-09-14T23:59:59Z,,,,17.156,GB,4.881,0.284507,4.881,Google LLC,4.881,0.284507,Standard,17.156,GB,southamerica-east1,Sao Paulo,google/prj-core-prod/cloud-nat,cloud-nat-prod,NAT Gateway,Networking,Network Address Translation,Cloud NAT,Google Cloud,GOO-CloudNAT,GOO-CloudNAT-southamerica-east1,prj-core-prod,projeto-core,Subscription,"{""OwnerTeam"": ""dados"", ""Environment"": ""prod""}"
5.0552,prj-core-prod,cloudfinops-demo,Billing Account,USD,2026-09-01T00:00:00Z,2026-10-01T00:00:00Z,Usage,,Cloud NAT - Network Address Translation,Usage-Based,2026-09-15T00:00:00Z,2026-09-15T23:59:59Z,,,,19.28,GB,5.0552,0.262199,5.0552,Google LLC,5.0552,0.262199,Standard,19.28,GB,southamerica-east1,Sao Paulo,google/prj-core-prod/cloud-nat,cloud-nat-prod,NAT Gateway,Networking,Network Address Translation,Cloud NAT,Google Cloud,GOO-CloudNAT,GOO-CloudNAT-southamerica-east1,prj-core-prod,projeto-core,Subscription,"{""OwnerTeam"": ""backend"", ""Environment"": ""prod""}"
4.8983,prj-core-prod,cloudfinops-demo,Billing Account,USD,2026-09-01T00:00:00Z,2026-10-01T00:00:00Z,Usage,,Cloud NAT - Network Address Translation,Usage-Based,2026-09-16T00:00:00Z,2026-09-16T23:59:59Z,,,,38.811,GB,4.8983,0.126209,4.8983,Google LLC,4.8983,0.126209,Standard,38.811,GB,southamerica-east1,Sao Paulo,google/prj-core-prod/cloud-nat,cloud-nat-prod,NAT Gateway,Networking,Network Address Translation,Cloud NAT,Google Cloud,GOO-CloudNAT,GOO-CloudNAT-southamerica-east1,prj-core-prod,projeto-core,Subscription,"{""OwnerTeam"": ""plataforma"", ""Environment"": ""prod""}"
5.097,prj-core-prod,cloudfinops-demo,Billing Account,USD,2026-09-01T00:00:00Z,2026-10-01T00:00:00Z,Usage,,Cloud NAT - Network Address Translation,Usage-Based,2026-09-17T00:00:00Z,2026-09-17T23:59:59Z,,,,143.48,GB,5.097,0.035524,5.097,Google LLC,5.097,0.035524,Standard,143.48,GB,southamerica-east1,Sao Paulo,google/prj-core-prod/cloud-nat,cloud-nat-prod,NAT Gateway,Networking,Network Address Translation,Cloud NAT,Google Cloud,GOO-CloudNAT,GOO-CloudNAT-southamerica-east1,prj-core-prod,projeto-core,Subscription,"{""OwnerTeam"": ""redes"", ""Environment"": ""prod""}"
5.0072,prj-core-prod,cloudfinops-demo,Billing Account,USD,2026-09-01T00:00:00Z,2026-10-01T00:00:00Z,Usage,,Cloud NAT - Network Address Translation,Usage-Based,2026-09-18T00:00:00Z,2026-09-18T23:59:59Z,,,,11.214,GB,5.0072,0.446513,5.0072,Google LLC,5.0072,0.446513,Standard,11.214,GB,southamerica-east1,Sao Paulo,google/prj-core-prod/cloud-nat,cloud-nat-prod,NAT Gateway,Networking,Network Address Translation,Cloud NAT,Google Cloud,GOO-CloudNAT,GOO-CloudNAT-southamerica-east1,prj-core-prod,projeto-core,Subscription,"{""OwnerTeam"": ""plataforma"", ""Environment"": ""prod""}"
4.3738,prj-core-prod,cloudfinops-demo,Billing Account,USD,2026-09-01T00:00:00Z,2026-10-01T00:00:00Z,Usage,,Cloud NAT - Network Address Translation,Usage-Based,2026-09-19T00:00:00Z,2026-09-19T23:59:59Z,,,,22.202,GB,4.3738,0.197,4.3738,Google LLC,4.3738,0.197,Standard,22.202,GB,southamerica-east1,Sao Paulo,google/prj-core-prod/cloud-nat,cloud-nat-prod,NAT Gateway,Networking,Network Address Translation,Cloud NAT,Google Cloud,GOO-CloudNAT,GOO-CloudNAT-southamerica-east1,prj-core-prod,projeto-core,Subscription,"{""OwnerTeam"": ""dados"", ""Environment"": ""prod""}"
4.374,prj-core-prod,cloudfinops-demo,Billing Account,USD,2026-09-01T00:00:00Z,2026-10-01T00:00:00Z,Usage,,Cloud NAT - Network Address Translation,Usage-Based,2026-09-20T00:00:00Z,2026-09-20T23:59:59Z,,,,14.269,GB,4.374,0.306539,4.374,Google LLC,4.374,0.306539,Standard,14.269,GB,southamerica-east1,Sao Paulo,google/prj-core-prod/cloud-nat,cloud-nat-prod,NAT Gateway,Networking,Network Address Translation,Cloud NAT,Google Cloud,GOO-CloudNAT,GOO-CloudNAT-southamerica-east1,prj-core-prod,projeto-core,Subscription,"{""OwnerTeam"": ""plataforma"", ""Environment"": ""prod""}"
5.1064,prj-core-prod,cloudfinops-demo,Billing Account,USD,2026-09-01T00:00:00Z,2026-10-01T00:00:00Z,Usage,,Cloud NAT - Network Address Translation,Usage-Based,2026-09-21T00:00:00Z,2026-09-21T23:59:59Z,,,,17.98,GB,5.1064,0.284004,5.1064,Google LLC,5.1064,0.284004,Standard,17.98,GB,southamerica-east1,Sao Paulo,google/prj-core-prod/cloud-nat,cloud-nat-prod,NAT Gateway,Networking,Network Address Translation,Cloud NAT,Google Cloud,GOO-CloudNAT,GOO-CloudNAT-southamerica-east1,prj-core-prod,projeto-core,Subscription,"{""OwnerTeam"": ""redes"", ""Environment"": ""prod""}"
4.8698,prj-core-prod,cloudfinops-demo,Billing Account,USD,2026-09-01T00:00:00Z,2026-10-01T00:00:00Z,Usage,,Cloud NAT - Network Address Translation,Usage-Based,2026-09-22T00:00:00Z,2026-09-22T23:59:59Z,,,,20.637,GB,4.8698,0.235974,4.8698,Google LLC,4.8698,0.235974,Standard,20.637,GB,southamerica-east1,Sao Paulo,google/prj-core-prod/cloud-nat,cloud-nat-prod,NAT Gateway,Networking,Network Address Translation,Cloud NAT,Google Cloud,GOO-CloudNAT,GOO-CloudNAT-southamerica-east1,prj-core-prod,projeto-core,Subscription,"{""OwnerTeam"": ""plataforma"", ""Environment"": ""prod""}"
5.0416,prj-core-prod,cloudfinops-demo,Billing Account,USD,2026-09-01T00:00:00Z,2026-10-01T00:00:00Z,Usage,,Cloud NAT - Network Address Translation,Usage-Based,2026-09-23T00:00:00Z,2026-09-23T23:59:59Z,,,,17.164,GB,5.0416,0.293731,5.0416,Google LLC,5.0416,0.293731,Standard,17.164,GB,southamerica-east1,Sao Paulo,google/prj-core-prod/cloud-nat,cloud-nat-prod,NAT Gateway,Networking,Network Address Translation,Cloud NAT,Google Cloud,GOO-CloudNAT,GOO-CloudNAT-southamerica-east1,prj-core-prod,projeto-core,Subscription,"{""OwnerTeam"": ""redes"", ""Environment"": ""prod""}"
4.9181,prj-core-prod,cloudfinops-demo,Billing Account,USD,2026-09-01T00:00:00Z,2026-10-01T00:00:00Z,Usage,,Cloud NAT - Network Address Translation,Usage-Based,2026-09-24T00:00:00Z,2026-09-24T23:59:59Z,,,,112.961,GB,4.9181,0.043538,4.9181,Google LLC,4.9181,0.043538,Standard,112.961,GB,southamerica-east1,Sao Paulo,google/prj-core-prod/cloud-nat,cloud-nat-prod,NAT Gateway,Networking,Network Address Translation,Cloud NAT,Google Cloud,GOO-CloudNAT,GOO-CloudNAT-southamerica-east1,prj-core-prod,projeto-core,Subscription,"{""OwnerTeam"": ""backend"", ""Environment"": ""prod""}"
5.1339,prj-core-prod,cloudfinops-demo,Billing Account,USD,2026-09-01T00:00:00Z,2026-10-01T00:00:00Z,Usage,,Cloud NAT - Network Address Translation,Usage-Based,2026-09-25T00:00:00Z,2026-09-25T23:59:59Z,,,,14.686,GB,5.1339,0.349578,5.1339,Google LLC,5.1339,0.349578,Standard,14.686,GB,southamerica-east1,Sao Paulo,google/prj-core-prod/cloud-nat,cloud-nat-prod,NAT Gateway,Networking,Network Address Translation,Cloud NAT,Google Cloud,GOO-CloudNAT,GOO-CloudNAT-southamerica-east1,prj-core-prod,projeto-core,Subscription,"{""OwnerTeam"": ""dados"", ""Environment"": ""prod""}"
4.2287,prj-core-prod,cloudfinops-demo,Billing Account,USD,2026-09-01T00:00:00Z,2026-10-01T00:00:00Z,Usage,,Cloud NAT - Network Address Translation,Usage-Based,2026-09-26T00:00:00Z,2026-09-26T23:59:59Z,,,,24.718,GB,4.2287,0.171078,4.2287,Google LLC,4.2287,0.171078,Standard,24.718,GB,southamerica-east1,Sao Paulo,google/prj-core-prod/cloud-nat,cloud-nat-prod,NAT Gateway,Networking,Network Address Translation,Cloud NAT,Google Cloud,GOO-CloudNAT,GOO-CloudNAT-southamerica-east1,prj-core-prod,projeto-core,Subscription,"{""OwnerTeam"": ""backend"", ""Environment"": ""prod""}"
4.2372,prj-core-prod,cloudfinops-demo,Billing Account,USD,2026-09-01T00:00:00Z,2026-10-01T00:00:00Z,Usage,,Cloud NAT - Network Address Translation,Usage-Based,2026-09-27T00:00:00Z,2026-09-27T23:59:59Z,,,,25.949,GB,4.2372,0.16329,4.2372,Google LLC,4.2372,0.16329,Standard,25.949,GB,southamerica-east1,Sao Paulo,google/prj-core-prod/cloud-nat,cloud-nat-prod,NAT Gateway,Networking,Network Address Translation,Cloud NAT,Google Cloud,GOO-CloudNAT,GOO-CloudNAT-southamerica-east1,prj-core-prod,projeto-core,Subscription,"{""OwnerTeam"": ""backend"", ""Environment"": ""prod""}"
5.076,prj-core-prod,cloudfinops-demo,Billing Account,USD,2026-09-01T00:00:00Z,2026-10-01T00:00:00Z,Usage,,Cloud NAT - Network Address Translation,Usage-Based,2026-09-28T00:00:00Z,2026-09-28T23:59:59Z,,,,40.095,GB,5.076,0.126599,5.076,Google LLC,5.076,0.126599,Standard,40.095,GB,southamerica-east1,Sao Paulo,google/prj-core-prod/cloud-nat,cloud-nat-prod,NAT Gateway,Networking,Network Address Translation,Cloud NAT,Google Cloud,GOO-CloudNAT,GOO-CloudNAT-southamerica-east1,prj-core-prod,projeto-core,Subscription,"{""OwnerTeam"": ""redes"", ""Environment"": ""prod""}"
5.1488,prj-core-prod,cloudfinops-demo,Billing Account,USD,2026-09-01T00:00:00Z,2026-10-01T00:00:00Z,Usage,,Cloud NAT - Network Address Translation,Usage-Based,2026-09-29T00:00:00Z,2026-09-29T23:59:59Z,,,,16.899,GB,5.1488,0.304681,5.1488,Google LLC,5.1488,0.304681,Standard,16.899,GB,southamerica-east1,Sao Paulo,google/prj-core-prod/cloud-nat,cloud-nat-prod,NAT Gateway,Networking,Network Address Translation,Cloud NAT,Google Cloud,GOO-CloudNAT,GOO-CloudNAT-southamerica-east1,prj-core-prod,projeto-core,Subscription,"{""OwnerTeam"": ""redes"", ""Environment"": ""prod""}"
5.0366,prj-core-prod,cloudfinops-demo,Billing Account,USD,2026-09-01T00:00:00Z,2026-10-01T00:00:00Z,Usage,,Cloud NAT - Network Address Translation,Usage-Based,2026-09-30T00:00:00Z,2026-09-30T23:59:59Z,,,,16.23,GB,5.0366,0.310327,5.0366,Google LLC,5.0366,0.310327,Standard,16.23,GB,southamerica-east1,Sao Paulo,google/prj-core-prod/cloud-nat,cloud-nat-prod,NAT Gateway,Networking,Network Address Translation,Cloud NAT,Google Cloud,GOO-CloudNAT,GOO-CloudNAT-southamerica-east1,prj-core-prod,projeto-core,Subscription,"{""OwnerTeam"": ""redes"", ""Environment"": ""prod""}"
5.0376,prj-core-prod,cloudfinops-demo,Billing Account,USD,2026-10-01T00:00:00Z,2026-11-01T00:00:00Z,Usage,,Cloud NAT - Network Address Translation,Usage-Based,2026-10-01T00:00:00Z,2026-10-01T23:59:59Z,,,,15.374,GB,5.0376,0.32767,5.0376,Google LLC,5.0376,0.32767,Standard,15.374,GB,southamerica-east1,Sao Paulo,google/prj-core-prod/cloud-nat,cloud-nat-prod,NAT Gateway,Networking,Network Address Translation,Cloud NAT,Google Cloud,GOO-CloudNAT,GOO-CloudNAT-southamerica-east1,prj-core-prod,projeto-core,Subscription,"{""OwnerTeam"": ""backend"", ""Environment"": ""prod""}"
4.8225,prj-core-prod,cloudfinops-demo,Billing Account,USD,2026-10-01T00:00:00Z,2026-11-01T00:00:00Z,Usage,,Cloud NAT - Network Address Translation,Usage-Based,2026-10-02T00:00:00Z,2026-10-02T23:59:59Z,,,,53.349,GB,4.8225,0.090395,4.8225,Google LLC,4.8225,0.090395,Standard,53.349,GB,southamerica-east1,Sao Paulo,google/prj-core-prod/cloud-nat,cloud-nat-prod,NAT Gateway,Networking,Network Address Translation,Cloud NAT,Google Cloud,GOO-CloudNAT,GOO-CloudNAT-southamerica-east1,prj-core-prod,projeto-core,Subscription,"{""OwnerTeam"": ""redes"", ""Environment"": ""prod""}"
4.0937,prj-core-prod,cloudfinops-demo,Billing Account,USD,2026-10-01T00:00:00Z,2026-11-01T00:00:00Z,Usage,,Cloud NAT - Network Address Translation,Usage-Based,2026-10-03T00:00:00Z,2026-10-03T23:59:59Z,,,,63.672,GB,4.0937,0.064294,4.0937,Google LLC,4.0937,0.064294,Standard,63.672,GB,southamerica-east1,Sao Paulo,google/prj-core-prod/cloud-nat,cloud-nat-prod,NAT Gateway,Networking,Network Address Translation,Cloud NAT,Google Cloud,GOO-CloudNAT,GOO-CloudNAT-southamerica-east1,prj-core-prod,projeto-core,Subscription,"{""OwnerTeam"": ""redes"", ""Environment"": ""prod""}"
2.2296,prj-core-prod,cloudfinops-demo,Billing Account,USD,2026-08-01T00:00:00Z,2026-09-01T00:00:00Z,Usage,,Cloud NAT - Network Address Translation,Usage-Based,2026-08-01T00:00:00Z,2026-08-01T23:59:59Z,,,,12.355,GB,2.2296,0.180461,2.2296,Google LLC,2.2296,0.180461,Standard,12.355,GB,southamerica-east1,Sao Paulo,google/prj-data-lab/cloud-nat,cloud-nat-dev,NAT Gateway,Networking,Network Address Translation,Cloud NAT,Google Cloud,GOO-CloudNAT,GOO-CloudNAT-southamerica-east1,prj-data-lab,projeto-dados,Subscription,"{""OwnerTeam"": ""plataforma"", ""Environment"": ""dev""}"
2.213,prj-core-prod,cloudfinops-demo,Billing Account,USD,2026-08-01T00:00:00Z,2026-09-01T00:00:00Z,Usage,,Cloud NAT - Network Address Translation,Usage-Based,2026-08-02T00:00:00Z,2026-08-02T23:59:59Z,,,,14.296,GB,2.213,0.154799,2.213,Google LLC,2.213,0.154799,Standard,14.296,GB,southamerica-east1,Sao Paulo,google/prj-data-lab/cloud-nat,cloud-nat-dev,NAT Gateway,Networking,Network Address Translation,Cloud NAT,Google Cloud,GOO-CloudNAT,GOO-CloudNAT-southamerica-east1,prj-data-lab,projeto-dados,Subscription,"{""OwnerTeam"": ""redes"", ""Environment"": ""dev""}"
2.6307,prj-core-prod,cloudfinops-demo,Billing Account,USD,2026-08-01T00:00:00Z,2026-09-01T00:00:00Z,Usage,,Cloud NAT - Network Address Translation,Usage-Based,2026-08-03T00:00:00Z,2026-08-03T23:59:59Z,,,,6.172,GB,2.6307,0.426231,2.6307,Google LLC,2.6307,0.426231,Standard,6.172,GB,southamerica-east1,Sao Paulo,google/prj-data-lab/cloud-nat,cloud-nat-dev,NAT Gateway,Networking,Network Address Translation,Cloud NAT,Google Cloud,GOO-CloudNAT,GOO-CloudNAT-southamerica-east1,prj-data-lab,projeto-dados,Subscription,"{""OwnerTeam"": ""backend"", ""Environment"": ""dev""}"
2.6089,prj-core-prod,cloudfinops-demo,Billing Account,USD,2026-08-01T00:00:00Z,2026-09-01T00:00:00Z,Usage,,Cloud NAT - Network Address Translation,Usage-Based,2026-08-04T00:00:00Z,2026-08-04T23:59:59Z,,,,6.694,GB,2.6089,0.389737,2.6089,Google LLC,2.6089,0.389737,Standard,6.694,GB,southamerica-east1,Sao Paulo,google/prj-data-lab/cloud-nat,cloud-nat-dev,NAT Gateway,Networking,Network Address Translation,Cloud NAT,Google Cloud,GOO-CloudNAT,GOO-CloudNAT-southamerica-east1,prj-data-lab,projeto-dados,Subscription,"{""OwnerTeam"": ""plataforma"", ""Environment"": ""dev""}"
2.538,prj-core-prod,cloudfinops-demo,Billing Account,USD,2026-08-01T00:00:00Z,2026-09-01T00:00:00Z,Usage,,Cloud NAT - Network Address Translation,Usage-Based,2026-08-05T00:00:00Z,2026-08-05T23:59:59Z,,,,32.346,GB,2.538,0.078464,2.538,Google LLC,2.538,0.078464,Standard,32.346,GB,southamerica-east1,Sao Paulo,google/prj-data-lab/cloud-nat,cloud-nat-dev,NAT Gateway,Networking,Network Address Translation,Cloud NAT,Google Cloud,GOO-CloudNAT,GOO-CloudNAT-southamerica-east1,prj-data-lab,projeto-dados,Subscription,"{""OwnerTeam"": ""redes"", ""Environment"": ""dev""}"
2.6209,prj-core-prod,cloudfinops-demo,Billing Account,USD,2026-08-01T00:00:00Z,2026-09-01T00:00:00Z,Usage,,Cloud NAT - Network Address Translation,Usage-Based,2026-08-06T00:00:00Z,2026-08-06T23:59:59Z,,,,20.29,GB,2.6209,0.129172,2.6209,Google LLC,2.6209,0.129172,Standard,20.29,GB,southamerica-east1,Sao Paulo,google/prj-data-lab/cloud-nat,cloud-nat-dev,NAT Gateway,Networking,Network Address Translation,Cloud NAT,Google Cloud,GOO-CloudNAT,GOO-CloudNAT-southamerica-east1,prj-data-lab,projeto-dados,Subscription,"{""OwnerTeam"": ""backend"", ""Environment"": ""dev""}"
2.5712,prj-core-prod,cloudfinops-demo,Billing Account,USD,2026-08-01T00:00:00Z,2026-09-01T00:00:00Z,Usage,,Cloud NAT - Network Address Translation,Usage-Based,2026-08-07T00:00:00Z,2026-08-07T23:59:59Z,,,,7.573,GB,2.5712,0.339522,2.5712,Google LLC,2.5712,0.339522,Standard,7.573,GB,southamerica-east1,Sao Paulo,google/prj-data-lab/cloud-nat,cloud-nat-dev,NAT Gateway,Networking,Network Address Translation,Cloud NAT,Google Cloud,GOO-CloudNAT,GOO-CloudNAT-southamerica-east1,prj-data-lab,projeto-dados,Subscription,"{""OwnerTeam"": ""dados"", ""Environment"": ""dev""}"
2.2462,prj-core-prod,cloudfinops-demo,Billing Account,USD,2026-08-01T00:00:00Z,2026-09-01T00:00:00Z,Usage,,Cloud NAT - Network Address Translation,Usage-Based,2026-08-08T00:00:00Z,2026-08-08T23:59:59Z,,,,98.749,GB,2.2462,0.022747,2.2462,Google LLC,2.2462,0.022747,Standard,98.749,GB,southamerica-east1,Sao Paulo,google/prj-data-lab/cloud-nat,cloud-nat-dev,NAT Gateway,Networking,Network Address Translation,Cloud NAT,Google Cloud,GOO-CloudNAT,GOO-CloudNAT-southamerica-east1,prj-data-lab,projeto-dados,Subscription,"{""OwnerTeam"": ""backend"", ""Environment"": ""dev""}"
2.2491,prj-core-prod,cloudfinops-demo,Billing Account,USD,2026-08-01T00:00:00Z,2026-09-01T00:00:00Z,Usage,,Cloud NAT - Network Address Translation,Usage-Based,2026-08-09T00:00:00Z,2026-08-09T23:59:59Z,,,,6.212,GB,2.2491,0.362057,2.2491,Google LLC,2.2491,0.362057,Standard,6.212,GB,southamerica-east1,Sao Paulo,google/prj-data-lab/cloud-nat,cloud-nat-dev,NAT Gateway,Networking,Network Address Translation,Cloud NAT,Google Cloud,GOO-CloudNAT,GOO-CloudNAT-southamerica-east1,prj-data-lab,projeto-dados,Subscription,"{""OwnerTeam"": ""dados"", ""Environment"": ""dev""}"
2.5311,prj-core-prod,cloudfinops-demo,Billing Account,USD,2026-08-01T00:00:00Z,2026-09-01T00:00:00Z,Usage,,Cloud NAT - Network Address Translation,Usage-Based,2026-08-10T00:00:00Z,2026-08-10T23:59:59Z,,,,17.977,GB,2.5311,0.140797,2.5311,Google LLC,2.5311,0.140797,Standard,17.977,GB,southamerica-east1,Sao Paulo,google/prj-data-lab/cloud-nat,cloud-nat-dev,NAT Gateway,Networking,Network Address Translation,Cloud NAT,Google Cloud,GOO-CloudNAT,GOO-CloudNAT-southamerica-east1,prj-data-lab,projeto-dados,Subscription,"{""OwnerTeam"": ""plataforma"", ""Environment"": ""dev""}"
2.6039,prj-core-prod,cloudfinops-demo,Billing Account,USD,2026-08-01T00:00:00Z,2026-09-01T00:00:00Z,Usage,,Cloud NAT - Network Address Translation,Usage-Based,2026-08-11T00:00:00Z,2026-08-11T23:59:59Z,,,,27.119,GB,2.6039,0.096018,2.6039,Google LLC,2.6039,0.096018,Standard,27.119,GB,southamerica-east1,Sao Paulo,google/prj-data-lab/cloud-nat,cloud-nat-dev,NAT Gateway,Networking,Network Address Translation,Cloud NAT,Google Cloud,GOO-CloudNAT,GOO-CloudNAT-southamerica-east1,prj-data-lab,projeto-dados,Subscription,"{""OwnerTeam"": ""redes"", ""Environment"": ""dev""}"
2.6478,prj-core-prod,cloudfinops-demo,Billing Account,USD,2026-08-01T00:00:00Z,2026-09-01T00:00:00Z,Usage,,Cloud NAT - Network Address Translation,Usage-Based,2026-08-12T00:00:00Z,2026-08-12T23:59:59Z,,,,5.956,GB,2.6478,0.44456,2.6478,Google LLC,2.6478,0.44456,Standard,5.956,GB,southamerica-east1,Sao Paulo,google/prj-data-lab/cloud-nat,cloud-nat-dev,NAT Gateway,Networking,Network Address Translation,Cloud NAT,Google Cloud,GOO-CloudNAT,GOO-CloudNAT-southamerica-east1,prj-data-lab,projeto-dados,Subscription,"{""OwnerTeam"": ""redes"", ""Environment"": ""dev""}"
2.5938,prj-core-prod,cloudfinops-demo,Billing Account,USD,2026-08-01T00:00:00Z,2026-09-01T00:00:00Z,Usage,,Cloud NAT - Network Address Translation,Usage-Based,2026-08-13T00:00:00Z,2026-08-13T23:59:59Z,,,,10.519,GB,2.5938,0.246582,2.5938,Google LLC,2.5938,0.246582,Standard,10.519,GB,southamerica-east1,Sao Paulo,google/prj-data-lab/cloud-nat,cloud-nat-dev,NAT Gateway,Networking,Network Address Translation,Cloud NAT,Google Cloud,GOO-CloudNAT,GOO-CloudNAT-southamerica-east1,prj-data-lab,projeto-dados,Subscription,"{""OwnerTeam"": ""redes"", ""Environment"": ""dev""}"
2.5298,prj-core-prod,cloudfinops-demo,Billing Account,USD,2026-08-01T00:00:00Z,2026-09-01T00:00:00Z,Usage,,Cloud NAT - Network Address Translation,Usage-Based,2026-08-14T00:00:00Z,2026-08-14T23:59:59Z,,,,6.476,GB,2.5298,0.390642,2.5298,Google LLC,2.5298,0.390642,Standard,6.476,GB,southamerica-east1,Sao Paulo,google/prj-data-lab/cloud-nat,cloud-nat-dev,NAT Gateway,Networking,Network Address Translation,Cloud NAT,Google Cloud,GOO-CloudNAT,GOO-CloudNAT-southamerica-east1,prj-data-lab,projeto-dados,Subscription,"{""OwnerTeam"": ""dados"", ""Environment"": ""dev""}"
2.1908,prj-core-prod,cloudfinops-demo,Billing Account,USD,2026-08-01T00:00:00Z,2026-09-01T00:00:00Z,Usage,,Cloud NAT - Network Address Translation,Usage-Based,2026-08-15T00:00:00Z,2026-08-15T23:59:59Z,,,,5.322,GB,2.1908,0.41165,2.1908,Google LLC,2.1908,0.41165,Standard,5.322,GB,southamerica-east1,Sao Paulo,google/prj-data-lab/cloud-nat,cloud-nat-dev,NAT Gateway,Networking,Network Address Translation,Cloud NAT,Google Cloud,GOO-CloudNAT,GOO-CloudNAT-southamerica-east1,prj-data-lab,projeto-dados,Subscription,"{""OwnerTeam"": ""plataforma"", ""Environment"": ""dev""}"
2.2491,prj-core-prod,cloudfinops-demo,Billing Account,USD,2026-08-01T00:00:00Z,2026-09-01T00:00:00Z,Usage,,Cloud NAT - Network Address Translation,Usage-Based,2026-08-16T00:00:00Z,2026-08-16T23:59:59Z,,,,6.658,GB,2.2491,0.337804,2.2491,Google LLC,2.2491,0.337804,Standard,6.658,GB,southamerica-east1,Sao Paulo,google/prj-data-lab/cloud-nat,cloud-nat-dev,NAT Gateway,Networking,Network Address Translation,Cloud NAT,Google Cloud,GOO-CloudNAT,GOO-CloudNAT-southamerica-east1,prj-data-lab,projeto-dados,Subscription,"{""OwnerTeam"": ""dados"", ""Environment"": ""dev""}"
2.5088,prj-core-prod,cloudfinops-demo,Billing Account,USD,2026-08-01T00:00:00Z,2026-09-01T00:00:00Z,Usage,,Cloud NAT - Network Address Translation,Usage-Based,2026-08-17T00:00:00Z,2026-08-17T23:59:59Z,,,,7.825,GB,2.5088,0.320613,2.5088,Google LLC,2.5088,0.320613,Standard,7.825,GB,southamerica-east1,Sao Paulo,google/prj-data-lab/cloud-nat,cloud-nat-dev,NAT Gateway,Networking,Network Address Translation,Cloud NAT,Google Cloud,GOO-CloudNAT,GOO-CloudNAT-southamerica-east1,prj-data-lab,projeto-dados,Subscription,"{""OwnerTeam"": ""redes"", ""Environment"": ""dev""}"
2.659,prj-core-prod,cloudfinops-demo,Billing Account,USD,2026-08-01T00:00:00Z,2026-09-01T00:00:00Z,Usage,,Cloud NAT - Network Address Translation,Usage-Based,2026-08-18T00:00:00Z,2026-08-18T23:59:59Z,,,,29.678,GB,2.659,0.089595,2.659,Google LLC,2.659,0.089595,Standard,29.678,GB,southamerica-east1,Sao Paulo,google/prj-data-lab/cloud-nat,cloud-nat-dev,NAT Gateway,Networking,Network Address Translation,Cloud NAT,Google Cloud,GOO-CloudNAT,GOO-CloudNAT-southamerica-east1,prj-data-lab,projeto-dados,Subscription,"{""OwnerTeam"": ""plataforma"", ""Environment"": ""dev""}"
2.6587,prj-core-prod,cloudfinops-demo,Billing Account,USD,2026-08-01T00:00:00Z,2026-09-01T00:00:00Z,Usage,,Cloud NAT - Network Address Translation,Usage-Based,2026-08-19T00:00:00Z,2026-08-19T23:59:59Z,,,,7.798,GB,2.6587,0.340946,2.6587,Google LLC,2.6587,0.340946,Standard,7.798,GB,southamerica-east1,Sao Paulo,google/prj-data-lab/cloud-nat,cloud-nat-dev,NAT Gateway,Networking,Network Address Translation,Cloud NAT,Google Cloud,GOO-CloudNAT,GOO-CloudNAT-southamerica-east1,prj-data-lab,projeto-dados,Subscription,"{""OwnerTeam"": ""redes"", ""Environment"": ""dev""}"
2.66,prj-core-prod,cloudfinops-demo,Billing Account,USD,2026-08-01T00:00:00Z,2026-09-01T00:00:00Z,Usage,,Cloud NAT - Network Address Translation,Usage-Based,2026-08-20T00:00:00Z,2026-08-20T23:59:59Z,,,,18.987,GB,2.66,0.140096,2.66,Google LLC,2.66,0.140096,Standard,18.987,GB,southamerica-east1,Sao Paulo,google/prj-data-lab/cloud-nat,cloud-nat-dev,NAT Gateway,Networking,Network Address Translation,Cloud NAT,Google Cloud,GOO-CloudNAT,GOO-CloudNAT-southamerica-east1,prj-data-lab,projeto-dados,Subscription,"{""OwnerTeam"": ""redes"", ""Environment"": ""dev""}"
2.6504,prj-core-prod,cloudfinops-demo,Billing Account,USD,2026-08-01T00:00:00Z,2026-09-01T00:00:00Z,Usage,,Cloud NAT - Network Address Translation,Usage-Based,2026-08-21T00:00:00Z,2026-08-21T23:59:59Z,,,,9.952,GB,2.6504,0.266318,2.6504,Google LLC,2.6504,0.266318,Standard,9.952,GB,southamerica-east1,Sao Paulo,google/prj-data-lab/cloud-nat,cloud-nat-dev,NAT Gateway,Networking,Network Address Translation,Cloud NAT,Google Cloud,GOO-CloudNAT,GOO-CloudNAT-southamerica-east1,prj-data-lab,projeto-dados,Subscription,"{""OwnerTeam"": ""plataforma"", ""Environment"": ""dev""}"
2.1382,prj-core-prod,cloudfinops-demo,Billing Account,USD,2026-08-01T00:00:00Z,2026-09-01T00:00:00Z,Usage,,Cloud NAT - Network Address Translation,Usage-Based,2026-08-22T00:00:00Z,2026-08-22T23:59:59Z,,,,14.282,GB,2.1382,0.149713,2.1382,Google LLC,2.1382,0.149713,Standard,14.282,GB,southamerica-east1,Sao Paulo,google/prj-data-lab/cloud-nat,cloud-nat-dev,NAT Gateway,Networking,Network Address Translation,Cloud NAT,Google Cloud,GOO-CloudNAT,GOO-CloudNAT-southamerica-east1,prj-data-lab,projeto-dados,Subscription,"{""OwnerTeam"": ""plataforma"", ""Environment"": ""dev""}"
2.1693,prj-core-prod,cloudfinops-demo,Billing Account,USD,2026-08-01T00:00:00Z,2026-09-01T00:00:00Z,Usage,,Cloud NAT - Network Address Translation,Usage-Based,2026-08-23T00:00:00Z,2026-08-23T23:59:59Z,,,,11.038,GB,2.1693,0.19653,2.1693,Google LLC,2.1693,0.19653,Standard,11.038,GB,southamerica-east1,Sao Paulo,google/prj-data-lab/cloud-nat,cloud-nat-dev,NAT Gateway,Networking,Network Address Translation,Cloud NAT,Google Cloud,GOO-CloudNAT,GOO-CloudNAT-southamerica-east1,prj-data-lab,projeto-dados,Subscription,"{""OwnerTeam"": ""plataforma"", ""Environment"": ""dev""}"
2.5033,prj-core-prod,cloudfinops-demo,Billing Account,USD,2026-08-01T00:00:00Z,2026-09-01T00:00:00Z,Usage,,Cloud NAT - Network Address Translation,Usage-Based,2026-08-24T00:00:00Z,2026-08-24T23:59:59Z,,,,8.318,GB,2.5033,0.30095,2.5033,Google LLC,2.5033,0.30095,Standard,8.318,GB,southamerica-east1,Sao Paulo,google/prj-data-lab/cloud-nat,cloud-nat-dev,NAT Gateway,Networking,Network Address Translation,Cloud NAT,Google Cloud,GOO-CloudNAT,GOO-CloudNAT-southamerica-east1,prj-data-lab,projeto-dados,Subscription,"{""OwnerTeam"": ""backend"", ""Environment"": ""dev""}"
2.6318,prj-core-prod,cloudfinops-demo,Billing Account,USD,2026-08-01T00:00:00Z,2026-09-01T00:00:00Z,Usage,,Cloud NAT - Network Address Translation,Usage-Based,2026-08-25T00:00:00Z,2026-08-25T23:59:59Z,,,,25.221,GB,2.6318,0.10435,2.6318,Google LLC,2.6318,0.10435,Standard,25.221,GB,southamerica-east1,Sao Paulo,google/prj-data-lab/cloud-nat,cloud-nat-dev,NAT Gateway,Networking,Network Address Translation,Cloud NAT,Google Cloud,GOO-CloudNAT,GOO-CloudNAT-southamerica-east1,prj-data-lab,projeto-dados,Subscription,"{""OwnerTeam"": ""backend"", ""Environment"": ""dev""}"
2.5081,prj-core-prod,cloudfinops-demo,Billing Account,USD,2026-08-01T00:00:00Z,2026-09-01T00:00:00Z,Usage,,Cloud NAT - Network Address Translation,Usage-Based,2026-08-26T00:00:00Z,2026-08-26T23:59:59Z,,,,124.469,GB,2.5081,0.02015,2.5081,Google LLC,2.5081,0.02015,Standard,124.469,GB,southamerica-east1,Sao Paulo,google/prj-data-lab/cloud-nat,cloud-nat-dev,NAT Gateway,Networking,Network Address Translation,Cloud NAT,Google Cloud,GOO-CloudNAT,GOO-CloudNAT-southamerica-east1,prj-data-lab,projeto-dados,Subscription,"{""OwnerTeam"": ""plataforma"", ""Environment"": ""dev""}"
2.6021,prj-core-prod,cloudfinops-demo,Billing Account,USD,2026-08-01T00:00:00Z,2026-09-01T00:00:00Z,Usage,,Cloud NAT - Network Address Translation,Usage-Based,2026-08-27T00:00:00Z,2026-08-27T23:59:59Z,,,,5.835,GB,2.6021,0.445947,2.6021,Google LLC,2.6021,0.445947,Standard,5.835,GB,southamerica-east1,Sao Paulo,google/prj-data-lab/cloud-nat,cloud-nat-dev,NAT Gateway,Networking,Network Address Translation,Cloud NAT,Google Cloud,GOO-CloudNAT,GOO-CloudNAT-southamerica-east1,prj-data-lab,projeto-dados,Subscription,"{""OwnerTeam"": ""redes"", ""Environment"": ""dev""}"
2.5518,prj-core-prod,cloudfinops-demo,Billing Account,USD,2026-08-01T00:00:00Z,2026-09-01T00:00:00Z,Usage,,Cloud NAT - Network Address Translation,Usage-Based,2026-08-28T00:00:00Z,2026-08-28T23:59:59Z,,,,7.992,GB,2.5518,0.319294,2.5518,Google LLC,2.5518,0.319294,Standard,7.992,GB,southamerica-east1,Sao Paulo,google/prj-data-lab/cloud-nat,cloud-nat-dev,NAT Gateway,Networking,Network Address Translation,Cloud NAT,Google Cloud,GOO-CloudNAT,GOO-CloudNAT-southamerica-east1,prj-data-lab,projeto-dados,Subscription,"{""OwnerTeam"": ""dados"", ""Environment"": ""dev""}"
2.1251,prj-core-prod,cloudfinops-demo,Billing Account,USD,2026-08-01T00:00:00Z,2026-09-01T00:00:00Z,Usage,,Cloud NAT - Network Address Translation,Usage-Based,2026-08-29T00:00:00Z,2026-08-29T23:59:59Z,,,,16.931,GB,2.1251,0.125515,2.1251,Google LLC,2.1251,0.125515,Standard,16.931,GB,southamerica-east1,Sao Paulo,google/prj-data-lab/cloud-nat,cloud-nat-dev,NAT Gateway,Networking,Network Address Translation,Cloud NAT,Google Cloud,GOO-CloudNAT,GOO-CloudNAT-southamerica-east1,prj-data-lab,projeto-dados,Subscription,"{""OwnerTeam"": ""dados"", ""Environment"": ""dev""}"
2.2227,prj-core-prod,cloudfinops-demo,Billing Account,USD,2026-08-01T00:00:00Z,2026-09-01T00:00:00Z,Usage,,Cloud NAT - Network Address Translation,Usage-Based,2026-08-30T00:00:00Z,2026-08-30T23:59:59Z,,,,12.659,GB,2.2227,0.175583,2.2227,Google LLC,2.2227,0.175583,Standard,12.659,GB,southamerica-east1,Sao Paulo,google/prj-data-lab/cloud-nat,cloud-nat-dev,NAT Gateway,Networking,Network Address Translation,Cloud NAT,Google Cloud,GOO-CloudNAT,GOO-CloudNAT-southamerica-east1,prj-data-lab,projeto-dados,Subscription,"{""OwnerTeam"": ""redes"", ""Environment"": ""dev""}"
2.5921,prj-core-prod,cloudfinops-demo,Billing Account,USD,2026-08-01T00:00:00Z,2026-09-01T00:00:00Z,Usage,,Cloud NAT - Network Address Translation,Usage-Based,2026-08-31T00:00:00Z,2026-08-31T23:59:59Z,,,,14.184,GB,2.5921,0.182748,2.5921,Google LLC,2.5921,0.182748,Standard,14.184,GB,southamerica-east1,Sao Paulo,google/prj-data-lab/cloud-nat,cloud-nat-dev,NAT Gateway,Networking,Network Address Translation,Cloud NAT,Google Cloud,GOO-CloudNAT,GOO-CloudNAT-southamerica-east1,prj-data-lab,projeto-dados,Subscription,"{""OwnerTeam"": ""backend"", ""Environment"": ""dev""}"
2.7076,prj-core-prod,cloudfinops-demo,Billing Account,USD,2026-09-01T00:00:00Z,2026-10-01T00:00:00Z,Usage,,Cloud NAT - Network Address Translation,Usage-Based,2026-09-01T00:00:00Z,2026-09-01T23:59:59Z,,,,36.591,GB,2.7076,0.073996,2.7076,Google LLC,2.7076,0.073996,Standard,36.591,GB,southamerica-east1,Sao Paulo,google/prj-data-lab/cloud-nat,cloud-nat-dev,NAT Gateway,Networking,Network Address Translation,Cloud NAT,Google Cloud,GOO-CloudNAT,GOO-CloudNAT-southamerica-east1,prj-data-lab,projeto-dados,Subscription,"{""OwnerTeam"": ""dados"", ""Environment"": ""dev""}"
2.6529,prj-core-prod,cloudfinops-demo,Billing Account,USD,2026-09-01T00:00:00Z,2026-10-01T00:00:00Z,Usage,,Cloud NAT - Network Address Translation,Usage-Based,2026-09-02T00:00:00Z,2026-09-02T23:59:59Z,,,,9.431,GB,2.6529,0.281296,2.6529,Google LLC,2.6529,0.281296,Standard,9.431,GB,southamerica-east1,Sao Paulo,google/prj-data-lab/cloud-nat,cloud-nat-dev,NAT Gateway,Networking,Network Address Translation,Cloud NAT,Google Cloud,GOO-CloudNAT,GOO-CloudNAT-southamerica-east1,prj-data-lab,projeto-dados,Subscription,"{""OwnerTeam"": ""dados"", ""Environment"": ""dev""}"
2.65,prj-core-prod,cloudfinops-demo,Billing Account,USD,2026-09-01T00:00:00Z,2026-10-01T00:00:00Z,Usage,,Cloud NAT - Network Address Translation,Usage-Based,2026-09-03T00:00:00Z,2026-09-03T23:59:59Z,,,,25.396,GB,2.65,0.104347,2.65,Google LLC,2.65,0.104347,Standard,25.396,GB,southamerica-east1,Sao Paulo,google/prj-data-lab/cloud-nat,cloud-nat-dev,NAT Gateway,Networking,Network Address Translation,Cloud NAT,Google Cloud,GOO-CloudNAT,GOO-CloudNAT-southamerica-east1,prj-data-lab,projeto-dados,Subscription,"{""OwnerTeam"": ""dados"", ""Environment"": ""dev""}"
2.7074,prj-core-prod,cloudfinops-demo,Billing Account,USD,2026-09-01T00:00:00Z,2026-10-01T00:00:00Z,Usage,,Cloud NAT - Network Address Translation,Usage-Based,2026-09-04T00:00:00Z,2026-09-04T23:59:59Z,,,,14.332,GB,2.7074,0.188906,2.7074,Google LLC,2.7074,0.188906,Standard,14.332,GB,southamerica-east1,Sao Paulo,google/prj-data-lab/cloud-nat,cloud-nat-dev,NAT Gateway,Networking,Network Address Translation,Cloud NAT,Google Cloud,GOO-CloudNAT,GOO-CloudNAT-southamerica-east1,prj-data-lab,projeto-dados,Subscription,"{""OwnerTeam"": ""backend"", ""Environment"": ""dev""}"
2.2667,prj-core-prod,cloudfinops-demo,Billing Account,USD,2026-09-01T00:00:00Z,2026-10-01T00:00:00Z,Usage,,Cloud NAT - Network Address Translation,Usage-Based,2026-09-05T00:00:00Z,2026-09-05T23:59:59Z,,,,16.811,GB,2.2667,0.134834,2.2667,Google LLC,2.2667,0.134834,Standard,16.811,GB,southamerica-east1,Sao Paulo,google/prj-data-lab/cloud-nat,cloud-nat-dev,NAT Gateway,Networking,Network Address Translation,Cloud NAT,Google Cloud,GOO-CloudNAT,GOO-CloudNAT-southamerica-east1,prj-data-lab,projeto-dados,Subscription,"{""OwnerTeam"": ""dados"", ""Environment"": ""dev""}"
2.3453,prj-core-prod,cloudfinops-demo,Billing Account,USD,2026-09-01T00:00:00Z,2026-10-01T00:00:00Z,Usage,,Cloud NAT - Network Address Translation,Usage-Based,2026-09-06T00:00:00Z,2026-09-06T23:59:59Z,,,,42.241,GB,2.3453,0.055522,2.3453,Google LLC,2.3453,0.055522,Standard,42.241,GB,southamerica-east1,Sao Paulo,google/prj-data-lab/cloud-nat,cloud-nat-dev,NAT Gateway,Networking,Network Address Translation,Cloud NAT,Google Cloud,GOO-CloudNAT,GOO-CloudNAT-southamerica-east1,prj-data-lab,projeto-dados,Subscription,"{""OwnerTeam"": ""redes"", ""Environment"": ""dev""}"
2.7004,prj-core-prod,cloudfinops-demo,Billing Account,USD,2026-09-01T00:00:00Z,2026-10-01T00:00:00Z,Usage,,Cloud NAT - Network Address Translation,Usage-Based,2026-09-07T00:00:00Z,2026-09-07T23:59:59Z,,,,14.355,GB,2.7004,0.188116,2.7004,Google LLC,2.7004,0.188116,Standard,14.355,GB,southamerica-east1,Sao Paulo,google/prj-data-lab/cloud-nat,cloud-nat-dev,NAT Gateway,Networking,Network Address Translation,Cloud NAT,Google Cloud,GOO-CloudNAT,GOO-CloudNAT-southamerica-east1,prj-data-lab,projeto-dados,Subscription,"{""OwnerTeam"": ""backend"", ""Environment"": ""dev""}"
2.6227,prj-core-prod,cloudfinops-demo,Billing Account,USD,2026-09-01T00:00:00Z,2026-10-01T00:00:00Z,Usage,,Cloud NAT - Network Address Translation,Usage-Based,2026-09-08T00:00:00Z,2026-09-08T23:59:59Z,,,,25.896,GB,2.6227,0.101278,2.6227,Google LLC,2.6227,0.101278,Standard,25.896,GB,southamerica-east1,Sao Paulo,google/prj-data-lab/cloud-nat,cloud-nat-dev,NAT Gateway,Networking,Network Address Translation,Cloud NAT,Google Cloud,GOO-CloudNAT,GOO-CloudNAT-southamerica-east1,prj-data-lab,projeto-dados,Subscription,"{""OwnerTeam"": ""dados"", ""Environment"": ""dev""}"
2.7185,prj-core-prod,cloudfinops-demo,Billing Account,USD,2026-09-01T00:00:00Z,2026-10-01T00:00:00Z,Usage,,Cloud NAT - Network Address Translation,Usage-Based,2026-09-09T00:00:00Z,2026-09-09T23:59:59Z,,,,8.218,GB,2.7185,0.330798,2.7185,Google LLC,2.7185,0.330798,Standard,8.218,GB,southamerica-east1,Sao Paulo,google/prj-data-lab/cloud-nat,cloud-nat-dev,NAT Gateway,Networking,Network Address Translation,Cloud NAT,Google Cloud,GOO-CloudNAT,GOO-CloudNAT-southamerica-east1,prj-data-lab,projeto-dados,Subscription,"{""OwnerTeam"": ""backend"", ""Environment"": ""dev""}"
2.7249,prj-core-prod,cloudfinops-demo,Billing Account,USD,2026-09-01T00:00:00Z,2026-10-01T00:00:00Z,Usage,,Cloud NAT - Network Address Translation,Usage-Based,2026-09-10T00:00:00Z,2026-09-10T23:59:59Z,,,,6.787,GB,2.7249,0.401488,2.7249,Google LLC,2.7249,0.401488,Standard,6.787,GB,southamerica-east1,Sao Paulo,google/prj-data-lab/cloud-nat,cloud-nat-dev,NAT Gateway,Networking,Network Address Translation,Cloud NAT,Google Cloud,GOO-CloudNAT,GOO-CloudNAT-southamerica-east1,prj-data-lab,projeto-dados,Subscription,"{""OwnerTeam"": ""plataforma"", ""Environment"": ""dev""}"
2.7754,prj-core-prod,cloudfinops-demo,Billing Account,USD,2026-09-01T00:00:00Z,2026-10-01T00:00:00Z,Usage,,Cloud NAT - Network Address Translation,Usage-Based,2026-09-11T00:00:00Z,2026-09-11T23:59:59Z,,,,18.082,GB,2.7754,0.15349,2.7754,Google LLC,2.7754,0.15349,Standard,18.082,GB,southamerica-east1,Sao Paulo,google/prj-data-lab/cloud-nat,cloud-nat-dev,NAT Gateway,Networking,Network Address Translation,Cloud NAT,Google Cloud,GOO-CloudNAT,GOO-CloudNAT-southamerica-east1,prj-data-lab,projeto-dados,Subscription,"{""OwnerTeam"": ""dados"", ""Environment"": ""dev""}"
2.327,prj-core-prod,cloudfinops-demo,Billing Account,USD,2026-09-01T00:00:00Z,2026-10-01T00:00:00Z,Usage,,Cloud NAT - Network Address Translation,Usage-Based,2026-09-12T00:00:00Z,2026-09-12T23:59:59Z,,,,5.995,GB,2.327,0.388157,2.327,Google LLC,2.327,0.388157,Standard,5.995,GB,southamerica-east1,Sao Paulo,google/prj-data-lab/cloud-nat,cloud-nat-dev,NAT Gateway,Networking,Network Address Translation,Cloud NAT,Google Cloud,GOO-CloudNAT,GOO-CloudNAT-southamerica-east1,prj-data-lab,projeto-dados,Subscription,"{""OwnerTeam"": ""backend"", ""Environment"": ""dev""}"
2.3111,prj-core-prod,cloudfinops-demo,Billing Account,USD,2026-09-01T00:00:00Z,2026-10-01T00:00:00Z,Usage,,Cloud NAT - Network Address Translation,Usage-Based,2026-09-13T00:00:00Z,2026-09-13T23:59:59Z,,,,7.799,GB,2.3111,0.296333,2.3111,Google LLC,2.3111,0.296333,Standard,7.799,GB,southamerica-east1,Sao Paulo,google/prj-data-lab/cloud-nat,cloud-nat-dev,NAT Gateway,Networking,Network Address Translation,Cloud NAT,Google Cloud,GOO-CloudNAT,GOO-CloudNAT-southamerica-east1,prj-data-lab,projeto-dados,Subscription,"{""OwnerTeam"": ""backend"", ""Environment"": ""dev""}"
2.7794,prj-core-prod,cloudfinops-demo,Billing Account,USD,2026-09-01T00:00:00Z,2026-10-01T00:00:00Z,Usage,,Cloud NAT - Network Address Translation,Usage-Based,2026-09-14T00:00:00Z,2026-09-14T23:59:59Z,,,,14.348,GB,2.7794,0.193713,2.7794,Google LLC,2.7794,0.193713,Standard,14.348,GB,southamerica-east1,Sao Paulo,google/prj-data-lab/cloud-nat,cloud-nat-dev,NAT Gateway,Networking,Network Address Translation,Cloud NAT,Google Cloud,GOO-CloudNAT,GOO-CloudNAT-southamerica-east1,prj-data-lab,projeto-dados,Subscription,"{""OwnerTeam"": ""dados"", ""Environment"": ""dev""}"
2.7488,prj-core-prod,cloudfinops-demo,Billing Account,USD,2026-09-01T00:00:00Z,2026-10-01T00:00:00Z,Usage,,Cloud NAT - Network Address Translation,Usage-Based,2026-09-15T00:00:00Z,2026-09-15T23:59:59Z,,,,8.594,GB,2.7488,0.319851,2.7488,Google LLC,2.7488,0.319851,Standard,8.594,GB,southamerica-east1,Sao Paulo,google/prj-data-lab/cloud-nat,cloud-nat-dev,NAT Gateway,Networking,Network Address Translation,Cloud NAT,Google Cloud,GOO-CloudNAT,GOO-CloudNAT-southamerica-east1,prj-data-lab,projeto-dados,Subscription,"{""OwnerTeam"": ""plataforma"", ""Environment"": ""dev""}"
2.7556,prj-core-prod,cloudfinops-demo,Billing Account,USD,2026-09-01T00:00:00Z,2026-10-01T00:00:00Z,Usage,,Cloud NAT - Network Address Translation,Usage-Based,2026-09-16T00:00:00Z,2026-09-16T23:59:59Z,,,,8.991,GB,2.7556,0.306484,2.7556,Google LLC,2.7556,0.306484,Standard,8.991,GB,southamerica-east1,Sao Paulo,google/prj-data-lab/cloud-nat,cloud-nat-dev,NAT Gateway,Networking,Network Address Translation,Cloud NAT,Google Cloud,GOO-CloudNAT,GOO-CloudNAT-southamerica-east1,prj-data-lab,projeto-dados,Subscription,"{""OwnerTeam"": ""plataforma"", ""Environment"": ""dev""}"
2.6725,prj-core-prod,cloudfinops-demo,Billing Account,USD,2026-09-01T00:00:00Z,2026-10-01T00:00:00Z,Usage,,Cloud NAT - Network Address Translation,Usage-Based,2026-09-17T00:00:00Z,2026-09-17T23:59:59Z,,,,9.316,GB,2.6725,0.286872,2.6725,Google LLC,2.6725,0.286872,Standard,9.316,GB,southamerica-east1,Sao Paulo,google/prj-data-lab/cloud-nat,cloud-nat-dev,NAT Gateway,Networking,Network Address Translation,Cloud NAT,Google Cloud,GOO-CloudNAT,GOO-CloudNAT-southamerica-east1,prj-data-lab,projeto-dados,Subscription,"{""OwnerTeam"": ""redes"", ""Environment"": ""dev""}"
2.6268,prj-core-prod,cloudfinops-demo,Billing Account,USD,2026-09-01T00:00:00Z,2026-10-01T00:00:00Z,Usage,,Cloud NAT - Network Address Translation,Usage-Based,2026-09-18T00:00:00Z,2026-09-18T23:59:59Z,,,,13.401,GB,2.6268,0.196015,2.6268,Google LLC,2.6268,0.196015,Standard,13.401,GB,southamerica-east1,Sao Paulo,google/prj-data-lab/cloud-nat,cloud-nat-dev,NAT Gateway,Networking,Network Address Translation,Cloud NAT,Google Cloud,GOO-CloudNAT,GOO-CloudNAT-southamerica-east1,prj-data-lab,projeto-dados,Subscription,"{""OwnerTeam"": ""backend"", ""Environment"": ""dev""}"
2.322,prj-core-prod,cloudfinops-demo,Billing Account,USD,2026-09-01T00:00:00Z,2026-10-01T00:00:00Z,Usage,,Cloud NAT - Network Address Translation,Usage-Based,2026-09-19T00:00:00Z,2026-09-19T23:59:59Z,,,,6.206,GB,2.322,0.374154,2.322,Google LLC,2.322,0.374154,Standard,6.206,GB,southamerica-east1,Sao Paulo,google/prj-data-lab/cloud-nat,cloud-nat-dev,NAT Gateway,Networking,Network Address Translation,Cloud NAT,Google Cloud,GOO-CloudNAT,GOO-CloudNAT-southamerica-east1,prj-data-lab,projeto-dados,Subscription,"{""OwnerTeam"": ""redes"", ""Environment"": ""dev""}"
2.2972,prj-core-prod,cloudfinops-demo,Billing Account,USD,2026-09-01T00:00:00Z,2026-10-01T00:00:00Z,Usage,,Cloud NAT - Network Address Translation,Usage-Based,2026-09-20T00:00:00Z,2026-09-20T23:59:59Z,,,,12.689,GB,2.2972,0.181039,2.2972,Google LLC,2.2972,0.181039,Standard,12.689,GB,southamerica-east1,Sao Paulo,google/prj-data-lab/cloud-nat,cloud-nat-dev,NAT Gateway,Networking,Network Address Translation,Cloud NAT,Google Cloud,GOO-CloudNAT,GOO-CloudNAT-southamerica-east1,prj-data-lab,projeto-dados,Subscription,"{""OwnerTeam"": ""dados"", ""Environment"": ""dev""}"
2.771,prj-core-prod,cloudfinops-demo,Billing Account,USD,2026-09-01T00:00:00Z,2026-10-01T00:00:00Z,Usage,,Cloud NAT - Network Address Translation,Usage-Based,2026-09-21T00:00:00Z,2026-09-21T23:59:59Z,,,,7.835,GB,2.771,0.353669,2.771,Google LLC,2.771,0.353669,Standard,7.835,GB,southamerica-east1,Sao Paulo,google/prj-data-lab/cloud-nat,cloud-nat-dev,NAT Gateway,Networking,Network Address Translation,Cloud NAT,Google Cloud,GOO-CloudNAT,GOO-CloudNAT-southamerica-east1,prj-data-lab,projeto-dados,Subscription,"{""OwnerTeam"": ""redes"", ""Environment"": ""dev""}"
2.7653,prj-core-prod,cloudfinops-demo,Billing Account,USD,2026-09-01T00:00:00Z,2026-10-01T00:00:00Z,Usage,,Cloud NAT - Network Address Translation,Usage-Based,2026-09-22T00:00:00Z,2026-09-22T23:59:59Z,,,,32.818,GB,2.7653,0.084262,2.7653,Google LLC,2.7653,0.084262,Standard,32.818,GB,southamerica-east1,Sao Paulo,google/prj-data-lab/cloud-nat,cloud-nat-dev,NAT Gateway,Networking,Network Address Translation,Cloud NAT,Google Cloud,GOO-CloudNAT,GOO-CloudNAT-southamerica-east1,prj-data-lab,projeto-dados,Subscription,"{""OwnerTeam"": ""backend"", ""Environment"": ""dev""}"
2.6642,prj-core-prod,cloudfinops-demo,Billing Account,USD,2026-09-01T00:00:00Z,2026-10-01T00:00:00Z,Usage,,Cloud NAT - Network Address Translation,Usage-Based,2026-09-23T00:00:00Z,2026-09-23T23:59:59Z,,,,13.749,GB,2.6642,0.193774,2.6642,Google LLC,2.6642,0.193774,Standard,13.749,GB,southamerica-east1,Sao Paulo,google/prj-data-lab/cloud-nat,cloud-nat-dev,NAT Gateway,Networking,Network Address Translation,Cloud NAT,Google Cloud,GOO-CloudNAT,GOO-CloudNAT-southamerica-east1,prj-data-lab,projeto-dados,Subscription,"{""OwnerTeam"": ""redes"", ""Environment"": ""dev""}"
2.6263,prj-core-prod,cloudfinops-demo,Billing Account,USD,2026-09-01T00:00:00Z,2026-10-01T00:00:00Z,Usage,,Cloud NAT - Network Address Translation,Usage-Based,2026-09-24T00:00:00Z,2026-09-24T23:59:59Z,,,,5.85,GB,2.6263,0.44894,2.6263,Google LLC,2.6263,0.44894,Standard,5.85,GB,southamerica-east1,Sao Paulo,google/prj-data-lab/cloud-nat,cloud-nat-dev,NAT Gateway,Networking,Network Address Translation,Cloud NAT,Google Cloud,GOO-CloudNAT,GOO-CloudNAT-southamerica-east1,prj-data-lab,projeto-dados,Subscription,"{""OwnerTeam"": ""redes"", ""Environment"": ""dev""}"
2.6766,prj-core-prod,cloudfinops-demo,Billing Account,USD,2026-09-01T00:00:00Z,2026-10-01T00:00:00Z,Usage,,Cloud NAT - Network Address Translation,Usage-Based,2026-09-25T00:00:00Z,2026-09-25T23:59:59Z,,,,9.088,GB,2.6766,0.29452,2.6766,Google LLC,2.6766,0.29452,Standard,9.088,GB,southamerica-east1,Sao Paulo,google/prj-data-lab/cloud-nat,cloud-nat-dev,NAT Gateway,Networking,Network Address Translation,Cloud NAT,Google Cloud,GOO-CloudNAT,GOO-CloudNAT-southamerica-east1,prj-data-lab,projeto-dados,Subscription,"{""OwnerTeam"": ""backend"", ""Environment"": ""dev""}"
2.3112,prj-core-prod,cloudfinops-demo,Billing Account,USD,2026-09-01T00:00:00Z,2026-10-01T00:00:00Z,Usage,,Cloud NAT - Network Address Translation,Usage-Based,2026-09-26T00:00:00Z,2026-09-26T23:59:59Z,,,,8.071,GB,2.3112,0.286359,2.3112,Google LLC,2.3112,0.286359,Standard,8.071,GB,southamerica-east1,Sao Paulo,google/prj-data-lab/cloud-nat,cloud-nat-dev,NAT Gateway,Networking,Network Address Translation,Cloud NAT,Google Cloud,GOO-CloudNAT,GOO-CloudNAT-southamerica-east1,prj-data-lab,projeto-dados,Subscription,"{""OwnerTeam"": ""backend"", ""Environment"": ""dev""}"
2.3272,prj-core-prod,cloudfinops-demo,Billing Account,USD,2026-09-01T00:00:00Z,2026-10-01T00:00:00Z,Usage,,Cloud NAT - Network Address Translation,Usage-Based,2026-09-27T00:00:00Z,2026-09-27T23:59:59Z,,,,10.387,GB,2.3272,0.224049,2.3272,Google LLC,2.3272,0.224049,Standard,10.387,GB,southamerica-east1,Sao Paulo,google/prj-data-lab/cloud-nat,cloud-nat-dev,NAT Gateway,Networking,Network Address Translation,Cloud NAT,Google Cloud,GOO-CloudNAT,GOO-CloudNAT-southamerica-east1,prj-data-lab,projeto-dados,Subscription,"{""OwnerTeam"": ""plataforma"", ""Environment"": ""dev""}"
2.7814,prj-core-prod,cloudfinops-demo,Billing Account,USD,2026-09-01T00:00:00Z,2026-10-01T00:00:00Z,Usage,,Cloud NAT - Network Address Translation,Usage-Based,2026-09-28T00:00:00Z,2026-09-28T23:59:59Z,,,,10.219,GB,2.7814,0.272179,2.7814,Google LLC,2.7814,0.272179,Standard,10.219,GB,southamerica-east1,Sao Paulo,google/prj-data-lab/cloud-nat,cloud-nat-dev,NAT Gateway,Networking,Network Address Translation,Cloud NAT,Google Cloud,GOO-CloudNAT,GOO-CloudNAT-southamerica-east1,prj-data-lab,projeto-dados,Subscription,"{""OwnerTeam"": ""redes"", ""Environment"": ""dev""}"
2.6598,prj-core-prod,cloudfinops-demo,Billing Account,USD,2026-09-01T00:00:00Z,2026-10-01T00:00:00Z,Usage,,Cloud NAT - Network Address Translation,Usage-Based,2026-09-29T00:00:00Z,2026-09-29T23:59:59Z,,,,6.775,GB,2.6598,0.39259,2.6598,Google LLC,2.6598,0.39259,Standard,6.775,GB,southamerica-east1,Sao Paulo,google/prj-data-lab/cloud-nat,cloud-nat-dev,NAT Gateway,Networking,Network Address Translation,Cloud NAT,Google Cloud,GOO-CloudNAT,GOO-CloudNAT-southamerica-east1,prj-data-lab,projeto-dados,Subscription,"{""OwnerTeam"": ""plataforma"", ""Environment"": ""dev""}"
2.6485,prj-core-prod,cloudfinops-demo,Billing Account,USD,2026-09-01T00:00:00Z,2026-10-01T00:00:00Z,Usage,,Cloud NAT - Network Address Translation,Usage-Based,2026-09-30T00:00:00Z,2026-09-30T23:59:59Z,,,,17.341,GB,2.6485,0.152731,2.6485,Google LLC,2.6485,0.152731,Standard,17.341,GB,southamerica-east1,Sao Paulo,google/prj-data-lab/cloud-nat,cloud-nat-dev,NAT Gateway,Networking,Network Address Translation,Cloud NAT,Google Cloud,GOO-CloudNAT,GOO-CloudNAT-southamerica-east1,prj-data-lab,projeto-dados,Subscription,"{""OwnerTeam"": ""dados"", ""Environment"": ""dev""}"
2.6447,prj-core-prod,cloudfinops-demo,Billing Account,USD,2026-10-01T00:00:00Z,2026-11-01T00:00:00Z,Usage,,Cloud NAT - Network Address Translation,Usage-Based,2026-10-01T00:00:00Z,2026-10-01T23:59:59Z,,,,6.963,GB,2.6447,0.379822,2.6447,Google LLC,2.6447,0.379822,Standard,6.963,GB,southamerica-east1,Sao Paulo,google/prj-data-lab/cloud-nat,cloud-nat-dev,NAT Gateway,Networking,Network Address Translation,Cloud NAT,Google Cloud,GOO-CloudNAT,GOO-CloudNAT-southamerica-east1,prj-data-lab,projeto-dados,Subscription,"{""OwnerTeam"": ""dados"", ""Environment"": ""dev""}"
2.5891,prj-core-prod,cloudfinops-demo,Billing Account,USD,2026-10-01T00:00:00Z,2026-11-01T00:00:00Z,Usage,,Cloud NAT - Network Address Translation,Usage-Based,2026-10-02T00:00:00Z,2026-10-02T23:59:59Z,,,,36.808,GB,2.5891,0.070341,2.5891,Google LLC,2.5891,0.070341,Standard,36.808,GB,southamerica-east1,Sao Paulo,google/prj-data-lab/cloud-nat,cloud-nat-dev,NAT Gateway,Networking,Network Address Translation,Cloud NAT,Google Cloud,GOO-CloudNAT,GOO-CloudNAT-southamerica-east1,prj-data-lab,projeto-dados,Subscription,"{""OwnerTeam"": ""dados"", ""Environment"": ""dev""}"
2.2851,prj-core-prod,cloudfinops-demo,Billing Account,USD,2026-10-01T00:00:00Z,2026-11-01T00:00:00Z,Usage,,Cloud NAT - Network Address Translation,Usage-Based,2026-10-03T00:00:00Z,2026-10-03T23:59:59Z,,,,7.239,GB,2.2851,0.315665,2.2851,Google LLC,2.2851,0.315665,Standard,7.239,GB,southamerica-east1,Sao Paulo,google/prj-data-lab/cloud-nat,cloud-nat-dev,NAT Gateway,Networking,Network Address Translation,Cloud NAT,Google Cloud,GOO-CloudNAT,GOO-CloudNAT-southamerica-east1,prj-data-lab,projeto-dados,Subscription,"{""OwnerTeam"": ""redes"", ""Environment"": ""dev""}"
3.8056,prj-core-prod,cloudfinops-demo,Billing Account,USD,2026-08-01T00:00:00Z,2026-09-01T00:00:00Z,Usage,,Cloud Logging - Monitoring,Usage-Based,2026-08-01T00:00:00Z,2026-08-01T23:59:59Z,,,,8.794,GB,3.8056,0.43275,3.8056,Google LLC,3.8056,0.43275,Standard,8.794,GB,us-central1,Iowa,google/prj-core-prod/cloud-logging,cloud-logging-prod,Log Bucket,Management and Governance,Monitoring,Cloud Logging,Google Cloud,GOO-CloudLogging,GOO-CloudLog-us-central1,prj-core-prod,projeto-core,Subscription,"{""Environment"": ""prod"", ""ManagedBy"": ""cloudformation""}"
3.5778,prj-core-prod,cloudfinops-demo,Billing Account,USD,2026-08-01T00:00:00Z,2026-09-01T00:00:00Z,Usage,,Cloud Logging - Monitoring,Usage-Based,2026-08-02T00:00:00Z,2026-08-02T23:59:59Z,,,,25.608,GB,3.5778,0.139714,3.5778,Google LLC,3.5778,0.139714,Standard,25.608,GB,us-central1,Iowa,google/prj-core-prod/cloud-logging,cloud-logging-prod,Log Bucket,Management and Governance,Monitoring,Cloud Logging,Google Cloud,GOO-CloudLogging,GOO-CloudLog-us-central1,prj-core-prod,projeto-core,Subscription,"{""Environment"": ""prod"", ""ManagedBy"": ""cloudformation""}"
4.4673,prj-core-prod,cloudfinops-demo,Billing Account,USD,2026-08-01T00:00:00Z,2026-09-01T00:00:00Z,Usage,,Cloud Logging - Monitoring,Usage-Based,2026-08-03T00:00:00Z,2026-08-03T23:59:59Z,,,,43.966,GB,4.4673,0.101608,4.4673,Google LLC,4.4673,0.101608,Standard,43.966,GB,us-central1,Iowa,google/prj-core-prod/cloud-logging,cloud-logging-prod,Log Bucket,Management and Governance,Monitoring,Cloud Logging,Google Cloud,GOO-CloudLogging,GOO-CloudLog-us-central1,prj-core-prod,projeto-core,Subscription,"{""Environment"": ""prod"", ""ManagedBy"": ""terraform""}"
4.3601,prj-core-prod,cloudfinops-demo,Billing Account,USD,2026-08-01T00:00:00Z,2026-09-01T00:00:00Z,Usage,,Cloud Logging - Monitoring,Usage-Based,2026-08-04T00:00:00Z,2026-08-04T23:59:59Z,,,,11.143,GB,4.3601,0.391286,4.3601,Google LLC,4.3601,0.391286,Standard,11.143,GB,us-central1,Iowa,google/prj-core-prod/cloud-logging,cloud-logging-prod,Log Bucket,Management and Governance,Monitoring,Cloud Logging,Google Cloud,GOO-CloudLogging,GOO-CloudLog-us-central1,prj-core-prod,projeto-core,Subscription,"{""Environment"": ""prod"", ""ManagedBy"": ""serverless""}"
4.2603,prj-core-prod,cloudfinops-demo,Billing Account,USD,2026-08-01T00:00:00Z,2026-09-01T00:00:00Z,Usage,,Cloud Logging - Monitoring,Usage-Based,2026-08-05T00:00:00Z,2026-08-05T23:59:59Z,,,,24.931,GB,4.2603,0.170884,4.2603,Google LLC,4.2603,0.170884,Standard,24.931,GB,us-central1,Iowa,google/prj-core-prod/cloud-logging,cloud-logging-prod,Log Bucket,Management and Governance,Monitoring,Cloud Logging,Google Cloud,GOO-CloudLogging,GOO-CloudLog-us-central1,prj-core-prod,projeto-core,Subscription,"{""Environment"": ""prod"", ""ManagedBy"": ""manual""}"
4.3846,prj-core-prod,cloudfinops-demo,Billing Account,USD,2026-08-01T00:00:00Z,2026-09-01T00:00:00Z,Usage,,Cloud Logging - Monitoring,Usage-Based,2026-08-06T00:00:00Z,2026-08-06T23:59:59Z,,,,41.873,GB,4.3846,0.104712,4.3846,Google LLC,4.3846,0.104712,Standard,41.873,GB,us-central1,Iowa,google/prj-core-prod/cloud-logging,cloud-logging-prod,Log Bucket,Management and Governance,Monitoring,Cloud Logging,Google Cloud,GOO-CloudLogging,GOO-CloudLog-us-central1,prj-core-prod,projeto-core,Subscription,"{""Environment"": ""prod"", ""ManagedBy"": ""serverless""}"
4.248,prj-core-prod,cloudfinops-demo,Billing Account,USD,2026-08-01T00:00:00Z,2026-09-01T00:00:00Z,Usage,,Cloud Logging - Monitoring,Usage-Based,2026-08-07T00:00:00Z,2026-08-07T23:59:59Z,,,,17.975,GB,4.248,0.236328,4.248,Google LLC,4.248,0.236328,Standard,17.975,GB,us-central1,Iowa,google/prj-core-prod/cloud-logging,cloud-logging-prod,Log Bucket,Management and Governance,Monitoring,Cloud Logging,Google Cloud,GOO-CloudLogging,GOO-CloudLog-us-central1,prj-core-prod,projeto-core,Subscription,"{""Environment"": ""prod"", ""ManagedBy"": ""serverless""}"
3.6573,prj-core-prod,cloudfinops-demo,Billing Account,USD,2026-08-01T00:00:00Z,2026-09-01T00:00:00Z,Usage,,Cloud Logging - Monitoring,Usage-Based,2026-08-08T00:00:00Z,2026-08-08T23:59:59Z,,,,11.876,GB,3.6573,0.307957,3.6573,Google LLC,3.6573,0.307957,Standard,11.876,GB,us-central1,Iowa,google/prj-core-prod/cloud-logging,cloud-logging-prod,Log Bucket,Management and Governance,Monitoring,Cloud Logging,Google Cloud,GOO-CloudLogging,GOO-CloudLog-us-central1,prj-core-prod,projeto-core,Subscription,"{""Environment"": ""prod"", ""ManagedBy"": ""serverless""}"
3.7586,prj-core-prod,cloudfinops-demo,Billing Account,USD,2026-08-01T00:00:00Z,2026-09-01T00:00:00Z,Usage,,Cloud Logging - Monitoring,Usage-Based,2026-08-09T00:00:00Z,2026-08-09T23:59:59Z,,,,10.502,GB,3.7586,0.357894,3.7586,Google LLC,3.7586,0.357894,Standard,10.502,GB,us-central1,Iowa,google/prj-core-prod/cloud-logging,cloud-logging-prod,Log Bucket,Management and Governance,Monitoring,Cloud Logging,Google Cloud,GOO-CloudLogging,GOO-CloudLog-us-central1,prj-core-prod,projeto-core,Subscription,"{""Environment"": ""prod"", ""ManagedBy"": ""terraform""}"
4.4233,prj-core-prod,cloudfinops-demo,Billing Account,USD,2026-08-01T00:00:00Z,2026-09-01T00:00:00Z,Usage,,Cloud Logging - Monitoring,Usage-Based,2026-08-10T00:00:00Z,2026-08-10T23:59:59Z,,,,22.922,GB,4.4233,0.192972,4.4233,Google LLC,4.4233,0.192972,Standard,22.922,GB,us-central1,Iowa,google/prj-core-prod/cloud-logging,cloud-logging-prod,Log Bucket,Management and Governance,Monitoring,Cloud Logging,Google Cloud,GOO-CloudLogging,GOO-CloudLog-us-central1,prj-core-prod,projeto-core,Subscription,"{""Environment"": ""prod"", ""ManagedBy"": ""manual""}"
4.4417,prj-core-prod,cloudfinops-demo,Billing Account,USD,2026-08-01T00:00:00Z,2026-09-01T00:00:00Z,Usage,,Cloud Logging - Monitoring,Usage-Based,2026-08-11T00:00:00Z,2026-08-11T23:59:59Z,,,,12.146,GB,4.4417,0.365692,4.4417,Google LLC,4.4417,0.365692,Standard,12.146,GB,us-central1,Iowa,google/prj-core-prod/cloud-logging,cloud-logging-prod,Log Bucket,Management and Governance,Monitoring,Cloud Logging,Google Cloud,GOO-CloudLogging,GOO-CloudLog-us-central1,prj-core-prod,projeto-core,Subscription,"{""Environment"": ""prod"", ""ManagedBy"": ""manual""}"
4.4494,prj-core-prod,cloudfinops-demo,Billing Account,USD,2026-08-01T00:00:00Z,2026-09-01T00:00:00Z,Usage,,Cloud Logging - Monitoring,Usage-Based,2026-08-12T00:00:00Z,2026-08-12T23:59:59Z,,,,11.394,GB,4.4494,0.390504,4.4494,Google LLC,4.4494,0.390504,Standard,11.394,GB,us-central1,Iowa,google/prj-core-prod/cloud-logging,cloud-logging-prod,Log Bucket,Management and Governance,Monitoring,Cloud Logging,Google Cloud,GOO-CloudLogging,GOO-CloudLog-us-central1,prj-core-prod,projeto-core,Subscription,"{""Environment"": ""prod"", ""ManagedBy"": ""terraform""}"
4.328,prj-core-prod,cloudfinops-demo,Billing Account,USD,2026-08-01T00:00:00Z,2026-09-01T00:00:00Z,Usage,,Cloud Logging - Monitoring,Usage-Based,2026-08-13T00:00:00Z,2026-08-13T23:59:59Z,,,,29.895,GB,4.328,0.144773,4.328,Google LLC,4.328,0.144773,Standard,29.895,GB,us-central1,Iowa,google/prj-core-prod/cloud-logging,cloud-logging-prod,Log Bucket,Management and Governance,Monitoring,Cloud Logging,Google Cloud,GOO-CloudLogging,GOO-CloudLog-us-central1,prj-core-prod,projeto-core,Subscription,"{""Environment"": ""prod"", ""ManagedBy"": ""serverless""}"
4.413,prj-core-prod,cloudfinops-demo,Billing Account,USD,2026-08-01T00:00:00Z,2026-09-01T00:00:00Z,Usage,,Cloud Logging - Monitoring,Usage-Based,2026-08-14T00:00:00Z,2026-08-14T23:59:59Z,,,,217.262,GB,4.413,0.020312,4.413,Google LLC,4.413,0.020312,Standard,217.262,GB,us-central1,Iowa,google/prj-core-prod/cloud-logging,cloud-logging-prod,Log Bucket,Management and Governance,Monitoring,Cloud Logging,Google Cloud,GOO-CloudLogging,GOO-CloudLog-us-central1,prj-core-prod,projeto-core,Subscription,"{""Environment"": ""prod"", ""ManagedBy"": ""cloudformation""}"
3.7279,prj-core-prod,cloudfinops-demo,Billing Account,USD,2026-08-01T00:00:00Z,2026-09-01T00:00:00Z,Usage,,Cloud Logging - Monitoring,Usage-Based,2026-08-15T00:00:00Z,2026-08-15T23:59:59Z,,,,12.877,GB,3.7279,0.289501,3.7279,Google LLC,3.7279,0.289501,Standard,12.877,GB,us-central1,Iowa,google/prj-core-prod/cloud-logging,cloud-logging-prod,Log Bucket,Management and Governance,Monitoring,Cloud Logging,Google Cloud,GOO-CloudLogging,GOO-CloudLog-us-central1,prj-core-prod,projeto-core,Subscription,"{""Environment"": ""prod"", ""ManagedBy"": ""serverless""}"
3.6837,prj-core-prod,cloudfinops-demo,Billing Account,USD,2026-08-01T00:00:00Z,2026-09-01T00:00:00Z,Usage,,Cloud Logging - Monitoring,Usage-Based,2026-08-16T00:00:00Z,2026-08-16T23:59:59Z,,,,12.629,GB,3.6837,0.291686,3.6837,Google LLC,3.6837,0.291686,Standard,12.629,GB,us-central1,Iowa,google/prj-core-prod/cloud-logging,cloud-logging-prod,Log Bucket,Management and Governance,Monitoring,Cloud Logging,Google Cloud,GOO-CloudLogging,GOO-CloudLog-us-central1,prj-core-prod,projeto-core,Subscription,"{""Environment"": ""prod"", ""ManagedBy"": ""cloudformation""}"
4.3173,prj-core-prod,cloudfinops-demo,Billing Account,USD,2026-08-01T00:00:00Z,2026-09-01T00:00:00Z,Usage,,Cloud Logging - Monitoring,Usage-Based,2026-08-17T00:00:00Z,2026-08-17T23:59:59Z,,,,30.261,GB,4.3173,0.142669,4.3173,Google LLC,4.3173,0.142669,Standard,30.261,GB,us-central1,Iowa,google/prj-core-prod/cloud-logging,cloud-logging-prod,Log Bucket,Management and Governance,Monitoring,Cloud Logging,Google Cloud,GOO-CloudLogging,GOO-CloudLog-us-central1,prj-core-prod,projeto-core,Subscription,"{""Environment"": ""prod"", ""ManagedBy"": ""manual""}"
4.4179,prj-core-prod,cloudfinops-demo,Billing Account,USD,2026-08-01T00:00:00Z,2026-09-01T00:00:00Z,Usage,,Cloud Logging - Monitoring,Usage-Based,2026-08-18T00:00:00Z,2026-08-18T23:59:59Z,,,,22.006,GB,4.4179,0.200759,4.4179,Google LLC,4.4179,0.200759,Standard,22.006,GB,us-central1,Iowa,google/prj-core-prod/cloud-logging,cloud-logging-prod,Log Bucket,Management and Governance,Monitoring,Cloud Logging,Google Cloud,GOO-CloudLogging,GOO-CloudLog-us-central1,prj-core-prod,projeto-core,Subscription,"{""Environment"": ""prod"", ""ManagedBy"": ""cloudformation""}"
4.2628,prj-core-prod,cloudfinops-demo,Billing Account,USD,2026-08-01T00:00:00Z,2026-09-01T00:00:00Z,Usage,,Cloud Logging - Monitoring,Usage-Based,2026-08-19T00:00:00Z,2026-08-19T23:59:59Z,,,,22.186,GB,4.2628,0.192139,4.2628,Google LLC,4.2628,0.192139,Standard,22.186,GB,us-central1,Iowa,google/prj-core-prod/cloud-logging,cloud-logging-prod,Log Bucket,Management and Governance,Monitoring,Cloud Logging,Google Cloud,GOO-CloudLogging,GOO-CloudLog-us-central1,prj-core-prod,projeto-core,Subscription,"{""Environment"": ""prod"", ""ManagedBy"": ""serverless""}"
4.4435,prj-core-prod,cloudfinops-demo,Billing Account,USD,2026-08-01T00:00:00Z,2026-09-01T00:00:00Z,Usage,,Cloud Logging - Monitoring,Usage-Based,2026-08-20T00:00:00Z,2026-08-20T23:59:59Z,,,,30.211,GB,4.4435,0.147082,4.4435,Google LLC,4.4435,0.147082,Standard,30.211,GB,us-central1,Iowa,google/prj-core-prod/cloud-logging,cloud-logging-prod,Log Bucket,Management and Governance,Monitoring,Cloud Logging,Google Cloud,GOO-CloudLogging,GOO-CloudLog-us-central1,prj-core-prod,projeto-core,Subscription,"{""Environment"": ""prod"", ""ManagedBy"": ""serverless""}"
4.5125,prj-core-prod,cloudfinops-demo,Billing Account,USD,2026-08-01T00:00:00Z,2026-09-01T00:00:00Z,Usage,,Cloud Logging - Monitoring,Usage-Based,2026-08-21T00:00:00Z,2026-08-21T23:59:59Z,,,,22.854,GB,4.5125,0.197449,4.5125,Google LLC,4.5125,0.197449,Standard,22.854,GB,us-central1,Iowa,google/prj-core-prod/cloud-logging,cloud-logging-prod,Log Bucket,Management and Governance,Monitoring,Cloud Logging,Google Cloud,GOO-CloudLogging,GOO-CloudLog-us-central1,prj-core-prod,projeto-core,Subscription,"{""Environment"": ""prod"", ""ManagedBy"": ""serverless""}"
3.5933,prj-core-prod,cloudfinops-demo,Billing Account,USD,2026-08-01T00:00:00Z,2026-09-01T00:00:00Z,Usage,,Cloud Logging - Monitoring,Usage-Based,2026-08-22T00:00:00Z,2026-08-22T23:59:59Z,,,,157.094,GB,3.5933,0.022874,3.5933,Google LLC,3.5933,0.022874,Standard,157.094,GB,us-central1,Iowa,google/prj-core-prod/cloud-logging,cloud-logging-prod,Log Bucket,Management and Governance,Monitoring,Cloud Logging,Google Cloud,GOO-CloudLogging,GOO-CloudLog-us-central1,prj-core-prod,projeto-core,Subscription,"{""Environment"": ""prod"", ""ManagedBy"": ""serverless""}"
3.7712,prj-core-prod,cloudfinops-demo,Billing Account,USD,2026-08-01T00:00:00Z,2026-09-01T00:00:00Z,Usage,,Cloud Logging - Monitoring,Usage-Based,2026-08-23T00:00:00Z,2026-08-23T23:59:59Z,,,,8.497,GB,3.7712,0.443827,3.7712,Google LLC,3.7712,0.443827,Standard,8.497,GB,us-central1,Iowa,google/prj-core-prod/cloud-logging,cloud-logging-prod,Log Bucket,Management and Governance,Monitoring,Cloud Logging,Google Cloud,GOO-CloudLogging,GOO-CloudLog-us-central1,prj-core-prod,projeto-core,Subscription,"{""Environment"": ""prod"", ""ManagedBy"": ""cloudformation""}"
4.2708,prj-core-prod,cloudfinops-demo,Billing Account,USD,2026-08-01T00:00:00Z,2026-09-01T00:00:00Z,Usage,,Cloud Logging - Monitoring,Usage-Based,2026-08-24T00:00:00Z,2026-08-24T23:59:59Z,,,,20.804,GB,4.2708,0.205287,4.2708,Google LLC,4.2708,0.205287,Standard,20.804,GB,us-central1,Iowa,google/prj-core-prod/cloud-logging,cloud-logging-prod,Log Bucket,Management and Governance,Monitoring,Cloud Logging,Google Cloud,GOO-CloudLogging,GOO-CloudLog-us-central1,prj-core-prod,projeto-core,Subscription,"{""Environment"": ""prod"", ""ManagedBy"": ""manual""}"
4.2666,prj-core-prod,cloudfinops-demo,Billing Account,USD,2026-08-01T00:00:00Z,2026-09-01T00:00:00Z,Usage,,Cloud Logging - Monitoring,Usage-Based,2026-08-25T00:00:00Z,2026-08-25T23:59:59Z,,,,174.607,GB,4.2666,0.024435,4.2666,Google LLC,4.2666,0.024435,Standard,174.607,GB,us-central1,Iowa,google/prj-core-prod/cloud-logging,cloud-logging-prod,Log Bucket,Management and Governance,Monitoring,Cloud Logging,Google Cloud,GOO-CloudLogging,GOO-CloudLog-us-central1,prj-core-prod,projeto-core,Subscription,"{""Environment"": ""prod"", ""ManagedBy"": ""cloudformation""}"
4.3777,prj-core-prod,cloudfinops-demo,Billing Account,USD,2026-08-01T00:00:00Z,2026-09-01T00:00:00Z,Usage,,Cloud Logging - Monitoring,Usage-Based,2026-08-26T00:00:00Z,2026-08-26T23:59:59Z,,,,33.768,GB,4.3777,0.12964,4.3777,Google LLC,4.3777,0.12964,Standard,33.768,GB,us-central1,Iowa,google/prj-core-prod/cloud-logging,cloud-logging-prod,Log Bucket,Management and Governance,Monitoring,Cloud Logging,Google Cloud,GOO-CloudLogging,GOO-CloudLog-us-central1,prj-core-prod,projeto-core,Subscription,"{""Environment"": ""prod"", ""ManagedBy"": ""manual""}"
4.3495,prj-core-prod,cloudfinops-demo,Billing Account,USD,2026-08-01T00:00:00Z,2026-09-01T00:00:00Z,Usage,,Cloud Logging - Monitoring,Usage-Based,2026-08-27T00:00:00Z,2026-08-27T23:59:59Z,,,,21.151,GB,4.3495,0.20564,4.3495,Google LLC,4.3495,0.20564,Standard,21.151,GB,us-central1,Iowa,google/prj-core-prod/cloud-logging,cloud-logging-prod,Log Bucket,Management and Governance,Monitoring,Cloud Logging,Google Cloud,GOO-CloudLogging,GOO-CloudLog-us-central1,prj-core-prod,projeto-core,Subscription,"{""Environment"": ""prod"", ""ManagedBy"": ""serverless""}"
4.2436,prj-core-prod,cloudfinops-demo,Billing Account,USD,2026-08-01T00:00:00Z,2026-09-01T00:00:00Z,Usage,,Cloud Logging - Monitoring,Usage-Based,2026-08-28T00:00:00Z,2026-08-28T23:59:59Z,,,,16.14,GB,4.2436,0.262924,4.2436,Google LLC,4.2436,0.262924,Standard,16.14,GB,us-central1,Iowa,google/prj-core-prod/cloud-logging,cloud-logging-prod,Log Bucket,Management and Governance,Monitoring,Cloud Logging,Google Cloud,GOO-CloudLogging,GOO-CloudLog-us-central1,prj-core-prod,projeto-core,Subscription,"{""Environment"": ""prod"", ""ManagedBy"": ""serverless""}"
3.6068,prj-core-prod,cloudfinops-demo,Billing Account,USD,2026-08-01T00:00:00Z,2026-09-01T00:00:00Z,Usage,,Cloud Logging - Monitoring,Usage-Based,2026-08-29T00:00:00Z,2026-08-29T23:59:59Z,,,,11.282,GB,3.6068,0.319695,3.6068,Google LLC,3.6068,0.319695,Standard,11.282,GB,us-central1,Iowa,google/prj-core-prod/cloud-logging,cloud-logging-prod,Log Bucket,Management and Governance,Monitoring,Cloud Logging,Google Cloud,GOO-CloudLogging,GOO-CloudLog-us-central1,prj-core-prod,projeto-core,Subscription,"{""Environment"": ""prod"", ""ManagedBy"": ""serverless""}"
3.7953,prj-core-prod,cloudfinops-demo,Billing Account,USD,2026-08-01T00:00:00Z,2026-09-01T00:00:00Z,Usage,,Cloud Logging - Monitoring,Usage-Based,2026-08-30T00:00:00Z,2026-08-30T23:59:59Z,,,,19.171,GB,3.7953,0.197971,3.7953,Google LLC,3.7953,0.197971,Standard,19.171,GB,us-central1,Iowa,google/prj-core-prod/cloud-logging,cloud-logging-prod,Log Bucket,Management and Governance,Monitoring,Cloud Logging,Google Cloud,GOO-CloudLogging,GOO-CloudLog-us-central1,prj-core-prod,projeto-core,Subscription,"{""Environment"": ""prod"", ""ManagedBy"": ""manual""}"
4.5438,prj-core-prod,cloudfinops-demo,Billing Account,USD,2026-08-01T00:00:00Z,2026-09-01T00:00:00Z,Usage,,Cloud Logging - Monitoring,Usage-Based,2026-08-31T00:00:00Z,2026-08-31T23:59:59Z,,,,17.827,GB,4.5438,0.254883,4.5438,Google LLC,4.5438,0.254883,Standard,17.827,GB,us-central1,Iowa,google/prj-core-prod/cloud-logging,cloud-logging-prod,Log Bucket,Management and Governance,Monitoring,Cloud Logging,Google Cloud,GOO-CloudLogging,GOO-CloudLog-us-central1,prj-core-prod,projeto-core,Subscription,"{""Environment"": ""prod"", ""ManagedBy"": ""cloudformation""}"
4.6746,prj-core-prod,cloudfinops-demo,Billing Account,USD,2026-09-01T00:00:00Z,2026-10-01T00:00:00Z,Usage,,Cloud Logging - Monitoring,Usage-Based,2026-09-01T00:00:00Z,2026-09-01T23:59:59Z,,,,15.067,GB,4.6746,0.310254,4.6746,Google LLC,4.6746,0.310254,Standard,15.067,GB,us-central1,Iowa,google/prj-core-prod/cloud-logging,cloud-logging-prod,Log Bucket,Management and Governance,Monitoring,Cloud Logging,Google Cloud,GOO-CloudLogging,GOO-CloudLog-us-central1,prj-core-prod,projeto-core,Subscription,"{""Environment"": ""prod"", ""ManagedBy"": ""serverless""}"
4.6267,prj-core-prod,cloudfinops-demo,Billing Account,USD,2026-09-01T00:00:00Z,2026-10-01T00:00:00Z,Usage,,Cloud Logging - Monitoring,Usage-Based,2026-09-02T00:00:00Z,2026-09-02T23:59:59Z,,,,18.621,GB,4.6267,0.248467,4.6267,Google LLC,4.6267,0.248467,Standard,18.621,GB,us-central1,Iowa,google/prj-core-prod/cloud-logging,cloud-logging-prod,Log Bucket,Management and Governance,Monitoring,Cloud Logging,Google Cloud,GOO-CloudLogging,GOO-CloudLog-us-central1,prj-core-prod,projeto-core,Subscription,"{""Environment"": ""prod"", ""ManagedBy"": ""manual""}"
4.4591,prj-core-prod,cloudfinops-demo,Billing Account,USD,2026-09-01T00:00:00Z,2026-10-01T00:00:00Z,Usage,,Cloud Logging - Monitoring,Usage-Based,2026-09-03T00:00:00Z,2026-09-03T23:59:59Z,,,,36.097,GB,4.4591,0.123531,4.4591,Google LLC,4.4591,0.123531,Standard,36.097,GB,us-central1,Iowa,google/prj-core-prod/cloud-logging,cloud-logging-prod,Log Bucket,Management and Governance,Monitoring,Cloud Logging,Google Cloud,GOO-CloudLogging,GOO-CloudLog-us-central1,prj-core-prod,projeto-core,Subscription,"{""Environment"": ""prod"", ""ManagedBy"": ""manual""}"
4.6035,prj-core-prod,cloudfinops-demo,Billing Account,USD,2026-09-01T00:00:00Z,2026-10-01T00:00:00Z,Usage,,Cloud Logging - Monitoring,Usage-Based,2026-09-04T00:00:00Z,2026-09-04T23:59:59Z,,,,18.728,GB,4.6035,0.245808,4.6035,Google LLC,4.6035,0.245808,Standard,18.728,GB,us-central1,Iowa,google/prj-core-prod/cloud-logging,cloud-logging-prod,Log Bucket,Management and Governance,Monitoring,Cloud Logging,Google Cloud,GOO-CloudLogging,GOO-CloudLog-us-central1,prj-core-prod,projeto-core,Subscription,"{""Environment"": ""prod"", ""ManagedBy"": ""terraform""}"
3.9048,prj-core-prod,cloudfinops-demo,Billing Account,USD,2026-09-01T00:00:00Z,2026-10-01T00:00:00Z,Usage,,Cloud Logging - Monitoring,Usage-Based,2026-09-05T00:00:00Z,2026-09-05T23:59:59Z,,,,12.288,GB,3.9048,0.317773,3.9048,Google LLC,3.9048,0.317773,Standard,12.288,GB,us-central1,Iowa,google/prj-core-prod/cloud-logging,cloud-logging-prod,Log Bucket,Management and Governance,Monitoring,Cloud Logging,Google Cloud,GOO-CloudLogging,GOO-CloudLog-us-central1,prj-core-prod,projeto-core,Subscription,"{""Environment"": ""prod"", ""ManagedBy"": ""manual""}"
3.8329,prj-core-prod,cloudfinops-demo,Billing Account,USD,2026-09-01T00:00:00Z,2026-10-01T00:00:00Z,Usage,,Cloud Logging - Monitoring,Usage-Based,2026-09-06T00:00:00Z,2026-09-06T23:59:59Z,,,,20.145,GB,3.8329,0.190266,3.8329,Google LLC,3.8329,0.190266,Standard,20.145,GB,us-central1,Iowa,google/prj-core-prod/cloud-logging,cloud-logging-prod,Log Bucket,Management and Governance,Monitoring,Cloud Logging,Google Cloud,GOO-CloudLogging,GOO-CloudLog-us-central1,prj-core-prod,projeto-core,Subscription,"{""Environment"": ""prod"", ""ManagedBy"": ""cloudformation""}"
4.6201,prj-core-prod,cloudfinops-demo,Billing Account,USD,2026-09-01T00:00:00Z,2026-10-01T00:00:00Z,Usage,,Cloud Logging - Monitoring,Usage-Based,2026-09-07T00:00:00Z,2026-09-07T23:59:59Z,,,,26.057,GB,4.6201,0.177307,4.6201,Google LLC,4.6201,0.177307,Standard,26.057,GB,us-central1,Iowa,google/prj-core-prod/cloud-logging,cloud-logging-prod,Log Bucket,Management and Governance,Monitoring,Cloud Logging,Google Cloud,GOO-CloudLogging,GOO-CloudLog-us-central1,prj-core-prod,projeto-core,Subscription,"{""Environment"": ""prod"", ""ManagedBy"": ""terraform""}"
4.6104,prj-core-prod,cloudfinops-demo,Billing Account,USD,2026-09-01T00:00:00Z,2026-10-01T00:00:00Z,Usage,,Cloud Logging - Monitoring,Usage-Based,2026-09-08T00:00:00Z,2026-09-08T23:59:59Z,,,,16.473,GB,4.6104,0.279876,4.6104,Google LLC,4.6104,0.279876,Standard,16.473,GB,us-central1,Iowa,google/prj-core-prod/cloud-logging,cloud-logging-prod,Log Bucket,Management and Governance,Monitoring,Cloud Logging,Google Cloud,GOO-CloudLogging,GOO-CloudLog-us-central1,prj-core-prod,projeto-core,Subscription,"{""Environment"": ""prod"", ""ManagedBy"": ""terraform""}"
4.6274,prj-core-prod,cloudfinops-demo,Billing Account,USD,2026-09-01T00:00:00Z,2026-10-01T00:00:00Z,Usage,,Cloud Logging - Monitoring,Usage-Based,2026-09-09T00:00:00Z,2026-09-09T23:59:59Z,,,,36.053,GB,4.6274,0.12835,4.6274,Google LLC,4.6274,0.12835,Standard,36.053,GB,us-central1,Iowa,google/prj-core-prod/cloud-logging,cloud-logging-prod,Log Bucket,Management and Governance,Monitoring,Cloud Logging,Google Cloud,GOO-CloudLogging,GOO-CloudLog-us-central1,prj-core-prod,projeto-core,Subscription,"{""Environment"": ""prod"", ""ManagedBy"": ""serverless""}"
4.6134,prj-core-prod,cloudfinops-demo,Billing Account,USD,2026-09-01T00:00:00Z,2026-10-01T00:00:00Z,Usage,,Cloud Logging - Monitoring,Usage-Based,2026-09-10T00:00:00Z,2026-09-10T23:59:59Z,,,,10.458,GB,4.6134,0.441136,4.6134,Google LLC,4.6134,0.441136,Standard,10.458,GB,us-central1,Iowa,google/prj-core-prod/cloud-logging,cloud-logging-prod,Log Bucket,Management and Governance,Monitoring,Cloud Logging,Google Cloud,GOO-CloudLogging,GOO-CloudLog-us-central1,prj-core-prod,projeto-core,Subscription,"{""Environment"": ""prod"", ""ManagedBy"": ""serverless""}"
4.5561,prj-core-prod,cloudfinops-demo,Billing Account,USD,2026-09-01T00:00:00Z,2026-10-01T00:00:00Z,Usage,,Cloud Logging - Monitoring,Usage-Based,2026-09-11T00:00:00Z,2026-09-11T23:59:59Z,,,,45.778,GB,4.5561,0.099526,4.5561,Google LLC,4.5561,0.099526,Standard,45.778,GB,us-central1,Iowa,google/prj-core-prod/cloud-logging,cloud-logging-prod,Log Bucket,Management and Governance,Monitoring,Cloud Logging,Google Cloud,GOO-CloudLogging,GOO-CloudLog-us-central1,prj-core-prod,projeto-core,Subscription,"{""Environment"": ""prod"", ""ManagedBy"": ""cloudformation""}"
3.7594,prj-core-prod,cloudfinops-demo,Billing Account,USD,2026-09-01T00:00:00Z,2026-10-01T00:00:00Z,Usage,,Cloud Logging - Monitoring,Usage-Based,2026-09-12T00:00:00Z,2026-09-12T23:59:59Z,,,,14.307,GB,3.7594,0.262766,3.7594,Google LLC,3.7594,0.262766,Standard,14.307,GB,us-central1,Iowa,google/prj-core-prod/cloud-logging,cloud-logging-prod,Log Bucket,Management and Governance,Monitoring,Cloud Logging,Google Cloud,GOO-CloudLogging,GOO-CloudLog-us-central1,prj-core-prod,projeto-core,Subscription,"{""Environment"": ""prod"", ""ManagedBy"": ""manual""}"
3.8703,prj-core-prod,cloudfinops-demo,Billing Account,USD,2026-09-01T00:00:00Z,2026-10-01T00:00:00Z,Usage,,Cloud Logging - Monitoring,Usage-Based,2026-09-13T00:00:00Z,2026-09-13T23:59:59Z,,,,21.006,GB,3.8703,0.184247,3.8703,Google LLC,3.8703,0.184247,Standard,21.006,GB,us-central1,Iowa,google/prj-core-prod/cloud-logging,cloud-logging-prod,Log Bucket,Management and Governance,Monitoring,Cloud Logging,Google Cloud,GOO-CloudLogging,GOO-CloudLog-us-central1,prj-core-prod,projeto-core,Subscription,"{""Environment"": ""prod"", ""ManagedBy"": ""serverless""}"
4.6086,prj-core-prod,cloudfinops-demo,Billing Account,USD,2026-09-01T00:00:00Z,2026-10-01T00:00:00Z,Usage,,Cloud Logging - Monitoring,Usage-Based,2026-09-14T00:00:00Z,2026-09-14T23:59:59Z,,,,13.357,GB,4.6086,0.345033,4.6086,Google LLC,4.6086,0.345033,Standard,13.357,GB,us-central1,Iowa,google/prj-core-prod/cloud-logging,cloud-logging-prod,Log Bucket,Management and Governance,Monitoring,Cloud Logging,Google Cloud,GOO-CloudLogging,GOO-CloudLog-us-central1,prj-core-prod,projeto-core,Subscription,"{""Environment"": ""prod"", ""ManagedBy"": ""cloudformation""}"
4.5871,prj-core-prod,cloudfinops-demo,Billing Account,USD,2026-09-01T00:00:00Z,2026-10-01T00:00:00Z,Usage,,Cloud Logging - Monitoring,Usage-Based,2026-09-15T00:00:00Z,2026-09-15T23:59:59Z,,,,10.269,GB,4.5871,0.446694,4.5871,Google LLC,4.5871,0.446694,Standard,10.269,GB,us-central1,Iowa,google/prj-core-prod/cloud-logging,cloud-logging-prod,Log Bucket,Management and Governance,Monitoring,Cloud Logging,Google Cloud,GOO-CloudLogging,GOO-CloudLog-us-central1,prj-core-prod,projeto-core,Subscription,"{""Environment"": ""prod"", ""ManagedBy"": ""serverless""}"
4.6978,prj-core-prod,cloudfinops-demo,Billing Account,USD,2026-09-01T00:00:00Z,2026-10-01T00:00:00Z,Usage,,Cloud Logging - Monitoring,Usage-Based,2026-09-16T00:00:00Z,2026-09-16T23:59:59Z,,,,12.948,GB,4.6978,0.362821,4.6978,Google LLC,4.6978,0.362821,Standard,12.948,GB,us-central1,Iowa,google/prj-core-prod/cloud-logging,cloud-logging-prod,Log Bucket,Management and Governance,Monitoring,Cloud Logging,Google Cloud,GOO-CloudLogging,GOO-CloudLog-us-central1,prj-core-prod,projeto-core,Subscription,"{""Environment"": ""prod"", ""ManagedBy"": ""terraform""}"
4.4748,prj-core-prod,cloudfinops-demo,Billing Account,USD,2026-09-01T00:00:00Z,2026-10-01T00:00:00Z,Usage,,Cloud Logging - Monitoring,Usage-Based,2026-09-17T00:00:00Z,2026-09-17T23:59:59Z,,,,27.372,GB,4.4748,0.163481,4.4748,Google LLC,4.4748,0.163481,Standard,27.372,GB,us-central1,Iowa,google/prj-core-prod/cloud-logging,cloud-logging-prod,Log Bucket,Management and Governance,Monitoring,Cloud Logging,Google Cloud,GOO-CloudLogging,GOO-CloudLog-us-central1,prj-core-prod,projeto-core,Subscription,"{""Environment"": ""prod"", ""ManagedBy"": ""cloudformation""}"
4.6079,prj-core-prod,cloudfinops-demo,Billing Account,USD,2026-09-01T00:00:00Z,2026-10-01T00:00:00Z,Usage,,Cloud Logging - Monitoring,Usage-Based,2026-09-18T00:00:00Z,2026-09-18T23:59:59Z,,,,15.307,GB,4.6079,0.301032,4.6079,Google LLC,4.6079,0.301032,Standard,15.307,GB,us-central1,Iowa,google/prj-core-prod/cloud-logging,cloud-logging-prod,Log Bucket,Management and Governance,Monitoring,Cloud Logging,Google Cloud,GOO-CloudLogging,GOO-CloudLog-us-central1,prj-core-prod,projeto-core,Subscription,"{""Environment"": ""prod"", ""ManagedBy"": ""serverless""}"
4.0092,prj-core-prod,cloudfinops-demo,Billing Account,USD,2026-09-01T00:00:00Z,2026-10-01T00:00:00Z,Usage,,Cloud Logging - Monitoring,Usage-Based,2026-09-19T00:00:00Z,2026-09-19T23:59:59Z,,,,48.332,GB,4.0092,0.082951,4.0092,Google LLC,4.0092,0.082951,Standard,48.332,GB,us-central1,Iowa,google/prj-core-prod/cloud-logging,cloud-logging-prod,Log Bucket,Management and Governance,Monitoring,Cloud Logging,Google Cloud,GOO-CloudLogging,GOO-CloudLog-us-central1,prj-core-prod,projeto-core,Subscription,"{""Environment"": ""prod"", ""ManagedBy"": ""terraform""}"
3.9229,prj-core-prod,cloudfinops-demo,Billing Account,USD,2026-09-01T00:00:00Z,2026-10-01T00:00:00Z,Usage,,Cloud Logging - Monitoring,Usage-Based,2026-09-20T00:00:00Z,2026-09-20T23:59:59Z,,,,10.546,GB,3.9229,0.37198,3.9229,Google LLC,3.9229,0.37198,Standard,10.546,GB,us-central1,Iowa,google/prj-core-prod/cloud-logging,cloud-logging-prod,Log Bucket,Management and Governance,Monitoring,Cloud Logging,Google Cloud,GOO-CloudLogging,GOO-CloudLog-us-central1,prj-core-prod,projeto-core,Subscription,"{""Environment"": ""prod"", ""ManagedBy"": ""terraform""}"
4.6273,prj-core-prod,cloudfinops-demo,Billing Account,USD,2026-09-01T00:00:00Z,2026-10-01T00:00:00Z,Usage,,Cloud Logging - Monitoring,Usage-Based,2026-09-21T00:00:00Z,2026-09-21T23:59:59Z,,,,106.996,GB,4.6273,0.043247,4.6273,Google LLC,4.6273,0.043247,Standard,106.996,GB,us-central1,Iowa,google/prj-core-prod/cloud-logging,cloud-logging-prod,Log Bucket,Management and Governance,Monitoring,Cloud Logging,Google Cloud,GOO-CloudLogging,GOO-CloudLog-us-central1,prj-core-prod,projeto-core,Subscription,"{""Environment"": ""prod"", ""ManagedBy"": ""manual""}"
4.751,prj-core-prod,cloudfinops-demo,Billing Account,USD,2026-09-01T00:00:00Z,2026-10-01T00:00:00Z,Usage,,Cloud Logging - Monitoring,Usage-Based,2026-09-22T00:00:00Z,2026-09-22T23:59:59Z,,,,11.721,GB,4.751,0.405341,4.751,Google LLC,4.751,0.405341,Standard,11.721,GB,us-central1,Iowa,google/prj-core-prod/cloud-logging,cloud-logging-prod,Log Bucket,Management and Governance,Monitoring,Cloud Logging,Google Cloud,GOO-CloudLogging,GOO-CloudLog-us-central1,prj-core-prod,projeto-core,Subscription,"{""Environment"": ""prod"", ""ManagedBy"": ""manual""}"
4.5532,prj-core-prod,cloudfinops-demo,Billing Account,USD,2026-09-01T00:00:00Z,2026-10-01T00:00:00Z,Usage,,Cloud Logging - Monitoring,Usage-Based,2026-09-23T00:00:00Z,2026-09-23T23:59:59Z,,,,89.372,GB,4.5532,0.050947,4.5532,Google LLC,4.5532,0.050947,Standard,89.372,GB,us-central1,Iowa,google/prj-core-prod/cloud-logging,cloud-logging-prod,Log Bucket,Management and Governance,Monitoring,Cloud Logging,Google Cloud,GOO-CloudLogging,GOO-CloudLog-us-central1,prj-core-prod,projeto-core,Subscription,"{""Environment"": ""prod"", ""ManagedBy"": ""cloudformation""}"
4.5574,prj-core-prod,cloudfinops-demo,Billing Account,USD,2026-09-01T00:00:00Z,2026-10-01T00:00:00Z,Usage,,Cloud Logging - Monitoring,Usage-Based,2026-09-24T00:00:00Z,2026-09-24T23:59:59Z,,,,82.838,GB,4.5574,0.055016,4.5574,Google LLC,4.5574,0.055016,Standard,82.838,GB,us-central1,Iowa,google/prj-core-prod/cloud-logging,cloud-logging-prod,Log Bucket,Management and Governance,Monitoring,Cloud Logging,Google Cloud,GOO-CloudLogging,GOO-CloudLog-us-central1,prj-core-prod,projeto-core,Subscription,"{""Environment"": ""prod"", ""ManagedBy"": ""manual""}"
4.4753,prj-core-prod,cloudfinops-demo,Billing Account,USD,2026-09-01T00:00:00Z,2026-10-01T00:00:00Z,Usage,,Cloud Logging - Monitoring,Usage-Based,2026-09-25T00:00:00Z,2026-09-25T23:59:59Z,,,,11.678,GB,4.4753,0.383225,4.4753,Google LLC,4.4753,0.383225,Standard,11.678,GB,us-central1,Iowa,google/prj-core-prod/cloud-logging,cloud-logging-prod,Log Bucket,Management and Governance,Monitoring,Cloud Logging,Google Cloud,GOO-CloudLogging,GOO-CloudLog-us-central1,prj-core-prod,projeto-core,Subscription,"{""Environment"": ""prod"", ""ManagedBy"": ""manual""}"
4.9807,prj-core-prod,cloudfinops-demo,Billing Account,USD,2026-09-01T00:00:00Z,2026-10-01T00:00:00Z,Usage,,Cloud Logging - Monitoring,Usage-Based,2026-09-26T00:00:00Z,2026-09-26T23:59:59Z,,,,13.23,GB,4.9807,0.37647,4.9807,Google LLC,4.9807,0.37647,Standard,13.23,GB,us-central1,Iowa,google/prj-core-prod/cloud-logging,cloud-logging-prod,Log Bucket,Management and Governance,Monitoring,Cloud Logging,Google Cloud,GOO-CloudLogging,GOO-CloudLog-us-central1,prj-core-prod,projeto-core,Subscription,"{""Environment"": ""prod"", ""ManagedBy"": ""cloudformation""}"
4.723,prj-core-prod,cloudfinops-demo,Billing Account,USD,2026-09-01T00:00:00Z,2026-10-01T00:00:00Z,Usage,,Cloud Logging - Monitoring,Usage-Based,2026-09-27T00:00:00Z,2026-09-27T23:59:59Z,,,,12.511,GB,4.723,0.377508,4.723,Google LLC,4.723,0.377508,Standard,12.511,GB,us-central1,Iowa,google/prj-core-prod/cloud-logging,cloud-logging-prod,Log Bucket,Management and Governance,Monitoring,Cloud Logging,Google Cloud,GOO-CloudLogging,GOO-CloudLog-us-central1,prj-core-prod,projeto-core,Subscription,"{""Environment"": ""prod"", ""ManagedBy"": ""manual""}"
5.6026,prj-core-prod,cloudfinops-demo,Billing Account,USD,2026-09-01T00:00:00Z,2026-10-01T00:00:00Z,Usage,,Cloud Logging - Monitoring,Usage-Based,2026-09-28T00:00:00Z,2026-09-28T23:59:59Z,,,,107.446,GB,5.6026,0.052143,5.6026,Google LLC,5.6026,0.052143,Standard,107.446,GB,us-central1,Iowa,google/prj-core-prod/cloud-logging,cloud-logging-prod,Log Bucket,Management and Governance,Monitoring,Cloud Logging,Google Cloud,GOO-CloudLogging,GOO-CloudLog-us-central1,prj-core-prod,projeto-core,Subscription,"{""Environment"": ""prod"", ""ManagedBy"": ""cloudformation""}"
5.877,prj-core-prod,cloudfinops-demo,Billing Account,USD,2026-09-01T00:00:00Z,2026-10-01T00:00:00Z,Usage,,Cloud Logging - Monitoring,Usage-Based,2026-09-29T00:00:00Z,2026-09-29T23:59:59Z,,,,197.644,GB,5.877,0.029735,5.877,Google LLC,5.877,0.029735,Standard,197.644,GB,us-central1,Iowa,google/prj-core-prod/cloud-logging,cloud-logging-prod,Log Bucket,Management and Governance,Monitoring,Cloud Logging,Google Cloud,GOO-CloudLogging,GOO-CloudLog-us-central1,prj-core-prod,projeto-core,Subscription,"{""Environment"": ""prod"", ""ManagedBy"": ""manual""}"
5.9428,prj-core-prod,cloudfinops-demo,Billing Account,USD,2026-09-01T00:00:00Z,2026-10-01T00:00:00Z,Usage,,Cloud Logging - Monitoring,Usage-Based,2026-09-30T00:00:00Z,2026-09-30T23:59:59Z,,,,16.481,GB,5.9428,0.360585,5.9428,Google LLC,5.9428,0.360585,Standard,16.481,GB,us-central1,Iowa,google/prj-core-prod/cloud-logging,cloud-logging-prod,Log Bucket,Management and Governance,Monitoring,Cloud Logging,Google Cloud,GOO-CloudLogging,GOO-CloudLog-us-central1,prj-core-prod,projeto-core,Subscription,"{""Environment"": ""prod"", ""ManagedBy"": ""manual""}"
5.6633,prj-core-prod,cloudfinops-demo,Billing Account,USD,2026-10-01T00:00:00Z,2026-11-01T00:00:00Z,Usage,,Cloud Logging - Monitoring,Usage-Based,2026-10-01T00:00:00Z,2026-10-01T23:59:59Z,,,,25.683,GB,5.6633,0.220508,5.6633,Google LLC,5.6633,0.220508,Standard,25.683,GB,us-central1,Iowa,google/prj-core-prod/cloud-logging,cloud-logging-prod,Log Bucket,Management and Governance,Monitoring,Cloud Logging,Google Cloud,GOO-CloudLogging,GOO-CloudLog-us-central1,prj-core-prod,projeto-core,Subscription,"{""Environment"": ""prod"", ""ManagedBy"": ""manual""}"
5.7033,prj-core-prod,cloudfinops-demo,Billing Account,USD,2026-10-01T00:00:00Z,2026-11-01T00:00:00Z,Usage,,Cloud Logging - Monitoring,Usage-Based,2026-10-02T00:00:00Z,2026-10-02T23:59:59Z,,,,76.115,GB,5.7033,0.07493,5.7033,Google LLC,5.7033,0.07493,Standard,76.115,GB,us-central1,Iowa,google/prj-core-prod/cloud-logging,cloud-logging-prod,Log Bucket,Management and Governance,Monitoring,Cloud Logging,Google Cloud,GOO-CloudLogging,GOO-CloudLog-us-central1,prj-core-prod,projeto-core,Subscription,"{""Environment"": ""prod"", ""ManagedBy"": ""terraform""}"
4.7375,prj-core-prod,cloudfinops-demo,Billing Account,USD,2026-10-01T00:00:00Z,2026-11-01T00:00:00Z,Usage,,Cloud Logging - Monitoring,Usage-Based,2026-10-03T00:00:00Z,2026-10-03T23:59:59Z,,,,22.815,GB,4.7375,0.207648,4.7375,Google LLC,4.7375,0.207648,Standard,22.815,GB,us-central1,Iowa,google/prj-core-prod/cloud-logging,cloud-logging-prod,Log Bucket,Management and Governance,Monitoring,Cloud Logging,Google Cloud,GOO-CloudLogging,GOO-CloudLog-us-central1,prj-core-prod,projeto-core,Subscription,"{""Environment"": ""prod"", ""ManagedBy"": ""cloudformation""}"
1.9296,prj-core-prod,cloudfinops-demo,Billing Account,USD,2026-08-01T00:00:00Z,2026-09-01T00:00:00Z,Usage,,Cloud Logging - Monitoring,Usage-Based,2026-08-01T00:00:00Z,2026-08-01T23:59:59Z,,,,5.574,GB,1.9296,0.346179,1.9296,Google LLC,1.9296,0.346179,Standard,5.574,GB,us-central1,Iowa,google/prj-data-lab/cloud-logging,cloud-logging-dev,Log Bucket,Management and Governance,Monitoring,Cloud Logging,Google Cloud,GOO-CloudLogging,GOO-CloudLog-us-central1,prj-data-lab,projeto-dados,Subscription,"{""Environment"": ""dev"", ""ManagedBy"": ""manual""}"
1.9579,prj-core-prod,cloudfinops-demo,Billing Account,USD,2026-08-01T00:00:00Z,2026-09-01T00:00:00Z,Usage,,Cloud Logging - Monitoring,Usage-Based,2026-08-02T00:00:00Z,2026-08-02T23:59:59Z,,,,51.023,GB,1.9579,0.038373,1.9579,Google LLC,1.9579,0.038373,Standard,51.023,GB,us-central1,Iowa,google/prj-data-lab/cloud-logging,cloud-logging-dev,Log Bucket,Management and Governance,Monitoring,Cloud Logging,Google Cloud,GOO-CloudLogging,GOO-CloudLog-us-central1,prj-data-lab,projeto-dados,Subscription,"{""Environment"": ""dev"", ""ManagedBy"": ""serverless""}"
2.4304,prj-core-prod,cloudfinops-demo,Billing Account,USD,2026-08-01T00:00:00Z,2026-09-01T00:00:00Z,Usage,,Cloud Logging - Monitoring,Usage-Based,2026-08-03T00:00:00Z,2026-08-03T23:59:59Z,,,,29.694,GB,2.4304,0.081848,2.4304,Google LLC,2.4304,0.081848,Standard,29.694,GB,us-central1,Iowa,google/prj-data-lab/cloud-logging,cloud-logging-dev,Log Bucket,Management and Governance,Monitoring,Cloud Logging,Google Cloud,GOO-CloudLogging,GOO-CloudLog-us-central1,prj-data-lab,projeto-dados,Subscription,"{""Environment"": ""dev"", ""ManagedBy"": ""serverless""}"
2.3872,prj-core-prod,cloudfinops-demo,Billing Account,USD,2026-08-01T00:00:00Z,2026-09-01T00:00:00Z,Usage,,Cloud Logging - Monitoring,Usage-Based,2026-08-04T00:00:00Z,2026-08-04T23:59:59Z,,,,5.363,GB,2.3872,0.445124,2.3872,Google LLC,2.3872,0.445124,Standard,5.363,GB,us-central1,Iowa,google/prj-data-lab/cloud-logging,cloud-logging-dev,Log Bucket,Management and Governance,Monitoring,Cloud Logging,Google Cloud,GOO-CloudLogging,GOO-CloudLog-us-central1,prj-data-lab,projeto-dados,Subscription,"{""Environment"": ""dev"", ""ManagedBy"": ""terraform""}"
2.3932,prj-core-prod,cloudfinops-demo,Billing Account,USD,2026-08-01T00:00:00Z,2026-09-01T00:00:00Z,Usage,,Cloud Logging - Monitoring,Usage-Based,2026-08-05T00:00:00Z,2026-08-05T23:59:59Z,,,,31.51,GB,2.3932,0.07595,2.3932,Google LLC,2.3932,0.07595,Standard,31.51,GB,us-central1,Iowa,google/prj-data-lab/cloud-logging,cloud-logging-dev,Log Bucket,Management and Governance,Monitoring,Cloud Logging,Google Cloud,GOO-CloudLogging,GOO-CloudLog-us-central1,prj-data-lab,projeto-dados,Subscription,"{""Environment"": ""dev"", ""ManagedBy"": ""serverless""}"
2.3496,prj-core-prod,cloudfinops-demo,Billing Account,USD,2026-08-01T00:00:00Z,2026-09-01T00:00:00Z,Usage,,Cloud Logging - Monitoring,Usage-Based,2026-08-06T00:00:00Z,2026-08-06T23:59:59Z,,,,8.714,GB,2.3496,0.269635,2.3496,Google LLC,2.3496,0.269635,Standard,8.714,GB,us-central1,Iowa,google/prj-data-lab/cloud-logging,cloud-logging-dev,Log Bucket,Management and Governance,Monitoring,Cloud Logging,Google Cloud,GOO-CloudLogging,GOO-CloudLog-us-central1,prj-data-lab,projeto-dados,Subscription,"{""Environment"": ""dev"", ""ManagedBy"": ""terraform""}"
2.3858,prj-core-prod,cloudfinops-demo,Billing Account,USD,2026-08-01T00:00:00Z,2026-09-01T00:00:00Z,Usage,,Cloud Logging - Monitoring,Usage-Based,2026-08-07T00:00:00Z,2026-08-07T23:59:59Z,,,,5.46,GB,2.3858,0.43696,2.3858,Google LLC,2.3858,0.43696,Standard,5.46,GB,us-central1,Iowa,google/prj-data-lab/cloud-logging,cloud-logging-dev,Log Bucket,Management and Governance,Monitoring,Cloud Logging,Google Cloud,GOO-CloudLogging,GOO-CloudLog-us-central1,prj-data-lab,projeto-dados,Subscription,"{""Environment"": ""dev"", ""ManagedBy"": ""serverless""}"
2.0621,prj-core-prod,cloudfinops-demo,Billing Account,USD,2026-08-01T00:00:00Z,2026-09-01T00:00:00Z,Usage,,Cloud Logging - Monitoring,Usage-Based,2026-08-08T00:00:00Z,2026-08-08T23:59:59Z,,,,9.101,GB,2.0621,0.226579,2.0621,Google LLC,2.0621,0.226579,Standard,9.101,GB,us-central1,Iowa,google/prj-data-lab/cloud-logging,cloud-logging-dev,Log Bucket,Management and Governance,Monitoring,Cloud Logging,Google Cloud,GOO-CloudLogging,GOO-CloudLog-us-central1,prj-data-lab,projeto-dados,Subscription,"{""Environment"": ""dev"", ""ManagedBy"": ""cloudformation""}"
2.0555,prj-core-prod,cloudfinops-demo,Billing Account,USD,2026-08-01T00:00:00Z,2026-09-01T00:00:00Z,Usage,,Cloud Logging - Monitoring,Usage-Based,2026-08-09T00:00:00Z,2026-08-09T23:59:59Z,,,,15.291,GB,2.0555,0.134425,2.0555,Google LLC,2.0555,0.134425,Standard,15.291,GB,us-central1,Iowa,google/prj-data-lab/cloud-logging,cloud-logging-dev,Log Bucket,Management and Governance,Monitoring,Cloud Logging,Google Cloud,GOO-CloudLogging,GOO-CloudLog-us-central1,prj-data-lab,projeto-dados,Subscription,"{""Environment"": ""dev"", ""ManagedBy"": ""terraform""}"
2.3649,prj-core-prod,cloudfinops-demo,Billing Account,USD,2026-08-01T00:00:00Z,2026-09-01T00:00:00Z,Usage,,Cloud Logging - Monitoring,Usage-Based,2026-08-10T00:00:00Z,2026-08-10T23:59:59Z,,,,6.143,GB,2.3649,0.384975,2.3649,Google LLC,2.3649,0.384975,Standard,6.143,GB,us-central1,Iowa,google/prj-data-lab/cloud-logging,cloud-logging-dev,Log Bucket,Management and Governance,Monitoring,Cloud Logging,Google Cloud,GOO-CloudLogging,GOO-CloudLog-us-central1,prj-data-lab,projeto-dados,Subscription,"{""Environment"": ""dev"", ""ManagedBy"": ""terraform""}"
2.4391,prj-core-prod,cloudfinops-demo,Billing Account,USD,2026-08-01T00:00:00Z,2026-09-01T00:00:00Z,Usage,,Cloud Logging - Monitoring,Usage-Based,2026-08-11T00:00:00Z,2026-08-11T23:59:59Z,,,,36.821,GB,2.4391,0.066242,2.4391,Google LLC,2.4391,0.066242,Standard,36.821,GB,us-central1,Iowa,google/prj-data-lab/cloud-logging,cloud-logging-dev,Log Bucket,Management and Governance,Monitoring,Cloud Logging,Google Cloud,GOO-CloudLogging,GOO-CloudLog-us-central1,prj-data-lab,projeto-dados,Subscription,"{""Environment"": ""dev"", ""ManagedBy"": ""terraform""}"
2.3606,prj-core-prod,cloudfinops-demo,Billing Account,USD,2026-08-01T00:00:00Z,2026-09-01T00:00:00Z,Usage,,Cloud Logging - Monitoring,Usage-Based,2026-08-12T00:00:00Z,2026-08-12T23:59:59Z,,,,18.952,GB,2.3606,0.124557,2.3606,Google LLC,2.3606,0.124557,Standard,18.952,GB,us-central1,Iowa,google/prj-data-lab/cloud-logging,cloud-logging-dev,Log Bucket,Management and Governance,Monitoring,Cloud Logging,Google Cloud,GOO-CloudLogging,GOO-CloudLog-us-central1,prj-data-lab,projeto-dados,Subscription,"{""Environment"": ""dev"", ""ManagedBy"": ""manual""}"
2.3512,prj-core-prod,cloudfinops-demo,Billing Account,USD,2026-08-01T00:00:00Z,2026-09-01T00:00:00Z,Usage,,Cloud Logging - Monitoring,Usage-Based,2026-08-13T00:00:00Z,2026-08-13T23:59:59Z,,,,18.509,GB,2.3512,0.12703,2.3512,Google LLC,2.3512,0.12703,Standard,18.509,GB,us-central1,Iowa,google/prj-data-lab/cloud-logging,cloud-logging-dev,Log Bucket,Management and Governance,Monitoring,Cloud Logging,Google Cloud,GOO-CloudLogging,GOO-CloudLog-us-central1,prj-data-lab,projeto-dados,Subscription,"{""Environment"": ""dev"", ""ManagedBy"": ""manual""}"
2.3218,prj-core-prod,cloudfinops-demo,Billing Account,USD,2026-08-01T00:00:00Z,2026-09-01T00:00:00Z,Usage,,Cloud Logging - Monitoring,Usage-Based,2026-08-14T00:00:00Z,2026-08-14T23:59:59Z,,,,12.42,GB,2.3218,0.18694,2.3218,Google LLC,2.3218,0.18694,Standard,12.42,GB,us-central1,Iowa,google/prj-data-lab/cloud-logging,cloud-logging-dev,Log Bucket,Management and Governance,Monitoring,Cloud Logging,Google Cloud,GOO-CloudLogging,GOO-CloudLog-us-central1,prj-data-lab,projeto-dados,Subscription,"{""Environment"": ""dev"", ""ManagedBy"": ""cloudformation""}"
1.9819,prj-core-prod,cloudfinops-demo,Billing Account,USD,2026-08-01T00:00:00Z,2026-09-01T00:00:00Z,Usage,,Cloud Logging - Monitoring,Usage-Based,2026-08-15T00:00:00Z,2026-08-15T23:59:59Z,,,,6.643,GB,1.9819,0.298344,1.9819,Google LLC,1.9819,0.298344,Standard,6.643,GB,us-central1,Iowa,google/prj-data-lab/cloud-logging,cloud-logging-dev,Log Bucket,Management and Governance,Monitoring,Cloud Logging,Google Cloud,GOO-CloudLogging,GOO-CloudLog-us-central1,prj-data-lab,projeto-dados,Subscription,"{""Environment"": ""dev"", ""ManagedBy"": ""cloudformation""}"
2.0603,prj-core-prod,cloudfinops-demo,Billing Account,USD,2026-08-01T00:00:00Z,2026-09-01T00:00:00Z,Usage,,Cloud Logging - Monitoring,Usage-Based,2026-08-16T00:00:00Z,2026-08-16T23:59:59Z,,,,13.54,GB,2.0603,0.152164,2.0603,Google LLC,2.0603,0.152164,Standard,13.54,GB,us-central1,Iowa,google/prj-data-lab/cloud-logging,cloud-logging-dev,Log Bucket,Management and Governance,Monitoring,Cloud Logging,Google Cloud,GOO-CloudLogging,GOO-CloudLog-us-central1,prj-data-lab,projeto-dados,Subscription,"{""Environment"": ""dev"", ""ManagedBy"": ""manual""}"
2.4427,prj-core-prod,cloudfinops-demo,Billing Account,USD,2026-08-01T00:00:00Z,2026-09-01T00:00:00Z,Usage,,Cloud Logging - Monitoring,Usage-Based,2026-08-17T00:00:00Z,2026-08-17T23:59:59Z,,,,121.945,GB,2.4427,0.020031,2.4427,Google LLC,2.4427,0.020031,Standard,121.945,GB,us-central1,Iowa,google/prj-data-lab/cloud-logging,cloud-logging-dev,Log Bucket,Management and Governance,Monitoring,Cloud Logging,Google Cloud,GOO-CloudLogging,GOO-CloudLog-us-central1,prj-data-lab,projeto-dados,Subscription,"{""Environment"": ""dev"", ""ManagedBy"": ""serverless""}"
2.4062,prj-core-prod,cloudfinops-demo,Billing Account,USD,2026-08-01T00:00:00Z,2026-09-01T00:00:00Z,Usage,,Cloud Logging - Monitoring,Usage-Based,2026-08-18T00:00:00Z,2026-08-18T23:59:59Z,,,,18.688,GB,2.4062,0.128756,2.4062,Google LLC,2.4062,0.128756,Standard,18.688,GB,us-central1,Iowa,google/prj-data-lab/cloud-logging,cloud-logging-dev,Log Bucket,Management and Governance,Monitoring,Cloud Logging,Google Cloud,GOO-CloudLogging,GOO-CloudLog-us-central1,prj-data-lab,projeto-dados,Subscription,"{""Environment"": ""dev"", ""ManagedBy"": ""terraform""}"
2.4297,prj-core-prod,cloudfinops-demo,Billing Account,USD,2026-08-01T00:00:00Z,2026-09-01T00:00:00Z,Usage,,Cloud Logging - Monitoring,Usage-Based,2026-08-19T00:00:00Z,2026-08-19T23:59:59Z,,,,7.55,GB,2.4297,0.321815,2.4297,Google LLC,2.4297,0.321815,Standard,7.55,GB,us-central1,Iowa,google/prj-data-lab/cloud-logging,cloud-logging-dev,Log Bucket,Management and Governance,Monitoring,Cloud Logging,Google Cloud,GOO-CloudLogging,GOO-CloudLog-us-central1,prj-data-lab,projeto-dados,Subscription,"{""Environment"": ""dev"", ""ManagedBy"": ""manual""}"
2.4271,prj-core-prod,cloudfinops-demo,Billing Account,USD,2026-08-01T00:00:00Z,2026-09-01T00:00:00Z,Usage,,Cloud Logging - Monitoring,Usage-Based,2026-08-20T00:00:00Z,2026-08-20T23:59:59Z,,,,42.966,GB,2.4271,0.056489,2.4271,Google LLC,2.4271,0.056489,Standard,42.966,GB,us-central1,Iowa,google/prj-data-lab/cloud-logging,cloud-logging-dev,Log Bucket,Management and Governance,Monitoring,Cloud Logging,Google Cloud,GOO-CloudLogging,GOO-CloudLog-us-central1,prj-data-lab,projeto-dados,Subscription,"{""Environment"": ""dev"", ""ManagedBy"": ""cloudformation""}"
2.298,prj-core-prod,cloudfinops-demo,Billing Account,USD,2026-08-01T00:00:00Z,2026-09-01T00:00:00Z,Usage,,Cloud Logging - Monitoring,Usage-Based,2026-08-21T00:00:00Z,2026-08-21T23:59:59Z,,,,19.985,GB,2.298,0.114986,2.298,Google LLC,2.298,0.114986,Standard,19.985,GB,us-central1,Iowa,google/prj-data-lab/cloud-logging,cloud-logging-dev,Log Bucket,Management and Governance,Monitoring,Cloud Logging,Google Cloud,GOO-CloudLogging,GOO-CloudLog-us-central1,prj-data-lab,projeto-dados,Subscription,"{""Environment"": ""dev"", ""ManagedBy"": ""manual""}"
1.9722,prj-core-prod,cloudfinops-demo,Billing Account,USD,2026-08-01T00:00:00Z,2026-09-01T00:00:00Z,Usage,,Cloud Logging - Monitoring,Usage-Based,2026-08-22T00:00:00Z,2026-08-22T23:59:59Z,,,,8.392,GB,1.9722,0.23501,1.9722,Google LLC,1.9722,0.23501,Standard,8.392,GB,us-central1,Iowa,google/prj-data-lab/cloud-logging,cloud-logging-dev,Log Bucket,Management and Governance,Monitoring,Cloud Logging,Google Cloud,GOO-CloudLogging,GOO-CloudLog-us-central1,prj-data-lab,projeto-dados,Subscription,"{""Environment"": ""dev"", ""ManagedBy"": ""terraform""}"
1.9524,prj-core-prod,cloudfinops-demo,Billing Account,USD,2026-08-01T00:00:00Z,2026-09-01T00:00:00Z,Usage,,Cloud Logging - Monitoring,Usage-Based,2026-08-23T00:00:00Z,2026-08-23T23:59:59Z,,,,4.831,GB,1.9524,0.40414,1.9524,Google LLC,1.9524,0.40414,Standard,4.831,GB,us-central1,Iowa,google/prj-data-lab/cloud-logging,cloud-logging-dev,Log Bucket,Management and Governance,Monitoring,Cloud Logging,Google Cloud,GOO-CloudLogging,GOO-CloudLog-us-central1,prj-data-lab,projeto-dados,Subscription,"{""Environment"": ""dev"", ""ManagedBy"": ""serverless""}"
2.2929,prj-core-prod,cloudfinops-demo,Billing Account,USD,2026-08-01T00:00:00Z,2026-09-01T00:00:00Z,Usage,,Cloud Logging - Monitoring,Usage-Based,2026-08-24T00:00:00Z,2026-08-24T23:59:59Z,,,,19.987,GB,2.2929,0.11472,2.2929,Google LLC,2.2929,0.11472,Standard,19.987,GB,us-central1,Iowa,google/prj-data-lab/cloud-logging,cloud-logging-dev,Log Bucket,Management and Governance,Monitoring,Cloud Logging,Google Cloud,GOO-CloudLogging,GOO-CloudLog-us-central1,prj-data-lab,projeto-dados,Subscription,"{""Environment"": ""dev"", ""ManagedBy"": ""serverless""}"
2.3381,prj-core-prod,cloudfinops-demo,Billing Account,USD,2026-08-01T00:00:00Z,2026-09-01T00:00:00Z,Usage,,Cloud Logging - Monitoring,Usage-Based,2026-08-25T00:00:00Z,2026-08-25T23:59:59Z,,,,11.123,GB,2.3381,0.210204,2.3381,Google LLC,2.3381,0.210204,Standard,11.123,GB,us-central1,Iowa,google/prj-data-lab/cloud-logging,cloud-logging-dev,Log Bucket,Management and Governance,Monitoring,Cloud Logging,Google Cloud,GOO-CloudLogging,GOO-CloudLog-us-central1,prj-data-lab,projeto-dados,Subscription,"{""Environment"": ""dev"", ""ManagedBy"": ""terraform""}"
2.3677,prj-core-prod,cloudfinops-demo,Billing Account,USD,2026-08-01T00:00:00Z,2026-09-01T00:00:00Z,Usage,,Cloud Logging - Monitoring,Usage-Based,2026-08-26T00:00:00Z,2026-08-26T23:59:59Z,,,,22.084,GB,2.3677,0.107213,2.3677,Google LLC,2.3677,0.107213,Standard,22.084,GB,us-central1,Iowa,google/prj-data-lab/cloud-logging,cloud-logging-dev,Log Bucket,Management and Governance,Monitoring,Cloud Logging,Google Cloud,GOO-CloudLogging,GOO-CloudLog-us-central1,prj-data-lab,projeto-dados,Subscription,"{""Environment"": ""dev"", ""ManagedBy"": ""cloudformation""}"
2.3676,prj-core-prod,cloudfinops-demo,Billing Account,USD,2026-08-01T00:00:00Z,2026-09-01T00:00:00Z,Usage,,Cloud Logging - Monitoring,Usage-Based,2026-08-27T00:00:00Z,2026-08-27T23:59:59Z,,,,7.553,GB,2.3676,0.313465,2.3676,Google LLC,2.3676,0.313465,Standard,7.553,GB,us-central1,Iowa,google/prj-data-lab/cloud-logging,cloud-logging-dev,Log Bucket,Management and Governance,Monitoring,Cloud Logging,Google Cloud,GOO-CloudLogging,GOO-CloudLog-us-central1,prj-data-lab,projeto-dados,Subscription,"{""Environment"": ""dev"", ""ManagedBy"": ""serverless""}"
2.4412,prj-core-prod,cloudfinops-demo,Billing Account,USD,2026-08-01T00:00:00Z,2026-09-01T00:00:00Z,Usage,,Cloud Logging - Monitoring,Usage-Based,2026-08-28T00:00:00Z,2026-08-28T23:59:59Z,,,,7.739,GB,2.4412,0.315441,2.4412,Google LLC,2.4412,0.315441,Standard,7.739,GB,us-central1,Iowa,google/prj-data-lab/cloud-logging,cloud-logging-dev,Log Bucket,Management and Governance,Monitoring,Cloud Logging,Google Cloud,GOO-CloudLogging,GOO-CloudLog-us-central1,prj-data-lab,projeto-dados,Subscription,"{""Environment"": ""dev"", ""ManagedBy"": ""serverless""}"
1.9981,prj-core-prod,cloudfinops-demo,Billing Account,USD,2026-08-01T00:00:00Z,2026-09-01T00:00:00Z,Usage,,Cloud Logging - Monitoring,Usage-Based,2026-08-29T00:00:00Z,2026-08-29T23:59:59Z,,,,14.917,GB,1.9981,0.133948,1.9981,Google LLC,1.9981,0.133948,Standard,14.917,GB,us-central1,Iowa,google/prj-data-lab/cloud-logging,cloud-logging-dev,Log Bucket,Management and Governance,Monitoring,Cloud Logging,Google Cloud,GOO-CloudLogging,GOO-CloudLog-us-central1,prj-data-lab,projeto-dados,Subscription,"{""Environment"": ""dev"", ""ManagedBy"": ""terraform""}"
1.9972,prj-core-prod,cloudfinops-demo,Billing Account,USD,2026-08-01T00:00:00Z,2026-09-01T00:00:00Z,Usage,,Cloud Logging - Monitoring,Usage-Based,2026-08-30T00:00:00Z,2026-08-30T23:59:59Z,,,,19.082,GB,1.9972,0.104664,1.9972,Google LLC,1.9972,0.104664,Standard,19.082,GB,us-central1,Iowa,google/prj-data-lab/cloud-logging,cloud-logging-dev,Log Bucket,Management and Governance,Monitoring,Cloud Logging,Google Cloud,GOO-CloudLogging,GOO-CloudLog-us-central1,prj-data-lab,projeto-dados,Subscription,"{""Environment"": ""dev"", ""ManagedBy"": ""terraform""}"
2.3229,prj-core-prod,cloudfinops-demo,Billing Account,USD,2026-08-01T00:00:00Z,2026-09-01T00:00:00Z,Usage,,Cloud Logging - Monitoring,Usage-Based,2026-08-31T00:00:00Z,2026-08-31T23:59:59Z,,,,41.466,GB,2.3229,0.056019,2.3229,Google LLC,2.3229,0.056019,Standard,41.466,GB,us-central1,Iowa,google/prj-data-lab/cloud-logging,cloud-logging-dev,Log Bucket,Management and Governance,Monitoring,Cloud Logging,Google Cloud,GOO-CloudLogging,GOO-CloudLog-us-central1,prj-data-lab,projeto-dados,Subscription,"{""Environment"": ""dev"", ""ManagedBy"": ""cloudformation""}"
2.449,prj-core-prod,cloudfinops-demo,Billing Account,USD,2026-09-01T00:00:00Z,2026-10-01T00:00:00Z,Usage,,Cloud Logging - Monitoring,Usage-Based,2026-09-01T00:00:00Z,2026-09-01T23:59:59Z,,,,6.434,GB,2.449,0.380634,2.449,Google LLC,2.449,0.380634,Standard,6.434,GB,us-central1,Iowa,google/prj-data-lab/cloud-logging,cloud-logging-dev,Log Bucket,Management and Governance,Monitoring,Cloud Logging,Google Cloud,GOO-CloudLogging,GOO-CloudLog-us-central1,prj-data-lab,projeto-dados,Subscription,"{""Environment"": ""dev"", ""ManagedBy"": ""serverless""}"
2.5015,prj-core-prod,cloudfinops-demo,Billing Account,USD,2026-09-01T00:00:00Z,2026-10-01T00:00:00Z,Usage,,Cloud Logging - Monitoring,Usage-Based,2026-09-02T00:00:00Z,2026-09-02T23:59:59Z,,,,9.268,GB,2.5015,0.269907,2.5015,Google LLC,2.5015,0.269907,Standard,9.268,GB,us-central1,Iowa,google/prj-data-lab/cloud-logging,cloud-logging-dev,Log Bucket,Management and Governance,Monitoring,Cloud Logging,Google Cloud,GOO-CloudLogging,GOO-CloudLog-us-central1,prj-data-lab,projeto-dados,Subscription,"{""Environment"": ""dev"", ""ManagedBy"": ""manual""}"
2.475,prj-core-prod,cloudfinops-demo,Billing Account,USD,2026-09-01T00:00:00Z,2026-10-01T00:00:00Z,Usage,,Cloud Logging - Monitoring,Usage-Based,2026-09-03T00:00:00Z,2026-09-03T23:59:59Z,,,,11.035,GB,2.475,0.224286,2.475,Google LLC,2.475,0.224286,Standard,11.035,GB,us-central1,Iowa,google/prj-data-lab/cloud-logging,cloud-logging-dev,Log Bucket,Management and Governance,Monitoring,Cloud Logging,Google Cloud,GOO-CloudLogging,GOO-CloudLog-us-central1,prj-data-lab,projeto-dados,Subscription,"{""Environment"": ""dev"", ""ManagedBy"": ""serverless""}"
2.4258,prj-core-prod,cloudfinops-demo,Billing Account,USD,2026-09-01T00:00:00Z,2026-10-01T00:00:00Z,Usage,,Cloud Logging - Monitoring,Usage-Based,2026-09-04T00:00:00Z,2026-09-04T23:59:59Z,,,,9.606,GB,2.4258,0.25253,2.4258,Google LLC,2.4258,0.25253,Standard,9.606,GB,us-central1,Iowa,google/prj-data-lab/cloud-logging,cloud-logging-dev,Log Bucket,Management and Governance,Monitoring,Cloud Logging,Google Cloud,GOO-CloudLogging,GOO-CloudLog-us-central1,prj-data-lab,projeto-dados,Subscription,"{""Environment"": ""dev"", ""ManagedBy"": ""cloudformation""}"
2.0815,prj-core-prod,cloudfinops-demo,Billing Account,USD,2026-09-01T00:00:00Z,2026-10-01T00:00:00Z,Usage,,Cloud Logging - Monitoring,Usage-Based,2026-09-05T00:00:00Z,2026-09-05T23:59:59Z,,,,97.974,GB,2.0815,0.021245,2.0815,Google LLC,2.0815,0.021245,Standard,97.974,GB,us-central1,Iowa,google/prj-data-lab/cloud-logging,cloud-logging-dev,Log Bucket,Management and Governance,Monitoring,Cloud Logging,Google Cloud,GOO-CloudLogging,GOO-CloudLog-us-central1,prj-data-lab,projeto-dados,Subscription,"{""Environment"": ""dev"", ""ManagedBy"": ""serverless""}"
2.1246,prj-core-prod,cloudfinops-demo,Billing Account,USD,2026-09-01T00:00:00Z,2026-10-01T00:00:00Z,Usage,,Cloud Logging - Monitoring,Usage-Based,2026-09-06T00:00:00Z,2026-09-06T23:59:59Z,,,,7.406,GB,2.1246,0.286876,2.1246,Google LLC,2.1246,0.286876,Standard,7.406,GB,us-central1,Iowa,google/prj-data-lab/cloud-logging,cloud-logging-dev,Log Bucket,Management and Governance,Monitoring,Cloud Logging,Google Cloud,GOO-CloudLogging,GOO-CloudLog-us-central1,prj-data-lab,projeto-dados,Subscription,"{""Environment"": ""dev"", ""ManagedBy"": ""manual""}"
2.528,prj-core-prod,cloudfinops-demo,Billing Account,USD,2026-09-01T00:00:00Z,2026-10-01T00:00:00Z,Usage,,Cloud Logging - Monitoring,Usage-Based,2026-09-07T00:00:00Z,2026-09-07T23:59:59Z,,,,24.959,GB,2.528,0.101286,2.528,Google LLC,2.528,0.101286,Standard,24.959,GB,us-central1,Iowa,google/prj-data-lab/cloud-logging,cloud-logging-dev,Log Bucket,Management and Governance,Monitoring,Cloud Logging,Google Cloud,GOO-CloudLogging,GOO-CloudLog-us-central1,prj-data-lab,projeto-dados,Subscription,"{""Environment"": ""dev"", ""ManagedBy"": ""serverless""}"
2.4907,prj-core-prod,cloudfinops-demo,Billing Account,USD,2026-09-01T00:00:00Z,2026-10-01T00:00:00Z,Usage,,Cloud Logging - Monitoring,Usage-Based,2026-09-08T00:00:00Z,2026-09-08T23:59:59Z,,,,102.905,GB,2.4907,0.024204,2.4907,Google LLC,2.4907,0.024204,Standard,102.905,GB,us-central1,Iowa,google/prj-data-lab/cloud-logging,cloud-logging-dev,Log Bucket,Management and Governance,Monitoring,Cloud Logging,Google Cloud,GOO-CloudLogging,GOO-CloudLog-us-central1,prj-data-lab,projeto-dados,Subscription,"{""Environment"": ""dev"", ""ManagedBy"": ""manual""}"
2.4395,prj-core-prod,cloudfinops-demo,Billing Account,USD,2026-09-01T00:00:00Z,2026-10-01T00:00:00Z,Usage,,Cloud Logging - Monitoring,Usage-Based,2026-09-09T00:00:00Z,2026-09-09T23:59:59Z,,,,7.591,GB,2.4395,0.321367,2.4395,Google LLC,2.4395,0.321367,Standard,7.591,GB,us-central1,Iowa,google/prj-data-lab/cloud-logging,cloud-logging-dev,Log Bucket,Management and Governance,Monitoring,Cloud Logging,Google Cloud,GOO-CloudLogging,GOO-CloudLog-us-central1,prj-data-lab,projeto-dados,Subscription,"{""Environment"": ""dev"", ""ManagedBy"": ""manual""}"
2.4891,prj-core-prod,cloudfinops-demo,Billing Account,USD,2026-09-01T00:00:00Z,2026-10-01T00:00:00Z,Usage,,Cloud Logging - Monitoring,Usage-Based,2026-09-10T00:00:00Z,2026-09-10T23:59:59Z,,,,10.307,GB,2.4891,0.241496,2.4891,Google LLC,2.4891,0.241496,Standard,10.307,GB,us-central1,Iowa,google/prj-data-lab/cloud-logging,cloud-logging-dev,Log Bucket,Management and Governance,Monitoring,Cloud Logging,Google Cloud,GOO-CloudLogging,GOO-CloudLog-us-central1,prj-data-lab,projeto-dados,Subscription,"{""Environment"": ""dev"", ""ManagedBy"": ""terraform""}"
2.4794,prj-core-prod,cloudfinops-demo,Billing Account,USD,2026-09-01T00:00:00Z,2026-10-01T00:00:00Z,Usage,,Cloud Logging - Monitoring,Usage-Based,2026-09-11T00:00:00Z,2026-09-11T23:59:59Z,,,,40.006,GB,2.4794,0.061976,2.4794,Google LLC,2.4794,0.061976,Standard,40.006,GB,us-central1,Iowa,google/prj-data-lab/cloud-logging,cloud-logging-dev,Log Bucket,Management and Governance,Monitoring,Cloud Logging,Google Cloud,GOO-CloudLogging,GOO-CloudLog-us-central1,prj-data-lab,projeto-dados,Subscription,"{""Environment"": ""dev"", ""ManagedBy"": ""cloudformation""}"
2.1313,prj-core-prod,cloudfinops-demo,Billing Account,USD,2026-09-01T00:00:00Z,2026-10-01T00:00:00Z,Usage,,Cloud Logging - Monitoring,Usage-Based,2026-09-12T00:00:00Z,2026-09-12T23:59:59Z,,,,5.441,GB,2.1313,0.391711,2.1313,Google LLC,2.1313,0.391711,Standard,5.441,GB,us-central1,Iowa,google/prj-data-lab/cloud-logging,cloud-logging-dev,Log Bucket,Management and Governance,Monitoring,Cloud Logging,Google Cloud,GOO-CloudLogging,GOO-CloudLog-us-central1,prj-data-lab,projeto-dados,Subscription,"{""Environment"": ""dev"", ""ManagedBy"": ""serverless""}"
2.0827,prj-core-prod,cloudfinops-demo,Billing Account,USD,2026-09-01T00:00:00Z,2026-10-01T00:00:00Z,Usage,,Cloud Logging - Monitoring,Usage-Based,2026-09-13T00:00:00Z,2026-09-13T23:59:59Z,,,,8.169,GB,2.0827,0.254952,2.0827,Google LLC,2.0827,0.254952,Standard,8.169,GB,us-central1,Iowa,google/prj-data-lab/cloud-logging,cloud-logging-dev,Log Bucket,Management and Governance,Monitoring,Cloud Logging,Google Cloud,GOO-CloudLogging,GOO-CloudLog-us-central1,prj-data-lab,projeto-dados,Subscription,"{""Environment"": ""dev"", ""ManagedBy"": ""terraform""}"
2.4636,prj-core-prod,cloudfinops-demo,Billing Account,USD,2026-09-01T00:00:00Z,2026-10-01T00:00:00Z,Usage,,Cloud Logging - Monitoring,Usage-Based,2026-09-14T00:00:00Z,2026-09-14T23:59:59Z,,,,6.097,GB,2.4636,0.404068,2.4636,Google LLC,2.4636,0.404068,Standard,6.097,GB,us-central1,Iowa,google/prj-data-lab/cloud-logging,cloud-logging-dev,Log Bucket,Management and Governance,Monitoring,Cloud Logging,Google Cloud,GOO-CloudLogging,GOO-CloudLog-us-central1,prj-data-lab,projeto-dados,Subscription,"{""Environment"": ""dev"", ""ManagedBy"": ""terraform""}"
2.4018,prj-core-prod,cloudfinops-demo,Billing Account,USD,2026-09-01T00:00:00Z,2026-10-01T00:00:00Z,Usage,,Cloud Logging - Monitoring,Usage-Based,2026-09-15T00:00:00Z,2026-09-15T23:59:59Z,,,,9.02,GB,2.4018,0.266275,2.4018,Google LLC,2.4018,0.266275,Standard,9.02,GB,us-central1,Iowa,google/prj-data-lab/cloud-logging,cloud-logging-dev,Log Bucket,Management and Governance,Monitoring,Cloud Logging,Google Cloud,GOO-CloudLogging,GOO-CloudLog-us-central1,prj-data-lab,projeto-dados,Subscription,"{""Environment"": ""dev"", ""ManagedBy"": ""cloudformation""}"
2.396,prj-core-prod,cloudfinops-demo,Billing Account,USD,2026-09-01T00:00:00Z,2026-10-01T00:00:00Z,Usage,,Cloud Logging - Monitoring,Usage-Based,2026-09-16T00:00:00Z,2026-09-16T23:59:59Z,,,,41.422,GB,2.396,0.057844,2.396,Google LLC,2.396,0.057844,Standard,41.422,GB,us-central1,Iowa,google/prj-data-lab/cloud-logging,cloud-logging-dev,Log Bucket,Management and Governance,Monitoring,Cloud Logging,Google Cloud,GOO-CloudLogging,GOO-CloudLog-us-central1,prj-data-lab,projeto-dados,Subscription,"{""Environment"": ""dev"", ""ManagedBy"": ""manual""}"
2.5578,prj-core-prod,cloudfinops-demo,Billing Account,USD,2026-09-01T00:00:00Z,2026-10-01T00:00:00Z,Usage,,Cloud Logging - Monitoring,Usage-Based,2026-09-17T00:00:00Z,2026-09-17T23:59:59Z,,,,10.718,GB,2.5578,0.238645,2.5578,Google LLC,2.5578,0.238645,Standard,10.718,GB,us-central1,Iowa,google/prj-data-lab/cloud-logging,cloud-logging-dev,Log Bucket,Management and Governance,Monitoring,Cloud Logging,Google Cloud,GOO-CloudLogging,GOO-CloudLog-us-central1,prj-data-lab,projeto-dados,Subscription,"{""Environment"": ""dev"", ""ManagedBy"": ""terraform""}"
2.4029,prj-core-prod,cloudfinops-demo,Billing Account,USD,2026-09-01T00:00:00Z,2026-10-01T00:00:00Z,Usage,,Cloud Logging - Monitoring,Usage-Based,2026-09-18T00:00:00Z,2026-09-18T23:59:59Z,,,,6.473,GB,2.4029,0.371219,2.4029,Google LLC,2.4029,0.371219,Standard,6.473,GB,us-central1,Iowa,google/prj-data-lab/cloud-logging,cloud-logging-dev,Log Bucket,Management and Governance,Monitoring,Cloud Logging,Google Cloud,GOO-CloudLogging,GOO-CloudLog-us-central1,prj-data-lab,projeto-dados,Subscription,"{""Environment"": ""dev"", ""ManagedBy"": ""cloudformation""}"
2.0498,prj-core-prod,cloudfinops-demo,Billing Account,USD,2026-09-01T00:00:00Z,2026-10-01T00:00:00Z,Usage,,Cloud Logging - Monitoring,Usage-Based,2026-09-19T00:00:00Z,2026-09-19T23:59:59Z,,,,4.884,GB,2.0498,0.419697,2.0498,Google LLC,2.0498,0.419697,Standard,4.884,GB,us-central1,Iowa,google/prj-data-lab/cloud-logging,cloud-logging-dev,Log Bucket,Management and Governance,Monitoring,Cloud Logging,Google Cloud,GOO-CloudLogging,GOO-CloudLog-us-central1,prj-data-lab,projeto-dados,Subscription,"{""Environment"": ""dev"", ""ManagedBy"": ""terraform""}"
2.0528,prj-core-prod,cloudfinops-demo,Billing Account,USD,2026-09-01T00:00:00Z,2026-10-01T00:00:00Z,Usage,,Cloud Logging - Monitoring,Usage-Based,2026-09-20T00:00:00Z,2026-09-20T23:59:59Z,,,,4.767,GB,2.0528,0.430627,2.0528,Google LLC,2.0528,0.430627,Standard,4.767,GB,us-central1,Iowa,google/prj-data-lab/cloud-logging,cloud-logging-dev,Log Bucket,Management and Governance,Monitoring,Cloud Logging,Google Cloud,GOO-CloudLogging,GOO-CloudLog-us-central1,prj-data-lab,projeto-dados,Subscription,"{""Environment"": ""dev"", ""ManagedBy"": ""terraform""}"
2.542,prj-core-prod,cloudfinops-demo,Billing Account,USD,2026-09-01T00:00:00Z,2026-10-01T00:00:00Z,Usage,,Cloud Logging - Monitoring,Usage-Based,2026-09-21T00:00:00Z,2026-09-21T23:59:59Z,,,,18.001,GB,2.542,0.141214,2.542,Google LLC,2.542,0.141214,Standard,18.001,GB,us-central1,Iowa,google/prj-data-lab/cloud-logging,cloud-logging-dev,Log Bucket,Management and Governance,Monitoring,Cloud Logging,Google Cloud,GOO-CloudLogging,GOO-CloudLog-us-central1,prj-data-lab,projeto-dados,Subscription,"{""Environment"": ""dev"", ""ManagedBy"": ""manual""}"
2.5495,prj-core-prod,cloudfinops-demo,Billing Account,USD,2026-09-01T00:00:00Z,2026-10-01T00:00:00Z,Usage,,Cloud Logging - Monitoring,Usage-Based,2026-09-22T00:00:00Z,2026-09-22T23:59:59Z,,,,24.274,GB,2.5495,0.10503,2.5495,Google LLC,2.5495,0.10503,Standard,24.274,GB,us-central1,Iowa,google/prj-data-lab/cloud-logging,cloud-logging-dev,Log Bucket,Management and Governance,Monitoring,Cloud Logging,Google Cloud,GOO-CloudLogging,GOO-CloudLog-us-central1,prj-data-lab,projeto-dados,Subscription,"{""Environment"": ""dev"", ""ManagedBy"": ""manual""}"
2.4751,prj-core-prod,cloudfinops-demo,Billing Account,USD,2026-09-01T00:00:00Z,2026-10-01T00:00:00Z,Usage,,Cloud Logging - Monitoring,Usage-Based,2026-09-23T00:00:00Z,2026-09-23T23:59:59Z,,,,7.999,GB,2.4751,0.309426,2.4751,Google LLC,2.4751,0.309426,Standard,7.999,GB,us-central1,Iowa,google/prj-data-lab/cloud-logging,cloud-logging-dev,Log Bucket,Management and Governance,Monitoring,Cloud Logging,Google Cloud,GOO-CloudLogging,GOO-CloudLog-us-central1,prj-data-lab,projeto-dados,Subscription,"{""Environment"": ""dev"", ""ManagedBy"": ""terraform""}"
2.5175,prj-core-prod,cloudfinops-demo,Billing Account,USD,2026-09-01T00:00:00Z,2026-10-01T00:00:00Z,Usage,,Cloud Logging - Monitoring,Usage-Based,2026-09-24T00:00:00Z,2026-09-24T23:59:59Z,,,,6.589,GB,2.5175,0.382076,2.5175,Google LLC,2.5175,0.382076,Standard,6.589,GB,us-central1,Iowa,google/prj-data-lab/cloud-logging,cloud-logging-dev,Log Bucket,Management and Governance,Monitoring,Cloud Logging,Google Cloud,GOO-CloudLogging,GOO-CloudLog-us-central1,prj-data-lab,projeto-dados,Subscription,"{""Environment"": ""dev"", ""ManagedBy"": ""serverless""}"
2.5402,prj-core-prod,cloudfinops-demo,Billing Account,USD,2026-09-01T00:00:00Z,2026-10-01T00:00:00Z,Usage,,Cloud Logging - Monitoring,Usage-Based,2026-09-25T00:00:00Z,2026-09-25T23:59:59Z,,,,14.456,GB,2.5402,0.175719,2.5402,Google LLC,2.5402,0.175719,Standard,14.456,GB,us-central1,Iowa,google/prj-data-lab/cloud-logging,cloud-logging-dev,Log Bucket,Management and Governance,Monitoring,Cloud Logging,Google Cloud,GOO-CloudLogging,GOO-CloudLog-us-central1,prj-data-lab,projeto-dados,Subscription,"{""Environment"": ""dev"", ""ManagedBy"": ""cloudformation""}"
2.6565,prj-core-prod,cloudfinops-demo,Billing Account,USD,2026-09-01T00:00:00Z,2026-10-01T00:00:00Z,Usage,,Cloud Logging - Monitoring,Usage-Based,2026-09-26T00:00:00Z,2026-09-26T23:59:59Z,,,,9.593,GB,2.6565,0.276921,2.6565,Google LLC,2.6565,0.276921,Standard,9.593,GB,us-central1,Iowa,google/prj-data-lab/cloud-logging,cloud-logging-dev,Log Bucket,Management and Governance,Monitoring,Cloud Logging,Google Cloud,GOO-CloudLogging,GOO-CloudLog-us-central1,prj-data-lab,projeto-dados,Subscription,"{""Environment"": ""dev"", ""ManagedBy"": ""serverless""}"
2.6031,prj-core-prod,cloudfinops-demo,Billing Account,USD,2026-09-01T00:00:00Z,2026-10-01T00:00:00Z,Usage,,Cloud Logging - Monitoring,Usage-Based,2026-09-27T00:00:00Z,2026-09-27T23:59:59Z,,,,6.636,GB,2.6031,0.392269,2.6031,Google LLC,2.6031,0.392269,Standard,6.636,GB,us-central1,Iowa,google/prj-data-lab/cloud-logging,cloud-logging-dev,Log Bucket,Management and Governance,Monitoring,Cloud Logging,Google Cloud,GOO-CloudLogging,GOO-CloudLog-us-central1,prj-data-lab,projeto-dados,Subscription,"{""Environment"": ""dev"", ""ManagedBy"": ""cloudformation""}"
3.2125,prj-core-prod,cloudfinops-demo,Billing Account,USD,2026-09-01T00:00:00Z,2026-10-01T00:00:00Z,Usage,,Cloud Logging - Monitoring,Usage-Based,2026-09-28T00:00:00Z,2026-09-28T23:59:59Z,,,,31.075,GB,3.2125,0.103379,3.2125,Google LLC,3.2125,0.103379,Standard,31.075,GB,us-central1,Iowa,google/prj-data-lab/cloud-logging,cloud-logging-dev,Log Bucket,Management and Governance,Monitoring,Cloud Logging,Google Cloud,GOO-CloudLogging,GOO-CloudLog-us-central1,prj-data-lab,projeto-dados,Subscription,"{""Environment"": ""dev"", ""ManagedBy"": ""terraform""}"
3.091,prj-core-prod,cloudfinops-demo,Billing Account,USD,2026-09-01T00:00:00Z,2026-10-01T00:00:00Z,Usage,,Cloud Logging - Monitoring,Usage-Based,2026-09-29T00:00:00Z,2026-09-29T23:59:59Z,,,,12.567,GB,3.091,0.245962,3.091,Google LLC,3.091,0.245962,Standard,12.567,GB,us-central1,Iowa,google/prj-data-lab/cloud-logging,cloud-logging-dev,Log Bucket,Management and Governance,Monitoring,Cloud Logging,Google Cloud,GOO-CloudLogging,GOO-CloudLog-us-central1,prj-data-lab,projeto-dados,Subscription,"{""Environment"": ""dev"", ""ManagedBy"": ""manual""}"
3.0712,prj-core-prod,cloudfinops-demo,Billing Account,USD,2026-09-01T00:00:00Z,2026-10-01T00:00:00Z,Usage,,Cloud Logging - Monitoring,Usage-Based,2026-09-30T00:00:00Z,2026-09-30T23:59:59Z,,,,8.019,GB,3.0712,0.38299,3.0712,Google LLC,3.0712,0.38299,Standard,8.019,GB,us-central1,Iowa,google/prj-data-lab/cloud-logging,cloud-logging-dev,Log Bucket,Management and Governance,Monitoring,Cloud Logging,Google Cloud,GOO-CloudLogging,GOO-CloudLog-us-central1,prj-data-lab,projeto-dados,Subscription,"{""Environment"": ""dev"", ""ManagedBy"": ""serverless""}"
3.1645,prj-core-prod,cloudfinops-demo,Billing Account,USD,2026-10-01T00:00:00Z,2026-11-01T00:00:00Z,Usage,,Cloud Logging - Monitoring,Usage-Based,2026-10-01T00:00:00Z,2026-10-01T23:59:59Z,,,,39.845,GB,3.1645,0.07942,3.1645,Google LLC,3.1645,0.07942,Standard,39.845,GB,us-central1,Iowa,google/prj-data-lab/cloud-logging,cloud-logging-dev,Log Bucket,Management and Governance,Monitoring,Cloud Logging,Google Cloud,GOO-CloudLogging,GOO-CloudLog-us-central1,prj-data-lab,projeto-dados,Subscription,"{""Environment"": ""dev"", ""ManagedBy"": ""cloudformation""}"
3.0523,prj-core-prod,cloudfinops-demo,Billing Account,USD,2026-10-01T00:00:00Z,2026-11-01T00:00:00Z,Usage,,Cloud Logging - Monitoring,Usage-Based,2026-10-02T00:00:00Z,2026-10-02T23:59:59Z,,,,8.943,GB,3.0523,0.341306,3.0523,Google LLC,3.0523,0.341306,Standard,8.943,GB,us-central1,Iowa,google/prj-data-lab/cloud-logging,cloud-logging-dev,Log Bucket,Management and Governance,Monitoring,Cloud Logging,Google Cloud,GOO-CloudLogging,GOO-CloudLog-us-central1,prj-data-lab,projeto-dados,Subscription,"{""Environment"": ""dev"", ""ManagedBy"": ""serverless""}"
2.5244,prj-core-prod,cloudfinops-demo,Billing Account,USD,2026-10-01T00:00:00Z,2026-11-01T00:00:00Z,Usage,,Cloud Logging - Monitoring,Usage-Based,2026-10-03T00:00:00Z,2026-10-03T23:59:59Z,,,,8.507,GB,2.5244,0.296744,2.5244,Google LLC,2.5244,0.296744,Standard,8.507,GB,us-central1,Iowa,google/prj-data-lab/cloud-logging,cloud-logging-dev,Log Bucket,Management and Governance,Monitoring,Cloud Logging,Google Cloud,GOO-CloudLogging,GOO-CloudLog-us-central1,prj-data-lab,projeto-dados,Subscription,"{""Environment"": ""dev"", ""ManagedBy"": ""serverless""}"
3.2768,prj-core-prod,cloudfinops-demo,Billing Account,USD,2026-08-01T00:00:00Z,2026-09-01T00:00:00Z,Usage,,Persistent Disk - Block Storage,Usage-Based,2026-08-01T00:00:00Z,2026-08-01T23:59:59Z,,,,13.271,GB-Month,3.2768,0.246914,3.2768,Google LLC,3.2768,0.246914,Standard,13.271,GB-Month,us-central1,Iowa,google/prj-core-prod/persistent-disk,persistent-disk-prod,Disk,Storage,Block Storage,Persistent Disk,Google Cloud,GOO-PersistentDi,GOO-Persiste-us-central1,prj-core-prod,projeto-core,Subscription,"{""OwnerTeam"": ""plataforma"", ""ManagedBy"": ""cloudformation""}"
3.2427,prj-core-prod,cloudfinops-demo,Billing Account,USD,2026-08-01T00:00:00Z,2026-09-01T00:00:00Z,Usage,,Persistent Disk - Block Storage,Usage-Based,2026-08-02T00:00:00Z,2026-08-02T23:59:59Z,,,,18.817,GB-Month,3.2427,0.172328,3.2427,Google LLC,3.2427,0.172328,Standard,18.817,GB-Month,us-central1,Iowa,google/prj-core-prod/persistent-disk,persistent-disk-prod,Disk,Storage,Block Storage,Persistent Disk,Google Cloud,GOO-PersistentDi,GOO-Persiste-us-central1,prj-core-prod,projeto-core,Subscription,"{""OwnerTeam"": ""dados"", ""ManagedBy"": ""serverless""}"
3.8809,prj-core-prod,cloudfinops-demo,Billing Account,USD,2026-08-01T00:00:00Z,2026-09-01T00:00:00Z,Usage,,Persistent Disk - Block Storage,Usage-Based,2026-08-03T00:00:00Z,2026-08-03T23:59:59Z,,,,8.842,GB-Month,3.8809,0.438917,3.8809,Google LLC,3.8809,0.438917,Standard,8.842,GB-Month,us-central1,Iowa,google/prj-core-prod/persistent-disk,persistent-disk-prod,Disk,Storage,Block Storage,Persistent Disk,Google Cloud,GOO-PersistentDi,GOO-Persiste-us-central1,prj-core-prod,projeto-core,Subscription,"{""OwnerTeam"": ""plataforma"", ""ManagedBy"": ""terraform""}"
4.0724,prj-core-prod,cloudfinops-demo,Billing Account,USD,2026-08-01T00:00:00Z,2026-09-01T00:00:00Z,Usage,,Persistent Disk - Block Storage,Usage-Based,2026-08-04T00:00:00Z,2026-08-04T23:59:59Z,,,,67.399,GB-Month,4.0724,0.060422,4.0724,Google LLC,4.0724,0.060422,Standard,67.399,GB-Month,us-central1,Iowa,google/prj-core-prod/persistent-disk,persistent-disk-prod,Disk,Storage,Block Storage,Persistent Disk,Google Cloud,GOO-PersistentDi,GOO-Persiste-us-central1,prj-core-prod,projeto-core,Subscription,"{""OwnerTeam"": ""plataforma"", ""ManagedBy"": ""manual""}"
3.8756,prj-core-prod,cloudfinops-demo,Billing Account,USD,2026-08-01T00:00:00Z,2026-09-01T00:00:00Z,Usage,,Persistent Disk - Block Storage,Usage-Based,2026-08-05T00:00:00Z,2026-08-05T23:59:59Z,,,,10.36,GB-Month,3.8756,0.374093,3.8756,Google LLC,3.8756,0.374093,Standard,10.36,GB-Month,us-central1,Iowa,google/prj-core-prod/persistent-disk,persistent-disk-prod,Disk,Storage,Block Storage,Persistent Disk,Google Cloud,GOO-PersistentDi,GOO-Persiste-us-central1,prj-core-prod,projeto-core,Subscription,"{""OwnerTeam"": ""dados"", ""ManagedBy"": ""terraform""}"
4.0853,prj-core-prod,cloudfinops-demo,Billing Account,USD,2026-08-01T00:00:00Z,2026-09-01T00:00:00Z,Usage,,Persistent Disk - Block Storage,Usage-Based,2026-08-06T00:00:00Z,2026-08-06T23:59:59Z,,,,22.817,GB-Month,4.0853,0.179046,4.0853,Google LLC,4.0853,0.179046,Standard,22.817,GB-Month,us-central1,Iowa,google/prj-core-prod/persistent-disk,persistent-disk-prod,Disk,Storage,Block Storage,Persistent Disk,Google Cloud,GOO-PersistentDi,GOO-Persiste-us-central1,prj-core-prod,projeto-core,Subscription,"{""OwnerTeam"": ""backend"", ""ManagedBy"": ""serverless""}"
4.0816,prj-core-prod,cloudfinops-demo,Billing Account,USD,2026-08-01T00:00:00Z,2026-09-01T00:00:00Z,Usage,,Persistent Disk - Block Storage,Usage-Based,2026-08-07T00:00:00Z,2026-08-07T23:59:59Z,,,,16.732,GB-Month,4.0816,0.24394,4.0816,Google LLC,4.0816,0.24394,Standard,16.732,GB-Month,us-central1,Iowa,google/prj-core-prod/persistent-disk,persistent-disk-prod,Disk,Storage,Block Storage,Persistent Disk,Google Cloud,GOO-PersistentDi,GOO-Persiste-us-central1,prj-core-prod,projeto-core,Subscription,"{""OwnerTeam"": ""redes"", ""ManagedBy"": ""manual""}"
3.2893,prj-core-prod,cloudfinops-demo,Billing Account,USD,2026-08-01T00:00:00Z,2026-09-01T00:00:00Z,Usage,,Persistent Disk - Block Storage,Usage-Based,2026-08-08T00:00:00Z,2026-08-08T23:59:59Z,,,,8.344,GB-Month,3.2893,0.394211,3.2893,Google LLC,3.2893,0.394211,Standard,8.344,GB-Month,us-central1,Iowa,google/prj-core-prod/persistent-disk,persistent-disk-prod,Disk,Storage,Block Storage,Persistent Disk,Google Cloud,GOO-PersistentDi,GOO-Persiste-us-central1,prj-core-prod,projeto-core,Subscription,"{""OwnerTeam"": ""redes"", ""ManagedBy"": ""terraform""}"
3.3346,prj-core-prod,cloudfinops-demo,Billing Account,USD,2026-08-01T00:00:00Z,2026-09-01T00:00:00Z,Usage,,Persistent Disk - Block Storage,Usage-Based,2026-08-09T00:00:00Z,2026-08-09T23:59:59Z,,,,7.909,GB-Month,3.3346,0.421621,3.3346,Google LLC,3.3346,0.421621,Standard,7.909,GB-Month,us-central1,Iowa,google/prj-core-prod/persistent-disk,persistent-disk-prod,Disk,Storage,Block Storage,Persistent Disk,Google Cloud,GOO-PersistentDi,GOO-Persiste-us-central1,prj-core-prod,projeto-core,Subscription,"{""OwnerTeam"": ""backend"", ""ManagedBy"": ""terraform""}"
3.9349,prj-core-prod,cloudfinops-demo,Billing Account,USD,2026-08-01T00:00:00Z,2026-09-01T00:00:00Z,Usage,,Persistent Disk - Block Storage,Usage-Based,2026-08-10T00:00:00Z,2026-08-10T23:59:59Z,,,,30.501,GB-Month,3.9349,0.129009,3.9349,Google LLC,3.9349,0.129009,Standard,30.501,GB-Month,us-central1,Iowa,google/prj-core-prod/persistent-disk,persistent-disk-prod,Disk,Storage,Block Storage,Persistent Disk,Google Cloud,GOO-PersistentDi,GOO-Persiste-us-central1,prj-core-prod,projeto-core,Subscription,"{""OwnerTeam"": ""redes"", ""ManagedBy"": ""serverless""}"
3.8885,prj-core-prod,cloudfinops-demo,Billing Account,USD,2026-08-01T00:00:00Z,2026-09-01T00:00:00Z,Usage,,Persistent Disk - Block Storage,Usage-Based,2026-08-11T00:00:00Z,2026-08-11T23:59:59Z,,,,53.114,GB-Month,3.8885,0.07321,3.8885,Google LLC,3.8885,0.07321,Standard,53.114,GB-Month,us-central1,Iowa,google/prj-core-prod/persistent-disk,persistent-disk-prod,Disk,Storage,Block Storage,Persistent Disk,Google Cloud,GOO-PersistentDi,GOO-Persiste-us-central1,prj-core-prod,projeto-core,Subscription,"{""OwnerTeam"": ""dados"", ""ManagedBy"": ""manual""}"
3.9821,prj-core-prod,cloudfinops-demo,Billing Account,USD,2026-08-01T00:00:00Z,2026-09-01T00:00:00Z,Usage,,Persistent Disk - Block Storage,Usage-Based,2026-08-12T00:00:00Z,2026-08-12T23:59:59Z,,,,96.64,GB-Month,3.9821,0.041206,3.9821,Google LLC,3.9821,0.041206,Standard,96.64,GB-Month,us-central1,Iowa,google/prj-core-prod/persistent-disk,persistent-disk-prod,Disk,Storage,Block Storage,Persistent Disk,Google Cloud,GOO-PersistentDi,GOO-Persiste-us-central1,prj-core-prod,projeto-core,Subscription,"{""OwnerTeam"": ""plataforma"", ""ManagedBy"": ""cloudformation""}"
3.8368,prj-core-prod,cloudfinops-demo,Billing Account,USD,2026-08-01T00:00:00Z,2026-09-01T00:00:00Z,Usage,,Persistent Disk - Block Storage,Usage-Based,2026-08-13T00:00:00Z,2026-08-13T23:59:59Z,,,,9.242,GB-Month,3.8368,0.415148,3.8368,Google LLC,3.8368,0.415148,Standard,9.242,GB-Month,us-central1,Iowa,google/prj-core-prod/persistent-disk,persistent-disk-prod,Disk,Storage,Block Storage,Persistent Disk,Google Cloud,GOO-PersistentDi,GOO-Persiste-us-central1,prj-core-prod,projeto-core,Subscription,"{""OwnerTeam"": ""plataforma"", ""ManagedBy"": ""serverless""}"
3.9655,prj-core-prod,cloudfinops-demo,Billing Account,USD,2026-08-01T00:00:00Z,2026-09-01T00:00:00Z,Usage,,Persistent Disk - Block Storage,Usage-Based,2026-08-14T00:00:00Z,2026-08-14T23:59:59Z,,,,9.161,GB-Month,3.9655,0.432868,3.9655,Google LLC,3.9655,0.432868,Standard,9.161,GB-Month,us-central1,Iowa,google/prj-core-prod/persistent-disk,persistent-disk-prod,Disk,Storage,Block Storage,Persistent Disk,Google Cloud,GOO-PersistentDi,GOO-Persiste-us-central1,prj-core-prod,projeto-core,Subscription,"{""OwnerTeam"": ""plataforma"", ""ManagedBy"": ""terraform""}"
3.4094,prj-core-prod,cloudfinops-demo,Billing Account,USD,2026-08-01T00:00:00Z,2026-09-01T00:00:00Z,Usage,,Persistent Disk - Block Storage,Usage-Based,2026-08-15T00:00:00Z,2026-08-15T23:59:59Z,,,,12.556,GB-Month,3.4094,0.271536,3.4094,Google LLC,3.4094,0.271536,Standard,12.556,GB-Month,us-central1,Iowa,google/prj-core-prod/persistent-disk,persistent-disk-prod,Disk,Storage,Block Storage,Persistent Disk,Google Cloud,GOO-PersistentDi,GOO-Persiste-us-central1,prj-core-prod,projeto-core,Subscription,"{""OwnerTeam"": ""redes"", ""ManagedBy"": ""cloudformation""}"
3.369,prj-core-prod,cloudfinops-demo,Billing Account,USD,2026-08-01T00:00:00Z,2026-09-01T00:00:00Z,Usage,,Persistent Disk - Block Storage,Usage-Based,2026-08-16T00:00:00Z,2026-08-16T23:59:59Z,,,,11.829,GB-Month,3.369,0.284809,3.369,Google LLC,3.369,0.284809,Standard,11.829,GB-Month,us-central1,Iowa,google/prj-core-prod/persistent-disk,persistent-disk-prod,Disk,Storage,Block Storage,Persistent Disk,Google Cloud,GOO-PersistentDi,GOO-Persiste-us-central1,prj-core-prod,projeto-core,Subscription,"{""OwnerTeam"": ""plataforma"", ""ManagedBy"": ""serverless""}"
4.1149,prj-core-prod,cloudfinops-demo,Billing Account,USD,2026-08-01T00:00:00Z,2026-09-01T00:00:00Z,Usage,,Persistent Disk - Block Storage,Usage-Based,2026-08-17T00:00:00Z,2026-08-17T23:59:59Z,,,,15.98,GB-Month,4.1149,0.257503,4.1149,Google LLC,4.1149,0.257503,Standard,15.98,GB-Month,us-central1,Iowa,google/prj-core-prod/persistent-disk,persistent-disk-prod,Disk,Storage,Block Storage,Persistent Disk,Google Cloud,GOO-PersistentDi,GOO-Persiste-us-central1,prj-core-prod,projeto-core,Subscription,"{""OwnerTeam"": ""backend"", ""ManagedBy"": ""serverless""}"
4.0313,prj-core-prod,cloudfinops-demo,Billing Account,USD,2026-08-01T00:00:00Z,2026-09-01T00:00:00Z,Usage,,Persistent Disk - Block Storage,Usage-Based,2026-08-18T00:00:00Z,2026-08-18T23:59:59Z,,,,13.763,GB-Month,4.0313,0.292909,4.0313,Google LLC,4.0313,0.292909,Standard,13.763,GB-Month,us-central1,Iowa,google/prj-core-prod/persistent-disk,persistent-disk-prod,Disk,Storage,Block Storage,Persistent Disk,Google Cloud,GOO-PersistentDi,GOO-Persiste-us-central1,prj-core-prod,projeto-core,Subscription,"{""OwnerTeam"": ""plataforma"", ""ManagedBy"": ""manual""}"
3.9342,prj-core-prod,cloudfinops-demo,Billing Account,USD,2026-08-01T00:00:00Z,2026-09-01T00:00:00Z,Usage,,Persistent Disk - Block Storage,Usage-Based,2026-08-19T00:00:00Z,2026-08-19T23:59:59Z,,,,13.563,GB-Month,3.9342,0.290069,3.9342,Google LLC,3.9342,0.290069,Standard,13.563,GB-Month,us-central1,Iowa,google/prj-core-prod/persistent-disk,persistent-disk-prod,Disk,Storage,Block Storage,Persistent Disk,Google Cloud,GOO-PersistentDi,GOO-Persiste-us-central1,prj-core-prod,projeto-core,Subscription,"{""OwnerTeam"": ""dados"", ""ManagedBy"": ""serverless""}"
3.8463,prj-core-prod,cloudfinops-demo,Billing Account,USD,2026-08-01T00:00:00Z,2026-09-01T00:00:00Z,Usage,,Persistent Disk - Block Storage,Usage-Based,2026-08-20T00:00:00Z,2026-08-20T23:59:59Z,,,,14.494,GB-Month,3.8463,0.265372,3.8463,Google LLC,3.8463,0.265372,Standard,14.494,GB-Month,us-central1,Iowa,google/prj-core-prod/persistent-disk,persistent-disk-prod,Disk,Storage,Block Storage,Persistent Disk,Google Cloud,GOO-PersistentDi,GOO-Persiste-us-central1,prj-core-prod,projeto-core,Subscription,"{""OwnerTeam"": ""redes"", ""ManagedBy"": ""cloudformation""}"
3.9805,prj-core-prod,cloudfinops-demo,Billing Account,USD,2026-08-01T00:00:00Z,2026-09-01T00:00:00Z,Usage,,Persistent Disk - Block Storage,Usage-Based,2026-08-21T00:00:00Z,2026-08-21T23:59:59Z,,,,12.618,GB-Month,3.9805,0.315462,3.9805,Google LLC,3.9805,0.315462,Standard,12.618,GB-Month,us-central1,Iowa,google/prj-core-prod/persistent-disk,persistent-disk-prod,Disk,Storage,Block Storage,Persistent Disk,Google Cloud,GOO-PersistentDi,GOO-Persiste-us-central1,prj-core-prod,projeto-core,Subscription,"{""OwnerTeam"": ""redes"", ""ManagedBy"": ""cloudformation""}"
3.4566,prj-core-prod,cloudfinops-demo,Billing Account,USD,2026-08-01T00:00:00Z,2026-09-01T00:00:00Z,Usage,,Persistent Disk - Block Storage,Usage-Based,2026-08-22T00:00:00Z,2026-08-22T23:59:59Z,,,,71.115,GB-Month,3.4566,0.048606,3.4566,Google LLC,3.4566,0.048606,Standard,71.115,GB-Month,us-central1,Iowa,google/prj-core-prod/persistent-disk,persistent-disk-prod,Disk,Storage,Block Storage,Persistent Disk,Google Cloud,GOO-PersistentDi,GOO-Persiste-us-central1,prj-core-prod,projeto-core,Subscription,"{""OwnerTeam"": ""redes"", ""ManagedBy"": ""manual""}"
3.3521,prj-core-prod,cloudfinops-demo,Billing Account,USD,2026-08-01T00:00:00Z,2026-09-01T00:00:00Z,Usage,,Persistent Disk - Block Storage,Usage-Based,2026-08-23T00:00:00Z,2026-08-23T23:59:59Z,,,,15.36,GB-Month,3.3521,0.218236,3.3521,Google LLC,3.3521,0.218236,Standard,15.36,GB-Month,us-central1,Iowa,google/prj-core-prod/persistent-disk,persistent-disk-prod,Disk,Storage,Block Storage,Persistent Disk,Google Cloud,GOO-PersistentDi,GOO-Persiste-us-central1,prj-core-prod,projeto-core,Subscription,"{""OwnerTeam"": ""dados"", ""ManagedBy"": ""terraform""}"
3.9796,prj-core-prod,cloudfinops-demo,Billing Account,USD,2026-08-01T00:00:00Z,2026-09-01T00:00:00Z,Usage,,Persistent Disk - Block Storage,Usage-Based,2026-08-24T00:00:00Z,2026-08-24T23:59:59Z,,,,22.561,GB-Month,3.9796,0.176393,3.9796,Google LLC,3.9796,0.176393,Standard,22.561,GB-Month,us-central1,Iowa,google/prj-core-prod/persistent-disk,persistent-disk-prod,Disk,Storage,Block Storage,Persistent Disk,Google Cloud,GOO-PersistentDi,GOO-Persiste-us-central1,prj-core-prod,projeto-core,Subscription,"{""OwnerTeam"": ""dados"", ""ManagedBy"": ""manual""}"
4.0636,prj-core-prod,cloudfinops-demo,Billing Account,USD,2026-08-01T00:00:00Z,2026-09-01T00:00:00Z,Usage,,Persistent Disk - Block Storage,Usage-Based,2026-08-25T00:00:00Z,2026-08-25T23:59:59Z,,,,31.012,GB-Month,4.0636,0.131033,4.0636,Google LLC,4.0636,0.131033,Standard,31.012,GB-Month,us-central1,Iowa,google/prj-core-prod/persistent-disk,persistent-disk-prod,Disk,Storage,Block Storage,Persistent Disk,Google Cloud,GOO-PersistentDi,GOO-Persiste-us-central1,prj-core-prod,projeto-core,Subscription,"{""OwnerTeam"": ""redes"", ""ManagedBy"": ""terraform""}"
4.0982,prj-core-prod,cloudfinops-demo,Billing Account,USD,2026-08-01T00:00:00Z,2026-09-01T00:00:00Z,Usage,,Persistent Disk - Block Storage,Usage-Based,2026-08-26T00:00:00Z,2026-08-26T23:59:59Z,,,,10.032,GB-Month,4.0982,0.408513,4.0982,Google LLC,4.0982,0.408513,Standard,10.032,GB-Month,us-central1,Iowa,google/prj-core-prod/persistent-disk,persistent-disk-prod,Disk,Storage,Block Storage,Persistent Disk,Google Cloud,GOO-PersistentDi,GOO-Persiste-us-central1,prj-core-prod,projeto-core,Subscription,"{""OwnerTeam"": ""plataforma"", ""ManagedBy"": ""manual""}"
4.0205,prj-core-prod,cloudfinops-demo,Billing Account,USD,2026-08-01T00:00:00Z,2026-09-01T00:00:00Z,Usage,,Persistent Disk - Block Storage,Usage-Based,2026-08-27T00:00:00Z,2026-08-27T23:59:59Z,,,,11.04,GB-Month,4.0205,0.364176,4.0205,Google LLC,4.0205,0.364176,Standard,11.04,GB-Month,us-central1,Iowa,google/prj-core-prod/persistent-disk,persistent-disk-prod,Disk,Storage,Block Storage,Persistent Disk,Google Cloud,GOO-PersistentDi,GOO-Persiste-us-central1,prj-core-prod,projeto-core,Subscription,"{""OwnerTeam"": ""redes"", ""ManagedBy"": ""cloudformation""}"
3.9391,prj-core-prod,cloudfinops-demo,Billing Account,USD,2026-08-01T00:00:00Z,2026-09-01T00:00:00Z,Usage,,Persistent Disk - Block Storage,Usage-Based,2026-08-28T00:00:00Z,2026-08-28T23:59:59Z,,,,31.819,GB-Month,3.9391,0.123797,3.9391,Google LLC,3.9391,0.123797,Standard,31.819,GB-Month,us-central1,Iowa,google/prj-core-prod/persistent-disk,persistent-disk-prod,Disk,Storage,Block Storage,Persistent Disk,Google Cloud,GOO-PersistentDi,GOO-Persiste-us-central1,prj-core-prod,projeto-core,Subscription,"{""OwnerTeam"": ""dados"", ""ManagedBy"": ""terraform""}"
3.392,prj-core-prod,cloudfinops-demo,Billing Account,USD,2026-08-01T00:00:00Z,2026-09-01T00:00:00Z,Usage,,Persistent Disk - Block Storage,Usage-Based,2026-08-29T00:00:00Z,2026-08-29T23:59:59Z,,,,46.774,GB-Month,3.392,0.072519,3.392,Google LLC,3.392,0.072519,Standard,46.774,GB-Month,us-central1,Iowa,google/prj-core-prod/persistent-disk,persistent-disk-prod,Disk,Storage,Block Storage,Persistent Disk,Google Cloud,GOO-PersistentDi,GOO-Persiste-us-central1,prj-core-prod,projeto-core,Subscription,"{""OwnerTeam"": ""redes"", ""ManagedBy"": ""cloudformation""}"
3.3262,prj-core-prod,cloudfinops-demo,Billing Account,USD,2026-08-01T00:00:00Z,2026-09-01T00:00:00Z,Usage,,Persistent Disk - Block Storage,Usage-Based,2026-08-30T00:00:00Z,2026-08-30T23:59:59Z,,,,10.212,GB-Month,3.3262,0.325715,3.3262,Google LLC,3.3262,0.325715,Standard,10.212,GB-Month,us-central1,Iowa,google/prj-core-prod/persistent-disk,persistent-disk-prod,Disk,Storage,Block Storage,Persistent Disk,Google Cloud,GOO-PersistentDi,GOO-Persiste-us-central1,prj-core-prod,projeto-core,Subscription,"{""OwnerTeam"": ""redes"", ""ManagedBy"": ""serverless""}"
3.8665,prj-core-prod,cloudfinops-demo,Billing Account,USD,2026-08-01T00:00:00Z,2026-09-01T00:00:00Z,Usage,,Persistent Disk - Block Storage,Usage-Based,2026-08-31T00:00:00Z,2026-08-31T23:59:59Z,,,,10.82,GB-Month,3.8665,0.357348,3.8665,Google LLC,3.8665,0.357348,Standard,10.82,GB-Month,us-central1,Iowa,google/prj-core-prod/persistent-disk,persistent-disk-prod,Disk,Storage,Block Storage,Persistent Disk,Google Cloud,GOO-PersistentDi,GOO-Persiste-us-central1,prj-core-prod,projeto-core,Subscription,"{""OwnerTeam"": ""redes"", ""ManagedBy"": ""terraform""}"
4.122,prj-core-prod,cloudfinops-demo,Billing Account,USD,2026-09-01T00:00:00Z,2026-10-01T00:00:00Z,Usage,,Persistent Disk - Block Storage,Usage-Based,2026-09-01T00:00:00Z,2026-09-01T23:59:59Z,,,,13.487,GB-Month,4.122,0.305628,4.122,Google LLC,4.122,0.305628,Standard,13.487,GB-Month,us-central1,Iowa,google/prj-core-prod/persistent-disk,persistent-disk-prod,Disk,Storage,Block Storage,Persistent Disk,Google Cloud,GOO-PersistentDi,GOO-Persiste-us-central1,prj-core-prod,projeto-core,Subscription,"{""OwnerTeam"": ""backend"", ""ManagedBy"": ""serverless""}"
4.063,prj-core-prod,cloudfinops-demo,Billing Account,USD,2026-09-01T00:00:00Z,2026-10-01T00:00:00Z,Usage,,Persistent Disk - Block Storage,Usage-Based,2026-09-02T00:00:00Z,2026-09-02T23:59:59Z,,,,10.251,GB-Month,4.063,0.396352,4.063,Google LLC,4.063,0.396352,Standard,10.251,GB-Month,us-central1,Iowa,google/prj-core-prod/persistent-disk,persistent-disk-prod,Disk,Storage,Block Storage,Persistent Disk,Google Cloud,GOO-PersistentDi,GOO-Persiste-us-central1,prj-core-prod,projeto-core,Subscription,"{""OwnerTeam"": ""redes"", ""ManagedBy"": ""manual""}"
4.137,prj-core-prod,cloudfinops-demo,Billing Account,USD,2026-09-01T00:00:00Z,2026-10-01T00:00:00Z,Usage,,Persistent Disk - Block Storage,Usage-Based,2026-09-03T00:00:00Z,2026-09-03T23:59:59Z,,,,13.087,GB-Month,4.137,0.316115,4.137,Google LLC,4.137,0.316115,Standard,13.087,GB-Month,us-central1,Iowa,google/prj-core-prod/persistent-disk,persistent-disk-prod,Disk,Storage,Block Storage,Persistent Disk,Google Cloud,GOO-PersistentDi,GOO-Persiste-us-central1,prj-core-prod,projeto-core,Subscription,"{""OwnerTeam"": ""redes"", ""ManagedBy"": ""terraform""}"
4.0764,prj-core-prod,cloudfinops-demo,Billing Account,USD,2026-09-01T00:00:00Z,2026-10-01T00:00:00Z,Usage,,Persistent Disk - Block Storage,Usage-Based,2026-09-04T00:00:00Z,2026-09-04T23:59:59Z,,,,46.481,GB-Month,4.0764,0.0877,4.0764,Google LLC,4.0764,0.0877,Standard,46.481,GB-Month,us-central1,Iowa,google/prj-core-prod/persistent-disk,persistent-disk-prod,Disk,Storage,Block Storage,Persistent Disk,Google Cloud,GOO-PersistentDi,GOO-Persiste-us-central1,prj-core-prod,projeto-core,Subscription,"{""OwnerTeam"": ""plataforma"", ""ManagedBy"": ""terraform""}"
3.4116,prj-core-prod,cloudfinops-demo,Billing Account,USD,2026-09-01T00:00:00Z,2026-10-01T00:00:00Z,Usage,,Persistent Disk - Block Storage,Usage-Based,2026-09-05T00:00:00Z,2026-09-05T23:59:59Z,,,,8.165,GB-Month,3.4116,0.417832,3.4116,Google LLC,3.4116,0.417832,Standard,8.165,GB-Month,us-central1,Iowa,google/prj-core-prod/persistent-disk,persistent-disk-prod,Disk,Storage,Block Storage,Persistent Disk,Google Cloud,GOO-PersistentDi,GOO-Persiste-us-central1,prj-core-prod,projeto-core,Subscription,"{""OwnerTeam"": ""plataforma"", ""ManagedBy"": ""cloudformation""}"
3.518,prj-core-prod,cloudfinops-demo,Billing Account,USD,2026-09-01T00:00:00Z,2026-10-01T00:00:00Z,Usage,,Persistent Disk - Block Storage,Usage-Based,2026-09-06T00:00:00Z,2026-09-06T23:59:59Z,,,,14.653,GB-Month,3.518,0.240087,3.518,Google LLC,3.518,0.240087,Standard,14.653,GB-Month,us-central1,Iowa,google/prj-core-prod/persistent-disk,persistent-disk-prod,Disk,Storage,Block Storage,Persistent Disk,Google Cloud,GOO-PersistentDi,GOO-Persiste-us-central1,prj-core-prod,projeto-core,Subscription,"{""OwnerTeam"": ""redes"", ""ManagedBy"": ""serverless""}"
4.0932,prj-core-prod,cloudfinops-demo,Billing Account,USD,2026-09-01T00:00:00Z,2026-10-01T00:00:00Z,Usage,,Persistent Disk - Block Storage,Usage-Based,2026-09-07T00:00:00Z,2026-09-07T23:59:59Z,,,,64.714,GB-Month,4.0932,0.063251,4.0932,Google LLC,4.0932,0.063251,Standard,64.714,GB-Month,us-central1,Iowa,google/prj-core-prod/persistent-disk,persistent-disk-prod,Disk,Storage,Block Storage,Persistent Disk,Google Cloud,GOO-PersistentDi,GOO-Persiste-us-central1,prj-core-prod,projeto-core,Subscription,"{""OwnerTeam"": ""backend"", ""ManagedBy"": ""terraform""}"
4.1435,prj-core-prod,cloudfinops-demo,Billing Account,USD,2026-09-01T00:00:00Z,2026-10-01T00:00:00Z,Usage,,Persistent Disk - Block Storage,Usage-Based,2026-09-08T00:00:00Z,2026-09-08T23:59:59Z,,,,39.24,GB-Month,4.1435,0.105594,4.1435,Google LLC,4.1435,0.105594,Standard,39.24,GB-Month,us-central1,Iowa,google/prj-core-prod/persistent-disk,persistent-disk-prod,Disk,Storage,Block Storage,Persistent Disk,Google Cloud,GOO-PersistentDi,GOO-Persiste-us-central1,prj-core-prod,projeto-core,Subscription,"{""OwnerTeam"": ""plataforma"", ""ManagedBy"": ""cloudformation""}"
4.0612,prj-core-prod,cloudfinops-demo,Billing Account,USD,2026-09-01T00:00:00Z,2026-10-01T00:00:00Z,Usage,,Persistent Disk - Block Storage,Usage-Based,2026-09-09T00:00:00Z,2026-09-09T23:59:59Z,,,,63.177,GB-Month,4.0612,0.064283,4.0612,Google LLC,4.0612,0.064283,Standard,63.177,GB-Month,us-central1,Iowa,google/prj-core-prod/persistent-disk,persistent-disk-prod,Disk,Storage,Block Storage,Persistent Disk,Google Cloud,GOO-PersistentDi,GOO-Persiste-us-central1,prj-core-prod,projeto-core,Subscription,"{""OwnerTeam"": ""dados"", ""ManagedBy"": ""terraform""}"
4.1972,prj-core-prod,cloudfinops-demo,Billing Account,USD,2026-09-01T00:00:00Z,2026-10-01T00:00:00Z,Usage,,Persistent Disk - Block Storage,Usage-Based,2026-09-10T00:00:00Z,2026-09-10T23:59:59Z,,,,14.165,GB-Month,4.1972,0.296308,4.1972,Google LLC,4.1972,0.296308,Standard,14.165,GB-Month,us-central1,Iowa,google/prj-core-prod/persistent-disk,persistent-disk-prod,Disk,Storage,Block Storage,Persistent Disk,Google Cloud,GOO-PersistentDi,GOO-Persiste-us-central1,prj-core-prod,projeto-core,Subscription,"{""OwnerTeam"": ""backend"", ""ManagedBy"": ""cloudformation""}"
4.0479,prj-core-prod,cloudfinops-demo,Billing Account,USD,2026-09-01T00:00:00Z,2026-10-01T00:00:00Z,Usage,,Persistent Disk - Block Storage,Usage-Based,2026-09-11T00:00:00Z,2026-09-11T23:59:59Z,,,,11.617,GB-Month,4.0479,0.348446,4.0479,Google LLC,4.0479,0.348446,Standard,11.617,GB-Month,us-central1,Iowa,google/prj-core-prod/persistent-disk,persistent-disk-prod,Disk,Storage,Block Storage,Persistent Disk,Google Cloud,GOO-PersistentDi,GOO-Persiste-us-central1,prj-core-prod,projeto-core,Subscription,"{""OwnerTeam"": ""redes"", ""ManagedBy"": ""serverless""}"
3.5237,prj-core-prod,cloudfinops-demo,Billing Account,USD,2026-09-01T00:00:00Z,2026-10-01T00:00:00Z,Usage,,Persistent Disk - Block Storage,Usage-Based,2026-09-12T00:00:00Z,2026-09-12T23:59:59Z,,,,121.507,GB-Month,3.5237,0.029,3.5237,Google LLC,3.5237,0.029,Standard,121.507,GB-Month,us-central1,Iowa,google/prj-core-prod/persistent-disk,persistent-disk-prod,Disk,Storage,Block Storage,Persistent Disk,Google Cloud,GOO-PersistentDi,GOO-Persiste-us-central1,prj-core-prod,projeto-core,Subscription,"{""OwnerTeam"": ""backend"", ""ManagedBy"": ""cloudformation""}"
3.5976,prj-core-prod,cloudfinops-demo,Billing Account,USD,2026-09-01T00:00:00Z,2026-10-01T00:00:00Z,Usage,,Persistent Disk - Block Storage,Usage-Based,2026-09-13T00:00:00Z,2026-09-13T23:59:59Z,,,,20.563,GB-Month,3.5976,0.174955,3.5976,Google LLC,3.5976,0.174955,Standard,20.563,GB-Month,us-central1,Iowa,google/prj-core-prod/persistent-disk,persistent-disk-prod,Disk,Storage,Block Storage,Persistent Disk,Google Cloud,GOO-PersistentDi,GOO-Persiste-us-central1,prj-core-prod,projeto-core,Subscription,"{""OwnerTeam"": ""plataforma"", ""ManagedBy"": ""cloudformation""}"
4.1054,prj-core-prod,cloudfinops-demo,Billing Account,USD,2026-09-01T00:00:00Z,2026-10-01T00:00:00Z,Usage,,Persistent Disk - Block Storage,Usage-Based,2026-09-14T00:00:00Z,2026-09-14T23:59:59Z,,,,9.519,GB-Month,4.1054,0.431285,4.1054,Google LLC,4.1054,0.431285,Standard,9.519,GB-Month,us-central1,Iowa,google/prj-core-prod/persistent-disk,persistent-disk-prod,Disk,Storage,Block Storage,Persistent Disk,Google Cloud,GOO-PersistentDi,GOO-Persiste-us-central1,prj-core-prod,projeto-core,Subscription,"{""OwnerTeam"": ""dados"", ""ManagedBy"": ""serverless""}"
4.0999,prj-core-prod,cloudfinops-demo,Billing Account,USD,2026-09-01T00:00:00Z,2026-10-01T00:00:00Z,Usage,,Persistent Disk - Block Storage,Usage-Based,2026-09-15T00:00:00Z,2026-09-15T23:59:59Z,,,,12.397,GB-Month,4.0999,0.330717,4.0999,Google LLC,4.0999,0.330717,Standard,12.397,GB-Month,us-central1,Iowa,google/prj-core-prod/persistent-disk,persistent-disk-prod,Disk,Storage,Block Storage,Persistent Disk,Google Cloud,GOO-PersistentDi,GOO-Persiste-us-central1,prj-core-prod,projeto-core,Subscription,"{""OwnerTeam"": ""backend"", ""ManagedBy"": ""manual""}"
4.1425,prj-core-prod,cloudfinops-demo,Billing Account,USD,2026-09-01T00:00:00Z,2026-10-01T00:00:00Z,Usage,,Persistent Disk - Block Storage,Usage-Based,2026-09-16T00:00:00Z,2026-09-16T23:59:59Z,,,,11.297,GB-Month,4.1425,0.36669,4.1425,Google LLC,4.1425,0.36669,Standard,11.297,GB-Month,us-central1,Iowa,google/prj-core-prod/persistent-disk,persistent-disk-prod,Disk,Storage,Block Storage,Persistent Disk,Google Cloud,GOO-PersistentDi,GOO-Persiste-us-central1,prj-core-prod,projeto-core,Subscription,"{""OwnerTeam"": ""dados"", ""ManagedBy"": ""manual""}"
4.2501,prj-core-prod,cloudfinops-demo,Billing Account,USD,2026-09-01T00:00:00Z,2026-10-01T00:00:00Z,Usage,,Persistent Disk - Block Storage,Usage-Based,2026-09-17T00:00:00Z,2026-09-17T23:59:59Z,,,,48.223,GB-Month,4.2501,0.088134,4.2501,Google LLC,4.2501,0.088134,Standard,48.223,GB-Month,us-central1,Iowa,google/prj-core-prod/persistent-disk,persistent-disk-prod,Disk,Storage,Block Storage,Persistent Disk,Google Cloud,GOO-PersistentDi,GOO-Persiste-us-central1,prj-core-prod,projeto-core,Subscription,"{""OwnerTeam"": ""backend"", ""ManagedBy"": ""manual""}"
4.0337,prj-core-prod,cloudfinops-demo,Billing Account,USD,2026-09-01T00:00:00Z,2026-10-01T00:00:00Z,Usage,,Persistent Disk - Block Storage,Usage-Based,2026-09-18T00:00:00Z,2026-09-18T23:59:59Z,,,,26.275,GB-Month,4.0337,0.153519,4.0337,Google LLC,4.0337,0.153519,Standard,26.275,GB-Month,us-central1,Iowa,google/prj-core-prod/persistent-disk,persistent-disk-prod,Disk,Storage,Block Storage,Persistent Disk,Google Cloud,GOO-PersistentDi,GOO-Persiste-us-central1,prj-core-prod,projeto-core,Subscription,"{""OwnerTeam"": ""plataforma"", ""ManagedBy"": ""manual""}"
3.5876,prj-core-prod,cloudfinops-demo,Billing Account,USD,2026-09-01T00:00:00Z,2026-10-01T00:00:00Z,Usage,,Persistent Disk - Block Storage,Usage-Based,2026-09-19T00:00:00Z,2026-09-19T23:59:59Z,,,,119.915,GB-Month,3.5876,0.029918,3.5876,Google LLC,3.5876,0.029918,Standard,119.915,GB-Month,us-central1,Iowa,google/prj-core-prod/persistent-disk,persistent-disk-prod,Disk,Storage,Block Storage,Persistent Disk,Google Cloud,GOO-PersistentDi,GOO-Persiste-us-central1,prj-core-prod,projeto-core,Subscription,"{""OwnerTeam"": ""plataforma"", ""ManagedBy"": ""manual""}"
3.3911,prj-core-prod,cloudfinops-demo,Billing Account,USD,2026-09-01T00:00:00Z,2026-10-01T00:00:00Z,Usage,,Persistent Disk - Block Storage,Usage-Based,2026-09-20T00:00:00Z,2026-09-20T23:59:59Z,,,,25.753,GB-Month,3.3911,0.131678,3.3911,Google LLC,3.3911,0.131678,Standard,25.753,GB-Month,us-central1,Iowa,google/prj-core-prod/persistent-disk,persistent-disk-prod,Disk,Storage,Block Storage,Persistent Disk,Google Cloud,GOO-PersistentDi,GOO-Persiste-us-central1,prj-core-prod,projeto-core,Subscription,"{""OwnerTeam"": ""plataforma"", ""ManagedBy"": ""serverless""}"
4.0481,prj-core-prod,cloudfinops-demo,Billing Account,USD,2026-09-01T00:00:00Z,2026-10-01T00:00:00Z,Usage,,Persistent Disk - Block Storage,Usage-Based,2026-09-21T00:00:00Z,2026-09-21T23:59:59Z,,,,9.605,GB-Month,4.0481,0.421458,4.0481,Google LLC,4.0481,0.421458,Standard,9.605,GB-Month,us-central1,Iowa,google/prj-core-prod/persistent-disk,persistent-disk-prod,Disk,Storage,Block Storage,Persistent Disk,Google Cloud,GOO-PersistentDi,GOO-Persiste-us-central1,prj-core-prod,projeto-core,Subscription,"{""OwnerTeam"": ""dados"", ""ManagedBy"": ""cloudformation""}"
4.1861,prj-core-prod,cloudfinops-demo,Billing Account,USD,2026-09-01T00:00:00Z,2026-10-01T00:00:00Z,Usage,,Persistent Disk - Block Storage,Usage-Based,2026-09-22T00:00:00Z,2026-09-22T23:59:59Z,,,,10.882,GB-Month,4.1861,0.384681,4.1861,Google LLC,4.1861,0.384681,Standard,10.882,GB-Month,us-central1,Iowa,google/prj-core-prod/persistent-disk,persistent-disk-prod,Disk,Storage,Block Storage,Persistent Disk,Google Cloud,GOO-PersistentDi,GOO-Persiste-us-central1,prj-core-prod,projeto-core,Subscription,"{""OwnerTeam"": ""plataforma"", ""ManagedBy"": ""cloudformation""}"
4.076,prj-core-prod,cloudfinops-demo,Billing Account,USD,2026-09-01T00:00:00Z,2026-10-01T00:00:00Z,Usage,,Persistent Disk - Block Storage,Usage-Based,2026-09-23T00:00:00Z,2026-09-23T23:59:59Z,,,,18.842,GB-Month,4.076,0.216325,4.076,Google LLC,4.076,0.216325,Standard,18.842,GB-Month,us-central1,Iowa,google/prj-core-prod/persistent-disk,persistent-disk-prod,Disk,Storage,Block Storage,Persistent Disk,Google Cloud,GOO-PersistentDi,GOO-Persiste-us-central1,prj-core-prod,projeto-core,Subscription,"{""OwnerTeam"": ""dados"", ""ManagedBy"": ""terraform""}"
4.3075,prj-core-prod,cloudfinops-demo,Billing Account,USD,2026-09-01T00:00:00Z,2026-10-01T00:00:00Z,Usage,,Persistent Disk - Block Storage,Usage-Based,2026-09-24T00:00:00Z,2026-09-24T23:59:59Z,,,,9.614,GB-Month,4.3075,0.448045,4.3075,Google LLC,4.3075,0.448045,Standard,9.614,GB-Month,us-central1,Iowa,google/prj-core-prod/persistent-disk,persistent-disk-prod,Disk,Storage,Block Storage,Persistent Disk,Google Cloud,GOO-PersistentDi,GOO-Persiste-us-central1,prj-core-prod,projeto-core,Subscription,"{""OwnerTeam"": ""dados"", ""ManagedBy"": ""cloudformation""}"
4.1379,prj-core-prod,cloudfinops-demo,Billing Account,USD,2026-09-01T00:00:00Z,2026-10-01T00:00:00Z,Usage,,Persistent Disk - Block Storage,Usage-Based,2026-09-25T00:00:00Z,2026-09-25T23:59:59Z,,,,17.392,GB-Month,4.1379,0.23792,4.1379,Google LLC,4.1379,0.23792,Standard,17.392,GB-Month,us-central1,Iowa,google/prj-core-prod/persistent-disk,persistent-disk-prod,Disk,Storage,Block Storage,Persistent Disk,Google Cloud,GOO-PersistentDi,GOO-Persiste-us-central1,prj-core-prod,projeto-core,Subscription,"{""OwnerTeam"": ""redes"", ""ManagedBy"": ""serverless""}"
3.5601,prj-core-prod,cloudfinops-demo,Billing Account,USD,2026-09-01T00:00:00Z,2026-10-01T00:00:00Z,Usage,,Persistent Disk - Block Storage,Usage-Based,2026-09-26T00:00:00Z,2026-09-26T23:59:59Z,,,,10.865,GB-Month,3.5601,0.327667,3.5601,Google LLC,3.5601,0.327667,Standard,10.865,GB-Month,us-central1,Iowa,google/prj-core-prod/persistent-disk,persistent-disk-prod,Disk,Storage,Block Storage,Persistent Disk,Google Cloud,GOO-PersistentDi,GOO-Persiste-us-central1,prj-core-prod,projeto-core,Subscription,"{""OwnerTeam"": ""plataforma"", ""ManagedBy"": ""terraform""}"
3.4079,prj-core-prod,cloudfinops-demo,Billing Account,USD,2026-09-01T00:00:00Z,2026-10-01T00:00:00Z,Usage,,Persistent Disk - Block Storage,Usage-Based,2026-09-27T00:00:00Z,2026-09-27T23:59:59Z,,,,83.417,GB-Month,3.4079,0.040854,3.4079,Google LLC,3.4079,0.040854,Standard,83.417,GB-Month,us-central1,Iowa,google/prj-core-prod/persistent-disk,persistent-disk-prod,Disk,Storage,Block Storage,Persistent Disk,Google Cloud,GOO-PersistentDi,GOO-Persiste-us-central1,prj-core-prod,projeto-core,Subscription,"{""OwnerTeam"": ""dados"", ""ManagedBy"": ""cloudformation""}"
4.3076,prj-core-prod,cloudfinops-demo,Billing Account,USD,2026-09-01T00:00:00Z,2026-10-01T00:00:00Z,Usage,,Persistent Disk - Block Storage,Usage-Based,2026-09-28T00:00:00Z,2026-09-28T23:59:59Z,,,,17.96,GB-Month,4.3076,0.239844,4.3076,Google LLC,4.3076,0.239844,Standard,17.96,GB-Month,us-central1,Iowa,google/prj-core-prod/persistent-disk,persistent-disk-prod,Disk,Storage,Block Storage,Persistent Disk,Google Cloud,GOO-PersistentDi,GOO-Persiste-us-central1,prj-core-prod,projeto-core,Subscription,"{""OwnerTeam"": ""backend"", ""ManagedBy"": ""terraform""}"
4.1541,prj-core-prod,cloudfinops-demo,Billing Account,USD,2026-09-01T00:00:00Z,2026-10-01T00:00:00Z,Usage,,Persistent Disk - Block Storage,Usage-Based,2026-09-29T00:00:00Z,2026-09-29T23:59:59Z,,,,11.725,GB-Month,4.1541,0.354294,4.1541,Google LLC,4.1541,0.354294,Standard,11.725,GB-Month,us-central1,Iowa,google/prj-core-prod/persistent-disk,persistent-disk-prod,Disk,Storage,Block Storage,Persistent Disk,Google Cloud,GOO-PersistentDi,GOO-Persiste-us-central1,prj-core-prod,projeto-core,Subscription,"{""OwnerTeam"": ""redes"", ""ManagedBy"": ""manual""}"
4.1937,prj-core-prod,cloudfinops-demo,Billing Account,USD,2026-09-01T00:00:00Z,2026-10-01T00:00:00Z,Usage,,Persistent Disk - Block Storage,Usage-Based,2026-09-30T00:00:00Z,2026-09-30T23:59:59Z,,,,15.577,GB-Month,4.1937,0.269224,4.1937,Google LLC,4.1937,0.269224,Standard,15.577,GB-Month,us-central1,Iowa,google/prj-core-prod/persistent-disk,persistent-disk-prod,Disk,Storage,Block Storage,Persistent Disk,Google Cloud,GOO-PersistentDi,GOO-Persiste-us-central1,prj-core-prod,projeto-core,Subscription,"{""OwnerTeam"": ""plataforma"", ""ManagedBy"": ""terraform""}"
4.0004,prj-core-prod,cloudfinops-demo,Billing Account,USD,2026-10-01T00:00:00Z,2026-11-01T00:00:00Z,Usage,,Persistent Disk - Block Storage,Usage-Based,2026-10-01T00:00:00Z,2026-10-01T23:59:59Z,,,,15.091,GB-Month,4.0004,0.265085,4.0004,Google LLC,4.0004,0.265085,Standard,15.091,GB-Month,us-central1,Iowa,google/prj-core-prod/persistent-disk,persistent-disk-prod,Disk,Storage,Block Storage,Persistent Disk,Google Cloud,GOO-PersistentDi,GOO-Persiste-us-central1,prj-core-prod,projeto-core,Subscription,"{""OwnerTeam"": ""redes"", ""ManagedBy"": ""serverless""}"
4.1385,prj-core-prod,cloudfinops-demo,Billing Account,USD,2026-10-01T00:00:00Z,2026-11-01T00:00:00Z,Usage,,Persistent Disk - Block Storage,Usage-Based,2026-10-02T00:00:00Z,2026-10-02T23:59:59Z,,,,19.897,GB-Month,4.1385,0.207996,4.1385,Google LLC,4.1385,0.207996,Standard,19.897,GB-Month,us-central1,Iowa,google/prj-core-prod/persistent-disk,persistent-disk-prod,Disk,Storage,Block Storage,Persistent Disk,Google Cloud,GOO-PersistentDi,GOO-Persiste-us-central1,prj-core-prod,projeto-core,Subscription,"{""OwnerTeam"": ""plataforma"", ""ManagedBy"": ""serverless""}"
3.3855,prj-core-prod,cloudfinops-demo,Billing Account,USD,2026-10-01T00:00:00Z,2026-11-01T00:00:00Z,Usage,,Persistent Disk - Block Storage,Usage-Based,2026-10-03T00:00:00Z,2026-10-03T23:59:59Z,,,,13.321,GB-Month,3.3855,0.254148,3.3855,Google LLC,3.3855,0.254148,Standard,13.321,GB-Month,us-central1,Iowa,google/prj-core-prod/persistent-disk,persistent-disk-prod,Disk,Storage,Block Storage,Persistent Disk,Google Cloud,GOO-PersistentDi,GOO-Persiste-us-central1,prj-core-prod,projeto-core,Subscription,"{""OwnerTeam"": ""dados"", ""ManagedBy"": ""serverless""}"
1.7951,prj-core-prod,cloudfinops-demo,Billing Account,USD,2026-08-01T00:00:00Z,2026-09-01T00:00:00Z,Usage,,Persistent Disk - Block Storage,Usage-Based,2026-08-01T00:00:00Z,2026-08-01T23:59:59Z,,,,4.22,GB-Month,1.7951,0.425379,1.7951,Google LLC,1.7951,0.425379,Standard,4.22,GB-Month,us-central1,Iowa,google/prj-data-lab/persistent-disk,persistent-disk-dev,Disk,Storage,Block Storage,Persistent Disk,Google Cloud,GOO-PersistentDi,GOO-Persiste-us-central1,prj-data-lab,projeto-dados,Subscription,"{""OwnerTeam"": ""backend"", ""ManagedBy"": ""cloudformation""}"
1.746,prj-core-prod,cloudfinops-demo,Billing Account,USD,2026-08-01T00:00:00Z,2026-09-01T00:00:00Z,Usage,,Persistent Disk - Block Storage,Usage-Based,2026-08-02T00:00:00Z,2026-08-02T23:59:59Z,,,,5.362,GB-Month,1.746,0.325625,1.746,Google LLC,1.746,0.325625,Standard,5.362,GB-Month,us-central1,Iowa,google/prj-data-lab/persistent-disk,persistent-disk-dev,Disk,Storage,Block Storage,Persistent Disk,Google Cloud,GOO-PersistentDi,GOO-Persiste-us-central1,prj-data-lab,projeto-dados,Subscription,"{""OwnerTeam"": ""redes"", ""ManagedBy"": ""terraform""}"
2.1239,prj-core-prod,cloudfinops-demo,Billing Account,USD,2026-08-01T00:00:00Z,2026-09-01T00:00:00Z,Usage,,Persistent Disk - Block Storage,Usage-Based,2026-08-03T00:00:00Z,2026-08-03T23:59:59Z,,,,6.433,GB-Month,2.1239,0.330157,2.1239,Google LLC,2.1239,0.330157,Standard,6.433,GB-Month,us-central1,Iowa,google/prj-data-lab/persistent-disk,persistent-disk-dev,Disk,Storage,Block Storage,Persistent Disk,Google Cloud,GOO-PersistentDi,GOO-Persiste-us-central1,prj-data-lab,projeto-dados,Subscription,"{""OwnerTeam"": ""dados"", ""ManagedBy"": ""serverless""}"
2.2098,prj-core-prod,cloudfinops-demo,Billing Account,USD,2026-08-01T00:00:00Z,2026-09-01T00:00:00Z,Usage,,Persistent Disk - Block Storage,Usage-Based,2026-08-04T00:00:00Z,2026-08-04T23:59:59Z,,,,5.322,GB-Month,2.2098,0.41522,2.2098,Google LLC,2.2098,0.41522,Standard,5.322,GB-Month,us-central1,Iowa,google/prj-data-lab/persistent-disk,persistent-disk-dev,Disk,Storage,Block Storage,Persistent Disk,Google Cloud,GOO-PersistentDi,GOO-Persiste-us-central1,prj-data-lab,projeto-dados,Subscription,"{""OwnerTeam"": ""dados"", ""ManagedBy"": ""cloudformation""}"
2.14,prj-core-prod,cloudfinops-demo,Billing Account,USD,2026-08-01T00:00:00Z,2026-09-01T00:00:00Z,Usage,,Persistent Disk - Block Storage,Usage-Based,2026-08-05T00:00:00Z,2026-08-05T23:59:59Z,,,,10.672,GB-Month,2.14,0.200525,2.14,Google LLC,2.14,0.200525,Standard,10.672,GB-Month,us-central1,Iowa,google/prj-data-lab/persistent-disk,persistent-disk-dev,Disk,Storage,Block Storage,Persistent Disk,Google Cloud,GOO-PersistentDi,GOO-Persiste-us-central1,prj-data-lab,projeto-dados,Subscription,"{""OwnerTeam"": ""dados"", ""ManagedBy"": ""manual""}"
2.1467,prj-core-prod,cloudfinops-demo,Billing Account,USD,2026-08-01T00:00:00Z,2026-09-01T00:00:00Z,Usage,,Persistent Disk - Block Storage,Usage-Based,2026-08-06T00:00:00Z,2026-08-06T23:59:59Z,,,,11.414,GB-Month,2.1467,0.188076,2.1467,Google LLC,2.1467,0.188076,Standard,11.414,GB-Month,us-central1,Iowa,google/prj-data-lab/persistent-disk,persistent-disk-dev,Disk,Storage,Block Storage,Persistent Disk,Google Cloud,GOO-PersistentDi,GOO-Persiste-us-central1,prj-data-lab,projeto-dados,Subscription,"{""OwnerTeam"": ""dados"", ""ManagedBy"": ""cloudformation""}"
2.1285,prj-core-prod,cloudfinops-demo,Billing Account,USD,2026-08-01T00:00:00Z,2026-09-01T00:00:00Z,Usage,,Persistent Disk - Block Storage,Usage-Based,2026-08-07T00:00:00Z,2026-08-07T23:59:59Z,,,,5.204,GB-Month,2.1285,0.409012,2.1285,Google LLC,2.1285,0.409012,Standard,5.204,GB-Month,us-central1,Iowa,google/prj-data-lab/persistent-disk,persistent-disk-dev,Disk,Storage,Block Storage,Persistent Disk,Google Cloud,GOO-PersistentDi,GOO-Persiste-us-central1,prj-data-lab,projeto-dados,Subscription,"{""OwnerTeam"": ""backend"", ""ManagedBy"": ""cloudformation""}"
1.7459,prj-core-prod,cloudfinops-demo,Billing Account,USD,2026-08-01T00:00:00Z,2026-09-01T00:00:00Z,Usage,,Persistent Disk - Block Storage,Usage-Based,2026-08-08T00:00:00Z,2026-08-08T23:59:59Z,,,,4.009,GB-Month,1.7459,0.435495,1.7459,Google LLC,1.7459,0.435495,Standard,4.009,GB-Month,us-central1,Iowa,google/prj-data-lab/persistent-disk,persistent-disk-dev,Disk,Storage,Block Storage,Persistent Disk,Google Cloud,GOO-PersistentDi,GOO-Persiste-us-central1,prj-data-lab,projeto-dados,Subscription,"{""OwnerTeam"": ""plataforma"", ""ManagedBy"": ""manual""}"
1.747,prj-core-prod,cloudfinops-demo,Billing Account,USD,2026-08-01T00:00:00Z,2026-09-01T00:00:00Z,Usage,,Persistent Disk - Block Storage,Usage-Based,2026-08-09T00:00:00Z,2026-08-09T23:59:59Z,,,,4.513,GB-Month,1.747,0.387104,1.747,Google LLC,1.747,0.387104,Standard,4.513,GB-Month,us-central1,Iowa,google/prj-data-lab/persistent-disk,persistent-disk-dev,Disk,Storage,Block Storage,Persistent Disk,Google Cloud,GOO-PersistentDi,GOO-Persiste-us-central1,prj-data-lab,projeto-dados,Subscription,"{""OwnerTeam"": ""redes"", ""ManagedBy"": ""terraform""}"
2.2055,prj-core-prod,cloudfinops-demo,Billing Account,USD,2026-08-01T00:00:00Z,2026-09-01T00:00:00Z,Usage,,Persistent Disk - Block Storage,Usage-Based,2026-08-10T00:00:00Z,2026-08-10T23:59:59Z,,,,9.593,GB-Month,2.2055,0.229907,2.2055,Google LLC,2.2055,0.229907,Standard,9.593,GB-Month,us-central1,Iowa,google/prj-data-lab/persistent-disk,persistent-disk-dev,Disk,Storage,Block Storage,Persistent Disk,Google Cloud,GOO-PersistentDi,GOO-Persiste-us-central1,prj-data-lab,projeto-dados,Subscription,"{""OwnerTeam"": ""backend"", ""ManagedBy"": ""cloudformation""}"
2.1573,prj-core-prod,cloudfinops-demo,Billing Account,USD,2026-08-01T00:00:00Z,2026-09-01T00:00:00Z,Usage,,Persistent Disk - Block Storage,Usage-Based,2026-08-11T00:00:00Z,2026-08-11T23:59:59Z,,,,9.792,GB-Month,2.1573,0.220313,2.1573,Google LLC,2.1573,0.220313,Standard,9.792,GB-Month,us-central1,Iowa,google/prj-data-lab/persistent-disk,persistent-disk-dev,Disk,Storage,Block Storage,Persistent Disk,Google Cloud,GOO-PersistentDi,GOO-Persiste-us-central1,prj-data-lab,projeto-dados,Subscription,"{""OwnerTeam"": ""backend"", ""ManagedBy"": ""terraform""}"
2.2143,prj-core-prod,cloudfinops-demo,Billing Account,USD,2026-08-01T00:00:00Z,2026-09-01T00:00:00Z,Usage,,Persistent Disk - Block Storage,Usage-Based,2026-08-12T00:00:00Z,2026-08-12T23:59:59Z,,,,11.605,GB-Month,2.2143,0.190806,2.2143,Google LLC,2.2143,0.190806,Standard,11.605,GB-Month,us-central1,Iowa,google/prj-data-lab/persistent-disk,persistent-disk-dev,Disk,Storage,Block Storage,Persistent Disk,Google Cloud,GOO-PersistentDi,GOO-Persiste-us-central1,prj-data-lab,projeto-dados,Subscription,"{""OwnerTeam"": ""backend"", ""ManagedBy"": ""cloudformation""}"
2.1835,prj-core-prod,cloudfinops-demo,Billing Account,USD,2026-08-01T00:00:00Z,2026-09-01T00:00:00Z,Usage,,Persistent Disk - Block Storage,Usage-Based,2026-08-13T00:00:00Z,2026-08-13T23:59:59Z,,,,6.219,GB-Month,2.1835,0.351101,2.1835,Google LLC,2.1835,0.351101,Standard,6.219,GB-Month,us-central1,Iowa,google/prj-data-lab/persistent-disk,persistent-disk-dev,Disk,Storage,Block Storage,Persistent Disk,Google Cloud,GOO-PersistentDi,GOO-Persiste-us-central1,prj-data-lab,projeto-dados,Subscription,"{""OwnerTeam"": ""plataforma"", ""ManagedBy"": ""serverless""}"
2.1221,prj-core-prod,cloudfinops-demo,Billing Account,USD,2026-08-01T00:00:00Z,2026-09-01T00:00:00Z,Usage,,Persistent Disk - Block Storage,Usage-Based,2026-08-14T00:00:00Z,2026-08-14T23:59:59Z,,,,9.17,GB-Month,2.1221,0.231418,2.1221,Google LLC,2.1221,0.231418,Standard,9.17,GB-Month,us-central1,Iowa,google/prj-data-lab/persistent-disk,persistent-disk-dev,Disk,Storage,Block Storage,Persistent Disk,Google Cloud,GOO-PersistentDi,GOO-Persiste-us-central1,prj-data-lab,projeto-dados,Subscription,"{""OwnerTeam"": ""dados"", ""ManagedBy"": ""serverless""}"
1.8179,prj-core-prod,cloudfinops-demo,Billing Account,USD,2026-08-01T00:00:00Z,2026-09-01T00:00:00Z,Usage,,Persistent Disk - Block Storage,Usage-Based,2026-08-15T00:00:00Z,2026-08-15T23:59:59Z,,,,44.017,GB-Month,1.8179,0.0413,1.8179,Google LLC,1.8179,0.0413,Standard,44.017,GB-Month,us-central1,Iowa,google/prj-data-lab/persistent-disk,persistent-disk-dev,Disk,Storage,Block Storage,Persistent Disk,Google Cloud,GOO-PersistentDi,GOO-Persiste-us-central1,prj-data-lab,projeto-dados,Subscription,"{""OwnerTeam"": ""redes"", ""ManagedBy"": ""cloudformation""}"
1.7944,prj-core-prod,cloudfinops-demo,Billing Account,USD,2026-08-01T00:00:00Z,2026-09-01T00:00:00Z,Usage,,Persistent Disk - Block Storage,Usage-Based,2026-08-16T00:00:00Z,2026-08-16T23:59:59Z,,,,15.979,GB-Month,1.7944,0.112297,1.7944,Google LLC,1.7944,0.112297,Standard,15.979,GB-Month,us-central1,Iowa,google/prj-data-lab/persistent-disk,persistent-disk-dev,Disk,Storage,Block Storage,Persistent Disk,Google Cloud,GOO-PersistentDi,GOO-Persiste-us-central1,prj-data-lab,projeto-dados,Subscription,"{""OwnerTeam"": ""backend"", ""ManagedBy"": ""terraform""}"
2.1055,prj-core-prod,cloudfinops-demo,Billing Account,USD,2026-08-01T00:00:00Z,2026-09-01T00:00:00Z,Usage,,Persistent Disk - Block Storage,Usage-Based,2026-08-17T00:00:00Z,2026-08-17T23:59:59Z,,,,5.314,GB-Month,2.1055,0.396218,2.1055,Google LLC,2.1055,0.396218,Standard,5.314,GB-Month,us-central1,Iowa,google/prj-data-lab/persistent-disk,persistent-disk-dev,Disk,Storage,Block Storage,Persistent Disk,Google Cloud,GOO-PersistentDi,GOO-Persiste-us-central1,prj-data-lab,projeto-dados,Subscription,"{""OwnerTeam"": ""dados"", ""ManagedBy"": ""terraform""}"
2.1603,prj-core-prod,cloudfinops-demo,Billing Account,USD,2026-08-01T00:00:00Z,2026-09-01T00:00:00Z,Usage,,Persistent Disk - Block Storage,Usage-Based,2026-08-18T00:00:00Z,2026-08-18T23:59:59Z,,,,26.014,GB-Month,2.1603,0.083044,2.1603,Google LLC,2.1603,0.083044,Standard,26.014,GB-Month,us-central1,Iowa,google/prj-data-lab/persistent-disk,persistent-disk-dev,Disk,Storage,Block Storage,Persistent Disk,Google Cloud,GOO-PersistentDi,GOO-Persiste-us-central1,prj-data-lab,projeto-dados,Subscription,"{""OwnerTeam"": ""backend"", ""ManagedBy"": ""cloudformation""}"
2.1154,prj-core-prod,cloudfinops-demo,Billing Account,USD,2026-08-01T00:00:00Z,2026-09-01T00:00:00Z,Usage,,Persistent Disk - Block Storage,Usage-Based,2026-08-19T00:00:00Z,2026-08-19T23:59:59Z,,,,5.075,GB-Month,2.1154,0.416828,2.1154,Google LLC,2.1154,0.416828,Standard,5.075,GB-Month,us-central1,Iowa,google/prj-data-lab/persistent-disk,persistent-disk-dev,Disk,Storage,Block Storage,Persistent Disk,Google Cloud,GOO-PersistentDi,GOO-Persiste-us-central1,prj-data-lab,projeto-dados,Subscription,"{""OwnerTeam"": ""dados"", ""ManagedBy"": ""serverless""}"
2.0832,prj-core-prod,cloudfinops-demo,Billing Account,USD,2026-08-01T00:00:00Z,2026-09-01T00:00:00Z,Usage,,Persistent Disk - Block Storage,Usage-Based,2026-08-20T00:00:00Z,2026-08-20T23:59:59Z,,,,12.038,GB-Month,2.0832,0.173052,2.0832,Google LLC,2.0832,0.173052,Standard,12.038,GB-Month,us-central1,Iowa,google/prj-data-lab/persistent-disk,persistent-disk-dev,Disk,Storage,Block Storage,Persistent Disk,Google Cloud,GOO-PersistentDi,GOO-Persiste-us-central1,prj-data-lab,projeto-dados,Subscription,"{""OwnerTeam"": ""dados"", ""ManagedBy"": ""terraform""}"
2.1197,prj-core-prod,cloudfinops-demo,Billing Account,USD,2026-08-01T00:00:00Z,2026-09-01T00:00:00Z,Usage,,Persistent Disk - Block Storage,Usage-Based,2026-08-21T00:00:00Z,2026-08-21T23:59:59Z,,,,17.082,GB-Month,2.1197,0.12409,2.1197,Google LLC,2.1197,0.12409,Standard,17.082,GB-Month,us-central1,Iowa,google/prj-data-lab/persistent-disk,persistent-disk-dev,Disk,Storage,Block Storage,Persistent Disk,Google Cloud,GOO-PersistentDi,GOO-Persiste-us-central1,prj-data-lab,projeto-dados,Subscription,"{""OwnerTeam"": ""dados"", ""ManagedBy"": ""cloudformation""}"
1.7809,prj-core-prod,cloudfinops-demo,Billing Account,USD,2026-08-01T00:00:00Z,2026-09-01T00:00:00Z,Usage,,Persistent Disk - Block Storage,Usage-Based,2026-08-22T00:00:00Z,2026-08-22T23:59:59Z,,,,5.281,GB-Month,1.7809,0.337228,1.7809,Google LLC,1.7809,0.337228,Standard,5.281,GB-Month,us-central1,Iowa,google/prj-data-lab/persistent-disk,persistent-disk-dev,Disk,Storage,Block Storage,Persistent Disk,Google Cloud,GOO-PersistentDi,GOO-Persiste-us-central1,prj-data-lab,projeto-dados,Subscription,"{""OwnerTeam"": ""dados"", ""ManagedBy"": ""terraform""}"
1.8296,prj-core-prod,cloudfinops-demo,Billing Account,USD,2026-08-01T00:00:00Z,2026-09-01T00:00:00Z,Usage,,Persistent Disk - Block Storage,Usage-Based,2026-08-23T00:00:00Z,2026-08-23T23:59:59Z,,,,28.598,GB-Month,1.8296,0.063977,1.8296,Google LLC,1.8296,0.063977,Standard,28.598,GB-Month,us-central1,Iowa,google/prj-data-lab/persistent-disk,persistent-disk-dev,Disk,Storage,Block Storage,Persistent Disk,Google Cloud,GOO-PersistentDi,GOO-Persiste-us-central1,prj-data-lab,projeto-dados,Subscription,"{""OwnerTeam"": ""plataforma"", ""ManagedBy"": ""cloudformation""}"
2.0767,prj-core-prod,cloudfinops-demo,Billing Account,USD,2026-08-01T00:00:00Z,2026-09-01T00:00:00Z,Usage,,Persistent Disk - Block Storage,Usage-Based,2026-08-24T00:00:00Z,2026-08-24T23:59:59Z,,,,13.209,GB-Month,2.0767,0.157219,2.0767,Google LLC,2.0767,0.157219,Standard,13.209,GB-Month,us-central1,Iowa,google/prj-data-lab/persistent-disk,persistent-disk-dev,Disk,Storage,Block Storage,Persistent Disk,Google Cloud,GOO-PersistentDi,GOO-Persiste-us-central1,prj-data-lab,projeto-dados,Subscription,"{""OwnerTeam"": ""redes"", ""ManagedBy"": ""manual""}"
2.1716,prj-core-prod,cloudfinops-demo,Billing Account,USD,2026-08-01T00:00:00Z,2026-09-01T00:00:00Z,Usage,,Persistent Disk - Block Storage,Usage-Based,2026-08-25T00:00:00Z,2026-08-25T23:59:59Z,,,,9.911,GB-Month,2.1716,0.21911,2.1716,Google LLC,2.1716,0.21911,Standard,9.911,GB-Month,us-central1,Iowa,google/prj-data-lab/persistent-disk,persistent-disk-dev,Disk,Storage,Block Storage,Persistent Disk,Google Cloud,GOO-PersistentDi,GOO-Persiste-us-central1,prj-data-lab,projeto-dados,Subscription,"{""OwnerTeam"": ""backend"", ""ManagedBy"": ""manual""}"
2.0721,prj-core-prod,cloudfinops-demo,Billing Account,USD,2026-08-01T00:00:00Z,2026-09-01T00:00:00Z,Usage,,Persistent Disk - Block Storage,Usage-Based,2026-08-26T00:00:00Z,2026-08-26T23:59:59Z,,,,7.431,GB-Month,2.0721,0.278845,2.0721,Google LLC,2.0721,0.278845,Standard,7.431,GB-Month,us-central1,Iowa,google/prj-data-lab/persistent-disk,persistent-disk-dev,Disk,Storage,Block Storage,Persistent Disk,Google Cloud,GOO-PersistentDi,GOO-Persiste-us-central1,prj-data-lab,projeto-dados,Subscription,"{""OwnerTeam"": ""plataforma"", ""ManagedBy"": ""terraform""}"
2.1512,prj-core-prod,cloudfinops-demo,Billing Account,USD,2026-08-01T00:00:00Z,2026-09-01T00:00:00Z,Usage,,Persistent Disk - Block Storage,Usage-Based,2026-08-27T00:00:00Z,2026-08-27T23:59:59Z,,,,18.652,GB-Month,2.1512,0.115333,2.1512,Google LLC,2.1512,0.115333,Standard,18.652,GB-Month,us-central1,Iowa,google/prj-data-lab/persistent-disk,persistent-disk-dev,Disk,Storage,Block Storage,Persistent Disk,Google Cloud,GOO-PersistentDi,GOO-Persiste-us-central1,prj-data-lab,projeto-dados,Subscription,"{""OwnerTeam"": ""dados"", ""ManagedBy"": ""manual""}"
2.2065,prj-core-prod,cloudfinops-demo,Billing Account,USD,2026-08-01T00:00:00Z,2026-09-01T00:00:00Z,Usage,,Persistent Disk - Block Storage,Usage-Based,2026-08-28T00:00:00Z,2026-08-28T23:59:59Z,,,,7.412,GB-Month,2.2065,0.297693,2.2065,Google LLC,2.2065,0.297693,Standard,7.412,GB-Month,us-central1,Iowa,google/prj-data-lab/persistent-disk,persistent-disk-dev,Disk,Storage,Block Storage,Persistent Disk,Google Cloud,GOO-PersistentDi,GOO-Persiste-us-central1,prj-data-lab,projeto-dados,Subscription,"{""OwnerTeam"": ""redes"", ""ManagedBy"": ""cloudformation""}"
1.8453,prj-core-prod,cloudfinops-demo,Billing Account,USD,2026-08-01T00:00:00Z,2026-09-01T00:00:00Z,Usage,,Persistent Disk - Block Storage,Usage-Based,2026-08-29T00:00:00Z,2026-08-29T23:59:59Z,,,,4.632,GB-Month,1.8453,0.398381,1.8453,Google LLC,1.8453,0.398381,Standard,4.632,GB-Month,us-central1,Iowa,google/prj-data-lab/persistent-disk,persistent-disk-dev,Disk,Storage,Block Storage,Persistent Disk,Google Cloud,GOO-PersistentDi,GOO-Persiste-us-central1,prj-data-lab,projeto-dados,Subscription,"{""OwnerTeam"": ""plataforma"", ""ManagedBy"": ""manual""}"
1.7961,prj-core-prod,cloudfinops-demo,Billing Account,USD,2026-08-01T00:00:00Z,2026-09-01T00:00:00Z,Usage,,Persistent Disk - Block Storage,Usage-Based,2026-08-30T00:00:00Z,2026-08-30T23:59:59Z,,,,5.764,GB-Month,1.7961,0.311607,1.7961,Google LLC,1.7961,0.311607,Standard,5.764,GB-Month,us-central1,Iowa,google/prj-data-lab/persistent-disk,persistent-disk-dev,Disk,Storage,Block Storage,Persistent Disk,Google Cloud,GOO-PersistentDi,GOO-Persiste-us-central1,prj-data-lab,projeto-dados,Subscription,"{""OwnerTeam"": ""plataforma"", ""ManagedBy"": ""serverless""}"
2.1798,prj-core-prod,cloudfinops-demo,Billing Account,USD,2026-08-01T00:00:00Z,2026-09-01T00:00:00Z,Usage,,Persistent Disk - Block Storage,Usage-Based,2026-08-31T00:00:00Z,2026-08-31T23:59:59Z,,,,10.063,GB-Month,2.1798,0.216615,2.1798,Google LLC,2.1798,0.216615,Standard,10.063,GB-Month,us-central1,Iowa,google/prj-data-lab/persistent-disk,persistent-disk-dev,Disk,Storage,Block Storage,Persistent Disk,Google Cloud,GOO-PersistentDi,GOO-Persiste-us-central1,prj-data-lab,projeto-dados,Subscription,"{""OwnerTeam"": ""backend"", ""ManagedBy"": ""serverless""}"
2.3059,prj-core-prod,cloudfinops-demo,Billing Account,USD,2026-09-01T00:00:00Z,2026-10-01T00:00:00Z,Usage,,Persistent Disk - Block Storage,Usage-Based,2026-09-01T00:00:00Z,2026-09-01T23:59:59Z,,,,73.0,GB-Month,2.3059,0.031588,2.3059,Google LLC,2.3059,0.031588,Standard,73.0,GB-Month,us-central1,Iowa,google/prj-data-lab/persistent-disk,persistent-disk-dev,Disk,Storage,Block Storage,Persistent Disk,Google Cloud,GOO-PersistentDi,GOO-Persiste-us-central1,prj-data-lab,projeto-dados,Subscription,"{""OwnerTeam"": ""dados"", ""ManagedBy"": ""serverless""}"
2.2748,prj-core-prod,cloudfinops-demo,Billing Account,USD,2026-09-01T00:00:00Z,2026-10-01T00:00:00Z,Usage,,Persistent Disk - Block Storage,Usage-Based,2026-09-02T00:00:00Z,2026-09-02T23:59:59Z,,,,7.958,GB-Month,2.2748,0.285851,2.2748,Google LLC,2.2748,0.285851,Standard,7.958,GB-Month,us-central1,Iowa,google/prj-data-lab/persistent-disk,persistent-disk-dev,Disk,Storage,Block Storage,Persistent Disk,Google Cloud,GOO-PersistentDi,GOO-Persiste-us-central1,prj-data-lab,projeto-dados,Subscription,"{""OwnerTeam"": ""dados"", ""ManagedBy"": ""serverless""}"
2.2147,prj-core-prod,cloudfinops-demo,Billing Account,USD,2026-09-01T00:00:00Z,2026-10-01T00:00:00Z,Usage,,Persistent Disk - Block Storage,Usage-Based,2026-09-03T00:00:00Z,2026-09-03T23:59:59Z,,,,36.735,GB-Month,2.2147,0.060289,2.2147,Google LLC,2.2147,0.060289,Standard,36.735,GB-Month,us-central1,Iowa,google/prj-data-lab/persistent-disk,persistent-disk-dev,Disk,Storage,Block Storage,Persistent Disk,Google Cloud,GOO-PersistentDi,GOO-Persiste-us-central1,prj-data-lab,projeto-dados,Subscription,"{""OwnerTeam"": ""dados"", ""ManagedBy"": ""terraform""}"
2.2776,prj-core-prod,cloudfinops-demo,Billing Account,USD,2026-09-01T00:00:00Z,2026-10-01T00:00:00Z,Usage,,Persistent Disk - Block Storage,Usage-Based,2026-09-04T00:00:00Z,2026-09-04T23:59:59Z,,,,14.562,GB-Month,2.2776,0.156407,2.2776,Google LLC,2.2776,0.156407,Standard,14.562,GB-Month,us-central1,Iowa,google/prj-data-lab/persistent-disk,persistent-disk-dev,Disk,Storage,Block Storage,Persistent Disk,Google Cloud,GOO-PersistentDi,GOO-Persiste-us-central1,prj-data-lab,projeto-dados,Subscription,"{""OwnerTeam"": ""plataforma"", ""ManagedBy"": ""terraform""}"
1.8382,prj-core-prod,cloudfinops-demo,Billing Account,USD,2026-09-01T00:00:00Z,2026-10-01T00:00:00Z,Usage,,Persistent Disk - Block Storage,Usage-Based,2026-09-05T00:00:00Z,2026-09-05T23:59:59Z,,,,13.907,GB-Month,1.8382,0.132178,1.8382,Google LLC,1.8382,0.132178,Standard,13.907,GB-Month,us-central1,Iowa,google/prj-data-lab/persistent-disk,persistent-disk-dev,Disk,Storage,Block Storage,Persistent Disk,Google Cloud,GOO-PersistentDi,GOO-Persiste-us-central1,prj-data-lab,projeto-dados,Subscription,"{""OwnerTeam"": ""redes"", ""ManagedBy"": ""manual""}"
1.9041,prj-core-prod,cloudfinops-demo,Billing Account,USD,2026-09-01T00:00:00Z,2026-10-01T00:00:00Z,Usage,,Persistent Disk - Block Storage,Usage-Based,2026-09-06T00:00:00Z,2026-09-06T23:59:59Z,,,,5.639,GB-Month,1.9041,0.337666,1.9041,Google LLC,1.9041,0.337666,Standard,5.639,GB-Month,us-central1,Iowa,google/prj-data-lab/persistent-disk,persistent-disk-dev,Disk,Storage,Block Storage,Persistent Disk,Google Cloud,GOO-PersistentDi,GOO-Persiste-us-central1,prj-data-lab,projeto-dados,Subscription,"{""OwnerTeam"": ""dados"", ""ManagedBy"": ""cloudformation""}"
2.2562,prj-core-prod,cloudfinops-demo,Billing Account,USD,2026-09-01T00:00:00Z,2026-10-01T00:00:00Z,Usage,,Persistent Disk - Block Storage,Usage-Based,2026-09-07T00:00:00Z,2026-09-07T23:59:59Z,,,,9.623,GB-Month,2.2562,0.234459,2.2562,Google LLC,2.2562,0.234459,Standard,9.623,GB-Month,us-central1,Iowa,google/prj-data-lab/persistent-disk,persistent-disk-dev,Disk,Storage,Block Storage,Persistent Disk,Google Cloud,GOO-PersistentDi,GOO-Persiste-us-central1,prj-data-lab,projeto-dados,Subscription,"{""OwnerTeam"": ""backend"", ""ManagedBy"": ""terraform""}"
2.262,prj-core-prod,cloudfinops-demo,Billing Account,USD,2026-09-01T00:00:00Z,2026-10-01T00:00:00Z,Usage,,Persistent Disk - Block Storage,Usage-Based,2026-09-08T00:00:00Z,2026-09-08T23:59:59Z,,,,13.88,GB-Month,2.262,0.162968,2.262,Google LLC,2.262,0.162968,Standard,13.88,GB-Month,us-central1,Iowa,google/prj-data-lab/persistent-disk,persistent-disk-dev,Disk,Storage,Block Storage,Persistent Disk,Google Cloud,GOO-PersistentDi,GOO-Persiste-us-central1,prj-data-lab,projeto-dados,Subscription,"{""OwnerTeam"": ""dados"", ""ManagedBy"": ""manual""}"
2.3011,prj-core-prod,cloudfinops-demo,Billing Account,USD,2026-09-01T00:00:00Z,2026-10-01T00:00:00Z,Usage,,Persistent Disk - Block Storage,Usage-Based,2026-09-09T00:00:00Z,2026-09-09T23:59:59Z,,,,66.908,GB-Month,2.3011,0.034392,2.3011,Google LLC,2.3011,0.034392,Standard,66.908,GB-Month,us-central1,Iowa,google/prj-data-lab/persistent-disk,persistent-disk-dev,Disk,Storage,Block Storage,Persistent Disk,Google Cloud,GOO-PersistentDi,GOO-Persiste-us-central1,prj-data-lab,projeto-dados,Subscription,"{""OwnerTeam"": ""redes"", ""ManagedBy"": ""serverless""}"
2.1874,prj-core-prod,cloudfinops-demo,Billing Account,USD,2026-09-01T00:00:00Z,2026-10-01T00:00:00Z,Usage,,Persistent Disk - Block Storage,Usage-Based,2026-09-10T00:00:00Z,2026-09-10T23:59:59Z,,,,42.917,GB-Month,2.1874,0.050968,2.1874,Google LLC,2.1874,0.050968,Standard,42.917,GB-Month,us-central1,Iowa,google/prj-data-lab/persistent-disk,persistent-disk-dev,Disk,Storage,Block Storage,Persistent Disk,Google Cloud,GOO-PersistentDi,GOO-Persiste-us-central1,prj-data-lab,projeto-dados,Subscription,"{""OwnerTeam"": ""dados"", ""ManagedBy"": ""manual""}"
2.2485,prj-core-prod,cloudfinops-demo,Billing Account,USD,2026-09-01T00:00:00Z,2026-10-01T00:00:00Z,Usage,,Persistent Disk - Block Storage,Usage-Based,2026-09-11T00:00:00Z,2026-09-11T23:59:59Z,,,,5.622,GB-Month,2.2485,0.399947,2.2485,Google LLC,2.2485,0.399947,Standard,5.622,GB-Month,us-central1,Iowa,google/prj-data-lab/persistent-disk,persistent-disk-dev,Disk,Storage,Block Storage,Persistent Disk,Google Cloud,GOO-PersistentDi,GOO-Persiste-us-central1,prj-data-lab,projeto-dados,Subscription,"{""OwnerTeam"": ""backend"", ""ManagedBy"": ""serverless""}"
1.9009,prj-core-prod,cloudfinops-demo,Billing Account,USD,2026-09-01T00:00:00Z,2026-10-01T00:00:00Z,Usage,,Persistent Disk - Block Storage,Usage-Based,2026-09-12T00:00:00Z,2026-09-12T23:59:59Z,,,,4.96,GB-Month,1.9009,0.383246,1.9009,Google LLC,1.9009,0.383246,Standard,4.96,GB-Month,us-central1,Iowa,google/prj-data-lab/persistent-disk,persistent-disk-dev,Disk,Storage,Block Storage,Persistent Disk,Google Cloud,GOO-PersistentDi,GOO-Persiste-us-central1,prj-data-lab,projeto-dados,Subscription,"{""OwnerTeam"": ""backend"", ""ManagedBy"": ""cloudformation""}"
1.9398,prj-core-prod,cloudfinops-demo,Billing Account,USD,2026-09-01T00:00:00Z,2026-10-01T00:00:00Z,Usage,,Persistent Disk - Block Storage,Usage-Based,2026-09-13T00:00:00Z,2026-09-13T23:59:59Z,,,,9.309,GB-Month,1.9398,0.208379,1.9398,Google LLC,1.9398,0.208379,Standard,9.309,GB-Month,us-central1,Iowa,google/prj-data-lab/persistent-disk,persistent-disk-dev,Disk,Storage,Block Storage,Persistent Disk,Google Cloud,GOO-PersistentDi,GOO-Persiste-us-central1,prj-data-lab,projeto-dados,Subscription,"{""OwnerTeam"": ""plataforma"", ""ManagedBy"": ""serverless""}"
2.2581,prj-core-prod,cloudfinops-demo,Billing Account,USD,2026-09-01T00:00:00Z,2026-10-01T00:00:00Z,Usage,,Persistent Disk - Block Storage,Usage-Based,2026-09-14T00:00:00Z,2026-09-14T23:59:59Z,,,,5.26,GB-Month,2.2581,0.429297,2.2581,Google LLC,2.2581,0.429297,Standard,5.26,GB-Month,us-central1,Iowa,google/prj-data-lab/persistent-disk,persistent-disk-dev,Disk,Storage,Block Storage,Persistent Disk,Google Cloud,GOO-PersistentDi,GOO-Persiste-us-central1,prj-data-lab,projeto-dados,Subscription,"{""OwnerTeam"": ""redes"", ""ManagedBy"": ""cloudformation""}"
2.2935,prj-core-prod,cloudfinops-demo,Billing Account,USD,2026-09-01T00:00:00Z,2026-10-01T00:00:00Z,Usage,,Persistent Disk - Block Storage,Usage-Based,2026-09-15T00:00:00Z,2026-09-15T23:59:59Z,,,,6.091,GB-Month,2.2935,0.376539,2.2935,Google LLC,2.2935,0.376539,Standard,6.091,GB-Month,us-central1,Iowa,google/prj-data-lab/persistent-disk,persistent-disk-dev,Disk,Storage,Block Storage,Persistent Disk,Google Cloud,GOO-PersistentDi,GOO-Persiste-us-central1,prj-data-lab,projeto-dados,Subscription,"{""OwnerTeam"": ""backend"", ""ManagedBy"": ""cloudformation""}"
2.2655,prj-core-prod,cloudfinops-demo,Billing Account,USD,2026-09-01T00:00:00Z,2026-10-01T00:00:00Z,Usage,,Persistent Disk - Block Storage,Usage-Based,2026-09-16T00:00:00Z,2026-09-16T23:59:59Z,,,,41.306,GB-Month,2.2655,0.054847,2.2655,Google LLC,2.2655,0.054847,Standard,41.306,GB-Month,us-central1,Iowa,google/prj-data-lab/persistent-disk,persistent-disk-dev,Disk,Storage,Block Storage,Persistent Disk,Google Cloud,GOO-PersistentDi,GOO-Persiste-us-central1,prj-data-lab,projeto-dados,Subscription,"{""OwnerTeam"": ""backend"", ""ManagedBy"": ""cloudformation""}"
2.1676,prj-core-prod,cloudfinops-demo,Billing Account,USD,2026-09-01T00:00:00Z,2026-10-01T00:00:00Z,Usage,,Persistent Disk - Block Storage,Usage-Based,2026-09-17T00:00:00Z,2026-09-17T23:59:59Z,,,,13.62,GB-Month,2.1676,0.159148,2.1676,Google LLC,2.1676,0.159148,Standard,13.62,GB-Month,us-central1,Iowa,google/prj-data-lab/persistent-disk,persistent-disk-dev,Disk,Storage,Block Storage,Persistent Disk,Google Cloud,GOO-PersistentDi,GOO-Persiste-us-central1,prj-data-lab,projeto-dados,Subscription,"{""OwnerTeam"": ""plataforma"", ""ManagedBy"": ""manual""}"
2.2841,prj-core-prod,cloudfinops-demo,Billing Account,USD,2026-09-01T00:00:00Z,2026-10-01T00:00:00Z,Usage,,Persistent Disk - Block Storage,Usage-Based,2026-09-18T00:00:00Z,2026-09-18T23:59:59Z,,,,9.472,GB-Month,2.2841,0.241142,2.2841,Google LLC,2.2841,0.241142,Standard,9.472,GB-Month,us-central1,Iowa,google/prj-data-lab/persistent-disk,persistent-disk-dev,Disk,Storage,Block Storage,Persistent Disk,Google Cloud,GOO-PersistentDi,GOO-Persiste-us-central1,prj-data-lab,projeto-dados,Subscription,"{""OwnerTeam"": ""redes"", ""ManagedBy"": ""manual""}"
1.9529,prj-core-prod,cloudfinops-demo,Billing Account,USD,2026-09-01T00:00:00Z,2026-10-01T00:00:00Z,Usage,,Persistent Disk - Block Storage,Usage-Based,2026-09-19T00:00:00Z,2026-09-19T23:59:59Z,,,,9.59,GB-Month,1.9529,0.203639,1.9529,Google LLC,1.9529,0.203639,Standard,9.59,GB-Month,us-central1,Iowa,google/prj-data-lab/persistent-disk,persistent-disk-dev,Disk,Storage,Block Storage,Persistent Disk,Google Cloud,GOO-PersistentDi,GOO-Persiste-us-central1,prj-data-lab,projeto-dados,Subscription,"{""OwnerTeam"": ""plataforma"", ""ManagedBy"": ""manual""}"
1.8668,prj-core-prod,cloudfinops-demo,Billing Account,USD,2026-09-01T00:00:00Z,2026-10-01T00:00:00Z,Usage,,Persistent Disk - Block Storage,Usage-Based,2026-09-20T00:00:00Z,2026-09-20T23:59:59Z,,,,5.754,GB-Month,1.8668,0.324435,1.8668,Google LLC,1.8668,0.324435,Standard,5.754,GB-Month,us-central1,Iowa,google/prj-data-lab/persistent-disk,persistent-disk-dev,Disk,Storage,Block Storage,Persistent Disk,Google Cloud,GOO-PersistentDi,GOO-Persiste-us-central1,prj-data-lab,projeto-dados,Subscription,"{""OwnerTeam"": ""plataforma"", ""ManagedBy"": ""serverless""}"
2.2853,prj-core-prod,cloudfinops-demo,Billing Account,USD,2026-09-01T00:00:00Z,2026-10-01T00:00:00Z,Usage,,Persistent Disk - Block Storage,Usage-Based,2026-09-21T00:00:00Z,2026-09-21T23:59:59Z,,,,6.23,GB-Month,2.2853,0.366822,2.2853,Google LLC,2.2853,0.366822,Standard,6.23,GB-Month,us-central1,Iowa,google/prj-data-lab/persistent-disk,persistent-disk-dev,Disk,Storage,Block Storage,Persistent Disk,Google Cloud,GOO-PersistentDi,GOO-Persiste-us-central1,prj-data-lab,projeto-dados,Subscription,"{""OwnerTeam"": ""redes"", ""ManagedBy"": ""manual""}"
2.2207,prj-core-prod,cloudfinops-demo,Billing Account,USD,2026-09-01T00:00:00Z,2026-10-01T00:00:00Z,Usage,,Persistent Disk - Block Storage,Usage-Based,2026-09-22T00:00:00Z,2026-09-22T23:59:59Z,,,,5.937,GB-Month,2.2207,0.374044,2.2207,Google LLC,2.2207,0.374044,Standard,5.937,GB-Month,us-central1,Iowa,google/prj-data-lab/persistent-disk,persistent-disk-dev,Disk,Storage,Block Storage,Persistent Disk,Google Cloud,GOO-PersistentDi,GOO-Persiste-us-central1,prj-data-lab,projeto-dados,Subscription,"{""OwnerTeam"": ""plataforma"", ""ManagedBy"": ""manual""}"
2.1641,prj-core-prod,cloudfinops-demo,Billing Account,USD,2026-09-01T00:00:00Z,2026-10-01T00:00:00Z,Usage,,Persistent Disk - Block Storage,Usage-Based,2026-09-23T00:00:00Z,2026-09-23T23:59:59Z,,,,6.283,GB-Month,2.1641,0.344437,2.1641,Google LLC,2.1641,0.344437,Standard,6.283,GB-Month,us-central1,Iowa,google/prj-data-lab/persistent-disk,persistent-disk-dev,Disk,Storage,Block Storage,Persistent Disk,Google Cloud,GOO-PersistentDi,GOO-Persiste-us-central1,prj-data-lab,projeto-dados,Subscription,"{""OwnerTeam"": ""plataforma"", ""ManagedBy"": ""terraform""}"
2.2711,prj-core-prod,cloudfinops-demo,Billing Account,USD,2026-09-01T00:00:00Z,2026-10-01T00:00:00Z,Usage,,Persistent Disk - Block Storage,Usage-Based,2026-09-24T00:00:00Z,2026-09-24T23:59:59Z,,,,44.853,GB-Month,2.2711,0.050634,2.2711,Google LLC,2.2711,0.050634,Standard,44.853,GB-Month,us-central1,Iowa,google/prj-data-lab/persistent-disk,persistent-disk-dev,Disk,Storage,Block Storage,Persistent Disk,Google Cloud,GOO-PersistentDi,GOO-Persiste-us-central1,prj-data-lab,projeto-dados,Subscription,"{""OwnerTeam"": ""redes"", ""ManagedBy"": ""cloudformation""}"
2.2217,prj-core-prod,cloudfinops-demo,Billing Account,USD,2026-09-01T00:00:00Z,2026-10-01T00:00:00Z,Usage,,Persistent Disk - Block Storage,Usage-Based,2026-09-25T00:00:00Z,2026-09-25T23:59:59Z,,,,6.626,GB-Month,2.2217,0.3353,2.2217,Google LLC,2.2217,0.3353,Standard,6.626,GB-Month,us-central1,Iowa,google/prj-data-lab/persistent-disk,persistent-disk-dev,Disk,Storage,Block Storage,Persistent Disk,Google Cloud,GOO-PersistentDi,GOO-Persiste-us-central1,prj-data-lab,projeto-dados,Subscription,"{""OwnerTeam"": ""plataforma"", ""ManagedBy"": ""cloudformation""}"
1.9172,prj-core-prod,cloudfinops-demo,Billing Account,USD,2026-09-01T00:00:00Z,2026-10-01T00:00:00Z,Usage,,Persistent Disk - Block Storage,Usage-Based,2026-09-26T00:00:00Z,2026-09-26T23:59:59Z,,,,5.32,GB-Month,1.9172,0.360376,1.9172,Google LLC,1.9172,0.360376,Standard,5.32,GB-Month,us-central1,Iowa,google/prj-data-lab/persistent-disk,persistent-disk-dev,Disk,Storage,Block Storage,Persistent Disk,Google Cloud,GOO-PersistentDi,GOO-Persiste-us-central1,prj-data-lab,projeto-dados,Subscription,"{""OwnerTeam"": ""redes"", ""ManagedBy"": ""cloudformation""}"
1.92,prj-core-prod,cloudfinops-demo,Billing Account,USD,2026-09-01T00:00:00Z,2026-10-01T00:00:00Z,Usage,,Persistent Disk - Block Storage,Usage-Based,2026-09-27T00:00:00Z,2026-09-27T23:59:59Z,,,,7.024,GB-Month,1.92,0.273349,1.92,Google LLC,1.92,0.273349,Standard,7.024,GB-Month,us-central1,Iowa,google/prj-data-lab/persistent-disk,persistent-disk-dev,Disk,Storage,Block Storage,Persistent Disk,Google Cloud,GOO-PersistentDi,GOO-Persiste-us-central1,prj-data-lab,projeto-dados,Subscription,"{""OwnerTeam"": ""backend"", ""ManagedBy"": ""serverless""}"
2.2767,prj-core-prod,cloudfinops-demo,Billing Account,USD,2026-09-01T00:00:00Z,2026-10-01T00:00:00Z,Usage,,Persistent Disk - Block Storage,Usage-Based,2026-09-28T00:00:00Z,2026-09-28T23:59:59Z,,,,38.999,GB-Month,2.2767,0.058378,2.2767,Google LLC,2.2767,0.058378,Standard,38.999,GB-Month,us-central1,Iowa,google/prj-data-lab/persistent-disk,persistent-disk-dev,Disk,Storage,Block Storage,Persistent Disk,Google Cloud,GOO-PersistentDi,GOO-Persiste-us-central1,prj-data-lab,projeto-dados,Subscription,"{""OwnerTeam"": ""backend"", ""ManagedBy"": ""terraform""}"
2.3116,prj-core-prod,cloudfinops-demo,Billing Account,USD,2026-09-01T00:00:00Z,2026-10-01T00:00:00Z,Usage,,Persistent Disk - Block Storage,Usage-Based,2026-09-29T00:00:00Z,2026-09-29T23:59:59Z,,,,10.267,GB-Month,2.3116,0.225149,2.3116,Google LLC,2.3116,0.225149,Standard,10.267,GB-Month,us-central1,Iowa,google/prj-data-lab/persistent-disk,persistent-disk-dev,Disk,Storage,Block Storage,Persistent Disk,Google Cloud,GOO-PersistentDi,GOO-Persiste-us-central1,prj-data-lab,projeto-dados,Subscription,"{""OwnerTeam"": ""dados"", ""ManagedBy"": ""serverless""}"
2.2289,prj-core-prod,cloudfinops-demo,Billing Account,USD,2026-09-01T00:00:00Z,2026-10-01T00:00:00Z,Usage,,Persistent Disk - Block Storage,Usage-Based,2026-09-30T00:00:00Z,2026-09-30T23:59:59Z,,,,51.338,GB-Month,2.2289,0.043416,2.2289,Google LLC,2.2289,0.043416,Standard,51.338,GB-Month,us-central1,Iowa,google/prj-data-lab/persistent-disk,persistent-disk-dev,Disk,Storage,Block Storage,Persistent Disk,Google Cloud,GOO-PersistentDi,GOO-Persiste-us-central1,prj-data-lab,projeto-dados,Subscription,"{""OwnerTeam"": ""dados"", ""ManagedBy"": ""serverless""}"
2.2274,prj-core-prod,cloudfinops-demo,Billing Account,USD,2026-10-01T00:00:00Z,2026-11-01T00:00:00Z,Usage,,Persistent Disk - Block Storage,Usage-Based,2026-10-01T00:00:00Z,2026-10-01T23:59:59Z,,,,5.71,GB-Month,2.2274,0.390088,2.2274,Google LLC,2.2274,0.390088,Standard,5.71,GB-Month,us-central1,Iowa,google/prj-data-lab/persistent-disk,persistent-disk-dev,Disk,Storage,Block Storage,Persistent Disk,Google Cloud,GOO-PersistentDi,GOO-Persiste-us-central1,prj-data-lab,projeto-dados,Subscription,"{""OwnerTeam"": ""dados"", ""ManagedBy"": ""cloudformation""}"
2.1411,prj-core-prod,cloudfinops-demo,Billing Account,USD,2026-10-01T00:00:00Z,2026-11-01T00:00:00Z,Usage,,Persistent Disk - Block Storage,Usage-Based,2026-10-02T00:00:00Z,2026-10-02T23:59:59Z,,,,21.838,GB-Month,2.1411,0.098045,2.1411,Google LLC,2.1411,0.098045,Standard,21.838,GB-Month,us-central1,Iowa,google/prj-data-lab/persistent-disk,persistent-disk-dev,Disk,Storage,Block Storage,Persistent Disk,Google Cloud,GOO-PersistentDi,GOO-Persiste-us-central1,prj-data-lab,projeto-dados,Subscription,"{""OwnerTeam"": ""plataforma"", ""ManagedBy"": ""serverless""}"
1.85,prj-core-prod,cloudfinops-demo,Billing Account,USD,2026-10-01T00:00:00Z,2026-11-01T00:00:00Z,Usage,,Persistent Disk - Block Storage,Usage-Based,2026-10-03T00:00:00Z,2026-10-03T23:59:59Z,,,,6.144,GB-Month,1.85,0.301107,1.85,Google LLC,1.85,0.301107,Standard,6.144,GB-Month,us-central1,Iowa,google/prj-data-lab/persistent-disk,persistent-disk-dev,Disk,Storage,Block Storage,Persistent Disk,Google Cloud,GOO-PersistentDi,GOO-Persiste-us-central1,prj-data-lab,projeto-dados,Subscription,"{""OwnerTeam"": ""backend"", ""ManagedBy"": ""serverless""}"
2.4413,prj-core-prod,cloudfinops-demo,Billing Account,USD,2026-08-01T00:00:00Z,2026-09-01T00:00:00Z,Usage,,Network Egress - Data Transfer,Usage-Based,2026-08-01T00:00:00Z,2026-08-01T23:59:59Z,,,,39.448,GB,2.4413,0.061887,2.4413,Google LLC,2.4413,0.061887,Standard,39.448,GB,southamerica-east1,Sao Paulo,,,,Networking,Data Transfer,Network Egress,Google Cloud,GOO-NetworkEgres,GOO-NetworkE-southamerica-east1,prj-core-prod,projeto-core,Subscription,{}
2.5071,prj-core-prod,cloudfinops-demo,Billing Account,USD,2026-08-01T00:00:00Z,2026-09-01T00:00:00Z,Usage,,Network Egress - Data Transfer,Usage-Based,2026-08-02T00:00:00Z,2026-08-02T23:59:59Z,,,,6.428,GB,2.5071,0.390028,2.5071,Google LLC,2.5071,0.390028,Standard,6.428,GB,southamerica-east1,Sao Paulo,,,,Networking,Data Transfer,Network Egress,Google Cloud,GOO-NetworkEgres,GOO-NetworkE-southamerica-east1,prj-core-prod,projeto-core,Subscription,{}
2.8975,prj-core-prod,cloudfinops-demo,Billing Account,USD,2026-08-01T00:00:00Z,2026-09-01T00:00:00Z,Usage,,Network Egress - Data Transfer,Usage-Based,2026-08-03T00:00:00Z,2026-08-03T23:59:59Z,,,,8.4,GB,2.8975,0.34494,2.8975,Google LLC,2.8975,0.34494,Standard,8.4,GB,southamerica-east1,Sao Paulo,,,,Networking,Data Transfer,Network Egress,Google Cloud,GOO-NetworkEgres,GOO-NetworkE-southamerica-east1,prj-core-prod,projeto-core,Subscription,{}
2.8543,prj-core-prod,cloudfinops-demo,Billing Account,USD,2026-08-01T00:00:00Z,2026-09-01T00:00:00Z,Usage,,Network Egress - Data Transfer,Usage-Based,2026-08-04T00:00:00Z,2026-08-04T23:59:59Z,,,,7.145,GB,2.8543,0.399482,2.8543,Google LLC,2.8543,0.399482,Standard,7.145,GB,southamerica-east1,Sao Paulo,,,,Networking,Data Transfer,Network Egress,Google Cloud,GOO-NetworkEgres,GOO-NetworkE-southamerica-east1,prj-core-prod,projeto-core,Subscription,{}
2.8691,prj-core-prod,cloudfinops-demo,Billing Account,USD,2026-08-01T00:00:00Z,2026-09-01T00:00:00Z,Usage,,Network Egress - Data Transfer,Usage-Based,2026-08-05T00:00:00Z,2026-08-05T23:59:59Z,,,,6.499,GB,2.8691,0.441468,2.8691,Google LLC,2.8691,0.441468,Standard,6.499,GB,southamerica-east1,Sao Paulo,,,,Networking,Data Transfer,Network Egress,Google Cloud,GOO-NetworkEgres,GOO-NetworkE-southamerica-east1,prj-core-prod,projeto-core,Subscription,{}
3.0145,prj-core-prod,cloudfinops-demo,Billing Account,USD,2026-08-01T00:00:00Z,2026-09-01T00:00:00Z,Usage,,Network Egress - Data Transfer,Usage-Based,2026-08-06T00:00:00Z,2026-08-06T23:59:59Z,,,,11.305,GB,3.0145,0.266652,3.0145,Google LLC,3.0145,0.266652,Standard,11.305,GB,southamerica-east1,Sao Paulo,,,,Networking,Data Transfer,Network Egress,Google Cloud,GOO-NetworkEgres,GOO-NetworkE-southamerica-east1,prj-core-prod,projeto-core,Subscription,{}
3.0309,prj-core-prod,cloudfinops-demo,Billing Account,USD,2026-08-01T00:00:00Z,2026-09-01T00:00:00Z,Usage,,Network Egress - Data Transfer,Usage-Based,2026-08-07T00:00:00Z,2026-08-07T23:59:59Z,,,,19.956,GB,3.0309,0.151879,3.0309,Google LLC,3.0309,0.151879,Standard,19.956,GB,southamerica-east1,Sao Paulo,,,,Networking,Data Transfer,Network Egress,Google Cloud,GOO-NetworkEgres,GOO-NetworkE-southamerica-east1,prj-core-prod,projeto-core,Subscription,{}
2.5333,prj-core-prod,cloudfinops-demo,Billing Account,USD,2026-08-01T00:00:00Z,2026-09-01T00:00:00Z,Usage,,Network Egress - Data Transfer,Usage-Based,2026-08-08T00:00:00Z,2026-08-08T23:59:59Z,,,,8.667,GB,2.5333,0.292293,2.5333,Google LLC,2.5333,0.292293,Standard,8.667,GB,southamerica-east1,Sao Paulo,,,,Networking,Data Transfer,Network Egress,Google Cloud,GOO-NetworkEgres,GOO-NetworkE-southamerica-east1,prj-core-prod,projeto-core,Subscription,{}
2.41,prj-core-prod,cloudfinops-demo,Billing Account,USD,2026-08-01T00:00:00Z,2026-09-01T00:00:00Z,Usage,,Network Egress - Data Transfer,Usage-Based,2026-08-09T00:00:00Z,2026-08-09T23:59:59Z,,,,5.994,GB,2.41,0.402069,2.41,Google LLC,2.41,0.402069,Standard,5.994,GB,southamerica-east1,Sao Paulo,,,,Networking,Data Transfer,Network Egress,Google Cloud,GOO-NetworkEgres,GOO-NetworkE-southamerica-east1,prj-core-prod,projeto-core,Subscription,{}
3.0035,prj-core-prod,cloudfinops-demo,Billing Account,USD,2026-08-01T00:00:00Z,2026-09-01T00:00:00Z,Usage,,Network Egress - Data Transfer,Usage-Based,2026-08-10T00:00:00Z,2026-08-10T23:59:59Z,,,,7.105,GB,3.0035,0.42273,3.0035,Google LLC,3.0035,0.42273,Standard,7.105,GB,southamerica-east1,Sao Paulo,,,,Networking,Data Transfer,Network Egress,Google Cloud,GOO-NetworkEgres,GOO-NetworkE-southamerica-east1,prj-core-prod,projeto-core,Subscription,{}
2.8852,prj-core-prod,cloudfinops-demo,Billing Account,USD,2026-08-01T00:00:00Z,2026-09-01T00:00:00Z,Usage,,Network Egress - Data Transfer,Usage-Based,2026-08-11T00:00:00Z,2026-08-11T23:59:59Z,,,,11.37,GB,2.8852,0.253755,2.8852,Google LLC,2.8852,0.253755,Standard,11.37,GB,southamerica-east1,Sao Paulo,,,,Networking,Data Transfer,Network Egress,Google Cloud,GOO-NetworkEgres,GOO-NetworkE-southamerica-east1,prj-core-prod,projeto-core,Subscription,{}
2.9428,prj-core-prod,cloudfinops-demo,Billing Account,USD,2026-08-01T00:00:00Z,2026-09-01T00:00:00Z,Usage,,Network Egress - Data Transfer,Usage-Based,2026-08-12T00:00:00Z,2026-08-12T23:59:59Z,,,,19.621,GB,2.9428,0.149982,2.9428,Google LLC,2.9428,0.149982,Standard,19.621,GB,southamerica-east1,Sao Paulo,,,,Networking,Data Transfer,Network Egress,Google Cloud,GOO-NetworkEgres,GOO-NetworkE-southamerica-east1,prj-core-prod,projeto-core,Subscription,{}
2.9421,prj-core-prod,cloudfinops-demo,Billing Account,USD,2026-08-01T00:00:00Z,2026-09-01T00:00:00Z,Usage,,Network Egress - Data Transfer,Usage-Based,2026-08-13T00:00:00Z,2026-08-13T23:59:59Z,,,,6.85,GB,2.9421,0.429504,2.9421,Google LLC,2.9421,0.429504,Standard,6.85,GB,southamerica-east1,Sao Paulo,,,,Networking,Data Transfer,Network Egress,Google Cloud,GOO-NetworkEgres,GOO-NetworkE-southamerica-east1,prj-core-prod,projeto-core,Subscription,{}
2.932,prj-core-prod,cloudfinops-demo,Billing Account,USD,2026-08-01T00:00:00Z,2026-09-01T00:00:00Z,Usage,,Network Egress - Data Transfer,Usage-Based,2026-08-14T00:00:00Z,2026-08-14T23:59:59Z,,,,122.741,GB,2.932,0.023888,2.932,Google LLC,2.932,0.023888,Standard,122.741,GB,southamerica-east1,Sao Paulo,,,,Networking,Data Transfer,Network Egress,Google Cloud,GOO-NetworkEgres,GOO-NetworkE-southamerica-east1,prj-core-prod,projeto-core,Subscription,{}
2.3895,prj-core-prod,cloudfinops-demo,Billing Account,USD,2026-08-01T00:00:00Z,2026-09-01T00:00:00Z,Usage,,Network Egress - Data Transfer,Usage-Based,2026-08-15T00:00:00Z,2026-08-15T23:59:59Z,,,,36.607,GB,2.3895,0.065274,2.3895,Google LLC,2.3895,0.065274,Standard,36.607,GB,southamerica-east1,Sao Paulo,,,,Networking,Data Transfer,Network Egress,Google Cloud,GOO-NetworkEgres,GOO-NetworkE-southamerica-east1,prj-core-prod,projeto-core,Subscription,{}
2.5397,prj-core-prod,cloudfinops-demo,Billing Account,USD,2026-08-01T00:00:00Z,2026-09-01T00:00:00Z,Usage,,Network Egress - Data Transfer,Usage-Based,2026-08-16T00:00:00Z,2026-08-16T23:59:59Z,,,,31.886,GB,2.5397,0.079649,2.5397,Google LLC,2.5397,0.079649,Standard,31.886,GB,southamerica-east1,Sao Paulo,,,,Networking,Data Transfer,Network Egress,Google Cloud,GOO-NetworkEgres,GOO-NetworkE-southamerica-east1,prj-core-prod,projeto-core,Subscription,{}
3.0099,prj-core-prod,cloudfinops-demo,Billing Account,USD,2026-08-01T00:00:00Z,2026-09-01T00:00:00Z,Usage,,Network Egress - Data Transfer,Usage-Based,2026-08-17T00:00:00Z,2026-08-17T23:59:59Z,,,,26.94,GB,3.0099,0.111726,3.0099,Google LLC,3.0099,0.111726,Standard,26.94,GB,southamerica-east1,Sao Paulo,,,,Networking,Data Transfer,Network Egress,Google Cloud,GOO-NetworkEgres,GOO-NetworkE-southamerica-east1,prj-core-prod,projeto-core,Subscription,{}
3.0294,prj-core-prod,cloudfinops-demo,Billing Account,USD,2026-08-01T00:00:00Z,2026-09-01T00:00:00Z,Usage,,Network Egress - Data Transfer,Usage-Based,2026-08-18T00:00:00Z,2026-08-18T23:59:59Z,,,,10.642,GB,3.0294,0.284665,3.0294,Google LLC,3.0294,0.284665,Standard,10.642,GB,southamerica-east1,Sao Paulo,,,,Networking,Data Transfer,Network Egress,Google Cloud,GOO-NetworkEgres,GOO-NetworkE-southamerica-east1,prj-core-prod,projeto-core,Subscription,{}
2.9565,prj-core-prod,cloudfinops-demo,Billing Account,USD,2026-08-01T00:00:00Z,2026-09-01T00:00:00Z,Usage,,Network Egress - Data Transfer,Usage-Based,2026-08-19T00:00:00Z,2026-08-19T23:59:59Z,,,,8.347,GB,2.9565,0.354199,2.9565,Google LLC,2.9565,0.354199,Standard,8.347,GB,southamerica-east1,Sao Paulo,,,,Networking,Data Transfer,Network Egress,Google Cloud,GOO-NetworkEgres,GOO-NetworkE-southamerica-east1,prj-core-prod,projeto-core,Subscription,{}
2.8359,prj-core-prod,cloudfinops-demo,Billing Account,USD,2026-08-01T00:00:00Z,2026-09-01T00:00:00Z,Usage,,Network Egress - Data Transfer,Usage-Based,2026-08-20T00:00:00Z,2026-08-20T23:59:59Z,,,,12.481,GB,2.8359,0.227217,2.8359,Google LLC,2.8359,0.227217,Standard,12.481,GB,southamerica-east1,Sao Paulo,,,,Networking,Data Transfer,Network Egress,Google Cloud,GOO-NetworkEgres,GOO-NetworkE-southamerica-east1,prj-core-prod,projeto-core,Subscription,{}
3.029,prj-core-prod,cloudfinops-demo,Billing Account,USD,2026-08-01T00:00:00Z,2026-09-01T00:00:00Z,Usage,,Network Egress - Data Transfer,Usage-Based,2026-08-21T00:00:00Z,2026-08-21T23:59:59Z,,,,7.983,GB,3.029,0.379431,3.029,Google LLC,3.029,0.379431,Standard,7.983,GB,southamerica-east1,Sao Paulo,,,,Networking,Data Transfer,Network Egress,Google Cloud,GOO-NetworkEgres,GOO-NetworkE-southamerica-east1,prj-core-prod,projeto-core,Subscription,{}
2.5261,prj-core-prod,cloudfinops-demo,Billing Account,USD,2026-08-01T00:00:00Z,2026-09-01T00:00:00Z,Usage,,Network Egress - Data Transfer,Usage-Based,2026-08-22T00:00:00Z,2026-08-22T23:59:59Z,,,,16.386,GB,2.5261,0.154162,2.5261,Google LLC,2.5261,0.154162,Standard,16.386,GB,southamerica-east1,Sao Paulo,,,,Networking,Data Transfer,Network Egress,Google Cloud,GOO-NetworkEgres,GOO-NetworkE-southamerica-east1,prj-core-prod,projeto-core,Subscription,{}
2.5426,prj-core-prod,cloudfinops-demo,Billing Account,USD,2026-08-01T00:00:00Z,2026-09-01T00:00:00Z,Usage,,Network Egress - Data Transfer,Usage-Based,2026-08-23T00:00:00Z,2026-08-23T23:59:59Z,,,,6.233,GB,2.5426,0.407926,2.5426,Google LLC,2.5426,0.407926,Standard,6.233,GB,southamerica-east1,Sao Paulo,,,,Networking,Data Transfer,Network Egress,Google Cloud,GOO-NetworkEgres,GOO-NetworkE-southamerica-east1,prj-core-prod,projeto-core,Subscription,{}
3.0183,prj-core-prod,cloudfinops-demo,Billing Account,USD,2026-08-01T00:00:00Z,2026-09-01T00:00:00Z,Usage,,Network Egress - Data Transfer,Usage-Based,2026-08-24T00:00:00Z,2026-08-24T23:59:59Z,,,,7.047,GB,3.0183,0.42831,3.0183,Google LLC,3.0183,0.42831,Standard,7.047,GB,southamerica-east1,Sao Paulo,,,,Networking,Data Transfer,Network Egress,Google Cloud,GOO-NetworkEgres,GOO-NetworkE-southamerica-east1,prj-core-prod,projeto-core,Subscription,{}
2.8751,prj-core-prod,cloudfinops-demo,Billing Account,USD,2026-08-01T00:00:00Z,2026-09-01T00:00:00Z,Usage,,Network Egress - Data Transfer,Usage-Based,2026-08-25T00:00:00Z,2026-08-25T23:59:59Z,,,,8.608,GB,2.8751,0.334003,2.8751,Google LLC,2.8751,0.334003,Standard,8.608,GB,southamerica-east1,Sao Paulo,,,,Networking,Data Transfer,Network Egress,Google Cloud,GOO-NetworkEgres,GOO-NetworkE-southamerica-east1,prj-core-prod,projeto-core,Subscription,{}
2.9755,prj-core-prod,cloudfinops-demo,Billing Account,USD,2026-08-01T00:00:00Z,2026-09-01T00:00:00Z,Usage,,Network Egress - Data Transfer,Usage-Based,2026-08-26T00:00:00Z,2026-08-26T23:59:59Z,,,,74.994,GB,2.9755,0.039677,2.9755,Google LLC,2.9755,0.039677,Standard,74.994,GB,southamerica-east1,Sao Paulo,,,,Networking,Data Transfer,Network Egress,Google Cloud,GOO-NetworkEgres,GOO-NetworkE-southamerica-east1,prj-core-prod,projeto-core,Subscription,{}
2.9333,prj-core-prod,cloudfinops-demo,Billing Account,USD,2026-08-01T00:00:00Z,2026-09-01T00:00:00Z,Usage,,Network Egress - Data Transfer,Usage-Based,2026-08-27T00:00:00Z,2026-08-27T23:59:59Z,,,,9.614,GB,2.9333,0.305107,2.9333,Google LLC,2.9333,0.305107,Standard,9.614,GB,southamerica-east1,Sao Paulo,,,,Networking,Data Transfer,Network Egress,Google Cloud,GOO-NetworkEgres,GOO-NetworkE-southamerica-east1,prj-core-prod,projeto-core,Subscription,{}
2.9308,prj-core-prod,cloudfinops-demo,Billing Account,USD,2026-08-01T00:00:00Z,2026-09-01T00:00:00Z,Usage,,Network Egress - Data Transfer,Usage-Based,2026-08-28T00:00:00Z,2026-08-28T23:59:59Z,,,,10.645,GB,2.9308,0.275322,2.9308,Google LLC,2.9308,0.275322,Standard,10.645,GB,southamerica-east1,Sao Paulo,,,,Networking,Data Transfer,Network Egress,Google Cloud,GOO-NetworkEgres,GOO-NetworkE-southamerica-east1,prj-core-prod,projeto-core,Subscription,{}
2.5166,prj-core-prod,cloudfinops-demo,Billing Account,USD,2026-08-01T00:00:00Z,2026-09-01T00:00:00Z,Usage,,Network Egress - Data Transfer,Usage-Based,2026-08-29T00:00:00Z,2026-08-29T23:59:59Z,,,,8.168,GB,2.5166,0.308105,2.5166,Google LLC,2.5166,0.308105,Standard,8.168,GB,southamerica-east1,Sao Paulo,,,,Networking,Data Transfer,Network Egress,Google Cloud,GOO-NetworkEgres,GOO-NetworkE-southamerica-east1,prj-core-prod,projeto-core,Subscription,{}
2.5396,prj-core-prod,cloudfinops-demo,Billing Account,USD,2026-08-01T00:00:00Z,2026-09-01T00:00:00Z,Usage,,Network Egress - Data Transfer,Usage-Based,2026-08-30T00:00:00Z,2026-08-30T23:59:59Z,,,,7.849,GB,2.5396,0.323557,2.5396,Google LLC,2.5396,0.323557,Standard,7.849,GB,southamerica-east1,Sao Paulo,,,,Networking,Data Transfer,Network Egress,Google Cloud,GOO-NetworkEgres,GOO-NetworkE-southamerica-east1,prj-core-prod,projeto-core,Subscription,{}
2.9669,prj-core-prod,cloudfinops-demo,Billing Account,USD,2026-08-01T00:00:00Z,2026-09-01T00:00:00Z,Usage,,Network Egress - Data Transfer,Usage-Based,2026-08-31T00:00:00Z,2026-08-31T23:59:59Z,,,,13.431,GB,2.9669,0.220899,2.9669,Google LLC,2.9669,0.220899,Standard,13.431,GB,southamerica-east1,Sao Paulo,,,,Networking,Data Transfer,Network Egress,Google Cloud,GOO-NetworkEgres,GOO-NetworkE-southamerica-east1,prj-core-prod,projeto-core,Subscription,{}
2.9701,prj-core-prod,cloudfinops-demo,Billing Account,USD,2026-09-01T00:00:00Z,2026-10-01T00:00:00Z,Usage,,Network Egress - Data Transfer,Usage-Based,2026-09-01T00:00:00Z,2026-09-01T23:59:59Z,,,,14.075,GB,2.9701,0.21102,2.9701,Google LLC,2.9701,0.21102,Standard,14.075,GB,southamerica-east1,Sao Paulo,,,,Networking,Data Transfer,Network Egress,Google Cloud,GOO-NetworkEgres,GOO-NetworkE-southamerica-east1,prj-core-prod,projeto-core,Subscription,{}
3.1304,prj-core-prod,cloudfinops-demo,Billing Account,USD,2026-09-01T00:00:00Z,2026-10-01T00:00:00Z,Usage,,Network Egress - Data Transfer,Usage-Based,2026-09-02T00:00:00Z,2026-09-02T23:59:59Z,,,,25.527,GB,3.1304,0.122631,3.1304,Google LLC,3.1304,0.122631,Standard,25.527,GB,southamerica-east1,Sao Paulo,,,,Networking,Data Transfer,Network Egress,Google Cloud,GOO-NetworkEgres,GOO-NetworkE-southamerica-east1,prj-core-prod,projeto-core,Subscription,{}
3.0987,prj-core-prod,cloudfinops-demo,Billing Account,USD,2026-09-01T00:00:00Z,2026-10-01T00:00:00Z,Usage,,Network Egress - Data Transfer,Usage-Based,2026-09-03T00:00:00Z,2026-09-03T23:59:59Z,,,,13.674,GB,3.0987,0.226613,3.0987,Google LLC,3.0987,0.226613,Standard,13.674,GB,southamerica-east1,Sao Paulo,,,,Networking,Data Transfer,Network Egress,Google Cloud,GOO-NetworkEgres,GOO-NetworkE-southamerica-east1,prj-core-prod,projeto-core,Subscription,{}
3.0089,prj-core-prod,cloudfinops-demo,Billing Account,USD,2026-09-01T00:00:00Z,2026-10-01T00:00:00Z,Usage,,Network Egress - Data Transfer,Usage-Based,2026-09-04T00:00:00Z,2026-09-04T23:59:59Z,,,,7.696,GB,3.0089,0.390969,3.0089,Google LLC,3.0089,0.390969,Standard,7.696,GB,southamerica-east1,Sao Paulo,,,,Networking,Data Transfer,Network Egress,Google Cloud,GOO-NetworkEgres,GOO-NetworkE-southamerica-east1,prj-core-prod,projeto-core,Subscription,{}
2.6396,prj-core-prod,cloudfinops-demo,Billing Account,USD,2026-09-01T00:00:00Z,2026-10-01T00:00:00Z,Usage,,Network Egress - Data Transfer,Usage-Based,2026-09-05T00:00:00Z,2026-09-05T23:59:59Z,,,,19.257,GB,2.6396,0.137072,2.6396,Google LLC,2.6396,0.137072,Standard,19.257,GB,southamerica-east1,Sao Paulo,,,,Networking,Data Transfer,Network Egress,Google Cloud,GOO-NetworkEgres,GOO-NetworkE-southamerica-east1,prj-core-prod,projeto-core,Subscription,{}
2.5435,prj-core-prod,cloudfinops-demo,Billing Account,USD,2026-09-01T00:00:00Z,2026-10-01T00:00:00Z,Usage,,Network Egress - Data Transfer,Usage-Based,2026-09-06T00:00:00Z,2026-09-06T23:59:59Z,,,,32.432,GB,2.5435,0.078426,2.5435,Google LLC,2.5435,0.078426,Standard,32.432,GB,southamerica-east1,Sao Paulo,,,,Networking,Data Transfer,Network Egress,Google Cloud,GOO-NetworkEgres,GOO-NetworkE-southamerica-east1,prj-core-prod,projeto-core,Subscription,{}
3.1625,prj-core-prod,cloudfinops-demo,Billing Account,USD,2026-09-01T00:00:00Z,2026-10-01T00:00:00Z,Usage,,Network Egress - Data Transfer,Usage-Based,2026-09-07T00:00:00Z,2026-09-07T23:59:59Z,,,,9.219,GB,3.1625,0.343042,3.1625,Google LLC,3.1625,0.343042,Standard,9.219,GB,southamerica-east1,Sao Paulo,,,,Networking,Data Transfer,Network Egress,Google Cloud,GOO-NetworkEgres,GOO-NetworkE-southamerica-east1,prj-core-prod,projeto-core,Subscription,{}
3.1211,prj-core-prod,cloudfinops-demo,Billing Account,USD,2026-09-01T00:00:00Z,2026-10-01T00:00:00Z,Usage,,Network Egress - Data Transfer,Usage-Based,2026-09-08T00:00:00Z,2026-09-08T23:59:59Z,,,,10.938,GB,3.1211,0.285345,3.1211,Google LLC,3.1211,0.285345,Standard,10.938,GB,southamerica-east1,Sao Paulo,,,,Networking,Data Transfer,Network Egress,Google Cloud,GOO-NetworkEgres,GOO-NetworkE-southamerica-east1,prj-core-prod,projeto-core,Subscription,{}
3.11,prj-core-prod,cloudfinops-demo,Billing Account,USD,2026-09-01T00:00:00Z,2026-10-01T00:00:00Z,Usage,,Network Egress - Data Transfer,Usage-Based,2026-09-09T00:00:00Z,2026-09-09T23:59:59Z,,,,38.05,GB,3.11,0.081735,3.11,Google LLC,3.11,0.081735,Standard,38.05,GB,southamerica-east1,Sao Paulo,,,,Networking,Data Transfer,Network Egress,Google Cloud,GOO-NetworkEgres,GOO-NetworkE-southamerica-east1,prj-core-prod,projeto-core,Subscription,{}
2.9918,prj-core-prod,cloudfinops-demo,Billing Account,USD,2026-09-01T00:00:00Z,2026-10-01T00:00:00Z,Usage,,Network Egress - Data Transfer,Usage-Based,2026-09-10T00:00:00Z,2026-09-10T23:59:59Z,,,,9.512,GB,2.9918,0.314529,2.9918,Google LLC,2.9918,0.314529,Standard,9.512,GB,southamerica-east1,Sao Paulo,,,,Networking,Data Transfer,Network Egress,Google Cloud,GOO-NetworkEgres,GOO-NetworkE-southamerica-east1,prj-core-prod,projeto-core,Subscription,{}
3.0297,prj-core-prod,cloudfinops-demo,Billing Account,USD,2026-09-01T00:00:00Z,2026-10-01T00:00:00Z,Usage,,Network Egress - Data Transfer,Usage-Based,2026-09-11T00:00:00Z,2026-09-11T23:59:59Z,,,,6.758,GB,3.0297,0.448313,3.0297,Google LLC,3.0297,0.448313,Standard,6.758,GB,southamerica-east1,Sao Paulo,,,,Networking,Data Transfer,Network Egress,Google Cloud,GOO-NetworkEgres,GOO-NetworkE-southamerica-east1,prj-core-prod,projeto-core,Subscription,{}
2.642,prj-core-prod,cloudfinops-demo,Billing Account,USD,2026-09-01T00:00:00Z,2026-10-01T00:00:00Z,Usage,,Network Egress - Data Transfer,Usage-Based,2026-09-12T00:00:00Z,2026-09-12T23:59:59Z,,,,14.89,GB,2.642,0.177435,2.642,Google LLC,2.642,0.177435,Standard,14.89,GB,southamerica-east1,Sao Paulo,,,,Networking,Data Transfer,Network Egress,Google Cloud,GOO-NetworkEgres,GOO-NetworkE-southamerica-east1,prj-core-prod,projeto-core,Subscription,{}
2.6722,prj-core-prod,cloudfinops-demo,Billing Account,USD,2026-09-01T00:00:00Z,2026-10-01T00:00:00Z,Usage,,Network Egress - Data Transfer,Usage-Based,2026-09-13T00:00:00Z,2026-09-13T23:59:59Z,,,,31.649,GB,2.6722,0.084432,2.6722,Google LLC,2.6722,0.084432,Standard,31.649,GB,southamerica-east1,Sao Paulo,,,,Networking,Data Transfer,Network Egress,Google Cloud,GOO-NetworkEgres,GOO-NetworkE-southamerica-east1,prj-core-prod,projeto-core,Subscription,{}
3.1696,prj-core-prod,cloudfinops-demo,Billing Account,USD,2026-09-01T00:00:00Z,2026-10-01T00:00:00Z,Usage,,Network Egress - Data Transfer,Usage-Based,2026-09-14T00:00:00Z,2026-09-14T23:59:59Z,,,,9.121,GB,3.1696,0.347506,3.1696,Google LLC,3.1696,0.347506,Standard,9.121,GB,southamerica-east1,Sao Paulo,,,,Networking,Data Transfer,Network Egress,Google Cloud,GOO-NetworkEgres,GOO-NetworkE-southamerica-east1,prj-core-prod,projeto-core,Subscription,{}
3.0431,prj-core-prod,cloudfinops-demo,Billing Account,USD,2026-09-01T00:00:00Z,2026-10-01T00:00:00Z,Usage,,Network Egress - Data Transfer,Usage-Based,2026-09-15T00:00:00Z,2026-09-15T23:59:59Z,,,,15.507,GB,3.0431,0.19624,3.0431,Google LLC,3.0431,0.19624,Standard,15.507,GB,southamerica-east1,Sao Paulo,,,,Networking,Data Transfer,Network Egress,Google Cloud,GOO-NetworkEgres,GOO-NetworkE-southamerica-east1,prj-core-prod,projeto-core,Subscription,{}
3.1018,prj-core-prod,cloudfinops-demo,Billing Account,USD,2026-09-01T00:00:00Z,2026-10-01T00:00:00Z,Usage,,Network Egress - Data Transfer,Usage-Based,2026-09-16T00:00:00Z,2026-09-16T23:59:59Z,,,,38.078,GB,3.1018,0.081459,3.1018,Google LLC,3.1018,0.081459,Standard,38.078,GB,southamerica-east1,Sao Paulo,,,,Networking,Data Transfer,Network Egress,Google Cloud,GOO-NetworkEgres,GOO-NetworkE-southamerica-east1,prj-core-prod,projeto-core,Subscription,{}
3.0232,prj-core-prod,cloudfinops-demo,Billing Account,USD,2026-09-01T00:00:00Z,2026-10-01T00:00:00Z,Usage,,Network Egress - Data Transfer,Usage-Based,2026-09-17T00:00:00Z,2026-09-17T23:59:59Z,,,,21.881,GB,3.0232,0.138166,3.0232,Google LLC,3.0232,0.138166,Standard,21.881,GB,southamerica-east1,Sao Paulo,,,,Networking,Data Transfer,Network Egress,Google Cloud,GOO-NetworkEgres,GOO-NetworkE-southamerica-east1,prj-core-prod,projeto-core,Subscription,{}
3.0994,prj-core-prod,cloudfinops-demo,Billing Account,USD,2026-09-01T00:00:00Z,2026-10-01T00:00:00Z,Usage,,Network Egress - Data Transfer,Usage-Based,2026-09-18T00:00:00Z,2026-09-18T23:59:59Z,,,,80.867,GB,3.0994,0.038327,3.0994,Google LLC,3.0994,0.038327,Standard,80.867,GB,southamerica-east1,Sao Paulo,,,,Networking,Data Transfer,Network Egress,Google Cloud,GOO-NetworkEgres,GOO-NetworkE-southamerica-east1,prj-core-prod,projeto-core,Subscription,{}
2.606,prj-core-prod,cloudfinops-demo,Billing Account,USD,2026-09-01T00:00:00Z,2026-10-01T00:00:00Z,Usage,,Network Egress - Data Transfer,Usage-Based,2026-09-19T00:00:00Z,2026-09-19T23:59:59Z,,,,7.442,GB,2.606,0.350175,2.606,Google LLC,2.606,0.350175,Standard,7.442,GB,southamerica-east1,Sao Paulo,,,,Networking,Data Transfer,Network Egress,Google Cloud,GOO-NetworkEgres,GOO-NetworkE-southamerica-east1,prj-core-prod,projeto-core,Subscription,{}
2.5482,prj-core-prod,cloudfinops-demo,Billing Account,USD,2026-09-01T00:00:00Z,2026-10-01T00:00:00Z,Usage,,Network Egress - Data Transfer,Usage-Based,2026-09-20T00:00:00Z,2026-09-20T23:59:59Z,,,,61.818,GB,2.5482,0.041221,2.5482,Google LLC,2.5482,0.041221,Standard,61.818,GB,southamerica-east1,Sao Paulo,,,,Networking,Data Transfer,Network Egress,Google Cloud,GOO-NetworkEgres,GOO-NetworkE-southamerica-east1,prj-core-prod,projeto-core,Subscription,{}
3.0073,prj-core-prod,cloudfinops-demo,Billing Account,USD,2026-09-01T00:00:00Z,2026-10-01T00:00:00Z,Usage,,Network Egress - Data Transfer,Usage-Based,2026-09-21T00:00:00Z,2026-09-21T23:59:59Z,,,,9.049,GB,3.0073,0.332335,3.0073,Google LLC,3.0073,0.332335,Standard,9.049,GB,southamerica-east1,Sao Paulo,,,,Networking,Data Transfer,Network Egress,Google Cloud,GOO-NetworkEgres,GOO-NetworkE-southamerica-east1,prj-core-prod,projeto-core,Subscription,{}
3.0014,prj-core-prod,cloudfinops-demo,Billing Account,USD,2026-09-01T00:00:00Z,2026-10-01T00:00:00Z,Usage,,Network Egress - Data Transfer,Usage-Based,2026-09-22T00:00:00Z,2026-09-22T23:59:59Z,,,,12.065,GB,3.0014,0.248769,3.0014,Google LLC,3.0014,0.248769,Standard,12.065,GB,southamerica-east1,Sao Paulo,,,,Networking,Data Transfer,Network Egress,Google Cloud,GOO-NetworkEgres,GOO-NetworkE-southamerica-east1,prj-core-prod,projeto-core,Subscription,{}
3.0158,prj-core-prod,cloudfinops-demo,Billing Account,USD,2026-09-01T00:00:00Z,2026-10-01T00:00:00Z,Usage,,Network Egress - Data Transfer,Usage-Based,2026-09-23T00:00:00Z,2026-09-23T23:59:59Z,,,,7.221,GB,3.0158,0.417643,3.0158,Google LLC,3.0158,0.417643,Standard,7.221,GB,southamerica-east1,Sao Paulo,,,,Networking,Data Transfer,Network Egress,Google Cloud,GOO-NetworkEgres,GOO-NetworkE-southamerica-east1,prj-core-prod,projeto-core,Subscription,{}
3.0572,prj-core-prod,cloudfinops-demo,Billing Account,USD,2026-09-01T00:00:00Z,2026-10-01T00:00:00Z,Usage,,Network Egress - Data Transfer,Usage-Based,2026-09-24T00:00:00Z,2026-09-24T23:59:59Z,,,,19.248,GB,3.0572,0.158832,3.0572,Google LLC,3.0572,0.158832,Standard,19.248,GB,southamerica-east1,Sao Paulo,,,,Networking,Data Transfer,Network Egress,Google Cloud,GOO-NetworkEgres,GOO-NetworkE-southamerica-east1,prj-core-prod,projeto-core,Subscription,{}
3.1194,prj-core-prod,cloudfinops-demo,Billing Account,USD,2026-09-01T00:00:00Z,2026-10-01T00:00:00Z,Usage,,Network Egress - Data Transfer,Usage-Based,2026-09-25T00:00:00Z,2026-09-25T23:59:59Z,,,,22.305,GB,3.1194,0.139852,3.1194,Google LLC,3.1194,0.139852,Standard,22.305,GB,southamerica-east1,Sao Paulo,,,,Networking,Data Transfer,Network Egress,Google Cloud,GOO-NetworkEgres,GOO-NetworkE-southamerica-east1,prj-core-prod,projeto-core,Subscription,{}
2.5686,prj-core-prod,cloudfinops-demo,Billing Account,USD,2026-09-01T00:00:00Z,2026-10-01T00:00:00Z,Usage,,Network Egress - Data Transfer,Usage-Based,2026-09-26T00:00:00Z,2026-09-26T23:59:59Z,,,,37.192,GB,2.5686,0.069063,2.5686,Google LLC,2.5686,0.069063,Standard,37.192,GB,southamerica-east1,Sao Paulo,,,,Networking,Data Transfer,Network Egress,Google Cloud,GOO-NetworkEgres,GOO-NetworkE-southamerica-east1,prj-core-prod,projeto-core,Subscription,{}
2.6723,prj-core-prod,cloudfinops-demo,Billing Account,USD,2026-09-01T00:00:00Z,2026-10-01T00:00:00Z,Usage,,Network Egress - Data Transfer,Usage-Based,2026-09-27T00:00:00Z,2026-09-27T23:59:59Z,,,,59.788,GB,2.6723,0.044696,2.6723,Google LLC,2.6723,0.044696,Standard,59.788,GB,southamerica-east1,Sao Paulo,,,,Networking,Data Transfer,Network Egress,Google Cloud,GOO-NetworkEgres,GOO-NetworkE-southamerica-east1,prj-core-prod,projeto-core,Subscription,{}
3.0019,prj-core-prod,cloudfinops-demo,Billing Account,USD,2026-09-01T00:00:00Z,2026-10-01T00:00:00Z,Usage,,Network Egress - Data Transfer,Usage-Based,2026-09-28T00:00:00Z,2026-09-28T23:59:59Z,,,,67.027,GB,3.0019,0.044786,3.0019,Google LLC,3.0019,0.044786,Standard,67.027,GB,southamerica-east1,Sao Paulo,,,,Networking,Data Transfer,Network Egress,Google Cloud,GOO-NetworkEgres,GOO-NetworkE-southamerica-east1,prj-core-prod,projeto-core,Subscription,{}
3.1486,prj-core-prod,cloudfinops-demo,Billing Account,USD,2026-09-01T00:00:00Z,2026-10-01T00:00:00Z,Usage,,Network Egress - Data Transfer,Usage-Based,2026-09-29T00:00:00Z,2026-09-29T23:59:59Z,,,,33.042,GB,3.1486,0.095291,3.1486,Google LLC,3.1486,0.095291,Standard,33.042,GB,southamerica-east1,Sao Paulo,,,,Networking,Data Transfer,Network Egress,Google Cloud,GOO-NetworkEgres,GOO-NetworkE-southamerica-east1,prj-core-prod,projeto-core,Subscription,{}
3.1129,prj-core-prod,cloudfinops-demo,Billing Account,USD,2026-09-01T00:00:00Z,2026-10-01T00:00:00Z,Usage,,Network Egress - Data Transfer,Usage-Based,2026-09-30T00:00:00Z,2026-09-30T23:59:59Z,,,,11.659,GB,3.1129,0.266995,3.1129,Google LLC,3.1129,0.266995,Standard,11.659,GB,southamerica-east1,Sao Paulo,,,,Networking,Data Transfer,Network Egress,Google Cloud,GOO-NetworkEgres,GOO-NetworkE-southamerica-east1,prj-core-prod,projeto-core,Subscription,{}
3.0224,prj-core-prod,cloudfinops-demo,Billing Account,USD,2026-10-01T00:00:00Z,2026-11-01T00:00:00Z,Usage,,Network Egress - Data Transfer,Usage-Based,2026-10-01T00:00:00Z,2026-10-01T23:59:59Z,,,,8.419,GB,3.0224,0.358998,3.0224,Google LLC,3.0224,0.358998,Standard,8.419,GB,southamerica-east1,Sao Paulo,,,,Networking,Data Transfer,Network Egress,Google Cloud,GOO-NetworkEgres,GOO-NetworkE-southamerica-east1,prj-core-prod,projeto-core,Subscription,{}
3.0098,prj-core-prod,cloudfinops-demo,Billing Account,USD,2026-10-01T00:00:00Z,2026-11-01T00:00:00Z,Usage,,Network Egress - Data Transfer,Usage-Based,2026-10-02T00:00:00Z,2026-10-02T23:59:59Z,,,,133.927,GB,3.0098,0.022473,3.0098,Google LLC,3.0098,0.022473,Standard,133.927,GB,southamerica-east1,Sao Paulo,,,,Networking,Data Transfer,Network Egress,Google Cloud,GOO-NetworkEgres,GOO-NetworkE-southamerica-east1,prj-core-prod,projeto-core,Subscription,{}
2.5328,prj-core-prod,cloudfinops-demo,Billing Account,USD,2026-10-01T00:00:00Z,2026-11-01T00:00:00Z,Usage,,Network Egress - Data Transfer,Usage-Based,2026-10-03T00:00:00Z,2026-10-03T23:59:59Z,,,,11.026,GB,2.5328,0.229712,2.5328,Google LLC,2.5328,0.229712,Standard,11.026,GB,southamerica-east1,Sao Paulo,,,,Networking,Data Transfer,Network Egress,Google Cloud,GOO-NetworkEgres,GOO-NetworkE-southamerica-east1,prj-core-prod,projeto-core,Subscription,{}
1.3305,prj-core-prod,cloudfinops-demo,Billing Account,USD,2026-08-01T00:00:00Z,2026-09-01T00:00:00Z,Usage,,Network Egress - Data Transfer,Usage-Based,2026-08-01T00:00:00Z,2026-08-01T23:59:59Z,,,,14.532,GB,1.3305,0.091557,1.3305,Google LLC,1.3305,0.091557,Standard,14.532,GB,southamerica-east1,Sao Paulo,,,,Networking,Data Transfer,Network Egress,Google Cloud,GOO-NetworkEgres,GOO-NetworkE-southamerica-east1,prj-data-lab,projeto-dados,Subscription,{}
1.2825,prj-core-prod,cloudfinops-demo,Billing Account,USD,2026-08-01T00:00:00Z,2026-09-01T00:00:00Z,Usage,,Network Egress - Data Transfer,Usage-Based,2026-08-02T00:00:00Z,2026-08-02T23:59:59Z,,,,4.413,GB,1.2825,0.290619,1.2825,Google LLC,1.2825,0.290619,Standard,4.413,GB,southamerica-east1,Sao Paulo,,,,Networking,Data Transfer,Network Egress,Google Cloud,GOO-NetworkEgres,GOO-NetworkE-southamerica-east1,prj-data-lab,projeto-dados,Subscription,{}
1.6126,prj-core-prod,cloudfinops-demo,Billing Account,USD,2026-08-01T00:00:00Z,2026-09-01T00:00:00Z,Usage,,Network Egress - Data Transfer,Usage-Based,2026-08-03T00:00:00Z,2026-08-03T23:59:59Z,,,,55.483,GB,1.6126,0.029065,1.6126,Google LLC,1.6126,0.029065,Standard,55.483,GB,southamerica-east1,Sao Paulo,,,,Networking,Data Transfer,Network Egress,Google Cloud,GOO-NetworkEgres,GOO-NetworkE-southamerica-east1,prj-data-lab,projeto-dados,Subscription,{}
1.6322,prj-core-prod,cloudfinops-demo,Billing Account,USD,2026-08-01T00:00:00Z,2026-09-01T00:00:00Z,Usage,,Network Egress - Data Transfer,Usage-Based,2026-08-04T00:00:00Z,2026-08-04T23:59:59Z,,,,7.218,GB,1.6322,0.226129,1.6322,Google LLC,1.6322,0.226129,Standard,7.218,GB,southamerica-east1,Sao Paulo,,,,Networking,Data Transfer,Network Egress,Google Cloud,GOO-NetworkEgres,GOO-NetworkE-southamerica-east1,prj-data-lab,projeto-dados,Subscription,{}
1.5253,prj-core-prod,cloudfinops-demo,Billing Account,USD,2026-08-01T00:00:00Z,2026-09-01T00:00:00Z,Usage,,Network Egress - Data Transfer,Usage-Based,2026-08-05T00:00:00Z,2026-08-05T23:59:59Z,,,,3.762,GB,1.5253,0.405449,1.5253,Google LLC,1.5253,0.405449,Standard,3.762,GB,southamerica-east1,Sao Paulo,,,,Networking,Data Transfer,Network Egress,Google Cloud,GOO-NetworkEgres,GOO-NetworkE-southamerica-east1,prj-data-lab,projeto-dados,Subscription,{}
1.5629,prj-core-prod,cloudfinops-demo,Billing Account,USD,2026-08-01T00:00:00Z,2026-09-01T00:00:00Z,Usage,,Network Egress - Data Transfer,Usage-Based,2026-08-06T00:00:00Z,2026-08-06T23:59:59Z,,,,3.797,GB,1.5629,0.411614,1.5629,Google LLC,1.5629,0.411614,Standard,3.797,GB,southamerica-east1,Sao Paulo,,,,Networking,Data Transfer,Network Egress,Google Cloud,GOO-NetworkEgres,GOO-NetworkE-southamerica-east1,prj-data-lab,projeto-dados,Subscription,{}
1.5544,prj-core-prod,cloudfinops-demo,Billing Account,USD,2026-08-01T00:00:00Z,2026-09-01T00:00:00Z,Usage,,Network Egress - Data Transfer,Usage-Based,2026-08-07T00:00:00Z,2026-08-07T23:59:59Z,,,,4.848,GB,1.5544,0.320627,1.5544,Google LLC,1.5544,0.320627,Standard,4.848,GB,southamerica-east1,Sao Paulo,,,,Networking,Data Transfer,Network Egress,Google Cloud,GOO-NetworkEgres,GOO-NetworkE-southamerica-east1,prj-data-lab,projeto-dados,Subscription,{}
1.3715,prj-core-prod,cloudfinops-demo,Billing Account,USD,2026-08-01T00:00:00Z,2026-09-01T00:00:00Z,Usage,,Network Egress - Data Transfer,Usage-Based,2026-08-08T00:00:00Z,2026-08-08T23:59:59Z,,,,4.29,GB,1.3715,0.319697,1.3715,Google LLC,1.3715,0.319697,Standard,4.29,GB,southamerica-east1,Sao Paulo,,,,Networking,Data Transfer,Network Egress,Google Cloud,GOO-NetworkEgres,GOO-NetworkE-southamerica-east1,prj-data-lab,projeto-dados,Subscription,{}
1.3194,prj-core-prod,cloudfinops-demo,Billing Account,USD,2026-08-01T00:00:00Z,2026-09-01T00:00:00Z,Usage,,Network Egress - Data Transfer,Usage-Based,2026-08-09T00:00:00Z,2026-08-09T23:59:59Z,,,,7.159,GB,1.3194,0.184299,1.3194,Google LLC,1.3194,0.184299,Standard,7.159,GB,southamerica-east1,Sao Paulo,,,,Networking,Data Transfer,Network Egress,Google Cloud,GOO-NetworkEgres,GOO-NetworkE-southamerica-east1,prj-data-lab,projeto-dados,Subscription,{}
1.5658,prj-core-prod,cloudfinops-demo,Billing Account,USD,2026-08-01T00:00:00Z,2026-09-01T00:00:00Z,Usage,,Network Egress - Data Transfer,Usage-Based,2026-08-10T00:00:00Z,2026-08-10T23:59:59Z,,,,4.793,GB,1.5658,0.326685,1.5658,Google LLC,1.5658,0.326685,Standard,4.793,GB,southamerica-east1,Sao Paulo,,,,Networking,Data Transfer,Network Egress,Google Cloud,GOO-NetworkEgres,GOO-NetworkE-southamerica-east1,prj-data-lab,projeto-dados,Subscription,{}
1.5656,prj-core-prod,cloudfinops-demo,Billing Account,USD,2026-08-01T00:00:00Z,2026-09-01T00:00:00Z,Usage,,Network Egress - Data Transfer,Usage-Based,2026-08-11T00:00:00Z,2026-08-11T23:59:59Z,,,,5.327,GB,1.5656,0.293899,1.5656,Google LLC,1.5656,0.293899,Standard,5.327,GB,southamerica-east1,Sao Paulo,,,,Networking,Data Transfer,Network Egress,Google Cloud,GOO-NetworkEgres,GOO-NetworkE-southamerica-east1,prj-data-lab,projeto-dados,Subscription,{}
1.5693,prj-core-prod,cloudfinops-demo,Billing Account,USD,2026-08-01T00:00:00Z,2026-09-01T00:00:00Z,Usage,,Network Egress - Data Transfer,Usage-Based,2026-08-12T00:00:00Z,2026-08-12T23:59:59Z,,,,5.358,GB,1.5693,0.292889,1.5693,Google LLC,1.5693,0.292889,Standard,5.358,GB,southamerica-east1,Sao Paulo,,,,Networking,Data Transfer,Network Egress,Google Cloud,GOO-NetworkEgres,GOO-NetworkE-southamerica-east1,prj-data-lab,projeto-dados,Subscription,{}
1.5299,prj-core-prod,cloudfinops-demo,Billing Account,USD,2026-08-01T00:00:00Z,2026-09-01T00:00:00Z,Usage,,Network Egress - Data Transfer,Usage-Based,2026-08-13T00:00:00Z,2026-08-13T23:59:59Z,,,,6.979,GB,1.5299,0.219215,1.5299,Google LLC,1.5299,0.219215,Standard,6.979,GB,southamerica-east1,Sao Paulo,,,,Networking,Data Transfer,Network Egress,Google Cloud,GOO-NetworkEgres,GOO-NetworkE-southamerica-east1,prj-data-lab,projeto-dados,Subscription,{}
1.5381,prj-core-prod,cloudfinops-demo,Billing Account,USD,2026-08-01T00:00:00Z,2026-09-01T00:00:00Z,Usage,,Network Egress - Data Transfer,Usage-Based,2026-08-14T00:00:00Z,2026-08-14T23:59:59Z,,,,3.718,GB,1.5381,0.41369,1.5381,Google LLC,1.5381,0.41369,Standard,3.718,GB,southamerica-east1,Sao Paulo,,,,Networking,Data Transfer,Network Egress,Google Cloud,GOO-NetworkEgres,GOO-NetworkE-southamerica-east1,prj-data-lab,projeto-dados,Subscription,{}
1.2892,prj-core-prod,cloudfinops-demo,Billing Account,USD,2026-08-01T00:00:00Z,2026-09-01T00:00:00Z,Usage,,Network Egress - Data Transfer,Usage-Based,2026-08-15T00:00:00Z,2026-08-15T23:59:59Z,,,,19.624,GB,1.2892,0.065695,1.2892,Google LLC,1.2892,0.065695,Standard,19.624,GB,southamerica-east1,Sao Paulo,,,,Networking,Data Transfer,Network Egress,Google Cloud,GOO-NetworkEgres,GOO-NetworkE-southamerica-east1,prj-data-lab,projeto-dados,Subscription,{}
1.3357,prj-core-prod,cloudfinops-demo,Billing Account,USD,2026-08-01T00:00:00Z,2026-09-01T00:00:00Z,Usage,,Network Egress - Data Transfer,Usage-Based,2026-08-16T00:00:00Z,2026-08-16T23:59:59Z,,,,4.123,GB,1.3357,0.323963,1.3357,Google LLC,1.3357,0.323963,Standard,4.123,GB,southamerica-east1,Sao Paulo,,,,Networking,Data Transfer,Network Egress,Google Cloud,GOO-NetworkEgres,GOO-NetworkE-southamerica-east1,prj-data-lab,projeto-dados,Subscription,{}
1.5742,prj-core-prod,cloudfinops-demo,Billing Account,USD,2026-08-01T00:00:00Z,2026-09-01T00:00:00Z,Usage,,Network Egress - Data Transfer,Usage-Based,2026-08-17T00:00:00Z,2026-08-17T23:59:59Z,,,,6.647,GB,1.5742,0.236829,1.5742,Google LLC,1.5742,0.236829,Standard,6.647,GB,southamerica-east1,Sao Paulo,,,,Networking,Data Transfer,Network Egress,Google Cloud,GOO-NetworkEgres,GOO-NetworkE-southamerica-east1,prj-data-lab,projeto-dados,Subscription,{}
1.5602,prj-core-prod,cloudfinops-demo,Billing Account,USD,2026-08-01T00:00:00Z,2026-09-01T00:00:00Z,Usage,,Network Egress - Data Transfer,Usage-Based,2026-08-18T00:00:00Z,2026-08-18T23:59:59Z,,,,3.546,GB,1.5602,0.439989,1.5602,Google LLC,1.5602,0.439989,Standard,3.546,GB,southamerica-east1,Sao Paulo,,,,Networking,Data Transfer,Network Egress,Google Cloud,GOO-NetworkEgres,GOO-NetworkE-southamerica-east1,prj-data-lab,projeto-dados,Subscription,{}
1.5789,prj-core-prod,cloudfinops-demo,Billing Account,USD,2026-08-01T00:00:00Z,2026-09-01T00:00:00Z,Usage,,Network Egress - Data Transfer,Usage-Based,2026-08-19T00:00:00Z,2026-08-19T23:59:59Z,,,,5.686,GB,1.5789,0.277682,1.5789,Google LLC,1.5789,0.277682,Standard,5.686,GB,southamerica-east1,Sao Paulo,,,,Networking,Data Transfer,Network Egress,Google Cloud,GOO-NetworkEgres,GOO-NetworkE-southamerica-east1,prj-data-lab,projeto-dados,Subscription,{}
1.5332,prj-core-prod,cloudfinops-demo,Billing Account,USD,2026-08-01T00:00:00Z,2026-09-01T00:00:00Z,Usage,,Network Egress - Data Transfer,Usage-Based,2026-08-20T00:00:00Z,2026-08-20T23:59:59Z,,,,5.238,GB,1.5332,0.292707,1.5332,Google LLC,1.5332,0.292707,Standard,5.238,GB,southamerica-east1,Sao Paulo,,,,Networking,Data Transfer,Network Egress,Google Cloud,GOO-NetworkEgres,GOO-NetworkE-southamerica-east1,prj-data-lab,projeto-dados,Subscription,{}
1.5238,prj-core-prod,cloudfinops-demo,Billing Account,USD,2026-08-01T00:00:00Z,2026-09-01T00:00:00Z,Usage,,Network Egress - Data Transfer,Usage-Based,2026-08-21T00:00:00Z,2026-08-21T23:59:59Z,,,,4.468,GB,1.5238,0.341047,1.5238,Google LLC,1.5238,0.341047,Standard,4.468,GB,southamerica-east1,Sao Paulo,,,,Networking,Data Transfer,Network Egress,Google Cloud,GOO-NetworkEgres,GOO-NetworkE-southamerica-east1,prj-data-lab,projeto-dados,Subscription,{}
1.2929,prj-core-prod,cloudfinops-demo,Billing Account,USD,2026-08-01T00:00:00Z,2026-09-01T00:00:00Z,Usage,,Network Egress - Data Transfer,Usage-Based,2026-08-22T00:00:00Z,2026-08-22T23:59:59Z,,,,56.128,GB,1.2929,0.023035,1.2929,Google LLC,1.2929,0.023035,Standard,56.128,GB,southamerica-east1,Sao Paulo,,,,Networking,Data Transfer,Network Egress,Google Cloud,GOO-NetworkEgres,GOO-NetworkE-southamerica-east1,prj-data-lab,projeto-dados,Subscription,{}
1.3386,prj-core-prod,cloudfinops-demo,Billing Account,USD,2026-08-01T00:00:00Z,2026-09-01T00:00:00Z,Usage,,Network Egress - Data Transfer,Usage-Based,2026-08-23T00:00:00Z,2026-08-23T23:59:59Z,,,,4.097,GB,1.3386,0.326727,1.3386,Google LLC,1.3386,0.326727,Standard,4.097,GB,southamerica-east1,Sao Paulo,,,,Networking,Data Transfer,Network Egress,Google Cloud,GOO-NetworkEgres,GOO-NetworkE-southamerica-east1,prj-data-lab,projeto-dados,Subscription,{}
1.6017,prj-core-prod,cloudfinops-demo,Billing Account,USD,2026-08-01T00:00:00Z,2026-09-01T00:00:00Z,Usage,,Network Egress - Data Transfer,Usage-Based,2026-08-24T00:00:00Z,2026-08-24T23:59:59Z,,,,5.103,GB,1.6017,0.313874,1.6017,Google LLC,1.6017,0.313874,Standard,5.103,GB,southamerica-east1,Sao Paulo,,,,Networking,Data Transfer,Network Egress,Google Cloud,GOO-NetworkEgres,GOO-NetworkE-southamerica-east1,prj-data-lab,projeto-dados,Subscription,{}
1.628,prj-core-prod,cloudfinops-demo,Billing Account,USD,2026-08-01T00:00:00Z,2026-09-01T00:00:00Z,Usage,,Network Egress - Data Transfer,Usage-Based,2026-08-25T00:00:00Z,2026-08-25T23:59:59Z,,,,25.975,GB,1.628,0.062676,1.628,Google LLC,1.628,0.062676,Standard,25.975,GB,southamerica-east1,Sao Paulo,,,,Networking,Data Transfer,Network Egress,Google Cloud,GOO-NetworkEgres,GOO-NetworkE-southamerica-east1,prj-data-lab,projeto-dados,Subscription,{}
1.6172,prj-core-prod,cloudfinops-demo,Billing Account,USD,2026-08-01T00:00:00Z,2026-09-01T00:00:00Z,Usage,,Network Egress - Data Transfer,Usage-Based,2026-08-26T00:00:00Z,2026-08-26T23:59:59Z,,,,16.578,GB,1.6172,0.097551,1.6172,Google LLC,1.6172,0.097551,Standard,16.578,GB,southamerica-east1,Sao Paulo,,,,Networking,Data Transfer,Network Egress,Google Cloud,GOO-NetworkEgres,GOO-NetworkE-southamerica-east1,prj-data-lab,projeto-dados,Subscription,{}
1.5359,prj-core-prod,cloudfinops-demo,Billing Account,USD,2026-08-01T00:00:00Z,2026-09-01T00:00:00Z,Usage,,Network Egress - Data Transfer,Usage-Based,2026-08-27T00:00:00Z,2026-08-27T23:59:59Z,,,,3.43,GB,1.5359,0.447784,1.5359,Google LLC,1.5359,0.447784,Standard,3.43,GB,southamerica-east1,Sao Paulo,,,,Networking,Data Transfer,Network Egress,Google Cloud,GOO-NetworkEgres,GOO-NetworkE-southamerica-east1,prj-data-lab,projeto-dados,Subscription,{}
1.5491,prj-core-prod,cloudfinops-demo,Billing Account,USD,2026-08-01T00:00:00Z,2026-09-01T00:00:00Z,Usage,,Network Egress - Data Transfer,Usage-Based,2026-08-28T00:00:00Z,2026-08-28T23:59:59Z,,,,3.572,GB,1.5491,0.433679,1.5491,Google LLC,1.5491,0.433679,Standard,3.572,GB,southamerica-east1,Sao Paulo,,,,Networking,Data Transfer,Network Egress,Google Cloud,GOO-NetworkEgres,GOO-NetworkE-southamerica-east1,prj-data-lab,projeto-dados,Subscription,{}
1.2873,prj-core-prod,cloudfinops-demo,Billing Account,USD,2026-08-01T00:00:00Z,2026-09-01T00:00:00Z,Usage,,Network Egress - Data Transfer,Usage-Based,2026-08-29T00:00:00Z,2026-08-29T23:59:59Z,,,,8.337,GB,1.2873,0.154408,1.2873,Google LLC,1.2873,0.154408,Standard,8.337,GB,southamerica-east1,Sao Paulo,,,,Networking,Data Transfer,Network Egress,Google Cloud,GOO-NetworkEgres,GOO-NetworkE-southamerica-east1,prj-data-lab,projeto-dados,Subscription,{}
1.3207,prj-core-prod,cloudfinops-demo,Billing Account,USD,2026-08-01T00:00:00Z,2026-09-01T00:00:00Z,Usage,,Network Egress - Data Transfer,Usage-Based,2026-08-30T00:00:00Z,2026-08-30T23:59:59Z,,,,3.323,GB,1.3207,0.397442,1.3207,Google LLC,1.3207,0.397442,Standard,3.323,GB,southamerica-east1,Sao Paulo,,,,Networking,Data Transfer,Network Egress,Google Cloud,GOO-NetworkEgres,GOO-NetworkE-southamerica-east1,prj-data-lab,projeto-dados,Subscription,{}
1.5556,prj-core-prod,cloudfinops-demo,Billing Account,USD,2026-08-01T00:00:00Z,2026-09-01T00:00:00Z,Usage,,Network Egress - Data Transfer,Usage-Based,2026-08-31T00:00:00Z,2026-08-31T23:59:59Z,,,,4.509,GB,1.5556,0.344999,1.5556,Google LLC,1.5556,0.344999,Standard,4.509,GB,southamerica-east1,Sao Paulo,,,,Networking,Data Transfer,Network Egress,Google Cloud,GOO-NetworkEgres,GOO-NetworkE-southamerica-east1,prj-data-lab,projeto-dados,Subscription,{}
1.6432,prj-core-prod,cloudfinops-demo,Billing Account,USD,2026-09-01T00:00:00Z,2026-10-01T00:00:00Z,Usage,,Network Egress - Data Transfer,Usage-Based,2026-09-01T00:00:00Z,2026-09-01T23:59:59Z,,,,15.274,GB,1.6432,0.107582,1.6432,Google LLC,1.6432,0.107582,Standard,15.274,GB,southamerica-east1,Sao Paulo,,,,Networking,Data Transfer,Network Egress,Google Cloud,GOO-NetworkEgres,GOO-NetworkE-southamerica-east1,prj-data-lab,projeto-dados,Subscription,{}
1.6321,prj-core-prod,cloudfinops-demo,Billing Account,USD,2026-09-01T00:00:00Z,2026-10-01T00:00:00Z,Usage,,Network Egress - Data Transfer,Usage-Based,2026-09-02T00:00:00Z,2026-09-02T23:59:59Z,,,,17.86,GB,1.6321,0.091383,1.6321,Google LLC,1.6321,0.091383,Standard,17.86,GB,southamerica-east1,Sao Paulo,,,,Networking,Data Transfer,Network Egress,Google Cloud,GOO-NetworkEgres,GOO-NetworkE-southamerica-east1,prj-data-lab,projeto-dados,Subscription,{}
1.6528,prj-core-prod,cloudfinops-demo,Billing Account,USD,2026-09-01T00:00:00Z,2026-10-01T00:00:00Z,Usage,,Network Egress - Data Transfer,Usage-Based,2026-09-03T00:00:00Z,2026-09-03T23:59:59Z,,,,4.167,GB,1.6528,0.39664,1.6528,Google LLC,1.6528,0.39664,Standard,4.167,GB,southamerica-east1,Sao Paulo,,,,Networking,Data Transfer,Network Egress,Google Cloud,GOO-NetworkEgres,GOO-NetworkE-southamerica-east1,prj-data-lab,projeto-dados,Subscription,{}
1.6374,prj-core-prod,cloudfinops-demo,Billing Account,USD,2026-09-01T00:00:00Z,2026-10-01T00:00:00Z,Usage,,Network Egress - Data Transfer,Usage-Based,2026-09-04T00:00:00Z,2026-09-04T23:59:59Z,,,,5.093,GB,1.6374,0.3215,1.6374,Google LLC,1.6374,0.3215,Standard,5.093,GB,southamerica-east1,Sao Paulo,,,,Networking,Data Transfer,Network Egress,Google Cloud,GOO-NetworkEgres,GOO-NetworkE-southamerica-east1,prj-data-lab,projeto-dados,Subscription,{}
1.4344,prj-core-prod,cloudfinops-demo,Billing Account,USD,2026-09-01T00:00:00Z,2026-10-01T00:00:00Z,Usage,,Network Egress - Data Transfer,Usage-Based,2026-09-05T00:00:00Z,2026-09-05T23:59:59Z,,,,3.981,GB,1.4344,0.360311,1.4344,Google LLC,1.4344,0.360311,Standard,3.981,GB,southamerica-east1,Sao Paulo,,,,Networking,Data Transfer,Network Egress,Google Cloud,GOO-NetworkEgres,GOO-NetworkE-southamerica-east1,prj-data-lab,projeto-dados,Subscription,{}
1.356,prj-core-prod,cloudfinops-demo,Billing Account,USD,2026-09-01T00:00:00Z,2026-10-01T00:00:00Z,Usage,,Network Egress - Data Transfer,Usage-Based,2026-09-06T00:00:00Z,2026-09-06T23:59:59Z,,,,4.959,GB,1.356,0.273442,1.356,Google LLC,1.356,0.273442,Standard,4.959,GB,southamerica-east1,Sao Paulo,,,,Networking,Data Transfer,Network Egress,Google Cloud,GOO-NetworkEgres,GOO-NetworkE-southamerica-east1,prj-data-lab,projeto-dados,Subscription,{}
1.701,prj-core-prod,cloudfinops-demo,Billing Account,USD,2026-09-01T00:00:00Z,2026-10-01T00:00:00Z,Usage,,Network Egress - Data Transfer,Usage-Based,2026-09-07T00:00:00Z,2026-09-07T23:59:59Z,,,,82.351,GB,1.701,0.020655,1.701,Google LLC,1.701,0.020655,Standard,82.351,GB,southamerica-east1,Sao Paulo,,,,Networking,Data Transfer,Network Egress,Google Cloud,GOO-NetworkEgres,GOO-NetworkE-southamerica-east1,prj-data-lab,projeto-dados,Subscription,{}
1.6372,prj-core-prod,cloudfinops-demo,Billing Account,USD,2026-09-01T00:00:00Z,2026-10-01T00:00:00Z,Usage,,Network Egress - Data Transfer,Usage-Based,2026-09-08T00:00:00Z,2026-09-08T23:59:59Z,,,,11.82,GB,1.6372,0.138511,1.6372,Google LLC,1.6372,0.138511,Standard,11.82,GB,southamerica-east1,Sao Paulo,,,,Networking,Data Transfer,Network Egress,Google Cloud,GOO-NetworkEgres,GOO-NetworkE-southamerica-east1,prj-data-lab,projeto-dados,Subscription,{}
1.6019,prj-core-prod,cloudfinops-demo,Billing Account,USD,2026-09-01T00:00:00Z,2026-10-01T00:00:00Z,Usage,,Network Egress - Data Transfer,Usage-Based,2026-09-09T00:00:00Z,2026-09-09T23:59:59Z,,,,6.983,GB,1.6019,0.2294,1.6019,Google LLC,1.6019,0.2294,Standard,6.983,GB,southamerica-east1,Sao Paulo,,,,Networking,Data Transfer,Network Egress,Google Cloud,GOO-NetworkEgres,GOO-NetworkE-southamerica-east1,prj-data-lab,projeto-dados,Subscription,{}
1.635,prj-core-prod,cloudfinops-demo,Billing Account,USD,2026-09-01T00:00:00Z,2026-10-01T00:00:00Z,Usage,,Network Egress - Data Transfer,Usage-Based,2026-09-10T00:00:00Z,2026-09-10T23:59:59Z,,,,6.326,GB,1.635,0.258457,1.635,Google LLC,1.635,0.258457,Standard,6.326,GB,southamerica-east1,Sao Paulo,,,,Networking,Data Transfer,Network Egress,Google Cloud,GOO-NetworkEgres,GOO-NetworkE-southamerica-east1,prj-data-lab,projeto-dados,Subscription,{}
1.6109,prj-core-prod,cloudfinops-demo,Billing Account,USD,2026-09-01T00:00:00Z,2026-10-01T00:00:00Z,Usage,,Network Egress - Data Transfer,Usage-Based,2026-09-11T00:00:00Z,2026-09-11T23:59:59Z,,,,8.919,GB,1.6109,0.180614,1.6109,Google LLC,1.6109,0.180614,Standard,8.919,GB,southamerica-east1,Sao Paulo,,,,Networking,Data Transfer,Network Egress,Google Cloud,GOO-NetworkEgres,GOO-NetworkE-southamerica-east1,prj-data-lab,projeto-dados,Subscription,{}
1.4372,prj-core-prod,cloudfinops-demo,Billing Account,USD,2026-09-01T00:00:00Z,2026-10-01T00:00:00Z,Usage,,Network Egress - Data Transfer,Usage-Based,2026-09-12T00:00:00Z,2026-09-12T23:59:59Z,,,,13.4,GB,1.4372,0.107254,1.4372,Google LLC,1.4372,0.107254,Standard,13.4,GB,southamerica-east1,Sao Paulo,,,,Networking,Data Transfer,Network Egress,Google Cloud,GOO-NetworkEgres,GOO-NetworkE-southamerica-east1,prj-data-lab,projeto-dados,Subscription,{}
1.3855,prj-core-prod,cloudfinops-demo,Billing Account,USD,2026-09-01T00:00:00Z,2026-10-01T00:00:00Z,Usage,,Network Egress - Data Transfer,Usage-Based,2026-09-13T00:00:00Z,2026-09-13T23:59:59Z,,,,5.807,GB,1.3855,0.238591,1.3855,Google LLC,1.3855,0.238591,Standard,5.807,GB,southamerica-east1,Sao Paulo,,,,Networking,Data Transfer,Network Egress,Google Cloud,GOO-NetworkEgres,GOO-NetworkE-southamerica-east1,prj-data-lab,projeto-dados,Subscription,{}
1.6035,prj-core-prod,cloudfinops-demo,Billing Account,USD,2026-09-01T00:00:00Z,2026-10-01T00:00:00Z,Usage,,Network Egress - Data Transfer,Usage-Based,2026-09-14T00:00:00Z,2026-09-14T23:59:59Z,,,,3.644,GB,1.6035,0.440038,1.6035,Google LLC,1.6035,0.440038,Standard,3.644,GB,southamerica-east1,Sao Paulo,,,,Networking,Data Transfer,Network Egress,Google Cloud,GOO-NetworkEgres,GOO-NetworkE-southamerica-east1,prj-data-lab,projeto-dados,Subscription,{}
1.6099,prj-core-prod,cloudfinops-demo,Billing Account,USD,2026-09-01T00:00:00Z,2026-10-01T00:00:00Z,Usage,,Network Egress - Data Transfer,Usage-Based,2026-09-15T00:00:00Z,2026-09-15T23:59:59Z,,,,14.008,GB,1.6099,0.114927,1.6099,Google LLC,1.6099,0.114927,Standard,14.008,GB,southamerica-east1,Sao Paulo,,,,Networking,Data Transfer,Network Egress,Google Cloud,GOO-NetworkEgres,GOO-NetworkE-southamerica-east1,prj-data-lab,projeto-dados,Subscription,{}
1.6506,prj-core-prod,cloudfinops-demo,Billing Account,USD,2026-09-01T00:00:00Z,2026-10-01T00:00:00Z,Usage,,Network Egress - Data Transfer,Usage-Based,2026-09-16T00:00:00Z,2026-09-16T23:59:59Z,,,,11.03,GB,1.6506,0.149646,1.6506,Google LLC,1.6506,0.149646,Standard,11.03,GB,southamerica-east1,Sao Paulo,,,,Networking,Data Transfer,Network Egress,Google Cloud,GOO-NetworkEgres,GOO-NetworkE-southamerica-east1,prj-data-lab,projeto-dados,Subscription,{}
1.6489,prj-core-prod,cloudfinops-demo,Billing Account,USD,2026-09-01T00:00:00Z,2026-10-01T00:00:00Z,Usage,,Network Egress - Data Transfer,Usage-Based,2026-09-17T00:00:00Z,2026-09-17T23:59:59Z,,,,6.842,GB,1.6489,0.240997,1.6489,Google LLC,1.6489,0.240997,Standard,6.842,GB,southamerica-east1,Sao Paulo,,,,Networking,Data Transfer,Network Egress,Google Cloud,GOO-NetworkEgres,GOO-NetworkE-southamerica-east1,prj-data-lab,projeto-dados,Subscription,{}
1.6835,prj-core-prod,cloudfinops-demo,Billing Account,USD,2026-09-01T00:00:00Z,2026-10-01T00:00:00Z,Usage,,Network Egress - Data Transfer,Usage-Based,2026-09-18T00:00:00Z,2026-09-18T23:59:59Z,,,,4.413,GB,1.6835,0.381487,1.6835,Google LLC,1.6835,0.381487,Standard,4.413,GB,southamerica-east1,Sao Paulo,,,,Networking,Data Transfer,Network Egress,Google Cloud,GOO-NetworkEgres,GOO-NetworkE-southamerica-east1,prj-data-lab,projeto-dados,Subscription,{}
1.3964,prj-core-prod,cloudfinops-demo,Billing Account,USD,2026-09-01T00:00:00Z,2026-10-01T00:00:00Z,Usage,,Network Egress - Data Transfer,Usage-Based,2026-09-19T00:00:00Z,2026-09-19T23:59:59Z,,,,32.163,GB,1.3964,0.043416,1.3964,Google LLC,1.3964,0.043416,Standard,32.163,GB,southamerica-east1,Sao Paulo,,,,Networking,Data Transfer,Network Egress,Google Cloud,GOO-NetworkEgres,GOO-NetworkE-southamerica-east1,prj-data-lab,projeto-dados,Subscription,{}
1.4281,prj-core-prod,cloudfinops-demo,Billing Account,USD,2026-09-01T00:00:00Z,2026-10-01T00:00:00Z,Usage,,Network Egress - Data Transfer,Usage-Based,2026-09-20T00:00:00Z,2026-09-20T23:59:59Z,,,,5.176,GB,1.4281,0.275908,1.4281,Google LLC,1.4281,0.275908,Standard,5.176,GB,southamerica-east1,Sao Paulo,,,,Networking,Data Transfer,Network Egress,Google Cloud,GOO-NetworkEgres,GOO-NetworkE-southamerica-east1,prj-data-lab,projeto-dados,Subscription,{}
1.6495,prj-core-prod,cloudfinops-demo,Billing Account,USD,2026-09-01T00:00:00Z,2026-10-01T00:00:00Z,Usage,,Network Egress - Data Transfer,Usage-Based,2026-09-21T00:00:00Z,2026-09-21T23:59:59Z,,,,17.278,GB,1.6495,0.095468,1.6495,Google LLC,1.6495,0.095468,Standard,17.278,GB,southamerica-east1,Sao Paulo,,,,Networking,Data Transfer,Network Egress,Google Cloud,GOO-NetworkEgres,GOO-NetworkE-southamerica-east1,prj-data-lab,projeto-dados,Subscription,{}
1.6753,prj-core-prod,cloudfinops-demo,Billing Account,USD,2026-09-01T00:00:00Z,2026-10-01T00:00:00Z,Usage,,Network Egress - Data Transfer,Usage-Based,2026-09-22T00:00:00Z,2026-09-22T23:59:59Z,,,,12.143,GB,1.6753,0.137964,1.6753,Google LLC,1.6753,0.137964,Standard,12.143,GB,southamerica-east1,Sao Paulo,,,,Networking,Data Transfer,Network Egress,Google Cloud,GOO-NetworkEgres,GOO-NetworkE-southamerica-east1,prj-data-lab,projeto-dados,Subscription,{}
1.602,prj-core-prod,cloudfinops-demo,Billing Account,USD,2026-09-01T00:00:00Z,2026-10-01T00:00:00Z,Usage,,Network Egress - Data Transfer,Usage-Based,2026-09-23T00:00:00Z,2026-09-23T23:59:59Z,,,,7.759,GB,1.602,0.20647,1.602,Google LLC,1.602,0.20647,Standard,7.759,GB,southamerica-east1,Sao Paulo,,,,Networking,Data Transfer,Network Egress,Google Cloud,GOO-NetworkEgres,GOO-NetworkE-southamerica-east1,prj-data-lab,projeto-dados,Subscription,{}
1.6366,prj-core-prod,cloudfinops-demo,Billing Account,USD,2026-09-01T00:00:00Z,2026-10-01T00:00:00Z,Usage,,Network Egress - Data Transfer,Usage-Based,2026-09-24T00:00:00Z,2026-09-24T23:59:59Z,,,,4.316,GB,1.6366,0.379194,1.6366,Google LLC,1.6366,0.379194,Standard,4.316,GB,southamerica-east1,Sao Paulo,,,,Networking,Data Transfer,Network Egress,Google Cloud,GOO-NetworkEgres,GOO-NetworkE-southamerica-east1,prj-data-lab,projeto-dados,Subscription,{}
1.598,prj-core-prod,cloudfinops-demo,Billing Account,USD,2026-09-01T00:00:00Z,2026-10-01T00:00:00Z,Usage,,Network Egress - Data Transfer,Usage-Based,2026-09-25T00:00:00Z,2026-09-25T23:59:59Z,,,,18.474,GB,1.598,0.0865,1.598,Google LLC,1.598,0.0865,Standard,18.474,GB,southamerica-east1,Sao Paulo,,,,Networking,Data Transfer,Network Egress,Google Cloud,GOO-NetworkEgres,GOO-NetworkE-southamerica-east1,prj-data-lab,projeto-dados,Subscription,{}
1.423,prj-core-prod,cloudfinops-demo,Billing Account,USD,2026-09-01T00:00:00Z,2026-10-01T00:00:00Z,Usage,,Network Egress - Data Transfer,Usage-Based,2026-09-26T00:00:00Z,2026-09-26T23:59:59Z,,,,4.386,GB,1.423,0.324441,1.423,Google LLC,1.423,0.324441,Standard,4.386,GB,southamerica-east1,Sao Paulo,,,,Networking,Data Transfer,Network Egress,Google Cloud,GOO-NetworkEgres,GOO-NetworkE-southamerica-east1,prj-data-lab,projeto-dados,Subscription,{}
1.3611,prj-core-prod,cloudfinops-demo,Billing Account,USD,2026-09-01T00:00:00Z,2026-10-01T00:00:00Z,Usage,,Network Egress - Data Transfer,Usage-Based,2026-09-27T00:00:00Z,2026-09-27T23:59:59Z,,,,5.633,GB,1.3611,0.24163,1.3611,Google LLC,1.3611,0.24163,Standard,5.633,GB,southamerica-east1,Sao Paulo,,,,Networking,Data Transfer,Network Egress,Google Cloud,GOO-NetworkEgres,GOO-NetworkE-southamerica-east1,prj-data-lab,projeto-dados,Subscription,{}
1.6872,prj-core-prod,cloudfinops-demo,Billing Account,USD,2026-09-01T00:00:00Z,2026-10-01T00:00:00Z,Usage,,Network Egress - Data Transfer,Usage-Based,2026-09-28T00:00:00Z,2026-09-28T23:59:59Z,,,,4.103,GB,1.6872,0.411211,1.6872,Google LLC,1.6872,0.411211,Standard,4.103,GB,southamerica-east1,Sao Paulo,,,,Networking,Data Transfer,Network Egress,Google Cloud,GOO-NetworkEgres,GOO-NetworkE-southamerica-east1,prj-data-lab,projeto-dados,Subscription,{}
1.633,prj-core-prod,cloudfinops-demo,Billing Account,USD,2026-09-01T00:00:00Z,2026-10-01T00:00:00Z,Usage,,Network Egress - Data Transfer,Usage-Based,2026-09-29T00:00:00Z,2026-09-29T23:59:59Z,,,,7.347,GB,1.633,0.222268,1.633,Google LLC,1.633,0.222268,Standard,7.347,GB,southamerica-east1,Sao Paulo,,,,Networking,Data Transfer,Network Egress,Google Cloud,GOO-NetworkEgres,GOO-NetworkE-southamerica-east1,prj-data-lab,projeto-dados,Subscription,{}
1.6895,prj-core-prod,cloudfinops-demo,Billing Account,USD,2026-09-01T00:00:00Z,2026-10-01T00:00:00Z,Usage,,Network Egress - Data Transfer,Usage-Based,2026-09-30T00:00:00Z,2026-09-30T23:59:59Z,,,,4.519,GB,1.6895,0.373866,1.6895,Google LLC,1.6895,0.373866,Standard,4.519,GB,southamerica-east1,Sao Paulo,,,,Networking,Data Transfer,Network Egress,Google Cloud,GOO-NetworkEgres,GOO-NetworkE-southamerica-east1,prj-data-lab,projeto-dados,Subscription,{}
1.584,prj-core-prod,cloudfinops-demo,Billing Account,USD,2026-10-01T00:00:00Z,2026-11-01T00:00:00Z,Usage,,Network Egress - Data Transfer,Usage-Based,2026-10-01T00:00:00Z,2026-10-01T23:59:59Z,,,,7.65,GB,1.584,0.207059,1.584,Google LLC,1.584,0.207059,Standard,7.65,GB,southamerica-east1,Sao Paulo,,,,Networking,Data Transfer,Network Egress,Google Cloud,GOO-NetworkEgres,GOO-NetworkE-southamerica-east1,prj-data-lab,projeto-dados,Subscription,{}
1.5896,prj-core-prod,cloudfinops-demo,Billing Account,USD,2026-10-01T00:00:00Z,2026-11-01T00:00:00Z,Usage,,Network Egress - Data Transfer,Usage-Based,2026-10-02T00:00:00Z,2026-10-02T23:59:59Z,,,,50.615,GB,1.5896,0.031406,1.5896,Google LLC,1.5896,0.031406,Standard,50.615,GB,southamerica-east1,Sao Paulo,,,,Networking,Data Transfer,Network Egress,Google Cloud,GOO-NetworkEgres,GOO-NetworkE-southamerica-east1,prj-data-lab,projeto-dados,Subscription,{}
1.4066,prj-core-prod,cloudfinops-demo,Billing Account,USD,2026-10-01T00:00:00Z,2026-11-01T00:00:00Z,Usage,,Network Egress - Data Transfer,Usage-Based,2026-10-03T00:00:00Z,2026-10-03T23:59:59Z,,,,3.827,GB,1.4066,0.367546,1.4066,Google LLC,1.4066,0.367546,Standard,3.827,GB,southamerica-east1,Sao Paulo,,,,Networking,Data Transfer,Network Egress,Google Cloud,GOO-NetworkEgres,GOO-NetworkE-southamerica-east1,prj-data-lab,projeto-dados,Subscription,{}
2.3375,prj-core-prod,cloudfinops-demo,Billing Account,USD,2026-08-01T00:00:00Z,2026-09-01T00:00:00Z,Usage,,BigQuery - Data Warehouse,Usage-Based,2026-08-01T00:00:00Z,2026-08-01T23:59:59Z,,,,16.327,TB,2.3375,0.143168,2.3375,Google LLC,2.3375,0.143168,Standard,16.327,TB,us-central1,Iowa,google/prj-core-prod/bigquery,bigquery-prod,Dataset,Analytics,Data Warehouse,BigQuery,Google Cloud,GOO-BigQuery,GOO-BigQuery-us-central1,prj-core-prod,projeto-core,Subscription,"{""OwnerTeam"": ""dados"", ""Environment"": ""prod"", ""ManagedBy"": ""manual""}"
2.2708,prj-core-prod,cloudfinops-demo,Billing Account,USD,2026-08-01T00:00:00Z,2026-09-01T00:00:00Z,Usage,,BigQuery - Data Warehouse,Usage-Based,2026-08-02T00:00:00Z,2026-08-02T23:59:59Z,,,,18.357,TB,2.2708,0.123702,2.2708,Google LLC,2.2708,0.123702,Standard,18.357,TB,us-central1,Iowa,google/prj-core-prod/bigquery,bigquery-prod,Dataset,Analytics,Data Warehouse,BigQuery,Google Cloud,GOO-BigQuery,GOO-BigQuery-us-central1,prj-core-prod,projeto-core,Subscription,"{""OwnerTeam"": ""dados"", ""Environment"": ""prod"", ""ManagedBy"": ""terraform""}"
2.6891,prj-core-prod,cloudfinops-demo,Billing Account,USD,2026-08-01T00:00:00Z,2026-09-01T00:00:00Z,Usage,,BigQuery - Data Warehouse,Usage-Based,2026-08-03T00:00:00Z,2026-08-03T23:59:59Z,,,,12.613,TB,2.6891,0.213201,2.6891,Google LLC,2.6891,0.213201,Standard,12.613,TB,us-central1,Iowa,google/prj-core-prod/bigquery,bigquery-prod,Dataset,Analytics,Data Warehouse,BigQuery,Google Cloud,GOO-BigQuery,GOO-BigQuery-us-central1,prj-core-prod,projeto-core,Subscription,"{""OwnerTeam"": ""plataforma"", ""Environment"": ""prod"", ""ManagedBy"": ""terraform""}"
2.7617,prj-core-prod,cloudfinops-demo,Billing Account,USD,2026-08-01T00:00:00Z,2026-09-01T00:00:00Z,Usage,,BigQuery - Data Warehouse,Usage-Based,2026-08-04T00:00:00Z,2026-08-04T23:59:59Z,,,,6.317,TB,2.7617,0.437185,2.7617,Google LLC,2.7617,0.437185,Standard,6.317,TB,us-central1,Iowa,google/prj-core-prod/bigquery,bigquery-prod,Dataset,Analytics,Data Warehouse,BigQuery,Google Cloud,GOO-BigQuery,GOO-BigQuery-us-central1,prj-core-prod,projeto-core,Subscription,"{""OwnerTeam"": ""plataforma"", ""Environment"": ""prod"", ""ManagedBy"": ""cloudformation""}"
2.8003,prj-core-prod,cloudfinops-demo,Billing Account,USD,2026-08-01T00:00:00Z,2026-09-01T00:00:00Z,Usage,,BigQuery - Data Warehouse,Usage-Based,2026-08-05T00:00:00Z,2026-08-05T23:59:59Z,,,,18.915,TB,2.8003,0.148047,2.8003,Google LLC,2.8003,0.148047,Standard,18.915,TB,us-central1,Iowa,google/prj-core-prod/bigquery,bigquery-prod,Dataset,Analytics,Data Warehouse,BigQuery,Google Cloud,GOO-BigQuery,GOO-BigQuery-us-central1,prj-core-prod,projeto-core,Subscription,"{""OwnerTeam"": ""redes"", ""Environment"": ""prod"", ""ManagedBy"": ""serverless""}"
2.6928,prj-core-prod,cloudfinops-demo,Billing Account,USD,2026-08-01T00:00:00Z,2026-09-01T00:00:00Z,Usage,,BigQuery - Data Warehouse,Usage-Based,2026-08-06T00:00:00Z,2026-08-06T23:59:59Z,,,,9.876,TB,2.6928,0.272661,2.6928,Google LLC,2.6928,0.272661,Standard,9.876,TB,us-central1,Iowa,google/prj-core-prod/bigquery,bigquery-prod,Dataset,Analytics,Data Warehouse,BigQuery,Google Cloud,GOO-BigQuery,GOO-BigQuery-us-central1,prj-core-prod,projeto-core,Subscription,"{""OwnerTeam"": ""plataforma"", ""Environment"": ""prod"", ""ManagedBy"": ""cloudformation""}"
2.6725,prj-core-prod,cloudfinops-demo,Billing Account,USD,2026-08-01T00:00:00Z,2026-09-01T00:00:00Z,Usage,,BigQuery - Data Warehouse,Usage-Based,2026-08-07T00:00:00Z,2026-08-07T23:59:59Z,,,,19.452,TB,2.6725,0.137389,2.6725,Google LLC,2.6725,0.137389,Standard,19.452,TB,us-central1,Iowa,google/prj-core-prod/bigquery,bigquery-prod,Dataset,Analytics,Data Warehouse,BigQuery,Google Cloud,GOO-BigQuery,GOO-BigQuery-us-central1,prj-core-prod,projeto-core,Subscription,"{""OwnerTeam"": ""dados"", ""Environment"": ""prod"", ""ManagedBy"": ""serverless""}"
2.3507,prj-core-prod,cloudfinops-demo,Billing Account,USD,2026-08-01T00:00:00Z,2026-09-01T00:00:00Z,Usage,,BigQuery - Data Warehouse,Usage-Based,2026-08-08T00:00:00Z,2026-08-08T23:59:59Z,,,,6.452,TB,2.3507,0.364337,2.3507,Google LLC,2.3507,0.364337,Standard,6.452,TB,us-central1,Iowa,google/prj-core-prod/bigquery,bigquery-prod,Dataset,Analytics,Data Warehouse,BigQuery,Google Cloud,GOO-BigQuery,GOO-BigQuery-us-central1,prj-core-prod,projeto-core,Subscription,"{""OwnerTeam"": ""dados"", ""Environment"": ""prod"", ""ManagedBy"": ""serverless""}"
2.3626,prj-core-prod,cloudfinops-demo,Billing Account,USD,2026-08-01T00:00:00Z,2026-09-01T00:00:00Z,Usage,,BigQuery - Data Warehouse,Usage-Based,2026-08-09T00:00:00Z,2026-08-09T23:59:59Z,,,,11.367,TB,2.3626,0.207847,2.3626,Google LLC,2.3626,0.207847,Standard,11.367,TB,us-central1,Iowa,google/prj-core-prod/bigquery,bigquery-prod,Dataset,Analytics,Data Warehouse,BigQuery,Google Cloud,GOO-BigQuery,GOO-BigQuery-us-central1,prj-core-prod,projeto-core,Subscription,"{""OwnerTeam"": ""plataforma"", ""Environment"": ""prod"", ""ManagedBy"": ""serverless""}"
2.6747,prj-core-prod,cloudfinops-demo,Billing Account,USD,2026-08-01T00:00:00Z,2026-09-01T00:00:00Z,Usage,,BigQuery - Data Warehouse,Usage-Based,2026-08-10T00:00:00Z,2026-08-10T23:59:59Z,,,,6.523,TB,2.6747,0.410041,2.6747,Google LLC,2.6747,0.410041,Standard,6.523,TB,us-central1,Iowa,google/prj-core-prod/bigquery,bigquery-prod,Dataset,Analytics,Data Warehouse,BigQuery,Google Cloud,GOO-BigQuery,GOO-BigQuery-us-central1,prj-core-prod,projeto-core,Subscription,"{""OwnerTeam"": ""dados"", ""Environment"": ""prod"", ""ManagedBy"": ""serverless""}"
2.6801,prj-core-prod,cloudfinops-demo,Billing Account,USD,2026-08-01T00:00:00Z,2026-09-01T00:00:00Z,Usage,,BigQuery - Data Warehouse,Usage-Based,2026-08-11T00:00:00Z,2026-08-11T23:59:59Z,,,,34.759,TB,2.6801,0.077105,2.6801,Google LLC,2.6801,0.077105,Standard,34.759,TB,us-central1,Iowa,google/prj-core-prod/bigquery,bigquery-prod,Dataset,Analytics,Data Warehouse,BigQuery,Google Cloud,GOO-BigQuery,GOO-BigQuery-us-central1,prj-core-prod,projeto-core,Subscription,"{""OwnerTeam"": ""backend"", ""Environment"": ""prod"", ""ManagedBy"": ""serverless""}"
2.7556,prj-core-prod,cloudfinops-demo,Billing Account,USD,2026-08-01T00:00:00Z,2026-09-01T00:00:00Z,Usage,,BigQuery - Data Warehouse,Usage-Based,2026-08-12T00:00:00Z,2026-08-12T23:59:59Z,,,,7.041,TB,2.7556,0.391365,2.7556,Google LLC,2.7556,0.391365,Standard,7.041,TB,us-central1,Iowa,google/prj-core-prod/bigquery,bigquery-prod,Dataset,Analytics,Data Warehouse,BigQuery,Google Cloud,GOO-BigQuery,GOO-BigQuery-us-central1,prj-core-prod,projeto-core,Subscription,"{""OwnerTeam"": ""plataforma"", ""Environment"": ""prod"", ""ManagedBy"": ""cloudformation""}"
2.8017,prj-core-prod,cloudfinops-demo,Billing Account,USD,2026-08-01T00:00:00Z,2026-09-01T00:00:00Z,Usage,,BigQuery - Data Warehouse,Usage-Based,2026-08-13T00:00:00Z,2026-08-13T23:59:59Z,,,,114.21,TB,2.8017,0.024531,2.8017,Google LLC,2.8017,0.024531,Standard,114.21,TB,us-central1,Iowa,google/prj-core-prod/bigquery,bigquery-prod,Dataset,Analytics,Data Warehouse,BigQuery,Google Cloud,GOO-BigQuery,GOO-BigQuery-us-central1,prj-core-prod,projeto-core,Subscription,"{""OwnerTeam"": ""backend"", ""Environment"": ""prod"", ""ManagedBy"": ""terraform""}"
2.6716,prj-core-prod,cloudfinops-demo,Billing Account,USD,2026-08-01T00:00:00Z,2026-09-01T00:00:00Z,Usage,,BigQuery - Data Warehouse,Usage-Based,2026-08-14T00:00:00Z,2026-08-14T23:59:59Z,,,,62.257,TB,2.6716,0.042912,2.6716,Google LLC,2.6716,0.042912,Standard,62.257,TB,us-central1,Iowa,google/prj-core-prod/bigquery,bigquery-prod,Dataset,Analytics,Data Warehouse,BigQuery,Google Cloud,GOO-BigQuery,GOO-BigQuery-us-central1,prj-core-prod,projeto-core,Subscription,"{""OwnerTeam"": ""plataforma"", ""Environment"": ""prod"", ""ManagedBy"": ""serverless""}"
2.3562,prj-core-prod,cloudfinops-demo,Billing Account,USD,2026-08-01T00:00:00Z,2026-09-01T00:00:00Z,Usage,,BigQuery - Data Warehouse,Usage-Based,2026-08-15T00:00:00Z,2026-08-15T23:59:59Z,,,,28.276,TB,2.3562,0.083329,2.3562,Google LLC,2.3562,0.083329,Standard,28.276,TB,us-central1,Iowa,google/prj-core-prod/bigquery,bigquery-prod,Dataset,Analytics,Data Warehouse,BigQuery,Google Cloud,GOO-BigQuery,GOO-BigQuery-us-central1,prj-core-prod,projeto-core,Subscription,"{""OwnerTeam"": ""backend"", ""Environment"": ""prod"", ""ManagedBy"": ""cloudformation""}"
2.314,prj-core-prod,cloudfinops-demo,Billing Account,USD,2026-08-01T00:00:00Z,2026-09-01T00:00:00Z,Usage,,BigQuery - Data Warehouse,Usage-Based,2026-08-16T00:00:00Z,2026-08-16T23:59:59Z,,,,6.054,TB,2.314,0.382227,2.314,Google LLC,2.314,0.382227,Standard,6.054,TB,us-central1,Iowa,google/prj-core-prod/bigquery,bigquery-prod,Dataset,Analytics,Data Warehouse,BigQuery,Google Cloud,GOO-BigQuery,GOO-BigQuery-us-central1,prj-core-prod,projeto-core,Subscription,"{""OwnerTeam"": ""plataforma"", ""Environment"": ""prod"", ""ManagedBy"": ""terraform""}"
2.8108,prj-core-prod,cloudfinops-demo,Billing Account,USD,2026-08-01T00:00:00Z,2026-09-01T00:00:00Z,Usage,,BigQuery - Data Warehouse,Usage-Based,2026-08-17T00:00:00Z,2026-08-17T23:59:59Z,,,,17.001,TB,2.8108,0.165331,2.8108,Google LLC,2.8108,0.165331,Standard,17.001,TB,us-central1,Iowa,google/prj-core-prod/bigquery,bigquery-prod,Dataset,Analytics,Data Warehouse,BigQuery,Google Cloud,GOO-BigQuery,GOO-BigQuery-us-central1,prj-core-prod,projeto-core,Subscription,"{""OwnerTeam"": ""dados"", ""Environment"": ""prod"", ""ManagedBy"": ""manual""}"
2.7265,prj-core-prod,cloudfinops-demo,Billing Account,USD,2026-08-01T00:00:00Z,2026-09-01T00:00:00Z,Usage,,BigQuery - Data Warehouse,Usage-Based,2026-08-18T00:00:00Z,2026-08-18T23:59:59Z,,,,40.457,TB,2.7265,0.067393,2.7265,Google LLC,2.7265,0.067393,Standard,40.457,TB,us-central1,Iowa,google/prj-core-prod/bigquery,bigquery-prod,Dataset,Analytics,Data Warehouse,BigQuery,Google Cloud,GOO-BigQuery,GOO-BigQuery-us-central1,prj-core-prod,projeto-core,Subscription,"{""OwnerTeam"": ""plataforma"", ""Environment"": ""prod"", ""ManagedBy"": ""cloudformation""}"
2.7341,prj-core-prod,cloudfinops-demo,Billing Account,USD,2026-08-01T00:00:00Z,2026-09-01T00:00:00Z,Usage,,BigQuery - Data Warehouse,Usage-Based,2026-08-19T00:00:00Z,2026-08-19T23:59:59Z,,,,7.796,TB,2.7341,0.350705,2.7341,Google LLC,2.7341,0.350705,Standard,7.796,TB,us-central1,Iowa,google/prj-core-prod/bigquery,bigquery-prod,Dataset,Analytics,Data Warehouse,BigQuery,Google Cloud,GOO-BigQuery,GOO-BigQuery-us-central1,prj-core-prod,projeto-core,Subscription,"{""OwnerTeam"": ""plataforma"", ""Environment"": ""prod"", ""ManagedBy"": ""cloudformation""}"
2.8049,prj-core-prod,cloudfinops-demo,Billing Account,USD,2026-08-01T00:00:00Z,2026-09-01T00:00:00Z,Usage,,BigQuery - Data Warehouse,Usage-Based,2026-08-20T00:00:00Z,2026-08-20T23:59:59Z,,,,10.305,TB,2.8049,0.272188,2.8049,Google LLC,2.8049,0.272188,Standard,10.305,TB,us-central1,Iowa,google/prj-core-prod/bigquery,bigquery-prod,Dataset,Analytics,Data Warehouse,BigQuery,Google Cloud,GOO-BigQuery,GOO-BigQuery-us-central1,prj-core-prod,projeto-core,Subscription,"{""OwnerTeam"": ""dados"", ""Environment"": ""prod"", ""ManagedBy"": ""serverless""}"
2.7542,prj-core-prod,cloudfinops-demo,Billing Account,USD,2026-08-01T00:00:00Z,2026-09-01T00:00:00Z,Usage,,BigQuery - Data Warehouse,Usage-Based,2026-08-21T00:00:00Z,2026-08-21T23:59:59Z,,,,44.143,TB,2.7542,0.062393,2.7542,Google LLC,2.7542,0.062393,Standard,44.143,TB,us-central1,Iowa,google/prj-core-prod/bigquery,bigquery-prod,Dataset,Analytics,Data Warehouse,BigQuery,Google Cloud,GOO-BigQuery,GOO-BigQuery-us-central1,prj-core-prod,projeto-core,Subscription,"{""OwnerTeam"": ""redes"", ""Environment"": ""prod"", ""ManagedBy"": ""cloudformation""}"
2.3054,prj-core-prod,cloudfinops-demo,Billing Account,USD,2026-08-01T00:00:00Z,2026-09-01T00:00:00Z,Usage,,BigQuery - Data Warehouse,Usage-Based,2026-08-22T00:00:00Z,2026-08-22T23:59:59Z,,,,6.371,TB,2.3054,0.361858,2.3054,Google LLC,2.3054,0.361858,Standard,6.371,TB,us-central1,Iowa,google/prj-core-prod/bigquery,bigquery-prod,Dataset,Analytics,Data Warehouse,BigQuery,Google Cloud,GOO-BigQuery,GOO-BigQuery-us-central1,prj-core-prod,projeto-core,Subscription,"{""OwnerTeam"": ""backend"", ""Environment"": ""prod"", ""ManagedBy"": ""terraform""}"
2.2661,prj-core-prod,cloudfinops-demo,Billing Account,USD,2026-08-01T00:00:00Z,2026-09-01T00:00:00Z,Usage,,BigQuery - Data Warehouse,Usage-Based,2026-08-23T00:00:00Z,2026-08-23T23:59:59Z,,,,22.178,TB,2.2661,0.102178,2.2661,Google LLC,2.2661,0.102178,Standard,22.178,TB,us-central1,Iowa,google/prj-core-prod/bigquery,bigquery-prod,Dataset,Analytics,Data Warehouse,BigQuery,Google Cloud,GOO-BigQuery,GOO-BigQuery-us-central1,prj-core-prod,projeto-core,Subscription,"{""OwnerTeam"": ""dados"", ""Environment"": ""prod"", ""ManagedBy"": ""terraform""}"
2.6673,prj-core-prod,cloudfinops-demo,Billing Account,USD,2026-08-01T00:00:00Z,2026-09-01T00:00:00Z,Usage,,BigQuery - Data Warehouse,Usage-Based,2026-08-24T00:00:00Z,2026-08-24T23:59:59Z,,,,8.013,TB,2.6673,0.332872,2.6673,Google LLC,2.6673,0.332872,Standard,8.013,TB,us-central1,Iowa,google/prj-core-prod/bigquery,bigquery-prod,Dataset,Analytics,Data Warehouse,BigQuery,Google Cloud,GOO-BigQuery,GOO-BigQuery-us-central1,prj-core-prod,projeto-core,Subscription,"{""OwnerTeam"": ""plataforma"", ""Environment"": ""prod"", ""ManagedBy"": ""cloudformation""}"
2.7299,prj-core-prod,cloudfinops-demo,Billing Account,USD,2026-08-01T00:00:00Z,2026-09-01T00:00:00Z,Usage,,BigQuery - Data Warehouse,Usage-Based,2026-08-25T00:00:00Z,2026-08-25T23:59:59Z,,,,6.764,TB,2.7299,0.403593,2.7299,Google LLC,2.7299,0.403593,Standard,6.764,TB,us-central1,Iowa,google/prj-core-prod/bigquery,bigquery-prod,Dataset,Analytics,Data Warehouse,BigQuery,Google Cloud,GOO-BigQuery,GOO-BigQuery-us-central1,prj-core-prod,projeto-core,Subscription,"{""OwnerTeam"": ""backend"", ""Environment"": ""prod"", ""ManagedBy"": ""manual""}"
2.7625,prj-core-prod,cloudfinops-demo,Billing Account,USD,2026-08-01T00:00:00Z,2026-09-01T00:00:00Z,Usage,,BigQuery - Data Warehouse,Usage-Based,2026-08-26T00:00:00Z,2026-08-26T23:59:59Z,,,,6.359,TB,2.7625,0.434424,2.7625,Google LLC,2.7625,0.434424,Standard,6.359,TB,us-central1,Iowa,google/prj-core-prod/bigquery,bigquery-prod,Dataset,Analytics,Data Warehouse,BigQuery,Google Cloud,GOO-BigQuery,GOO-BigQuery-us-central1,prj-core-prod,projeto-core,Subscription,"{""OwnerTeam"": ""plataforma"", ""Environment"": ""prod"", ""ManagedBy"": ""serverless""}"
2.7911,prj-core-prod,cloudfinops-demo,Billing Account,USD,2026-08-01T00:00:00Z,2026-09-01T00:00:00Z,Usage,,BigQuery - Data Warehouse,Usage-Based,2026-08-27T00:00:00Z,2026-08-27T23:59:59Z,,,,50.985,TB,2.7911,0.054744,2.7911,Google LLC,2.7911,0.054744,Standard,50.985,TB,us-central1,Iowa,google/prj-core-prod/bigquery,bigquery-prod,Dataset,Analytics,Data Warehouse,BigQuery,Google Cloud,GOO-BigQuery,GOO-BigQuery-us-central1,prj-core-prod,projeto-core,Subscription,"{""OwnerTeam"": ""redes"", ""Environment"": ""prod"", ""ManagedBy"": ""terraform""}"
2.7525,prj-core-prod,cloudfinops-demo,Billing Account,USD,2026-08-01T00:00:00Z,2026-09-01T00:00:00Z,Usage,,BigQuery - Data Warehouse,Usage-Based,2026-08-28T00:00:00Z,2026-08-28T23:59:59Z,,,,18.958,TB,2.7525,0.145189,2.7525,Google LLC,2.7525,0.145189,Standard,18.958,TB,us-central1,Iowa,google/prj-core-prod/bigquery,bigquery-prod,Dataset,Analytics,Data Warehouse,BigQuery,Google Cloud,GOO-BigQuery,GOO-BigQuery-us-central1,prj-core-prod,projeto-core,Subscription,"{""OwnerTeam"": ""backend"", ""Environment"": ""prod"", ""ManagedBy"": ""serverless""}"
2.3335,prj-core-prod,cloudfinops-demo,Billing Account,USD,2026-08-01T00:00:00Z,2026-09-01T00:00:00Z,Usage,,BigQuery - Data Warehouse,Usage-Based,2026-08-29T00:00:00Z,2026-08-29T23:59:59Z,,,,20.862,TB,2.3335,0.111854,2.3335,Google LLC,2.3335,0.111854,Standard,20.862,TB,us-central1,Iowa,google/prj-core-prod/bigquery,bigquery-prod,Dataset,Analytics,Data Warehouse,BigQuery,Google Cloud,GOO-BigQuery,GOO-BigQuery-us-central1,prj-core-prod,projeto-core,Subscription,"{""OwnerTeam"": ""dados"", ""Environment"": ""prod"", ""ManagedBy"": ""cloudformation""}"
2.3199,prj-core-prod,cloudfinops-demo,Billing Account,USD,2026-08-01T00:00:00Z,2026-09-01T00:00:00Z,Usage,,BigQuery - Data Warehouse,Usage-Based,2026-08-30T00:00:00Z,2026-08-30T23:59:59Z,,,,7.763,TB,2.3199,0.298841,2.3199,Google LLC,2.3199,0.298841,Standard,7.763,TB,us-central1,Iowa,google/prj-core-prod/bigquery,bigquery-prod,Dataset,Analytics,Data Warehouse,BigQuery,Google Cloud,GOO-BigQuery,GOO-BigQuery-us-central1,prj-core-prod,projeto-core,Subscription,"{""OwnerTeam"": ""backend"", ""Environment"": ""prod"", ""ManagedBy"": ""terraform""}"
2.7402,prj-core-prod,cloudfinops-demo,Billing Account,USD,2026-08-01T00:00:00Z,2026-09-01T00:00:00Z,Usage,,BigQuery - Data Warehouse,Usage-Based,2026-08-31T00:00:00Z,2026-08-31T23:59:59Z,,,,12.552,TB,2.7402,0.218308,2.7402,Google LLC,2.7402,0.218308,Standard,12.552,TB,us-central1,Iowa,google/prj-core-prod/bigquery,bigquery-prod,Dataset,Analytics,Data Warehouse,BigQuery,Google Cloud,GOO-BigQuery,GOO-BigQuery-us-central1,prj-core-prod,projeto-core,Subscription,"{""OwnerTeam"": ""backend"", ""Environment"": ""prod"", ""ManagedBy"": ""manual""}"
2.7684,prj-core-prod,cloudfinops-demo,Billing Account,USD,2026-09-01T00:00:00Z,2026-10-01T00:00:00Z,Usage,,BigQuery - Data Warehouse,Usage-Based,2026-09-01T00:00:00Z,2026-09-01T23:59:59Z,,,,6.284,TB,2.7684,0.440547,2.7684,Google LLC,2.7684,0.440547,Standard,6.284,TB,us-central1,Iowa,google/prj-core-prod/bigquery,bigquery-prod,Dataset,Analytics,Data Warehouse,BigQuery,Google Cloud,GOO-BigQuery,GOO-BigQuery-us-central1,prj-core-prod,projeto-core,Subscription,"{""OwnerTeam"": ""backend"", ""Environment"": ""prod"", ""ManagedBy"": ""terraform""}"
2.9006,prj-core-prod,cloudfinops-demo,Billing Account,USD,2026-09-01T00:00:00Z,2026-10-01T00:00:00Z,Usage,,BigQuery - Data Warehouse,Usage-Based,2026-09-02T00:00:00Z,2026-09-02T23:59:59Z,,,,9.449,TB,2.9006,0.306974,2.9006,Google LLC,2.9006,0.306974,Standard,9.449,TB,us-central1,Iowa,google/prj-core-prod/bigquery,bigquery-prod,Dataset,Analytics,Data Warehouse,BigQuery,Google Cloud,GOO-BigQuery,GOO-BigQuery-us-central1,prj-core-prod,projeto-core,Subscription,"{""OwnerTeam"": ""dados"", ""Environment"": ""prod"", ""ManagedBy"": ""cloudformation""}"
2.761,prj-core-prod,cloudfinops-demo,Billing Account,USD,2026-09-01T00:00:00Z,2026-10-01T00:00:00Z,Usage,,BigQuery - Data Warehouse,Usage-Based,2026-09-03T00:00:00Z,2026-09-03T23:59:59Z,,,,7.459,TB,2.761,0.370157,2.761,Google LLC,2.761,0.370157,Standard,7.459,TB,us-central1,Iowa,google/prj-core-prod/bigquery,bigquery-prod,Dataset,Analytics,Data Warehouse,BigQuery,Google Cloud,GOO-BigQuery,GOO-BigQuery-us-central1,prj-core-prod,projeto-core,Subscription,"{""OwnerTeam"": ""plataforma"", ""Environment"": ""prod"", ""ManagedBy"": ""cloudformation""}"
2.9297,prj-core-prod,cloudfinops-demo,Billing Account,USD,2026-09-01T00:00:00Z,2026-10-01T00:00:00Z,Usage,,BigQuery - Data Warehouse,Usage-Based,2026-09-04T00:00:00Z,2026-09-04T23:59:59Z,,,,7.123,TB,2.9297,0.411301,2.9297,Google LLC,2.9297,0.411301,Standard,7.123,TB,us-central1,Iowa,google/prj-core-prod/bigquery,bigquery-prod,Dataset,Analytics,Data Warehouse,BigQuery,Google Cloud,GOO-BigQuery,GOO-BigQuery-us-central1,prj-core-prod,projeto-core,Subscription,"{""OwnerTeam"": ""plataforma"", ""Environment"": ""prod"", ""ManagedBy"": ""serverless""}"
2.369,prj-core-prod,cloudfinops-demo,Billing Account,USD,2026-09-01T00:00:00Z,2026-10-01T00:00:00Z,Usage,,BigQuery - Data Warehouse,Usage-Based,2026-09-05T00:00:00Z,2026-09-05T23:59:59Z,,,,5.735,TB,2.369,0.413078,2.369,Google LLC,2.369,0.413078,Standard,5.735,TB,us-central1,Iowa,google/prj-core-prod/bigquery,bigquery-prod,Dataset,Analytics,Data Warehouse,BigQuery,Google Cloud,GOO-BigQuery,GOO-BigQuery-us-central1,prj-core-prod,projeto-core,Subscription,"{""OwnerTeam"": ""backend"", ""Environment"": ""prod"", ""ManagedBy"": ""manual""}"
2.3177,prj-core-prod,cloudfinops-demo,Billing Account,USD,2026-09-01T00:00:00Z,2026-10-01T00:00:00Z,Usage,,BigQuery - Data Warehouse,Usage-Based,2026-09-06T00:00:00Z,2026-09-06T23:59:59Z,,,,29.325,TB,2.3177,0.079035,2.3177,Google LLC,2.3177,0.079035,Standard,29.325,TB,us-central1,Iowa,google/prj-core-prod/bigquery,bigquery-prod,Dataset,Analytics,Data Warehouse,BigQuery,Google Cloud,GOO-BigQuery,GOO-BigQuery-us-central1,prj-core-prod,projeto-core,Subscription,"{""OwnerTeam"": ""dados"", ""Environment"": ""prod"", ""ManagedBy"": ""manual""}"
2.7666,prj-core-prod,cloudfinops-demo,Billing Account,USD,2026-09-01T00:00:00Z,2026-10-01T00:00:00Z,Usage,,BigQuery - Data Warehouse,Usage-Based,2026-09-07T00:00:00Z,2026-09-07T23:59:59Z,,,,9.651,TB,2.7666,0.286665,2.7666,Google LLC,2.7666,0.286665,Standard,9.651,TB,us-central1,Iowa,google/prj-core-prod/bigquery,bigquery-prod,Dataset,Analytics,Data Warehouse,BigQuery,Google Cloud,GOO-BigQuery,GOO-BigQuery-us-central1,prj-core-prod,projeto-core,Subscription,"{""OwnerTeam"": ""redes"", ""Environment"": ""prod"", ""ManagedBy"": ""cloudformation""}"
2.8684,prj-core-prod,cloudfinops-demo,Billing Account,USD,2026-09-01T00:00:00Z,2026-10-01T00:00:00Z,Usage,,BigQuery - Data Warehouse,Usage-Based,2026-09-08T00:00:00Z,2026-09-08T23:59:59Z,,,,15.934,TB,2.8684,0.180018,2.8684,Google LLC,2.8684,0.180018,Standard,15.934,TB,us-central1,Iowa,google/prj-core-prod/bigquery,bigquery-prod,Dataset,Analytics,Data Warehouse,BigQuery,Google Cloud,GOO-BigQuery,GOO-BigQuery-us-central1,prj-core-prod,projeto-core,Subscription,"{""OwnerTeam"": ""dados"", ""Environment"": ""prod"", ""ManagedBy"": ""manual""}"
2.8059,prj-core-prod,cloudfinops-demo,Billing Account,USD,2026-09-01T00:00:00Z,2026-10-01T00:00:00Z,Usage,,BigQuery - Data Warehouse,Usage-Based,2026-09-09T00:00:00Z,2026-09-09T23:59:59Z,,,,13.032,TB,2.8059,0.215308,2.8059,Google LLC,2.8059,0.215308,Standard,13.032,TB,us-central1,Iowa,google/prj-core-prod/bigquery,bigquery-prod,Dataset,Analytics,Data Warehouse,BigQuery,Google Cloud,GOO-BigQuery,GOO-BigQuery-us-central1,prj-core-prod,projeto-core,Subscription,"{""OwnerTeam"": ""redes"", ""Environment"": ""prod"", ""ManagedBy"": ""terraform""}"
2.8292,prj-core-prod,cloudfinops-demo,Billing Account,USD,2026-09-01T00:00:00Z,2026-10-01T00:00:00Z,Usage,,BigQuery - Data Warehouse,Usage-Based,2026-09-10T00:00:00Z,2026-09-10T23:59:59Z,,,,6.76,TB,2.8292,0.418521,2.8292,Google LLC,2.8292,0.418521,Standard,6.76,TB,us-central1,Iowa,google/prj-core-prod/bigquery,bigquery-prod,Dataset,Analytics,Data Warehouse,BigQuery,Google Cloud,GOO-BigQuery,GOO-BigQuery-us-central1,prj-core-prod,projeto-core,Subscription,"{""OwnerTeam"": ""plataforma"", ""Environment"": ""prod"", ""ManagedBy"": ""serverless""}"
2.8017,prj-core-prod,cloudfinops-demo,Billing Account,USD,2026-09-01T00:00:00Z,2026-10-01T00:00:00Z,Usage,,BigQuery - Data Warehouse,Usage-Based,2026-09-11T00:00:00Z,2026-09-11T23:59:59Z,,,,6.888,TB,2.8017,0.406751,2.8017,Google LLC,2.8017,0.406751,Standard,6.888,TB,us-central1,Iowa,google/prj-core-prod/bigquery,bigquery-prod,Dataset,Analytics,Data Warehouse,BigQuery,Google Cloud,GOO-BigQuery,GOO-BigQuery-us-central1,prj-core-prod,projeto-core,Subscription,"{""OwnerTeam"": ""backend"", ""Environment"": ""prod"", ""ManagedBy"": ""serverless""}"
2.4613,prj-core-prod,cloudfinops-demo,Billing Account,USD,2026-09-01T00:00:00Z,2026-10-01T00:00:00Z,Usage,,BigQuery - Data Warehouse,Usage-Based,2026-09-12T00:00:00Z,2026-09-12T23:59:59Z,,,,9.501,TB,2.4613,0.259057,2.4613,Google LLC,2.4613,0.259057,Standard,9.501,TB,us-central1,Iowa,google/prj-core-prod/bigquery,bigquery-prod,Dataset,Analytics,Data Warehouse,BigQuery,Google Cloud,GOO-BigQuery,GOO-BigQuery-us-central1,prj-core-prod,projeto-core,Subscription,"{""OwnerTeam"": ""dados"", ""Environment"": ""prod"", ""ManagedBy"": ""serverless""}"
2.3356,prj-core-prod,cloudfinops-demo,Billing Account,USD,2026-09-01T00:00:00Z,2026-10-01T00:00:00Z,Usage,,BigQuery - Data Warehouse,Usage-Based,2026-09-13T00:00:00Z,2026-09-13T23:59:59Z,,,,11.479,TB,2.3356,0.203467,2.3356,Google LLC,2.3356,0.203467,Standard,11.479,TB,us-central1,Iowa,google/prj-core-prod/bigquery,bigquery-prod,Dataset,Analytics,Data Warehouse,BigQuery,Google Cloud,GOO-BigQuery,GOO-BigQuery-us-central1,prj-core-prod,projeto-core,Subscription,"{""OwnerTeam"": ""redes"", ""Environment"": ""prod"", ""ManagedBy"": ""cloudformation""}"
2.9295,prj-core-prod,cloudfinops-demo,Billing Account,USD,2026-09-01T00:00:00Z,2026-10-01T00:00:00Z,Usage,,BigQuery - Data Warehouse,Usage-Based,2026-09-14T00:00:00Z,2026-09-14T23:59:59Z,,,,128.28,TB,2.9295,0.022837,2.9295,Google LLC,2.9295,0.022837,Standard,128.28,TB,us-central1,Iowa,google/prj-core-prod/bigquery,bigquery-prod,Dataset,Analytics,Data Warehouse,BigQuery,Google Cloud,GOO-BigQuery,GOO-BigQuery-us-central1,prj-core-prod,projeto-core,Subscription,"{""OwnerTeam"": ""backend"", ""Environment"": ""prod"", ""ManagedBy"": ""cloudformation""}"
2.9166,prj-core-prod,cloudfinops-demo,Billing Account,USD,2026-09-01T00:00:00Z,2026-10-01T00:00:00Z,Usage,,BigQuery - Data Warehouse,Usage-Based,2026-09-15T00:00:00Z,2026-09-15T23:59:59Z,,,,46.823,TB,2.9166,0.06229,2.9166,Google LLC,2.9166,0.06229,Standard,46.823,TB,us-central1,Iowa,google/prj-core-prod/bigquery,bigquery-prod,Dataset,Analytics,Data Warehouse,BigQuery,Google Cloud,GOO-BigQuery,GOO-BigQuery-us-central1,prj-core-prod,projeto-core,Subscription,"{""OwnerTeam"": ""plataforma"", ""Environment"": ""prod"", ""ManagedBy"": ""serverless""}"
2.756,prj-core-prod,cloudfinops-demo,Billing Account,USD,2026-09-01T00:00:00Z,2026-10-01T00:00:00Z,Usage,,BigQuery - Data Warehouse,Usage-Based,2026-09-16T00:00:00Z,2026-09-16T23:59:59Z,,,,8.288,TB,2.756,0.332529,2.756,Google LLC,2.756,0.332529,Standard,8.288,TB,us-central1,Iowa,google/prj-core-prod/bigquery,bigquery-prod,Dataset,Analytics,Data Warehouse,BigQuery,Google Cloud,GOO-BigQuery,GOO-BigQuery-us-central1,prj-core-prod,projeto-core,Subscription,"{""OwnerTeam"": ""backend"", ""Environment"": ""prod"", ""ManagedBy"": ""manual""}"
2.8021,prj-core-prod,cloudfinops-demo,Billing Account,USD,2026-09-01T00:00:00Z,2026-10-01T00:00:00Z,Usage,,BigQuery - Data Warehouse,Usage-Based,2026-09-17T00:00:00Z,2026-09-17T23:59:59Z,,,,8.037,TB,2.8021,0.34865,2.8021,Google LLC,2.8021,0.34865,Standard,8.037,TB,us-central1,Iowa,google/prj-core-prod/bigquery,bigquery-prod,Dataset,Analytics,Data Warehouse,BigQuery,Google Cloud,GOO-BigQuery,GOO-BigQuery-us-central1,prj-core-prod,projeto-core,Subscription,"{""OwnerTeam"": ""plataforma"", ""Environment"": ""prod"", ""ManagedBy"": ""serverless""}"
2.9362,prj-core-prod,cloudfinops-demo,Billing Account,USD,2026-09-01T00:00:00Z,2026-10-01T00:00:00Z,Usage,,BigQuery - Data Warehouse,Usage-Based,2026-09-18T00:00:00Z,2026-09-18T23:59:59Z,,,,7.493,TB,2.9362,0.391859,2.9362,Google LLC,2.9362,0.391859,Standard,7.493,TB,us-central1,Iowa,google/prj-core-prod/bigquery,bigquery-prod,Dataset,Analytics,Data Warehouse,BigQuery,Google Cloud,GOO-BigQuery,GOO-BigQuery-us-central1,prj-core-prod,projeto-core,Subscription,"{""OwnerTeam"": ""dados"", ""Environment"": ""prod"", ""ManagedBy"": ""cloudformation""}"
2.3635,prj-core-prod,cloudfinops-demo,Billing Account,USD,2026-09-01T00:00:00Z,2026-10-01T00:00:00Z,Usage,,BigQuery - Data Warehouse,Usage-Based,2026-09-19T00:00:00Z,2026-09-19T23:59:59Z,,,,9.548,TB,2.3635,0.247539,2.3635,Google LLC,2.3635,0.247539,Standard,9.548,TB,us-central1,Iowa,google/prj-core-prod/bigquery,bigquery-prod,Dataset,Analytics,Data Warehouse,BigQuery,Google Cloud,GOO-BigQuery,GOO-BigQuery-us-central1,prj-core-prod,projeto-core,Subscription,"{""OwnerTeam"": ""dados"", ""Environment"": ""prod"", ""ManagedBy"": ""terraform""}"
2.4037,prj-core-prod,cloudfinops-demo,Billing Account,USD,2026-09-01T00:00:00Z,2026-10-01T00:00:00Z,Usage,,BigQuery - Data Warehouse,Usage-Based,2026-09-20T00:00:00Z,2026-09-20T23:59:59Z,,,,8.254,TB,2.4037,0.291216,2.4037,Google LLC,2.4037,0.291216,Standard,8.254,TB,us-central1,Iowa,google/prj-core-prod/bigquery,bigquery-prod,Dataset,Analytics,Data Warehouse,BigQuery,Google Cloud,GOO-BigQuery,GOO-BigQuery-us-central1,prj-core-prod,projeto-core,Subscription,"{""OwnerTeam"": ""plataforma"", ""Environment"": ""prod"", ""ManagedBy"": ""terraform""}"
2.8208,prj-core-prod,cloudfinops-demo,Billing Account,USD,2026-09-01T00:00:00Z,2026-10-01T00:00:00Z,Usage,,BigQuery - Data Warehouse,Usage-Based,2026-09-21T00:00:00Z,2026-09-21T23:59:59Z,,,,19.701,TB,2.8208,0.143181,2.8208,Google LLC,2.8208,0.143181,Standard,19.701,TB,us-central1,Iowa,google/prj-core-prod/bigquery,bigquery-prod,Dataset,Analytics,Data Warehouse,BigQuery,Google Cloud,GOO-BigQuery,GOO-BigQuery-us-central1,prj-core-prod,projeto-core,Subscription,"{""OwnerTeam"": ""redes"", ""Environment"": ""prod"", ""ManagedBy"": ""cloudformation""}"
2.8081,prj-core-prod,cloudfinops-demo,Billing Account,USD,2026-09-01T00:00:00Z,2026-10-01T00:00:00Z,Usage,,BigQuery - Data Warehouse,Usage-Based,2026-09-22T00:00:00Z,2026-09-22T23:59:59Z,,,,20.056,TB,2.8081,0.140013,2.8081,Google LLC,2.8081,0.140013,Standard,20.056,TB,us-central1,Iowa,google/prj-core-prod/bigquery,bigquery-prod,Dataset,Analytics,Data Warehouse,BigQuery,Google Cloud,GOO-BigQuery,GOO-BigQuery-us-central1,prj-core-prod,projeto-core,Subscription,"{""OwnerTeam"": ""dados"", ""Environment"": ""prod"", ""ManagedBy"": ""cloudformation""}"
2.9083,prj-core-prod,cloudfinops-demo,Billing Account,USD,2026-09-01T00:00:00Z,2026-10-01T00:00:00Z,Usage,,BigQuery - Data Warehouse,Usage-Based,2026-09-23T00:00:00Z,2026-09-23T23:59:59Z,,,,9.656,TB,2.9083,0.301191,2.9083,Google LLC,2.9083,0.301191,Standard,9.656,TB,us-central1,Iowa,google/prj-core-prod/bigquery,bigquery-prod,Dataset,Analytics,Data Warehouse,BigQuery,Google Cloud,GOO-BigQuery,GOO-BigQuery-us-central1,prj-core-prod,projeto-core,Subscription,"{""OwnerTeam"": ""plataforma"", ""Environment"": ""prod"", ""ManagedBy"": ""cloudformation""}"
2.8866,prj-core-prod,cloudfinops-demo,Billing Account,USD,2026-09-01T00:00:00Z,2026-10-01T00:00:00Z,Usage,,BigQuery - Data Warehouse,Usage-Based,2026-09-24T00:00:00Z,2026-09-24T23:59:59Z,,,,40.825,TB,2.8866,0.070707,2.8866,Google LLC,2.8866,0.070707,Standard,40.825,TB,us-central1,Iowa,google/prj-core-prod/bigquery,bigquery-prod,Dataset,Analytics,Data Warehouse,BigQuery,Google Cloud,GOO-BigQuery,GOO-BigQuery-us-central1,prj-core-prod,projeto-core,Subscription,"{""OwnerTeam"": ""backend"", ""Environment"": ""prod"", ""ManagedBy"": ""serverless""}"
2.8569,prj-core-prod,cloudfinops-demo,Billing Account,USD,2026-09-01T00:00:00Z,2026-10-01T00:00:00Z,Usage,,BigQuery - Data Warehouse,Usage-Based,2026-09-25T00:00:00Z,2026-09-25T23:59:59Z,,,,10.28,TB,2.8569,0.277909,2.8569,Google LLC,2.8569,0.277909,Standard,10.28,TB,us-central1,Iowa,google/prj-core-prod/bigquery,bigquery-prod,Dataset,Analytics,Data Warehouse,BigQuery,Google Cloud,GOO-BigQuery,GOO-BigQuery-us-central1,prj-core-prod,projeto-core,Subscription,"{""OwnerTeam"": ""redes"", ""Environment"": ""prod"", ""ManagedBy"": ""manual""}"
2.3906,prj-core-prod,cloudfinops-demo,Billing Account,USD,2026-09-01T00:00:00Z,2026-10-01T00:00:00Z,Usage,,BigQuery - Data Warehouse,Usage-Based,2026-09-26T00:00:00Z,2026-09-26T23:59:59Z,,,,8.062,TB,2.3906,0.296527,2.3906,Google LLC,2.3906,0.296527,Standard,8.062,TB,us-central1,Iowa,google/prj-core-prod/bigquery,bigquery-prod,Dataset,Analytics,Data Warehouse,BigQuery,Google Cloud,GOO-BigQuery,GOO-BigQuery-us-central1,prj-core-prod,projeto-core,Subscription,"{""OwnerTeam"": ""dados"", ""Environment"": ""prod"", ""ManagedBy"": ""manual""}"
2.3552,prj-core-prod,cloudfinops-demo,Billing Account,USD,2026-09-01T00:00:00Z,2026-10-01T00:00:00Z,Usage,,BigQuery - Data Warehouse,Usage-Based,2026-09-27T00:00:00Z,2026-09-27T23:59:59Z,,,,11.254,TB,2.3552,0.209277,2.3552,Google LLC,2.3552,0.209277,Standard,11.254,TB,us-central1,Iowa,google/prj-core-prod/bigquery,bigquery-prod,Dataset,Analytics,Data Warehouse,BigQuery,Google Cloud,GOO-BigQuery,GOO-BigQuery-us-central1,prj-core-prod,projeto-core,Subscription,"{""OwnerTeam"": ""plataforma"", ""Environment"": ""prod"", ""ManagedBy"": ""serverless""}"
2.8594,prj-core-prod,cloudfinops-demo,Billing Account,USD,2026-09-01T00:00:00Z,2026-10-01T00:00:00Z,Usage,,BigQuery - Data Warehouse,Usage-Based,2026-09-28T00:00:00Z,2026-09-28T23:59:59Z,,,,10.549,TB,2.8594,0.271059,2.8594,Google LLC,2.8594,0.271059,Standard,10.549,TB,us-central1,Iowa,google/prj-core-prod/bigquery,bigquery-prod,Dataset,Analytics,Data Warehouse,BigQuery,Google Cloud,GOO-BigQuery,GOO-BigQuery-us-central1,prj-core-prod,projeto-core,Subscription,"{""OwnerTeam"": ""backend"", ""Environment"": ""prod"", ""ManagedBy"": ""terraform""}"
2.8959,prj-core-prod,cloudfinops-demo,Billing Account,USD,2026-09-01T00:00:00Z,2026-10-01T00:00:00Z,Usage,,BigQuery - Data Warehouse,Usage-Based,2026-09-29T00:00:00Z,2026-09-29T23:59:59Z,,,,21.575,TB,2.8959,0.134225,2.8959,Google LLC,2.8959,0.134225,Standard,21.575,TB,us-central1,Iowa,google/prj-core-prod/bigquery,bigquery-prod,Dataset,Analytics,Data Warehouse,BigQuery,Google Cloud,GOO-BigQuery,GOO-BigQuery-us-central1,prj-core-prod,projeto-core,Subscription,"{""OwnerTeam"": ""backend"", ""Environment"": ""prod"", ""ManagedBy"": ""serverless""}"
2.8083,prj-core-prod,cloudfinops-demo,Billing Account,USD,2026-09-01T00:00:00Z,2026-10-01T00:00:00Z,Usage,,BigQuery - Data Warehouse,Usage-Based,2026-09-30T00:00:00Z,2026-09-30T23:59:59Z,,,,67.791,TB,2.8083,0.041426,2.8083,Google LLC,2.8083,0.041426,Standard,67.791,TB,us-central1,Iowa,google/prj-core-prod/bigquery,bigquery-prod,Dataset,Analytics,Data Warehouse,BigQuery,Google Cloud,GOO-BigQuery,GOO-BigQuery-us-central1,prj-core-prod,projeto-core,Subscription,"{""OwnerTeam"": ""plataforma"", ""Environment"": ""prod"", ""ManagedBy"": ""serverless""}"
5.4141,prj-core-prod,cloudfinops-demo,Billing Account,USD,2026-10-01T00:00:00Z,2026-11-01T00:00:00Z,Usage,,BigQuery - Data Warehouse,Usage-Based,2026-10-01T00:00:00Z,2026-10-01T23:59:59Z,,,,25.481,TB,5.4141,0.212476,5.4141,Google LLC,5.4141,0.212476,Standard,25.481,TB,us-central1,Iowa,google/prj-core-prod/bigquery,bigquery-prod,Dataset,Analytics,Data Warehouse,BigQuery,Google Cloud,GOO-BigQuery,GOO-BigQuery-us-central1,prj-core-prod,projeto-core,Subscription,"{""OwnerTeam"": ""dados"", ""Environment"": ""prod"", ""ManagedBy"": ""terraform""}"
5.6085,prj-core-prod,cloudfinops-demo,Billing Account,USD,2026-10-01T00:00:00Z,2026-11-01T00:00:00Z,Usage,,BigQuery - Data Warehouse,Usage-Based,2026-10-02T00:00:00Z,2026-10-02T23:59:59Z,,,,105.069,TB,5.6085,0.053379,5.6085,Google LLC,5.6085,0.053379,Standard,105.069,TB,us-central1,Iowa,google/prj-core-prod/bigquery,bigquery-prod,Dataset,Analytics,Data Warehouse,BigQuery,Google Cloud,GOO-BigQuery,GOO-BigQuery-us-central1,prj-core-prod,projeto-core,Subscription,"{""OwnerTeam"": ""backend"", ""Environment"": ""prod"", ""ManagedBy"": ""cloudformation""}"
4.6849,prj-core-prod,cloudfinops-demo,Billing Account,USD,2026-10-01T00:00:00Z,2026-11-01T00:00:00Z,Usage,,BigQuery - Data Warehouse,Usage-Based,2026-10-03T00:00:00Z,2026-10-03T23:59:59Z,,,,72.33,TB,4.6849,0.064771,4.6849,Google LLC,4.6849,0.064771,Standard,72.33,TB,us-central1,Iowa,google/prj-core-prod/bigquery,bigquery-prod,Dataset,Analytics,Data Warehouse,BigQuery,Google Cloud,GOO-BigQuery,GOO-BigQuery-us-central1,prj-core-prod,projeto-core,Subscription,"{""OwnerTeam"": ""backend"", ""Environment"": ""prod"", ""ManagedBy"": ""cloudformation""}"
1.1906,prj-core-prod,cloudfinops-demo,Billing Account,USD,2026-08-01T00:00:00Z,2026-09-01T00:00:00Z,Usage,,BigQuery - Data Warehouse,Usage-Based,2026-08-01T00:00:00Z,2026-08-01T23:59:59Z,,,,5.339,TB,1.1906,0.223001,1.1906,Google LLC,1.1906,0.223001,Standard,5.339,TB,us-central1,Iowa,google/prj-data-lab/bigquery,bigquery-dev,Dataset,Analytics,Data Warehouse,BigQuery,Google Cloud,GOO-BigQuery,GOO-BigQuery-us-central1,prj-data-lab,projeto-dados,Subscription,"{""OwnerTeam"": ""backend"", ""Environment"": ""dev"", ""ManagedBy"": ""serverless""}"
1.2436,prj-core-prod,cloudfinops-demo,Billing Account,USD,2026-08-01T00:00:00Z,2026-09-01T00:00:00Z,Usage,,BigQuery - Data Warehouse,Usage-Based,2026-08-02T00:00:00Z,2026-08-02T23:59:59Z,,,,5.284,TB,1.2436,0.235352,1.2436,Google LLC,1.2436,0.235352,Standard,5.284,TB,us-central1,Iowa,google/prj-data-lab/bigquery,bigquery-dev,Dataset,Analytics,Data Warehouse,BigQuery,Google Cloud,GOO-BigQuery,GOO-BigQuery-us-central1,prj-data-lab,projeto-dados,Subscription,"{""OwnerTeam"": ""dados"", ""Environment"": ""dev"", ""ManagedBy"": ""terraform""}"
1.4985,prj-core-prod,cloudfinops-demo,Billing Account,USD,2026-08-01T00:00:00Z,2026-09-01T00:00:00Z,Usage,,BigQuery - Data Warehouse,Usage-Based,2026-08-03T00:00:00Z,2026-08-03T23:59:59Z,,,,4.156,TB,1.4985,0.360563,1.4985,Google LLC,1.4985,0.360563,Standard,4.156,TB,us-central1,Iowa,google/prj-data-lab/bigquery,bigquery-dev,Dataset,Analytics,Data Warehouse,BigQuery,Google Cloud,GOO-BigQuery,GOO-BigQuery-us-central1,prj-data-lab,projeto-dados,Subscription,"{""OwnerTeam"": ""backend"", ""Environment"": ""dev"", ""ManagedBy"": ""terraform""}"
1.4829,prj-core-prod,cloudfinops-demo,Billing Account,USD,2026-08-01T00:00:00Z,2026-09-01T00:00:00Z,Usage,,BigQuery - Data Warehouse,Usage-Based,2026-08-04T00:00:00Z,2026-08-04T23:59:59Z,,,,23.73,TB,1.4829,0.062491,1.4829,Google LLC,1.4829,0.062491,Standard,23.73,TB,us-central1,Iowa,google/prj-data-lab/bigquery,bigquery-dev,Dataset,Analytics,Data Warehouse,BigQuery,Google Cloud,GOO-BigQuery,GOO-BigQuery-us-central1,prj-data-lab,projeto-dados,Subscription,"{""OwnerTeam"": ""plataforma"", ""Environment"": ""dev"", ""ManagedBy"": ""manual""}"
1.4672,prj-core-prod,cloudfinops-demo,Billing Account,USD,2026-08-01T00:00:00Z,2026-09-01T00:00:00Z,Usage,,BigQuery - Data Warehouse,Usage-Based,2026-08-05T00:00:00Z,2026-08-05T23:59:59Z,,,,5.112,TB,1.4672,0.287011,1.4672,Google LLC,1.4672,0.287011,Standard,5.112,TB,us-central1,Iowa,google/prj-data-lab/bigquery,bigquery-dev,Dataset,Analytics,Data Warehouse,BigQuery,Google Cloud,GOO-BigQuery,GOO-BigQuery-us-central1,prj-data-lab,projeto-dados,Subscription,"{""OwnerTeam"": ""dados"", ""Environment"": ""dev"", ""ManagedBy"": ""terraform""}"
1.4751,prj-core-prod,cloudfinops-demo,Billing Account,USD,2026-08-01T00:00:00Z,2026-09-01T00:00:00Z,Usage,,BigQuery - Data Warehouse,Usage-Based,2026-08-06T00:00:00Z,2026-08-06T23:59:59Z,,,,32.737,TB,1.4751,0.045059,1.4751,Google LLC,1.4751,0.045059,Standard,32.737,TB,us-central1,Iowa,google/prj-data-lab/bigquery,bigquery-dev,Dataset,Analytics,Data Warehouse,BigQuery,Google Cloud,GOO-BigQuery,GOO-BigQuery-us-central1,prj-data-lab,projeto-dados,Subscription,"{""OwnerTeam"": ""dados"", ""Environment"": ""dev"", ""ManagedBy"": ""terraform""}"
1.4497,prj-core-prod,cloudfinops-demo,Billing Account,USD,2026-08-01T00:00:00Z,2026-09-01T00:00:00Z,Usage,,BigQuery - Data Warehouse,Usage-Based,2026-08-07T00:00:00Z,2026-08-07T23:59:59Z,,,,4.869,TB,1.4497,0.297741,1.4497,Google LLC,1.4497,0.297741,Standard,4.869,TB,us-central1,Iowa,google/prj-data-lab/bigquery,bigquery-dev,Dataset,Analytics,Data Warehouse,BigQuery,Google Cloud,GOO-BigQuery,GOO-BigQuery-us-central1,prj-data-lab,projeto-dados,Subscription,"{""OwnerTeam"": ""plataforma"", ""Environment"": ""dev"", ""ManagedBy"": ""manual""}"
1.2675,prj-core-prod,cloudfinops-demo,Billing Account,USD,2026-08-01T00:00:00Z,2026-09-01T00:00:00Z,Usage,,BigQuery - Data Warehouse,Usage-Based,2026-08-08T00:00:00Z,2026-08-08T23:59:59Z,,,,4.626,TB,1.2675,0.273995,1.2675,Google LLC,1.2675,0.273995,Standard,4.626,TB,us-central1,Iowa,google/prj-data-lab/bigquery,bigquery-dev,Dataset,Analytics,Data Warehouse,BigQuery,Google Cloud,GOO-BigQuery,GOO-BigQuery-us-central1,prj-data-lab,projeto-dados,Subscription,"{""OwnerTeam"": ""dados"", ""Environment"": ""dev"", ""ManagedBy"": ""terraform""}"
1.1919,prj-core-prod,cloudfinops-demo,Billing Account,USD,2026-08-01T00:00:00Z,2026-09-01T00:00:00Z,Usage,,BigQuery - Data Warehouse,Usage-Based,2026-08-09T00:00:00Z,2026-08-09T23:59:59Z,,,,3.373,TB,1.1919,0.353365,1.1919,Google LLC,1.1919,0.353365,Standard,3.373,TB,us-central1,Iowa,google/prj-data-lab/bigquery,bigquery-dev,Dataset,Analytics,Data Warehouse,BigQuery,Google Cloud,GOO-BigQuery,GOO-BigQuery-us-central1,prj-data-lab,projeto-dados,Subscription,"{""OwnerTeam"": ""dados"", ""Environment"": ""dev"", ""ManagedBy"": ""manual""}"
1.4555,prj-core-prod,cloudfinops-demo,Billing Account,USD,2026-08-01T00:00:00Z,2026-09-01T00:00:00Z,Usage,,BigQuery - Data Warehouse,Usage-Based,2026-08-10T00:00:00Z,2026-08-10T23:59:59Z,,,,4.559,TB,1.4555,0.319259,1.4555,Google LLC,1.4555,0.319259,Standard,4.559,TB,us-central1,Iowa,google/prj-data-lab/bigquery,bigquery-dev,Dataset,Analytics,Data Warehouse,BigQuery,Google Cloud,GOO-BigQuery,GOO-BigQuery-us-central1,prj-data-lab,projeto-dados,Subscription,"{""OwnerTeam"": ""plataforma"", ""Environment"": ""dev"", ""ManagedBy"": ""terraform""}"
1.454,prj-core-prod,cloudfinops-demo,Billing Account,USD,2026-08-01T00:00:00Z,2026-09-01T00:00:00Z,Usage,,BigQuery - Data Warehouse,Usage-Based,2026-08-11T00:00:00Z,2026-08-11T23:59:59Z,,,,14.868,TB,1.454,0.097794,1.454,Google LLC,1.454,0.097794,Standard,14.868,TB,us-central1,Iowa,google/prj-data-lab/bigquery,bigquery-dev,Dataset,Analytics,Data Warehouse,BigQuery,Google Cloud,GOO-BigQuery,GOO-BigQuery-us-central1,prj-data-lab,projeto-dados,Subscription,"{""OwnerTeam"": ""plataforma"", ""Environment"": ""dev"", ""ManagedBy"": ""manual""}"
1.4658,prj-core-prod,cloudfinops-demo,Billing Account,USD,2026-08-01T00:00:00Z,2026-09-01T00:00:00Z,Usage,,BigQuery - Data Warehouse,Usage-Based,2026-08-12T00:00:00Z,2026-08-12T23:59:59Z,,,,5.313,TB,1.4658,0.275889,1.4658,Google LLC,1.4658,0.275889,Standard,5.313,TB,us-central1,Iowa,google/prj-data-lab/bigquery,bigquery-dev,Dataset,Analytics,Data Warehouse,BigQuery,Google Cloud,GOO-BigQuery,GOO-BigQuery-us-central1,prj-data-lab,projeto-dados,Subscription,"{""OwnerTeam"": ""redes"", ""Environment"": ""dev"", ""ManagedBy"": ""manual""}"
1.4241,prj-core-prod,cloudfinops-demo,Billing Account,USD,2026-08-01T00:00:00Z,2026-09-01T00:00:00Z,Usage,,BigQuery - Data Warehouse,Usage-Based,2026-08-13T00:00:00Z,2026-08-13T23:59:59Z,,,,10.041,TB,1.4241,0.141829,1.4241,Google LLC,1.4241,0.141829,Standard,10.041,TB,us-central1,Iowa,google/prj-data-lab/bigquery,bigquery-dev,Dataset,Analytics,Data Warehouse,BigQuery,Google Cloud,GOO-BigQuery,GOO-BigQuery-us-central1,prj-data-lab,projeto-dados,Subscription,"{""OwnerTeam"": ""plataforma"", ""Environment"": ""dev"", ""ManagedBy"": ""manual""}"
1.4475,prj-core-prod,cloudfinops-demo,Billing Account,USD,2026-08-01T00:00:00Z,2026-09-01T00:00:00Z,Usage,,BigQuery - Data Warehouse,Usage-Based,2026-08-14T00:00:00Z,2026-08-14T23:59:59Z,,,,3.668,TB,1.4475,0.394629,1.4475,Google LLC,1.4475,0.394629,Standard,3.668,TB,us-central1,Iowa,google/prj-data-lab/bigquery,bigquery-dev,Dataset,Analytics,Data Warehouse,BigQuery,Google Cloud,GOO-BigQuery,GOO-BigQuery-us-central1,prj-data-lab,projeto-dados,Subscription,"{""OwnerTeam"": ""redes"", ""Environment"": ""dev"", ""ManagedBy"": ""serverless""}"
1.2597,prj-core-prod,cloudfinops-demo,Billing Account,USD,2026-08-01T00:00:00Z,2026-09-01T00:00:00Z,Usage,,BigQuery - Data Warehouse,Usage-Based,2026-08-15T00:00:00Z,2026-08-15T23:59:59Z,,,,3.748,TB,1.2597,0.336099,1.2597,Google LLC,1.2597,0.336099,Standard,3.748,TB,us-central1,Iowa,google/prj-data-lab/bigquery,bigquery-dev,Dataset,Analytics,Data Warehouse,BigQuery,Google Cloud,GOO-BigQuery,GOO-BigQuery-us-central1,prj-data-lab,projeto-dados,Subscription,"{""OwnerTeam"": ""dados"", ""Environment"": ""dev"", ""ManagedBy"": ""serverless""}"
1.2327,prj-core-prod,cloudfinops-demo,Billing Account,USD,2026-08-01T00:00:00Z,2026-09-01T00:00:00Z,Usage,,BigQuery - Data Warehouse,Usage-Based,2026-08-16T00:00:00Z,2026-08-16T23:59:59Z,,,,12.004,TB,1.2327,0.102691,1.2327,Google LLC,1.2327,0.102691,Standard,12.004,TB,us-central1,Iowa,google/prj-data-lab/bigquery,bigquery-dev,Dataset,Analytics,Data Warehouse,BigQuery,Google Cloud,GOO-BigQuery,GOO-BigQuery-us-central1,prj-data-lab,projeto-dados,Subscription,"{""OwnerTeam"": ""backend"", ""Environment"": ""dev"", ""ManagedBy"": ""terraform""}"
1.4524,prj-core-prod,cloudfinops-demo,Billing Account,USD,2026-08-01T00:00:00Z,2026-09-01T00:00:00Z,Usage,,BigQuery - Data Warehouse,Usage-Based,2026-08-17T00:00:00Z,2026-08-17T23:59:59Z,,,,8.613,TB,1.4524,0.168629,1.4524,Google LLC,1.4524,0.168629,Standard,8.613,TB,us-central1,Iowa,google/prj-data-lab/bigquery,bigquery-dev,Dataset,Analytics,Data Warehouse,BigQuery,Google Cloud,GOO-BigQuery,GOO-BigQuery-us-central1,prj-data-lab,projeto-dados,Subscription,"{""OwnerTeam"": ""dados"", ""Environment"": ""dev"", ""ManagedBy"": ""serverless""}"
1.4358,prj-core-prod,cloudfinops-demo,Billing Account,USD,2026-08-01T00:00:00Z,2026-09-01T00:00:00Z,Usage,,BigQuery - Data Warehouse,Usage-Based,2026-08-18T00:00:00Z,2026-08-18T23:59:59Z,,,,8.053,TB,1.4358,0.178294,1.4358,Google LLC,1.4358,0.178294,Standard,8.053,TB,us-central1,Iowa,google/prj-data-lab/bigquery,bigquery-dev,Dataset,Analytics,Data Warehouse,BigQuery,Google Cloud,GOO-BigQuery,GOO-BigQuery-us-central1,prj-data-lab,projeto-dados,Subscription,"{""OwnerTeam"": ""dados"", ""Environment"": ""dev"", ""ManagedBy"": ""cloudformation""}"
1.4734,prj-core-prod,cloudfinops-demo,Billing Account,USD,2026-08-01T00:00:00Z,2026-09-01T00:00:00Z,Usage,,BigQuery - Data Warehouse,Usage-Based,2026-08-19T00:00:00Z,2026-08-19T23:59:59Z,,,,5.034,TB,1.4734,0.29269,1.4734,Google LLC,1.4734,0.29269,Standard,5.034,TB,us-central1,Iowa,google/prj-data-lab/bigquery,bigquery-dev,Dataset,Analytics,Data Warehouse,BigQuery,Google Cloud,GOO-BigQuery,GOO-BigQuery-us-central1,prj-data-lab,projeto-dados,Subscription,"{""OwnerTeam"": ""redes"", ""Environment"": ""dev"", ""ManagedBy"": ""terraform""}"
1.4781,prj-core-prod,cloudfinops-demo,Billing Account,USD,2026-08-01T00:00:00Z,2026-09-01T00:00:00Z,Usage,,BigQuery - Data Warehouse,Usage-Based,2026-08-20T00:00:00Z,2026-08-20T23:59:59Z,,,,7.808,TB,1.4781,0.189306,1.4781,Google LLC,1.4781,0.189306,Standard,7.808,TB,us-central1,Iowa,google/prj-data-lab/bigquery,bigquery-dev,Dataset,Analytics,Data Warehouse,BigQuery,Google Cloud,GOO-BigQuery,GOO-BigQuery-us-central1,prj-data-lab,projeto-dados,Subscription,"{""OwnerTeam"": ""dados"", ""Environment"": ""dev"", ""ManagedBy"": ""manual""}"
1.4832,prj-core-prod,cloudfinops-demo,Billing Account,USD,2026-08-01T00:00:00Z,2026-09-01T00:00:00Z,Usage,,BigQuery - Data Warehouse,Usage-Based,2026-08-21T00:00:00Z,2026-08-21T23:59:59Z,,,,3.494,TB,1.4832,0.424499,1.4832,Google LLC,1.4832,0.424499,Standard,3.494,TB,us-central1,Iowa,google/prj-data-lab/bigquery,bigquery-dev,Dataset,Analytics,Data Warehouse,BigQuery,Google Cloud,GOO-BigQuery,GOO-BigQuery-us-central1,prj-data-lab,projeto-dados,Subscription,"{""OwnerTeam"": ""plataforma"", ""Environment"": ""dev"", ""ManagedBy"": ""manual""}"
1.1952,prj-core-prod,cloudfinops-demo,Billing Account,USD,2026-08-01T00:00:00Z,2026-09-01T00:00:00Z,Usage,,BigQuery - Data Warehouse,Usage-Based,2026-08-22T00:00:00Z,2026-08-22T23:59:59Z,,,,3.814,TB,1.1952,0.313372,1.1952,Google LLC,1.1952,0.313372,Standard,3.814,TB,us-central1,Iowa,google/prj-data-lab/bigquery,bigquery-dev,Dataset,Analytics,Data Warehouse,BigQuery,Google Cloud,GOO-BigQuery,GOO-BigQuery-us-central1,prj-data-lab,projeto-dados,Subscription,"{""OwnerTeam"": ""dados"", ""Environment"": ""dev"", ""ManagedBy"": ""serverless""}"
1.2542,prj-core-prod,cloudfinops-demo,Billing Account,USD,2026-08-01T00:00:00Z,2026-09-01T00:00:00Z,Usage,,BigQuery - Data Warehouse,Usage-Based,2026-08-23T00:00:00Z,2026-08-23T23:59:59Z,,,,4.091,TB,1.2542,0.306575,1.2542,Google LLC,1.2542,0.306575,Standard,4.091,TB,us-central1,Iowa,google/prj-data-lab/bigquery,bigquery-dev,Dataset,Analytics,Data Warehouse,BigQuery,Google Cloud,GOO-BigQuery,GOO-BigQuery-us-central1,prj-data-lab,projeto-dados,Subscription,"{""OwnerTeam"": ""dados"", ""Environment"": ""dev"", ""ManagedBy"": ""cloudformation""}"
1.4349,prj-core-prod,cloudfinops-demo,Billing Account,USD,2026-08-01T00:00:00Z,2026-09-01T00:00:00Z,Usage,,BigQuery - Data Warehouse,Usage-Based,2026-08-24T00:00:00Z,2026-08-24T23:59:59Z,,,,9.35,TB,1.4349,0.153465,1.4349,Google LLC,1.4349,0.153465,Standard,9.35,TB,us-central1,Iowa,google/prj-data-lab/bigquery,bigquery-dev,Dataset,Analytics,Data Warehouse,BigQuery,Google Cloud,GOO-BigQuery,GOO-BigQuery-us-central1,prj-data-lab,projeto-dados,Subscription,"{""OwnerTeam"": ""plataforma"", ""Environment"": ""dev"", ""ManagedBy"": ""manual""}"
1.4499,prj-core-prod,cloudfinops-demo,Billing Account,USD,2026-08-01T00:00:00Z,2026-09-01T00:00:00Z,Usage,,BigQuery - Data Warehouse,Usage-Based,2026-08-25T00:00:00Z,2026-08-25T23:59:59Z,,,,3.5,TB,1.4499,0.414257,1.4499,Google LLC,1.4499,0.414257,Standard,3.5,TB,us-central1,Iowa,google/prj-data-lab/bigquery,bigquery-dev,Dataset,Analytics,Data Warehouse,BigQuery,Google Cloud,GOO-BigQuery,GOO-BigQuery-us-central1,prj-data-lab,projeto-dados,Subscription,"{""OwnerTeam"": ""dados"", ""Environment"": ""dev"", ""ManagedBy"": ""serverless""}"
1.4313,prj-core-prod,cloudfinops-demo,Billing Account,USD,2026-08-01T00:00:00Z,2026-09-01T00:00:00Z,Usage,,BigQuery - Data Warehouse,Usage-Based,2026-08-26T00:00:00Z,2026-08-26T23:59:59Z,,,,40.191,TB,1.4313,0.035612,1.4313,Google LLC,1.4313,0.035612,Standard,40.191,TB,us-central1,Iowa,google/prj-data-lab/bigquery,bigquery-dev,Dataset,Analytics,Data Warehouse,BigQuery,Google Cloud,GOO-BigQuery,GOO-BigQuery-us-central1,prj-data-lab,projeto-dados,Subscription,"{""OwnerTeam"": ""plataforma"", ""Environment"": ""dev"", ""ManagedBy"": ""cloudformation""}"
1.4821,prj-core-prod,cloudfinops-demo,Billing Account,USD,2026-08-01T00:00:00Z,2026-09-01T00:00:00Z,Usage,,BigQuery - Data Warehouse,Usage-Based,2026-08-27T00:00:00Z,2026-08-27T23:59:59Z,,,,25.15,TB,1.4821,0.05893,1.4821,Google LLC,1.4821,0.05893,Standard,25.15,TB,us-central1,Iowa,google/prj-data-lab/bigquery,bigquery-dev,Dataset,Analytics,Data Warehouse,BigQuery,Google Cloud,GOO-BigQuery,GOO-BigQuery-us-central1,prj-data-lab,projeto-dados,Subscription,"{""OwnerTeam"": ""plataforma"", ""Environment"": ""dev"", ""ManagedBy"": ""terraform""}"
1.4973,prj-core-prod,cloudfinops-demo,Billing Account,USD,2026-08-01T00:00:00Z,2026-09-01T00:00:00Z,Usage,,BigQuery - Data Warehouse,Usage-Based,2026-08-28T00:00:00Z,2026-08-28T23:59:59Z,,,,9.526,TB,1.4973,0.15718,1.4973,Google LLC,1.4973,0.15718,Standard,9.526,TB,us-central1,Iowa,google/prj-data-lab/bigquery,bigquery-dev,Dataset,Analytics,Data Warehouse,BigQuery,Google Cloud,GOO-BigQuery,GOO-BigQuery-us-central1,prj-data-lab,projeto-dados,Subscription,"{""OwnerTeam"": ""backend"", ""Environment"": ""dev"", ""ManagedBy"": ""serverless""}"
1.194,prj-core-prod,cloudfinops-demo,Billing Account,USD,2026-08-01T00:00:00Z,2026-09-01T00:00:00Z,Usage,,BigQuery - Data Warehouse,Usage-Based,2026-08-29T00:00:00Z,2026-08-29T23:59:59Z,,,,5.568,TB,1.194,0.21444,1.194,Google LLC,1.194,0.21444,Standard,5.568,TB,us-central1,Iowa,google/prj-data-lab/bigquery,bigquery-dev,Dataset,Analytics,Data Warehouse,BigQuery,Google Cloud,GOO-BigQuery,GOO-BigQuery-us-central1,prj-data-lab,projeto-dados,Subscription,"{""OwnerTeam"": ""plataforma"", ""Environment"": ""dev"", ""ManagedBy"": ""manual""}"
1.2701,prj-core-prod,cloudfinops-demo,Billing Account,USD,2026-08-01T00:00:00Z,2026-09-01T00:00:00Z,Usage,,BigQuery - Data Warehouse,Usage-Based,2026-08-30T00:00:00Z,2026-08-30T23:59:59Z,,,,6.97,TB,1.2701,0.182224,1.2701,Google LLC,1.2701,0.182224,Standard,6.97,TB,us-central1,Iowa,google/prj-data-lab/bigquery,bigquery-dev,Dataset,Analytics,Data Warehouse,BigQuery,Google Cloud,GOO-BigQuery,GOO-BigQuery-us-central1,prj-data-lab,projeto-dados,Subscription,"{""OwnerTeam"": ""redes"", ""Environment"": ""dev"", ""ManagedBy"": ""terraform""}"
1.4828,prj-core-prod,cloudfinops-demo,Billing Account,USD,2026-08-01T00:00:00Z,2026-09-01T00:00:00Z,Usage,,BigQuery - Data Warehouse,Usage-Based,2026-08-31T00:00:00Z,2026-08-31T23:59:59Z,,,,4.924,TB,1.4828,0.301137,1.4828,Google LLC,1.4828,0.301137,Standard,4.924,TB,us-central1,Iowa,google/prj-data-lab/bigquery,bigquery-dev,Dataset,Analytics,Data Warehouse,BigQuery,Google Cloud,GOO-BigQuery,GOO-BigQuery-us-central1,prj-data-lab,projeto-dados,Subscription,"{""OwnerTeam"": ""plataforma"", ""Environment"": ""dev"", ""ManagedBy"": ""terraform""}"
1.5683,prj-core-prod,cloudfinops-demo,Billing Account,USD,2026-09-01T00:00:00Z,2026-10-01T00:00:00Z,Usage,,BigQuery - Data Warehouse,Usage-Based,2026-09-01T00:00:00Z,2026-09-01T23:59:59Z,,,,4.457,TB,1.5683,0.351873,1.5683,Google LLC,1.5683,0.351873,Standard,4.457,TB,us-central1,Iowa,google/prj-data-lab/bigquery,bigquery-dev,Dataset,Analytics,Data Warehouse,BigQuery,Google Cloud,GOO-BigQuery,GOO-BigQuery-us-central1,prj-data-lab,projeto-dados,Subscription,"{""OwnerTeam"": ""redes"", ""Environment"": ""dev"", ""ManagedBy"": ""manual""}"
1.5591,prj-core-prod,cloudfinops-demo,Billing Account,USD,2026-09-01T00:00:00Z,2026-10-01T00:00:00Z,Usage,,BigQuery - Data Warehouse,Usage-Based,2026-09-02T00:00:00Z,2026-09-02T23:59:59Z,,,,8.496,TB,1.5591,0.18351,1.5591,Google LLC,1.5591,0.18351,Standard,8.496,TB,us-central1,Iowa,google/prj-data-lab/bigquery,bigquery-dev,Dataset,Analytics,Data Warehouse,BigQuery,Google Cloud,GOO-BigQuery,GOO-BigQuery-us-central1,prj-data-lab,projeto-dados,Subscription,"{""OwnerTeam"": ""plataforma"", ""Environment"": ""dev"", ""ManagedBy"": ""manual""}"
1.5265,prj-core-prod,cloudfinops-demo,Billing Account,USD,2026-09-01T00:00:00Z,2026-10-01T00:00:00Z,Usage,,BigQuery - Data Warehouse,Usage-Based,2026-09-03T00:00:00Z,2026-09-03T23:59:59Z,,,,4.105,TB,1.5265,0.371864,1.5265,Google LLC,1.5265,0.371864,Standard,4.105,TB,us-central1,Iowa,google/prj-data-lab/bigquery,bigquery-dev,Dataset,Analytics,Data Warehouse,BigQuery,Google Cloud,GOO-BigQuery,GOO-BigQuery-us-central1,prj-data-lab,projeto-dados,Subscription,"{""OwnerTeam"": ""redes"", ""Environment"": ""dev"", ""ManagedBy"": ""serverless""}"
1.5317,prj-core-prod,cloudfinops-demo,Billing Account,USD,2026-09-01T00:00:00Z,2026-10-01T00:00:00Z,Usage,,BigQuery - Data Warehouse,Usage-Based,2026-09-04T00:00:00Z,2026-09-04T23:59:59Z,,,,5.385,TB,1.5317,0.284438,1.5317,Google LLC,1.5317,0.284438,Standard,5.385,TB,us-central1,Iowa,google/prj-data-lab/bigquery,bigquery-dev,Dataset,Analytics,Data Warehouse,BigQuery,Google Cloud,GOO-BigQuery,GOO-BigQuery-us-central1,prj-data-lab,projeto-dados,Subscription,"{""OwnerTeam"": ""plataforma"", ""Environment"": ""dev"", ""ManagedBy"": ""manual""}"
1.3112,prj-core-prod,cloudfinops-demo,Billing Account,USD,2026-09-01T00:00:00Z,2026-10-01T00:00:00Z,Usage,,BigQuery - Data Warehouse,Usage-Based,2026-09-05T00:00:00Z,2026-09-05T23:59:59Z,,,,3.961,TB,1.3112,0.331028,1.3112,Google LLC,1.3112,0.331028,Standard,3.961,TB,us-central1,Iowa,google/prj-data-lab/bigquery,bigquery-dev,Dataset,Analytics,Data Warehouse,BigQuery,Google Cloud,GOO-BigQuery,GOO-BigQuery-us-central1,prj-data-lab,projeto-dados,Subscription,"{""OwnerTeam"": ""redes"", ""Environment"": ""dev"", ""ManagedBy"": ""cloudformation""}"
1.2771,prj-core-prod,cloudfinops-demo,Billing Account,USD,2026-09-01T00:00:00Z,2026-10-01T00:00:00Z,Usage,,BigQuery - Data Warehouse,Usage-Based,2026-09-06T00:00:00Z,2026-09-06T23:59:59Z,,,,4.58,TB,1.2771,0.278843,1.2771,Google LLC,1.2771,0.278843,Standard,4.58,TB,us-central1,Iowa,google/prj-data-lab/bigquery,bigquery-dev,Dataset,Analytics,Data Warehouse,BigQuery,Google Cloud,GOO-BigQuery,GOO-BigQuery-us-central1,prj-data-lab,projeto-dados,Subscription,"{""OwnerTeam"": ""plataforma"", ""Environment"": ""dev"", ""ManagedBy"": ""cloudformation""}"
1.5283,prj-core-prod,cloudfinops-demo,Billing Account,USD,2026-09-01T00:00:00Z,2026-10-01T00:00:00Z,Usage,,BigQuery - Data Warehouse,Usage-Based,2026-09-07T00:00:00Z,2026-09-07T23:59:59Z,,,,3.408,TB,1.5283,0.448445,1.5283,Google LLC,1.5283,0.448445,Standard,3.408,TB,us-central1,Iowa,google/prj-data-lab/bigquery,bigquery-dev,Dataset,Analytics,Data Warehouse,BigQuery,Google Cloud,GOO-BigQuery,GOO-BigQuery-us-central1,prj-data-lab,projeto-dados,Subscription,"{""OwnerTeam"": ""dados"", ""Environment"": ""dev"", ""ManagedBy"": ""serverless""}"
1.5432,prj-core-prod,cloudfinops-demo,Billing Account,USD,2026-09-01T00:00:00Z,2026-10-01T00:00:00Z,Usage,,BigQuery - Data Warehouse,Usage-Based,2026-09-08T00:00:00Z,2026-09-08T23:59:59Z,,,,3.624,TB,1.5432,0.425828,1.5432,Google LLC,1.5432,0.425828,Standard,3.624,TB,us-central1,Iowa,google/prj-data-lab/bigquery,bigquery-dev,Dataset,Analytics,Data Warehouse,BigQuery,Google Cloud,GOO-BigQuery,GOO-BigQuery-us-central1,prj-data-lab,projeto-dados,Subscription,"{""OwnerTeam"": ""dados"", ""Environment"": ""dev"", ""ManagedBy"": ""terraform""}"
1.4855,prj-core-prod,cloudfinops-demo,Billing Account,USD,2026-09-01T00:00:00Z,2026-10-01T00:00:00Z,Usage,,BigQuery - Data Warehouse,Usage-Based,2026-09-09T00:00:00Z,2026-09-09T23:59:59Z,,,,7.075,TB,1.4855,0.209965,1.4855,Google LLC,1.4855,0.209965,Standard,7.075,TB,us-central1,Iowa,google/prj-data-lab/bigquery,bigquery-dev,Dataset,Analytics,Data Warehouse,BigQuery,Google Cloud,GOO-BigQuery,GOO-BigQuery-us-central1,prj-data-lab,projeto-dados,Subscription,"{""OwnerTeam"": ""dados"", ""Environment"": ""dev"", ""ManagedBy"": ""cloudformation""}"
1.5388,prj-core-prod,cloudfinops-demo,Billing Account,USD,2026-09-01T00:00:00Z,2026-10-01T00:00:00Z,Usage,,BigQuery - Data Warehouse,Usage-Based,2026-09-10T00:00:00Z,2026-09-10T23:59:59Z,,,,5.655,TB,1.5388,0.272113,1.5388,Google LLC,1.5388,0.272113,Standard,5.655,TB,us-central1,Iowa,google/prj-data-lab/bigquery,bigquery-dev,Dataset,Analytics,Data Warehouse,BigQuery,Google Cloud,GOO-BigQuery,GOO-BigQuery-us-central1,prj-data-lab,projeto-dados,Subscription,"{""OwnerTeam"": ""plataforma"", ""Environment"": ""dev"", ""ManagedBy"": ""manual""}"
1.5634,prj-core-prod,cloudfinops-demo,Billing Account,USD,2026-09-01T00:00:00Z,2026-10-01T00:00:00Z,Usage,,BigQuery - Data Warehouse,Usage-Based,2026-09-11T00:00:00Z,2026-09-11T23:59:59Z,,,,7.466,TB,1.5634,0.209403,1.5634,Google LLC,1.5634,0.209403,Standard,7.466,TB,us-central1,Iowa,google/prj-data-lab/bigquery,bigquery-dev,Dataset,Analytics,Data Warehouse,BigQuery,Google Cloud,GOO-BigQuery,GOO-BigQuery-us-central1,prj-data-lab,projeto-dados,Subscription,"{""OwnerTeam"": ""dados"", ""Environment"": ""dev"", ""ManagedBy"": ""cloudformation""}"
1.2624,prj-core-prod,cloudfinops-demo,Billing Account,USD,2026-09-01T00:00:00Z,2026-10-01T00:00:00Z,Usage,,BigQuery - Data Warehouse,Usage-Based,2026-09-12T00:00:00Z,2026-09-12T23:59:59Z,,,,6.556,TB,1.2624,0.192556,1.2624,Google LLC,1.2624,0.192556,Standard,6.556,TB,us-central1,Iowa,google/prj-data-lab/bigquery,bigquery-dev,Dataset,Analytics,Data Warehouse,BigQuery,Google Cloud,GOO-BigQuery,GOO-BigQuery-us-central1,prj-data-lab,projeto-dados,Subscription,"{""OwnerTeam"": ""dados"", ""Environment"": ""dev"", ""ManagedBy"": ""manual""}"
1.2697,prj-core-prod,cloudfinops-demo,Billing Account,USD,2026-09-01T00:00:00Z,2026-10-01T00:00:00Z,Usage,,BigQuery - Data Warehouse,Usage-Based,2026-09-13T00:00:00Z,2026-09-13T23:59:59Z,,,,5.515,TB,1.2697,0.230227,1.2697,Google LLC,1.2697,0.230227,Standard,5.515,TB,us-central1,Iowa,google/prj-data-lab/bigquery,bigquery-dev,Dataset,Analytics,Data Warehouse,BigQuery,Google Cloud,GOO-BigQuery,GOO-BigQuery-us-central1,prj-data-lab,projeto-dados,Subscription,"{""OwnerTeam"": ""redes"", ""Environment"": ""dev"", ""ManagedBy"": ""manual""}"
1.5407,prj-core-prod,cloudfinops-demo,Billing Account,USD,2026-09-01T00:00:00Z,2026-10-01T00:00:00Z,Usage,,BigQuery - Data Warehouse,Usage-Based,2026-09-14T00:00:00Z,2026-09-14T23:59:59Z,,,,9.525,TB,1.5407,0.161753,1.5407,Google LLC,1.5407,0.161753,Standard,9.525,TB,us-central1,Iowa,google/prj-data-lab/bigquery,bigquery-dev,Dataset,Analytics,Data Warehouse,BigQuery,Google Cloud,GOO-BigQuery,GOO-BigQuery-us-central1,prj-data-lab,projeto-dados,Subscription,"{""OwnerTeam"": ""plataforma"", ""Environment"": ""dev"", ""ManagedBy"": ""terraform""}"
1.5599,prj-core-prod,cloudfinops-demo,Billing Account,USD,2026-09-01T00:00:00Z,2026-10-01T00:00:00Z,Usage,,BigQuery - Data Warehouse,Usage-Based,2026-09-15T00:00:00Z,2026-09-15T23:59:59Z,,,,3.952,TB,1.5599,0.394712,1.5599,Google LLC,1.5599,0.394712,Standard,3.952,TB,us-central1,Iowa,google/prj-data-lab/bigquery,bigquery-dev,Dataset,Analytics,Data Warehouse,BigQuery,Google Cloud,GOO-BigQuery,GOO-BigQuery-us-central1,prj-data-lab,projeto-dados,Subscription,"{""OwnerTeam"": ""plataforma"", ""Environment"": ""dev"", ""ManagedBy"": ""cloudformation""}"
1.4846,prj-core-prod,cloudfinops-demo,Billing Account,USD,2026-09-01T00:00:00Z,2026-10-01T00:00:00Z,Usage,,BigQuery - Data Warehouse,Usage-Based,2026-09-16T00:00:00Z,2026-09-16T23:59:59Z,,,,4.029,TB,1.4846,0.368479,1.4846,Google LLC,1.4846,0.368479,Standard,4.029,TB,us-central1,Iowa,google/prj-data-lab/bigquery,bigquery-dev,Dataset,Analytics,Data Warehouse,BigQuery,Google Cloud,GOO-BigQuery,GOO-BigQuery-us-central1,prj-data-lab,projeto-dados,Subscription,"{""OwnerTeam"": ""dados"", ""Environment"": ""dev"", ""ManagedBy"": ""terraform""}"
1.586,prj-core-prod,cloudfinops-demo,Billing Account,USD,2026-09-01T00:00:00Z,2026-10-01T00:00:00Z,Usage,,BigQuery - Data Warehouse,Usage-Based,2026-09-17T00:00:00Z,2026-09-17T23:59:59Z,,,,5.485,TB,1.586,0.289152,1.586,Google LLC,1.586,0.289152,Standard,5.485,TB,us-central1,Iowa,google/prj-data-lab/bigquery,bigquery-dev,Dataset,Analytics,Data Warehouse,BigQuery,Google Cloud,GOO-BigQuery,GOO-BigQuery-us-central1,prj-data-lab,projeto-dados,Subscription,"{""OwnerTeam"": ""plataforma"", ""Environment"": ""dev"", ""ManagedBy"": ""cloudformation""}"
1.5095,prj-core-prod,cloudfinops-demo,Billing Account,USD,2026-09-01T00:00:00Z,2026-10-01T00:00:00Z,Usage,,BigQuery - Data Warehouse,Usage-Based,2026-09-18T00:00:00Z,2026-09-18T23:59:59Z,,,,5.014,TB,1.5095,0.301057,1.5095,Google LLC,1.5095,0.301057,Standard,5.014,TB,us-central1,Iowa,google/prj-data-lab/bigquery,bigquery-dev,Dataset,Analytics,Data Warehouse,BigQuery,Google Cloud,GOO-BigQuery,GOO-BigQuery-us-central1,prj-data-lab,projeto-dados,Subscription,"{""OwnerTeam"": ""plataforma"", ""Environment"": ""dev"", ""ManagedBy"": ""manual""}"
1.3242,prj-core-prod,cloudfinops-demo,Billing Account,USD,2026-09-01T00:00:00Z,2026-10-01T00:00:00Z,Usage,,BigQuery - Data Warehouse,Usage-Based,2026-09-19T00:00:00Z,2026-09-19T23:59:59Z,,,,3.327,TB,1.3242,0.398016,1.3242,Google LLC,1.3242,0.398016,Standard,3.327,TB,us-central1,Iowa,google/prj-data-lab/bigquery,bigquery-dev,Dataset,Analytics,Data Warehouse,BigQuery,Google Cloud,GOO-BigQuery,GOO-BigQuery-us-central1,prj-data-lab,projeto-dados,Subscription,"{""OwnerTeam"": ""redes"", ""Environment"": ""dev"", ""ManagedBy"": ""cloudformation""}"
1.3158,prj-core-prod,cloudfinops-demo,Billing Account,USD,2026-09-01T00:00:00Z,2026-10-01T00:00:00Z,Usage,,BigQuery - Data Warehouse,Usage-Based,2026-09-20T00:00:00Z,2026-09-20T23:59:59Z,,,,7.933,TB,1.3158,0.165864,1.3158,Google LLC,1.3158,0.165864,Standard,7.933,TB,us-central1,Iowa,google/prj-data-lab/bigquery,bigquery-dev,Dataset,Analytics,Data Warehouse,BigQuery,Google Cloud,GOO-BigQuery,GOO-BigQuery-us-central1,prj-data-lab,projeto-dados,Subscription,"{""OwnerTeam"": ""redes"", ""Environment"": ""dev"", ""ManagedBy"": ""cloudformation""}"
1.5342,prj-core-prod,cloudfinops-demo,Billing Account,USD,2026-09-01T00:00:00Z,2026-10-01T00:00:00Z,Usage,,BigQuery - Data Warehouse,Usage-Based,2026-09-21T00:00:00Z,2026-09-21T23:59:59Z,,,,4.21,TB,1.5342,0.364418,1.5342,Google LLC,1.5342,0.364418,Standard,4.21,TB,us-central1,Iowa,google/prj-data-lab/bigquery,bigquery-dev,Dataset,Analytics,Data Warehouse,BigQuery,Google Cloud,GOO-BigQuery,GOO-BigQuery-us-central1,prj-data-lab,projeto-dados,Subscription,"{""OwnerTeam"": ""dados"", ""Environment"": ""dev"", ""ManagedBy"": ""manual""}"
1.5389,prj-core-prod,cloudfinops-demo,Billing Account,USD,2026-09-01T00:00:00Z,2026-10-01T00:00:00Z,Usage,,BigQuery - Data Warehouse,Usage-Based,2026-09-22T00:00:00Z,2026-09-22T23:59:59Z,,,,4.69,TB,1.5389,0.328124,1.5389,Google LLC,1.5389,0.328124,Standard,4.69,TB,us-central1,Iowa,google/prj-data-lab/bigquery,bigquery-dev,Dataset,Analytics,Data Warehouse,BigQuery,Google Cloud,GOO-BigQuery,GOO-BigQuery-us-central1,prj-data-lab,projeto-dados,Subscription,"{""OwnerTeam"": ""backend"", ""Environment"": ""dev"", ""ManagedBy"": ""cloudformation""}"
1.555,prj-core-prod,cloudfinops-demo,Billing Account,USD,2026-09-01T00:00:00Z,2026-10-01T00:00:00Z,Usage,,BigQuery - Data Warehouse,Usage-Based,2026-09-23T00:00:00Z,2026-09-23T23:59:59Z,,,,8.89,TB,1.555,0.174916,1.555,Google LLC,1.555,0.174916,Standard,8.89,TB,us-central1,Iowa,google/prj-data-lab/bigquery,bigquery-dev,Dataset,Analytics,Data Warehouse,BigQuery,Google Cloud,GOO-BigQuery,GOO-BigQuery-us-central1,prj-data-lab,projeto-dados,Subscription,"{""OwnerTeam"": ""dados"", ""Environment"": ""dev"", ""ManagedBy"": ""cloudformation""}"
1.5733,prj-core-prod,cloudfinops-demo,Billing Account,USD,2026-09-01T00:00:00Z,2026-10-01T00:00:00Z,Usage,,BigQuery - Data Warehouse,Usage-Based,2026-09-24T00:00:00Z,2026-09-24T23:59:59Z,,,,3.934,TB,1.5733,0.399924,1.5733,Google LLC,1.5733,0.399924,Standard,3.934,TB,us-central1,Iowa,google/prj-data-lab/bigquery,bigquery-dev,Dataset,Analytics,Data Warehouse,BigQuery,Google Cloud,GOO-BigQuery,GOO-BigQuery-us-central1,prj-data-lab,projeto-dados,Subscription,"{""OwnerTeam"": ""plataforma"", ""Environment"": ""dev"", ""ManagedBy"": ""cloudformation""}"
1.5208,prj-core-prod,cloudfinops-demo,Billing Account,USD,2026-09-01T00:00:00Z,2026-10-01T00:00:00Z,Usage,,BigQuery - Data Warehouse,Usage-Based,2026-09-25T00:00:00Z,2026-09-25T23:59:59Z,,,,4.809,TB,1.5208,0.31624,1.5208,Google LLC,1.5208,0.31624,Standard,4.809,TB,us-central1,Iowa,google/prj-data-lab/bigquery,bigquery-dev,Dataset,Analytics,Data Warehouse,BigQuery,Google Cloud,GOO-BigQuery,GOO-BigQuery-us-central1,prj-data-lab,projeto-dados,Subscription,"{""OwnerTeam"": ""backend"", ""Environment"": ""dev"", ""ManagedBy"": ""manual""}"
1.3151,prj-core-prod,cloudfinops-demo,Billing Account,USD,2026-09-01T00:00:00Z,2026-10-01T00:00:00Z,Usage,,BigQuery - Data Warehouse,Usage-Based,2026-09-26T00:00:00Z,2026-09-26T23:59:59Z,,,,21.97,TB,1.3151,0.059859,1.3151,Google LLC,1.3151,0.059859,Standard,21.97,TB,us-central1,Iowa,google/prj-data-lab/bigquery,bigquery-dev,Dataset,Analytics,Data Warehouse,BigQuery,Google Cloud,GOO-BigQuery,GOO-BigQuery-us-central1,prj-data-lab,projeto-dados,Subscription,"{""OwnerTeam"": ""redes"", ""Environment"": ""dev"", ""ManagedBy"": ""manual""}"
1.2868,prj-core-prod,cloudfinops-demo,Billing Account,USD,2026-09-01T00:00:00Z,2026-10-01T00:00:00Z,Usage,,BigQuery - Data Warehouse,Usage-Based,2026-09-27T00:00:00Z,2026-09-27T23:59:59Z,,,,4.944,TB,1.2868,0.260275,1.2868,Google LLC,1.2868,0.260275,Standard,4.944,TB,us-central1,Iowa,google/prj-data-lab/bigquery,bigquery-dev,Dataset,Analytics,Data Warehouse,BigQuery,Google Cloud,GOO-BigQuery,GOO-BigQuery-us-central1,prj-data-lab,projeto-dados,Subscription,"{""OwnerTeam"": ""redes"", ""Environment"": ""dev"", ""ManagedBy"": ""serverless""}"
1.5127,prj-core-prod,cloudfinops-demo,Billing Account,USD,2026-09-01T00:00:00Z,2026-10-01T00:00:00Z,Usage,,BigQuery - Data Warehouse,Usage-Based,2026-09-28T00:00:00Z,2026-09-28T23:59:59Z,,,,7.425,TB,1.5127,0.203731,1.5127,Google LLC,1.5127,0.203731,Standard,7.425,TB,us-central1,Iowa,google/prj-data-lab/bigquery,bigquery-dev,Dataset,Analytics,Data Warehouse,BigQuery,Google Cloud,GOO-BigQuery,GOO-BigQuery-us-central1,prj-data-lab,projeto-dados,Subscription,"{""OwnerTeam"": ""backend"", ""Environment"": ""dev"", ""ManagedBy"": ""serverless""}"
1.5404,prj-core-prod,cloudfinops-demo,Billing Account,USD,2026-09-01T00:00:00Z,2026-10-01T00:00:00Z,Usage,,BigQuery - Data Warehouse,Usage-Based,2026-09-29T00:00:00Z,2026-09-29T23:59:59Z,,,,4.848,TB,1.5404,0.317739,1.5404,Google LLC,1.5404,0.317739,Standard,4.848,TB,us-central1,Iowa,google/prj-data-lab/bigquery,bigquery-dev,Dataset,Analytics,Data Warehouse,BigQuery,Google Cloud,GOO-BigQuery,GOO-BigQuery-us-central1,prj-data-lab,projeto-dados,Subscription,"{""OwnerTeam"": ""backend"", ""Environment"": ""dev"", ""ManagedBy"": ""terraform""}"
1.4805,prj-core-prod,cloudfinops-demo,Billing Account,USD,2026-09-01T00:00:00Z,2026-10-01T00:00:00Z,Usage,,BigQuery - Data Warehouse,Usage-Based,2026-09-30T00:00:00Z,2026-09-30T23:59:59Z,,,,45.258,TB,1.4805,0.032712,1.4805,Google LLC,1.4805,0.032712,Standard,45.258,TB,us-central1,Iowa,google/prj-data-lab/bigquery,bigquery-dev,Dataset,Analytics,Data Warehouse,BigQuery,Google Cloud,GOO-BigQuery,GOO-BigQuery-us-central1,prj-data-lab,projeto-dados,Subscription,"{""OwnerTeam"": ""dados"", ""Environment"": ""dev"", ""ManagedBy"": ""manual""}"
2.9632,prj-core-prod,cloudfinops-demo,Billing Account,USD,2026-10-01T00:00:00Z,2026-11-01T00:00:00Z,Usage,,BigQuery - Data Warehouse,Usage-Based,2026-10-01T00:00:00Z,2026-10-01T23:59:59Z,,,,10.643,TB,2.9632,0.278418,2.9632,Google LLC,2.9632,0.278418,Standard,10.643,TB,us-central1,Iowa,google/prj-data-lab/bigquery,bigquery-dev,Dataset,Analytics,Data Warehouse,BigQuery,Google Cloud,GOO-BigQuery,GOO-BigQuery-us-central1,prj-data-lab,projeto-dados,Subscription,"{""OwnerTeam"": ""dados"", ""Environment"": ""dev"", ""ManagedBy"": ""manual""}"
2.9902,prj-core-prod,cloudfinops-demo,Billing Account,USD,2026-10-01T00:00:00Z,2026-11-01T00:00:00Z,Usage,,BigQuery - Data Warehouse,Usage-Based,2026-10-02T00:00:00Z,2026-10-02T23:59:59Z,,,,56.838,TB,2.9902,0.052609,2.9902,Google LLC,2.9902,0.052609,Standard,56.838,TB,us-central1,Iowa,google/prj-data-lab/bigquery,bigquery-dev,Dataset,Analytics,Data Warehouse,BigQuery,Google Cloud,GOO-BigQuery,GOO-BigQuery-us-central1,prj-data-lab,projeto-dados,Subscription,"{""OwnerTeam"": ""redes"", ""Environment"": ""dev"", ""ManagedBy"": ""cloudformation""}"
2.4821,prj-core-prod,cloudfinops-demo,Billing Account,USD,2026-10-01T00:00:00Z,2026-11-01T00:00:00Z,Usage,,BigQuery - Data Warehouse,Usage-Based,2026-10-03T00:00:00Z,2026-10-03T23:59:59Z,,,,9.588,TB,2.4821,0.258876,2.4821,Google LLC,2.4821,0.258876,Standard,9.588,TB,us-central1,Iowa,google/prj-data-lab/bigquery,bigquery-dev,Dataset,Analytics,Data Warehouse,BigQuery,Google Cloud,GOO-BigQuery,GOO-BigQuery-us-central1,prj-data-lab,projeto-dados,Subscription,"{""OwnerTeam"": ""plataforma"", ""Environment"": ""dev"", ""ManagedBy"": ""cloudformation""}"
1.0513,prj-core-prod,cloudfinops-demo,Billing Account,USD,2026-08-01T00:00:00Z,2026-09-01T00:00:00Z,Usage,,Cloud Functions - Serverless Compute,Usage-Based,2026-08-01T00:00:00Z,2026-08-01T23:59:59Z,,,,2.468,Request,1.0513,0.425972,1.0513,Google LLC,1.0513,0.425972,Standard,2.468,Request,us-central1,Iowa,google/prj-core-prod/cloud-functions,cloud-functions-prod,Function,Compute,Serverless Compute,Cloud Functions,Google Cloud,GOO-CloudFunctio,GOO-CloudFun-us-central1,prj-core-prod,projeto-core,Subscription,"{""OwnerTeam"": ""plataforma"", ""Environment"": ""prod"", ""ManagedBy"": ""terraform""}"
1.0496,prj-core-prod,cloudfinops-demo,Billing Account,USD,2026-08-01T00:00:00Z,2026-09-01T00:00:00Z,Usage,,Cloud Functions - Serverless Compute,Usage-Based,2026-08-02T00:00:00Z,2026-08-02T23:59:59Z,,,,3.934,Request,1.0496,0.266802,1.0496,Google LLC,1.0496,0.266802,Standard,3.934,Request,us-central1,Iowa,google/prj-core-prod/cloud-functions,cloud-functions-prod,Function,Compute,Serverless Compute,Cloud Functions,Google Cloud,GOO-CloudFunctio,GOO-CloudFun-us-central1,prj-core-prod,projeto-core,Subscription,"{""OwnerTeam"": ""plataforma"", ""Environment"": ""prod"", ""ManagedBy"": ""cloudformation""}"
1.2253,prj-core-prod,cloudfinops-demo,Billing Account,USD,2026-08-01T00:00:00Z,2026-09-01T00:00:00Z,Usage,,Cloud Functions - Serverless Compute,Usage-Based,2026-08-03T00:00:00Z,2026-08-03T23:59:59Z,,,,2.997,Request,1.2253,0.408842,1.2253,Google LLC,1.2253,0.408842,Standard,2.997,Request,us-central1,Iowa,google/prj-core-prod/cloud-functions,cloud-functions-prod,Function,Compute,Serverless Compute,Cloud Functions,Google Cloud,GOO-CloudFunctio,GOO-CloudFun-us-central1,prj-core-prod,projeto-core,Subscription,"{""OwnerTeam"": ""dados"", ""Environment"": ""prod"", ""ManagedBy"": ""manual""}"
1.2854,prj-core-prod,cloudfinops-demo,Billing Account,USD,2026-08-01T00:00:00Z,2026-09-01T00:00:00Z,Usage,,Cloud Functions - Serverless Compute,Usage-Based,2026-08-04T00:00:00Z,2026-08-04T23:59:59Z,,,,3.7,Request,1.2854,0.347405,1.2854,Google LLC,1.2854,0.347405,Standard,3.7,Request,us-central1,Iowa,google/prj-core-prod/cloud-functions,cloud-functions-prod,Function,Compute,Serverless Compute,Cloud Functions,Google Cloud,GOO-CloudFunctio,GOO-CloudFun-us-central1,prj-core-prod,projeto-core,Subscription,"{""OwnerTeam"": ""backend"", ""Environment"": ""prod"", ""ManagedBy"": ""cloudformation""}"
1.272,prj-core-prod,cloudfinops-demo,Billing Account,USD,2026-08-01T00:00:00Z,2026-09-01T00:00:00Z,Usage,,Cloud Functions - Serverless Compute,Usage-Based,2026-08-05T00:00:00Z,2026-08-05T23:59:59Z,,,,4.343,Request,1.272,0.292885,1.272,Google LLC,1.272,0.292885,Standard,4.343,Request,us-central1,Iowa,google/prj-core-prod/cloud-functions,cloud-functions-prod,Function,Compute,Serverless Compute,Cloud Functions,Google Cloud,GOO-CloudFunctio,GOO-CloudFun-us-central1,prj-core-prod,projeto-core,Subscription,"{""OwnerTeam"": ""backend"", ""Environment"": ""prod"", ""ManagedBy"": ""terraform""}"
1.2887,prj-core-prod,cloudfinops-demo,Billing Account,USD,2026-08-01T00:00:00Z,2026-09-01T00:00:00Z,Usage,,Cloud Functions - Serverless Compute,Usage-Based,2026-08-06T00:00:00Z,2026-08-06T23:59:59Z,,,,3.228,Request,1.2887,0.399226,1.2887,Google LLC,1.2887,0.399226,Standard,3.228,Request,us-central1,Iowa,google/prj-core-prod/cloud-functions,cloud-functions-prod,Function,Compute,Serverless Compute,Cloud Functions,Google Cloud,GOO-CloudFunctio,GOO-CloudFun-us-central1,prj-core-prod,projeto-core,Subscription,"{""OwnerTeam"": ""plataforma"", ""Environment"": ""prod"", ""ManagedBy"": ""serverless""}"
1.2506,prj-core-prod,cloudfinops-demo,Billing Account,USD,2026-08-01T00:00:00Z,2026-09-01T00:00:00Z,Usage,,Cloud Functions - Serverless Compute,Usage-Based,2026-08-07T00:00:00Z,2026-08-07T23:59:59Z,cd-google-compute,Usage,Used,8.639,Request,1.0505,0.144762,1.0505,Google LLC,1.2506,0.144762,Committed,8.639,Request,us-central1,Iowa,google/prj-core-prod/cloud-functions,cloud-functions-prod,Function,Compute,Serverless Compute,Cloud Functions,Google Cloud,GOO-CloudFunctio,GOO-CloudFun-us-central1,prj-core-prod,projeto-core,Subscription,"{""OwnerTeam"": ""backend"", ""Environment"": ""prod"", ""ManagedBy"": ""terraform""}"
1.0763,prj-core-prod,cloudfinops-demo,Billing Account,USD,2026-08-01T00:00:00Z,2026-09-01T00:00:00Z,Usage,,Cloud Functions - Serverless Compute,Usage-Based,2026-08-08T00:00:00Z,2026-08-08T23:59:59Z,cd-google-compute,Usage,Used,3.129,Request,0.9041,0.343976,0.9041,Google LLC,1.0763,0.343976,Committed,3.129,Request,us-central1,Iowa,google/prj-core-prod/cloud-functions,cloud-functions-prod,Function,Compute,Serverless Compute,Cloud Functions,Google Cloud,GOO-CloudFunctio,GOO-CloudFun-us-central1,prj-core-prod,projeto-core,Subscription,"{""OwnerTeam"": ""redes"", ""Environment"": ""prod"", ""ManagedBy"": ""terraform""}"
1.0695,prj-core-prod,cloudfinops-demo,Billing Account,USD,2026-08-01T00:00:00Z,2026-09-01T00:00:00Z,Usage,,Cloud Functions - Serverless Compute,Usage-Based,2026-08-09T00:00:00Z,2026-08-09T23:59:59Z,cd-google-compute,Usage,Used,5.216,Request,0.8984,0.205042,0.8984,Google LLC,1.0695,0.205042,Committed,5.216,Request,us-central1,Iowa,google/prj-core-prod/cloud-functions,cloud-functions-prod,Function,Compute,Serverless Compute,Cloud Functions,Google Cloud,GOO-CloudFunctio,GOO-CloudFun-us-central1,prj-core-prod,projeto-core,Subscription,"{""OwnerTeam"": ""backend"", ""Environment"": ""prod"", ""ManagedBy"": ""manual""}"
1.2764,prj-core-prod,cloudfinops-demo,Billing Account,USD,2026-08-01T00:00:00Z,2026-09-01T00:00:00Z,Usage,,Cloud Functions - Serverless Compute,Usage-Based,2026-08-10T00:00:00Z,2026-08-10T23:59:59Z,,,,3.191,Request,1.2764,0.4,1.2764,Google LLC,1.2764,0.4,Standard,3.191,Request,us-central1,Iowa,google/prj-core-prod/cloud-functions,cloud-functions-prod,Function,Compute,Serverless Compute,Cloud Functions,Google Cloud,GOO-CloudFunctio,GOO-CloudFun-us-central1,prj-core-prod,projeto-core,Subscription,"{""OwnerTeam"": ""backend"", ""Environment"": ""prod"", ""ManagedBy"": ""serverless""}"
1.264,prj-core-prod,cloudfinops-demo,Billing Account,USD,2026-08-01T00:00:00Z,2026-09-01T00:00:00Z,Usage,,Cloud Functions - Serverless Compute,Usage-Based,2026-08-11T00:00:00Z,2026-08-11T23:59:59Z,cd-google-compute,Usage,Used,8.538,Request,1.0618,0.148044,1.0618,Google LLC,1.264,0.148044,Committed,8.538,Request,us-central1,Iowa,google/prj-core-prod/cloud-functions,cloud-functions-prod,Function,Compute,Serverless Compute,Cloud Functions,Google Cloud,GOO-CloudFunctio,GOO-CloudFun-us-central1,prj-core-prod,projeto-core,Subscription,"{""OwnerTeam"": ""dados"", ""Environment"": ""prod"", ""ManagedBy"": ""cloudformation""}"
1.2721,prj-core-prod,cloudfinops-demo,Billing Account,USD,2026-08-01T00:00:00Z,2026-09-01T00:00:00Z,Usage,,Cloud Functions - Serverless Compute,Usage-Based,2026-08-12T00:00:00Z,2026-08-12T23:59:59Z,cd-google-compute,Usage,Used,3.521,Request,1.0686,0.361289,1.0686,Google LLC,1.2721,0.361289,Committed,3.521,Request,us-central1,Iowa,google/prj-core-prod/cloud-functions,cloud-functions-prod,Function,Compute,Serverless Compute,Cloud Functions,Google Cloud,GOO-CloudFunctio,GOO-CloudFun-us-central1,prj-core-prod,projeto-core,Subscription,"{""OwnerTeam"": ""redes"", ""Environment"": ""prod"", ""ManagedBy"": ""terraform""}"
1.2436,prj-core-prod,cloudfinops-demo,Billing Account,USD,2026-08-01T00:00:00Z,2026-09-01T00:00:00Z,Usage,,Cloud Functions - Serverless Compute,Usage-Based,2026-08-13T00:00:00Z,2026-08-13T23:59:59Z,,,,4.099,Request,1.2436,0.303391,1.2436,Google LLC,1.2436,0.303391,Standard,4.099,Request,us-central1,Iowa,google/prj-core-prod/cloud-functions,cloud-functions-prod,Function,Compute,Serverless Compute,Cloud Functions,Google Cloud,GOO-CloudFunctio,GOO-CloudFun-us-central1,prj-core-prod,projeto-core,Subscription,"{""OwnerTeam"": ""dados"", ""Environment"": ""prod"", ""ManagedBy"": ""serverless""}"
1.2895,prj-core-prod,cloudfinops-demo,Billing Account,USD,2026-08-01T00:00:00Z,2026-09-01T00:00:00Z,Usage,,Cloud Functions - Serverless Compute,Usage-Based,2026-08-14T00:00:00Z,2026-08-14T23:59:59Z,,,,6.92,Request,1.2895,0.186344,1.2895,Google LLC,1.2895,0.186344,Standard,6.92,Request,us-central1,Iowa,google/prj-core-prod/cloud-functions,cloud-functions-prod,Function,Compute,Serverless Compute,Cloud Functions,Google Cloud,GOO-CloudFunctio,GOO-CloudFun-us-central1,prj-core-prod,projeto-core,Subscription,"{""OwnerTeam"": ""plataforma"", ""Environment"": ""prod"", ""ManagedBy"": ""cloudformation""}"
1.0393,prj-core-prod,cloudfinops-demo,Billing Account,USD,2026-08-01T00:00:00Z,2026-09-01T00:00:00Z,Usage,,Cloud Functions - Serverless Compute,Usage-Based,2026-08-15T00:00:00Z,2026-08-15T23:59:59Z,,,,3.737,Request,1.0393,0.278111,1.0393,Google LLC,1.0393,0.278111,Standard,3.737,Request,us-central1,Iowa,google/prj-core-prod/cloud-functions,cloud-functions-prod,Function,Compute,Serverless Compute,Cloud Functions,Google Cloud,GOO-CloudFunctio,GOO-CloudFun-us-central1,prj-core-prod,projeto-core,Subscription,"{""OwnerTeam"": ""backend"", ""Environment"": ""prod"", ""ManagedBy"": ""terraform""}"
1.0866,prj-core-prod,cloudfinops-demo,Billing Account,USD,2026-08-01T00:00:00Z,2026-09-01T00:00:00Z,Usage,,Cloud Functions - Serverless Compute,Usage-Based,2026-08-16T00:00:00Z,2026-08-16T23:59:59Z,cd-google-compute,Usage,Used,2.765,Request,0.9127,0.392984,0.9127,Google LLC,1.0866,0.392984,Committed,2.765,Request,us-central1,Iowa,google/prj-core-prod/cloud-functions,cloud-functions-prod,Function,Compute,Serverless Compute,Cloud Functions,Google Cloud,GOO-CloudFunctio,GOO-CloudFun-us-central1,prj-core-prod,projeto-core,Subscription,"{""OwnerTeam"": ""backend"", ""Environment"": ""prod"", ""ManagedBy"": ""terraform""}"
1.2362,prj-core-prod,cloudfinops-demo,Billing Account,USD,2026-08-01T00:00:00Z,2026-09-01T00:00:00Z,Usage,,Cloud Functions - Serverless Compute,Usage-Based,2026-08-17T00:00:00Z,2026-08-17T23:59:59Z,cd-google-compute,Usage,Used,5.523,Request,1.0384,0.223828,1.0384,Google LLC,1.2362,0.223828,Committed,5.523,Request,us-central1,Iowa,google/prj-core-prod/cloud-functions,cloud-functions-prod,Function,Compute,Serverless Compute,Cloud Functions,Google Cloud,GOO-CloudFunctio,GOO-CloudFun-us-central1,prj-core-prod,projeto-core,Subscription,"{""OwnerTeam"": ""dados"", ""Environment"": ""prod"", ""ManagedBy"": ""terraform""}"
1.264,prj-core-prod,cloudfinops-demo,Billing Account,USD,2026-08-01T00:00:00Z,2026-09-01T00:00:00Z,Usage,,Cloud Functions - Serverless Compute,Usage-Based,2026-08-18T00:00:00Z,2026-08-18T23:59:59Z,,,,2.833,Request,1.264,0.44617,1.264,Google LLC,1.264,0.44617,Standard,2.833,Request,us-central1,Iowa,google/prj-core-prod/cloud-functions,cloud-functions-prod,Function,Compute,Serverless Compute,Cloud Functions,Google Cloud,GOO-CloudFunctio,GOO-CloudFun-us-central1,prj-core-prod,projeto-core,Subscription,"{""OwnerTeam"": ""redes"", ""Environment"": ""prod"", ""ManagedBy"": ""cloudformation""}"
1.2905,prj-core-prod,cloudfinops-demo,Billing Account,USD,2026-08-01T00:00:00Z,2026-09-01T00:00:00Z,Usage,,Cloud Functions - Serverless Compute,Usage-Based,2026-08-19T00:00:00Z,2026-08-19T23:59:59Z,,,,9.215,Request,1.2905,0.140043,1.2905,Google LLC,1.2905,0.140043,Standard,9.215,Request,us-central1,Iowa,google/prj-core-prod/cloud-functions,cloud-functions-prod,Function,Compute,Serverless Compute,Cloud Functions,Google Cloud,GOO-CloudFunctio,GOO-CloudFun-us-central1,prj-core-prod,projeto-core,Subscription,"{""OwnerTeam"": ""redes"", ""Environment"": ""prod"", ""ManagedBy"": ""terraform""}"
1.2428,prj-core-prod,cloudfinops-demo,Billing Account,USD,2026-08-01T00:00:00Z,2026-09-01T00:00:00Z,Usage,,Cloud Functions - Serverless Compute,Usage-Based,2026-08-20T00:00:00Z,2026-08-20T23:59:59Z,,,,3.417,Request,1.2428,0.363711,1.2428,Google LLC,1.2428,0.363711,Standard,3.417,Request,us-central1,Iowa,google/prj-core-prod/cloud-functions,cloud-functions-prod,Function,Compute,Serverless Compute,Cloud Functions,Google Cloud,GOO-CloudFunctio,GOO-CloudFun-us-central1,prj-core-prod,projeto-core,Subscription,"{""OwnerTeam"": ""redes"", ""Environment"": ""prod"", ""ManagedBy"": ""terraform""}"
1.229,prj-core-prod,cloudfinops-demo,Billing Account,USD,2026-08-01T00:00:00Z,2026-09-01T00:00:00Z,Usage,,Cloud Functions - Serverless Compute,Usage-Based,2026-08-21T00:00:00Z,2026-08-21T23:59:59Z,,,,6.104,Request,1.229,0.201343,1.229,Google LLC,1.229,0.201343,Standard,6.104,Request,us-central1,Iowa,google/prj-core-prod/cloud-functions,cloud-functions-prod,Function,Compute,Serverless Compute,Cloud Functions,Google Cloud,GOO-CloudFunctio,GOO-CloudFun-us-central1,prj-core-prod,projeto-core,Subscription,"{""OwnerTeam"": ""plataforma"", ""Environment"": ""prod"", ""ManagedBy"": ""cloudformation""}"
1.0332,prj-core-prod,cloudfinops-demo,Billing Account,USD,2026-08-01T00:00:00Z,2026-09-01T00:00:00Z,Usage,,Cloud Functions - Serverless Compute,Usage-Based,2026-08-22T00:00:00Z,2026-08-22T23:59:59Z,,,,2.786,Request,1.0332,0.370854,1.0332,Google LLC,1.0332,0.370854,Standard,2.786,Request,us-central1,Iowa,google/prj-core-prod/cloud-functions,cloud-functions-prod,Function,Compute,Serverless Compute,Cloud Functions,Google Cloud,GOO-CloudFunctio,GOO-CloudFun-us-central1,prj-core-prod,projeto-core,Subscription,"{""OwnerTeam"": ""backend"", ""Environment"": ""prod"", ""ManagedBy"": ""serverless""}"
1.0549,prj-core-prod,cloudfinops-demo,Billing Account,USD,2026-08-01T00:00:00Z,2026-09-01T00:00:00Z,Usage,,Cloud Functions - Serverless Compute,Usage-Based,2026-08-23T00:00:00Z,2026-08-23T23:59:59Z,cd-google-compute,Usage,Used,2.709,Request,0.8861,0.389406,0.8861,Google LLC,1.0549,0.389406,Committed,2.709,Request,us-central1,Iowa,google/prj-core-prod/cloud-functions,cloud-functions-prod,Function,Compute,Serverless Compute,Cloud Functions,Google Cloud,GOO-CloudFunctio,GOO-CloudFun-us-central1,prj-core-prod,projeto-core,Subscription,"{""OwnerTeam"": ""backend"", ""Environment"": ""prod"", ""ManagedBy"": ""manual""}"
1.2824,prj-core-prod,cloudfinops-demo,Billing Account,USD,2026-08-01T00:00:00Z,2026-09-01T00:00:00Z,Usage,,Cloud Functions - Serverless Compute,Usage-Based,2026-08-24T00:00:00Z,2026-08-24T23:59:59Z,cd-google-compute,Usage,Used,15.57,Request,1.0772,0.082364,1.0772,Google LLC,1.2824,0.082364,Committed,15.57,Request,us-central1,Iowa,google/prj-core-prod/cloud-functions,cloud-functions-prod,Function,Compute,Serverless Compute,Cloud Functions,Google Cloud,GOO-CloudFunctio,GOO-CloudFun-us-central1,prj-core-prod,projeto-core,Subscription,"{""OwnerTeam"": ""dados"", ""Environment"": ""prod"", ""ManagedBy"": ""serverless""}"
1.277,prj-core-prod,cloudfinops-demo,Billing Account,USD,2026-08-01T00:00:00Z,2026-09-01T00:00:00Z,Usage,,Cloud Functions - Serverless Compute,Usage-Based,2026-08-25T00:00:00Z,2026-08-25T23:59:59Z,,,,9.471,Request,1.277,0.134833,1.277,Google LLC,1.277,0.134833,Standard,9.471,Request,us-central1,Iowa,google/prj-core-prod/cloud-functions,cloud-functions-prod,Function,Compute,Serverless Compute,Cloud Functions,Google Cloud,GOO-CloudFunctio,GOO-CloudFun-us-central1,prj-core-prod,projeto-core,Subscription,"{""OwnerTeam"": ""backend"", ""Environment"": ""prod"", ""ManagedBy"": ""cloudformation""}"
1.297,prj-core-prod,cloudfinops-demo,Billing Account,USD,2026-08-01T00:00:00Z,2026-09-01T00:00:00Z,Usage,,Cloud Functions - Serverless Compute,Usage-Based,2026-08-26T00:00:00Z,2026-08-26T23:59:59Z,cd-google-compute,Usage,Used,8.612,Request,1.0895,0.150604,1.0895,Google LLC,1.297,0.150604,Committed,8.612,Request,us-central1,Iowa,google/prj-core-prod/cloud-functions,cloud-functions-prod,Function,Compute,Serverless Compute,Cloud Functions,Google Cloud,GOO-CloudFunctio,GOO-CloudFun-us-central1,prj-core-prod,projeto-core,Subscription,"{""OwnerTeam"": ""plataforma"", ""Environment"": ""prod"", ""ManagedBy"": ""terraform""}"
1.2431,prj-core-prod,cloudfinops-demo,Billing Account,USD,2026-08-01T00:00:00Z,2026-09-01T00:00:00Z,Usage,,Cloud Functions - Serverless Compute,Usage-Based,2026-08-27T00:00:00Z,2026-08-27T23:59:59Z,,,,3.915,Request,1.2431,0.317522,1.2431,Google LLC,1.2431,0.317522,Standard,3.915,Request,us-central1,Iowa,google/prj-core-prod/cloud-functions,cloud-functions-prod,Function,Compute,Serverless Compute,Cloud Functions,Google Cloud,GOO-CloudFunctio,GOO-CloudFun-us-central1,prj-core-prod,projeto-core,Subscription,"{""OwnerTeam"": ""redes"", ""Environment"": ""prod"", ""ManagedBy"": ""serverless""}"
1.2821,prj-core-prod,cloudfinops-demo,Billing Account,USD,2026-08-01T00:00:00Z,2026-09-01T00:00:00Z,Usage,,Cloud Functions - Serverless Compute,Usage-Based,2026-08-28T00:00:00Z,2026-08-28T23:59:59Z,,,,10.349,Request,1.2821,0.123886,1.2821,Google LLC,1.2821,0.123886,Standard,10.349,Request,us-central1,Iowa,google/prj-core-prod/cloud-functions,cloud-functions-prod,Function,Compute,Serverless Compute,Cloud Functions,Google Cloud,GOO-CloudFunctio,GOO-CloudFun-us-central1,prj-core-prod,projeto-core,Subscription,"{""OwnerTeam"": ""backend"", ""Environment"": ""prod"", ""ManagedBy"": ""cloudformation""}"
1.0388,prj-core-prod,cloudfinops-demo,Billing Account,USD,2026-08-01T00:00:00Z,2026-09-01T00:00:00Z,Usage,,Cloud Functions - Serverless Compute,Usage-Based,2026-08-29T00:00:00Z,2026-08-29T23:59:59Z,,,,3.063,Request,1.0388,0.339145,1.0388,Google LLC,1.0388,0.339145,Standard,3.063,Request,us-central1,Iowa,google/prj-core-prod/cloud-functions,cloud-functions-prod,Function,Compute,Serverless Compute,Cloud Functions,Google Cloud,GOO-CloudFunctio,GOO-CloudFun-us-central1,prj-core-prod,projeto-core,Subscription,"{""OwnerTeam"": ""backend"", ""Environment"": ""prod"", ""ManagedBy"": ""serverless""}"
1.0716,prj-core-prod,cloudfinops-demo,Billing Account,USD,2026-08-01T00:00:00Z,2026-09-01T00:00:00Z,Usage,,Cloud Functions - Serverless Compute,Usage-Based,2026-08-30T00:00:00Z,2026-08-30T23:59:59Z,,,,5.304,Request,1.0716,0.202036,1.0716,Google LLC,1.0716,0.202036,Standard,5.304,Request,us-central1,Iowa,google/prj-core-prod/cloud-functions,cloud-functions-prod,Function,Compute,Serverless Compute,Cloud Functions,Google Cloud,GOO-CloudFunctio,GOO-CloudFun-us-central1,prj-core-prod,projeto-core,Subscription,"{""OwnerTeam"": ""plataforma"", ""Environment"": ""prod"", ""ManagedBy"": ""serverless""}"
1.2762,prj-core-prod,cloudfinops-demo,Billing Account,USD,2026-08-01T00:00:00Z,2026-09-01T00:00:00Z,Usage,,Cloud Functions - Serverless Compute,Usage-Based,2026-08-31T00:00:00Z,2026-08-31T23:59:59Z,,,,29.68,Request,1.2762,0.042999,1.2762,Google LLC,1.2762,0.042999,Standard,29.68,Request,us-central1,Iowa,google/prj-core-prod/cloud-functions,cloud-functions-prod,Function,Compute,Serverless Compute,Cloud Functions,Google Cloud,GOO-CloudFunctio,GOO-CloudFun-us-central1,prj-core-prod,projeto-core,Subscription,"{""OwnerTeam"": ""redes"", ""Environment"": ""prod"", ""ManagedBy"": ""cloudformation""}"
1.3435,prj-core-prod,cloudfinops-demo,Billing Account,USD,2026-09-01T00:00:00Z,2026-10-01T00:00:00Z,Usage,,Cloud Functions - Serverless Compute,Usage-Based,2026-09-01T00:00:00Z,2026-09-01T23:59:59Z,cd-google-compute,Usage,Used,8.553,Request,1.1285,0.157079,1.1285,Google LLC,1.3435,0.157079,Committed,8.553,Request,us-central1,Iowa,google/prj-core-prod/cloud-functions,cloud-functions-prod,Function,Compute,Serverless Compute,Cloud Functions,Google Cloud,GOO-CloudFunctio,GOO-CloudFun-us-central1,prj-core-prod,projeto-core,Subscription,"{""OwnerTeam"": ""plataforma"", ""Environment"": ""prod"", ""ManagedBy"": ""serverless""}"
1.2845,prj-core-prod,cloudfinops-demo,Billing Account,USD,2026-09-01T00:00:00Z,2026-10-01T00:00:00Z,Usage,,Cloud Functions - Serverless Compute,Usage-Based,2026-09-02T00:00:00Z,2026-09-02T23:59:59Z,,,,6.406,Request,1.2845,0.200515,1.2845,Google LLC,1.2845,0.200515,Standard,6.406,Request,us-central1,Iowa,google/prj-core-prod/cloud-functions,cloud-functions-prod,Function,Compute,Serverless Compute,Cloud Functions,Google Cloud,GOO-CloudFunctio,GOO-CloudFun-us-central1,prj-core-prod,projeto-core,Subscription,"{""OwnerTeam"": ""redes"", ""Environment"": ""prod"", ""ManagedBy"": ""serverless""}"
1.3456,prj-core-prod,cloudfinops-demo,Billing Account,USD,2026-09-01T00:00:00Z,2026-10-01T00:00:00Z,Usage,,Cloud Functions - Serverless Compute,Usage-Based,2026-09-03T00:00:00Z,2026-09-03T23:59:59Z,cd-google-compute,Usage,Used,7.428,Request,1.1303,0.181152,1.1303,Google LLC,1.3456,0.181152,Committed,7.428,Request,us-central1,Iowa,google/prj-core-prod/cloud-functions,cloud-functions-prod,Function,Compute,Serverless Compute,Cloud Functions,Google Cloud,GOO-CloudFunctio,GOO-CloudFun-us-central1,prj-core-prod,projeto-core,Subscription,"{""OwnerTeam"": ""redes"", ""Environment"": ""prod"", ""ManagedBy"": ""terraform""}"
1.2763,prj-core-prod,cloudfinops-demo,Billing Account,USD,2026-09-01T00:00:00Z,2026-10-01T00:00:00Z,Usage,,Cloud Functions - Serverless Compute,Usage-Based,2026-09-04T00:00:00Z,2026-09-04T23:59:59Z,,,,7.458,Request,1.2763,0.171132,1.2763,Google LLC,1.2763,0.171132,Standard,7.458,Request,us-central1,Iowa,google/prj-core-prod/cloud-functions,cloud-functions-prod,Function,Compute,Serverless Compute,Cloud Functions,Google Cloud,GOO-CloudFunctio,GOO-CloudFun-us-central1,prj-core-prod,projeto-core,Subscription,"{""OwnerTeam"": ""backend"", ""Environment"": ""prod"", ""ManagedBy"": ""terraform""}"
1.0792,prj-core-prod,cloudfinops-demo,Billing Account,USD,2026-09-01T00:00:00Z,2026-10-01T00:00:00Z,Usage,,Cloud Functions - Serverless Compute,Usage-Based,2026-09-05T00:00:00Z,2026-09-05T23:59:59Z,cd-google-compute,Usage,Used,4.082,Request,0.9065,0.26438,0.9065,Google LLC,1.0792,0.26438,Committed,4.082,Request,us-central1,Iowa,google/prj-core-prod/cloud-functions,cloud-functions-prod,Function,Compute,Serverless Compute,Cloud Functions,Google Cloud,GOO-CloudFunctio,GOO-CloudFun-us-central1,prj-core-prod,projeto-core,Subscription,"{""OwnerTeam"": ""plataforma"", ""Environment"": ""prod"", ""ManagedBy"": ""cloudformation""}"
1.0884,prj-core-prod,cloudfinops-demo,Billing Account,USD,2026-09-01T00:00:00Z,2026-10-01T00:00:00Z,Usage,,Cloud Functions - Serverless Compute,Usage-Based,2026-09-06T00:00:00Z,2026-09-06T23:59:59Z,,,,5.775,Request,1.0884,0.188468,1.0884,Google LLC,1.0884,0.188468,Standard,5.775,Request,us-central1,Iowa,google/prj-core-prod/cloud-functions,cloud-functions-prod,Function,Compute,Serverless Compute,Cloud Functions,Google Cloud,GOO-CloudFunctio,GOO-CloudFun-us-central1,prj-core-prod,projeto-core,Subscription,"{""OwnerTeam"": ""backend"", ""Environment"": ""prod"", ""ManagedBy"": ""terraform""}"
1.3281,prj-core-prod,cloudfinops-demo,Billing Account,USD,2026-09-01T00:00:00Z,2026-10-01T00:00:00Z,Usage,,Cloud Functions - Serverless Compute,Usage-Based,2026-09-07T00:00:00Z,2026-09-07T23:59:59Z,,,,17.99,Request,1.3281,0.073824,1.3281,Google LLC,1.3281,0.073824,Standard,17.99,Request,us-central1,Iowa,google/prj-core-prod/cloud-functions,cloud-functions-prod,Function,Compute,Serverless Compute,Cloud Functions,Google Cloud,GOO-CloudFunctio,GOO-CloudFun-us-central1,prj-core-prod,projeto-core,Subscription,"{""OwnerTeam"": ""redes"", ""Environment"": ""prod"", ""ManagedBy"": ""serverless""}"
1.3598,prj-core-prod,cloudfinops-demo,Billing Account,USD,2026-09-01T00:00:00Z,2026-10-01T00:00:00Z,Usage,,Cloud Functions - Serverless Compute,Usage-Based,2026-09-08T00:00:00Z,2026-09-08T23:59:59Z,,,,3.616,Request,1.3598,0.376051,1.3598,Google LLC,1.3598,0.376051,Standard,3.616,Request,us-central1,Iowa,google/prj-core-prod/cloud-functions,cloud-functions-prod,Function,Compute,Serverless Compute,Cloud Functions,Google Cloud,GOO-CloudFunctio,GOO-CloudFun-us-central1,prj-core-prod,projeto-core,Subscription,"{""OwnerTeam"": ""backend"", ""Environment"": ""prod"", ""ManagedBy"": ""serverless""}"
1.338,prj-core-prod,cloudfinops-demo,Billing Account,USD,2026-09-01T00:00:00Z,2026-10-01T00:00:00Z,Usage,,Cloud Functions - Serverless Compute,Usage-Based,2026-09-09T00:00:00Z,2026-09-09T23:59:59Z,,,,38.505,Request,1.338,0.034749,1.338,Google LLC,1.338,0.034749,Standard,38.505,Request,us-central1,Iowa,google/prj-core-prod/cloud-functions,cloud-functions-prod,Function,Compute,Serverless Compute,Cloud Functions,Google Cloud,GOO-CloudFunctio,GOO-CloudFun-us-central1,prj-core-prod,projeto-core,Subscription,"{""OwnerTeam"": ""backend"", ""Environment"": ""prod"", ""ManagedBy"": ""cloudformation""}"
1.2931,prj-core-prod,cloudfinops-demo,Billing Account,USD,2026-09-01T00:00:00Z,2026-10-01T00:00:00Z,Usage,,Cloud Functions - Serverless Compute,Usage-Based,2026-09-10T00:00:00Z,2026-09-10T23:59:59Z,cd-google-compute,Usage,Used,3.467,Request,1.0862,0.372974,1.0862,Google LLC,1.2931,0.372974,Committed,3.467,Request,us-central1,Iowa,google/prj-core-prod/cloud-functions,cloud-functions-prod,Function,Compute,Serverless Compute,Cloud Functions,Google Cloud,GOO-CloudFunctio,GOO-CloudFun-us-central1,prj-core-prod,projeto-core,Subscription,"{""OwnerTeam"": ""plataforma"", ""Environment"": ""prod"", ""ManagedBy"": ""cloudformation""}"
1.3323,prj-core-prod,cloudfinops-demo,Billing Account,USD,2026-09-01T00:00:00Z,2026-10-01T00:00:00Z,Usage,,Cloud Functions - Serverless Compute,Usage-Based,2026-09-11T00:00:00Z,2026-09-11T23:59:59Z,,,,4.417,Request,1.3323,0.30163,1.3323,Google LLC,1.3323,0.30163,Standard,4.417,Request,us-central1,Iowa,google/prj-core-prod/cloud-functions,cloud-functions-prod,Function,Compute,Serverless Compute,Cloud Functions,Google Cloud,GOO-CloudFunctio,GOO-CloudFun-us-central1,prj-core-prod,projeto-core,Subscription,"{""OwnerTeam"": ""dados"", ""Environment"": ""prod"", ""ManagedBy"": ""manual""}"
1.1361,prj-core-prod,cloudfinops-demo,Billing Account,USD,2026-09-01T00:00:00Z,2026-10-01T00:00:00Z,Usage,,Cloud Functions - Serverless Compute,Usage-Based,2026-09-12T00:00:00Z,2026-09-12T23:59:59Z,,,,4.256,Request,1.1361,0.266941,1.1361,Google LLC,1.1361,0.266941,Standard,4.256,Request,us-central1,Iowa,google/prj-core-prod/cloud-functions,cloud-functions-prod,Function,Compute,Serverless Compute,Cloud Functions,Google Cloud,GOO-CloudFunctio,GOO-CloudFun-us-central1,prj-core-prod,projeto-core,Subscription,"{""OwnerTeam"": ""plataforma"", ""Environment"": ""prod"", ""ManagedBy"": ""manual""}"
1.1056,prj-core-prod,cloudfinops-demo,Billing Account,USD,2026-09-01T00:00:00Z,2026-10-01T00:00:00Z,Usage,,Cloud Functions - Serverless Compute,Usage-Based,2026-09-13T00:00:00Z,2026-09-13T23:59:59Z,cd-google-compute,Usage,Used,3.966,Request,0.9287,0.27877,0.9287,Google LLC,1.1056,0.27877,Committed,3.966,Request,us-central1,Iowa,google/prj-core-prod/cloud-functions,cloud-functions-prod,Function,Compute,Serverless Compute,Cloud Functions,Google Cloud,GOO-CloudFunctio,GOO-CloudFun-us-central1,prj-core-prod,projeto-core,Subscription,"{""OwnerTeam"": ""dados"", ""Environment"": ""prod"", ""ManagedBy"": ""serverless""}"
1.3225,prj-core-prod,cloudfinops-demo,Billing Account,USD,2026-09-01T00:00:00Z,2026-10-01T00:00:00Z,Usage,,Cloud Functions - Serverless Compute,Usage-Based,2026-09-14T00:00:00Z,2026-09-14T23:59:59Z,,,,3.153,Request,1.3225,0.419442,1.3225,Google LLC,1.3225,0.419442,Standard,3.153,Request,us-central1,Iowa,google/prj-core-prod/cloud-functions,cloud-functions-prod,Function,Compute,Serverless Compute,Cloud Functions,Google Cloud,GOO-CloudFunctio,GOO-CloudFun-us-central1,prj-core-prod,projeto-core,Subscription,"{""OwnerTeam"": ""redes"", ""Environment"": ""prod"", ""ManagedBy"": ""serverless""}"
1.2931,prj-core-prod,cloudfinops-demo,Billing Account,USD,2026-09-01T00:00:00Z,2026-10-01T00:00:00Z,Usage,,Cloud Functions - Serverless Compute,Usage-Based,2026-09-15T00:00:00Z,2026-09-15T23:59:59Z,cd-google-compute,Usage,Used,4.993,Request,1.0862,0.258983,1.0862,Google LLC,1.2931,0.258983,Committed,4.993,Request,us-central1,Iowa,google/prj-core-prod/cloud-functions,cloud-functions-prod,Function,Compute,Serverless Compute,Cloud Functions,Google Cloud,GOO-CloudFunctio,GOO-CloudFun-us-central1,prj-core-prod,projeto-core,Subscription,"{""OwnerTeam"": ""dados"", ""Environment"": ""prod"", ""ManagedBy"": ""terraform""}"
1.3011,prj-core-prod,cloudfinops-demo,Billing Account,USD,2026-09-01T00:00:00Z,2026-10-01T00:00:00Z,Usage,,Cloud Functions - Serverless Compute,Usage-Based,2026-09-16T00:00:00Z,2026-09-16T23:59:59Z,,,,4.084,Request,1.3011,0.318585,1.3011,Google LLC,1.3011,0.318585,Standard,4.084,Request,us-central1,Iowa,google/prj-core-prod/cloud-functions,cloud-functions-prod,Function,Compute,Serverless Compute,Cloud Functions,Google Cloud,GOO-CloudFunctio,GOO-CloudFun-us-central1,prj-core-prod,projeto-core,Subscription,"{""OwnerTeam"": ""dados"", ""Environment"": ""prod"", ""ManagedBy"": ""manual""}"
1.3451,prj-core-prod,cloudfinops-demo,Billing Account,USD,2026-09-01T00:00:00Z,2026-10-01T00:00:00Z,Usage,,Cloud Functions - Serverless Compute,Usage-Based,2026-09-17T00:00:00Z,2026-09-17T23:59:59Z,cd-google-compute,Usage,Used,48.252,Request,1.1299,0.027877,1.1299,Google LLC,1.3451,0.027877,Committed,48.252,Request,us-central1,Iowa,google/prj-core-prod/cloud-functions,cloud-functions-prod,Function,Compute,Serverless Compute,Cloud Functions,Google Cloud,GOO-CloudFunctio,GOO-CloudFun-us-central1,prj-core-prod,projeto-core,Subscription,"{""OwnerTeam"": ""backend"", ""Environment"": ""prod"", ""ManagedBy"": ""cloudformation""}"
1.2741,prj-core-prod,cloudfinops-demo,Billing Account,USD,2026-09-01T00:00:00Z,2026-10-01T00:00:00Z,Usage,,Cloud Functions - Serverless Compute,Usage-Based,2026-09-18T00:00:00Z,2026-09-18T23:59:59Z,,,,13.452,Request,1.2741,0.094715,1.2741,Google LLC,1.2741,0.094715,Standard,13.452,Request,us-central1,Iowa,google/prj-core-prod/cloud-functions,cloud-functions-prod,Function,Compute,Serverless Compute,Cloud Functions,Google Cloud,GOO-CloudFunctio,GOO-CloudFun-us-central1,prj-core-prod,projeto-core,Subscription,"{""OwnerTeam"": ""redes"", ""Environment"": ""prod"", ""ManagedBy"": ""serverless""}"
1.0899,prj-core-prod,cloudfinops-demo,Billing Account,USD,2026-09-01T00:00:00Z,2026-10-01T00:00:00Z,Usage,,Cloud Functions - Serverless Compute,Usage-Based,2026-09-19T00:00:00Z,2026-09-19T23:59:59Z,cd-google-compute,Usage,Used,7.649,Request,0.9155,0.142489,0.9155,Google LLC,1.0899,0.142489,Committed,7.649,Request,us-central1,Iowa,google/prj-core-prod/cloud-functions,cloud-functions-prod,Function,Compute,Serverless Compute,Cloud Functions,Google Cloud,GOO-CloudFunctio,GOO-CloudFun-us-central1,prj-core-prod,projeto-core,Subscription,"{""OwnerTeam"": ""redes"", ""Environment"": ""prod"", ""ManagedBy"": ""terraform""}"
1.1008,prj-core-prod,cloudfinops-demo,Billing Account,USD,2026-09-01T00:00:00Z,2026-10-01T00:00:00Z,Usage,,Cloud Functions - Serverless Compute,Usage-Based,2026-09-20T00:00:00Z,2026-09-20T23:59:59Z,,,,3.139,Request,1.1008,0.350685,1.1008,Google LLC,1.1008,0.350685,Standard,3.139,Request,us-central1,Iowa,google/prj-core-prod/cloud-functions,cloud-functions-prod,Function,Compute,Serverless Compute,Cloud Functions,Google Cloud,GOO-CloudFunctio,GOO-CloudFun-us-central1,prj-core-prod,projeto-core,Subscription,"{""OwnerTeam"": ""backend"", ""Environment"": ""prod"", ""ManagedBy"": ""serverless""}"
1.3076,prj-core-prod,cloudfinops-demo,Billing Account,USD,2026-09-01T00:00:00Z,2026-10-01T00:00:00Z,Usage,,Cloud Functions - Serverless Compute,Usage-Based,2026-09-21T00:00:00Z,2026-09-21T23:59:59Z,,,,11.805,Request,1.3076,0.110767,1.3076,Google LLC,1.3076,0.110767,Standard,11.805,Request,us-central1,Iowa,google/prj-core-prod/cloud-functions,cloud-functions-prod,Function,Compute,Serverless Compute,Cloud Functions,Google Cloud,GOO-CloudFunctio,GOO-CloudFun-us-central1,prj-core-prod,projeto-core,Subscription,"{""OwnerTeam"": ""backend"", ""Environment"": ""prod"", ""ManagedBy"": ""cloudformation""}"
1.3208,prj-core-prod,cloudfinops-demo,Billing Account,USD,2026-09-01T00:00:00Z,2026-10-01T00:00:00Z,Usage,,Cloud Functions - Serverless Compute,Usage-Based,2026-09-22T00:00:00Z,2026-09-22T23:59:59Z,,,,10.418,Request,1.3208,0.126781,1.3208,Google LLC,1.3208,0.126781,Standard,10.418,Request,us-central1,Iowa,google/prj-core-prod/cloud-functions,cloud-functions-prod,Function,Compute,Serverless Compute,Cloud Functions,Google Cloud,GOO-CloudFunctio,GOO-CloudFun-us-central1,prj-core-prod,projeto-core,Subscription,"{""OwnerTeam"": ""redes"", ""Environment"": ""prod"", ""ManagedBy"": ""serverless""}"
1.3439,prj-core-prod,cloudfinops-demo,Billing Account,USD,2026-09-01T00:00:00Z,2026-10-01T00:00:00Z,Usage,,Cloud Functions - Serverless Compute,Usage-Based,2026-09-23T00:00:00Z,2026-09-23T23:59:59Z,,,,4.561,Request,1.3439,0.29465,1.3439,Google LLC,1.3439,0.29465,Standard,4.561,Request,us-central1,Iowa,google/prj-core-prod/cloud-functions,cloud-functions-prod,Function,Compute,Serverless Compute,Cloud Functions,Google Cloud,GOO-CloudFunctio,GOO-CloudFun-us-central1,prj-core-prod,projeto-core,Subscription,"{""OwnerTeam"": ""plataforma"", ""Environment"": ""prod"", ""ManagedBy"": ""cloudformation""}"
1.3139,prj-core-prod,cloudfinops-demo,Billing Account,USD,2026-09-01T00:00:00Z,2026-10-01T00:00:00Z,Usage,,Cloud Functions - Serverless Compute,Usage-Based,2026-09-24T00:00:00Z,2026-09-24T23:59:59Z,,,,12.12,Request,1.3139,0.108408,1.3139,Google LLC,1.3139,0.108408,Standard,12.12,Request,us-central1,Iowa,google/prj-core-prod/cloud-functions,cloud-functions-prod,Function,Compute,Serverless Compute,Cloud Functions,Google Cloud,GOO-CloudFunctio,GOO-CloudFun-us-central1,prj-core-prod,projeto-core,Subscription,"{""OwnerTeam"": ""backend"", ""Environment"": ""prod"", ""ManagedBy"": ""terraform""}"
1.2823,prj-core-prod,cloudfinops-demo,Billing Account,USD,2026-09-01T00:00:00Z,2026-10-01T00:00:00Z,Usage,,Cloud Functions - Serverless Compute,Usage-Based,2026-09-25T00:00:00Z,2026-09-25T23:59:59Z,cd-google-compute,Usage,Used,11.25,Request,1.0771,0.113982,1.0771,Google LLC,1.2823,0.113982,Committed,11.25,Request,us-central1,Iowa,google/prj-core-prod/cloud-functions,cloud-functions-prod,Function,Compute,Serverless Compute,Cloud Functions,Google Cloud,GOO-CloudFunctio,GOO-CloudFun-us-central1,prj-core-prod,projeto-core,Subscription,"{""OwnerTeam"": ""redes"", ""Environment"": ""prod"", ""ManagedBy"": ""serverless""}"
1.0807,prj-core-prod,cloudfinops-demo,Billing Account,USD,2026-09-01T00:00:00Z,2026-10-01T00:00:00Z,Usage,,Cloud Functions - Serverless Compute,Usage-Based,2026-09-26T00:00:00Z,2026-09-26T23:59:59Z,cd-google-compute,Usage,Used,2.87,Request,0.9078,0.376551,0.9078,Google LLC,1.0807,0.376551,Committed,2.87,Request,us-central1,Iowa,google/prj-core-prod/cloud-functions,cloud-functions-prod,Function,Compute,Serverless Compute,Cloud Functions,Google Cloud,GOO-CloudFunctio,GOO-CloudFun-us-central1,prj-core-prod,projeto-core,Subscription,"{""OwnerTeam"": ""redes"", ""Environment"": ""prod"", ""ManagedBy"": ""serverless""}"
1.0706,prj-core-prod,cloudfinops-demo,Billing Account,USD,2026-09-01T00:00:00Z,2026-10-01T00:00:00Z,Usage,,Cloud Functions - Serverless Compute,Usage-Based,2026-09-27T00:00:00Z,2026-09-27T23:59:59Z,,,,5.114,Request,1.0706,0.209347,1.0706,Google LLC,1.0706,0.209347,Standard,5.114,Request,us-central1,Iowa,google/prj-core-prod/cloud-functions,cloud-functions-prod,Function,Compute,Serverless Compute,Cloud Functions,Google Cloud,GOO-CloudFunctio,GOO-CloudFun-us-central1,prj-core-prod,projeto-core,Subscription,"{""OwnerTeam"": ""backend"", ""Environment"": ""prod"", ""ManagedBy"": ""cloudformation""}"
1.2906,prj-core-prod,cloudfinops-demo,Billing Account,USD,2026-09-01T00:00:00Z,2026-10-01T00:00:00Z,Usage,,Cloud Functions - Serverless Compute,Usage-Based,2026-09-28T00:00:00Z,2026-09-28T23:59:59Z,,,,45.453,Request,1.2906,0.028394,1.2906,Google LLC,1.2906,0.028394,Standard,45.453,Request,us-central1,Iowa,google/prj-core-prod/cloud-functions,cloud-functions-prod,Function,Compute,Serverless Compute,Cloud Functions,Google Cloud,GOO-CloudFunctio,GOO-CloudFun-us-central1,prj-core-prod,projeto-core,Subscription,"{""OwnerTeam"": ""dados"", ""Environment"": ""prod"", ""ManagedBy"": ""cloudformation""}"
1.3422,prj-core-prod,cloudfinops-demo,Billing Account,USD,2026-09-01T00:00:00Z,2026-10-01T00:00:00Z,Usage,,Cloud Functions - Serverless Compute,Usage-Based,2026-09-29T00:00:00Z,2026-09-29T23:59:59Z,,,,8.097,Request,1.3422,0.165765,1.3422,Google LLC,1.3422,0.165765,Standard,8.097,Request,us-central1,Iowa,google/prj-core-prod/cloud-functions,cloud-functions-prod,Function,Compute,Serverless Compute,Cloud Functions,Google Cloud,GOO-CloudFunctio,GOO-CloudFun-us-central1,prj-core-prod,projeto-core,Subscription,"{""OwnerTeam"": ""plataforma"", ""Environment"": ""prod"", ""ManagedBy"": ""manual""}"
1.3486,prj-core-prod,cloudfinops-demo,Billing Account,USD,2026-09-01T00:00:00Z,2026-10-01T00:00:00Z,Usage,,Cloud Functions - Serverless Compute,Usage-Based,2026-09-30T00:00:00Z,2026-09-30T23:59:59Z,cd-google-compute,Usage,Used,8.944,Request,1.1328,0.150783,1.1328,Google LLC,1.3486,0.150783,Committed,8.944,Request,us-central1,Iowa,google/prj-core-prod/cloud-functions,cloud-functions-prod,Function,Compute,Serverless Compute,Cloud Functions,Google Cloud,GOO-CloudFunctio,GOO-CloudFun-us-central1,prj-core-prod,projeto-core,Subscription,"{""OwnerTeam"": ""plataforma"", ""Environment"": ""prod"", ""ManagedBy"": ""cloudformation""}"
1.2762,prj-core-prod,cloudfinops-demo,Billing Account,USD,2026-10-01T00:00:00Z,2026-11-01T00:00:00Z,Usage,,Cloud Functions - Serverless Compute,Usage-Based,2026-10-01T00:00:00Z,2026-10-01T23:59:59Z,,,,5.514,Request,1.2762,0.231447,1.2762,Google LLC,1.2762,0.231447,Standard,5.514,Request,us-central1,Iowa,google/prj-core-prod/cloud-functions,cloud-functions-prod,Function,Compute,Serverless Compute,Cloud Functions,Google Cloud,GOO-CloudFunctio,GOO-CloudFun-us-central1,prj-core-prod,projeto-core,Subscription,"{""OwnerTeam"": ""plataforma"", ""Environment"": ""prod"", ""ManagedBy"": ""cloudformation""}"
1.2529,prj-core-prod,cloudfinops-demo,Billing Account,USD,2026-10-01T00:00:00Z,2026-11-01T00:00:00Z,Usage,,Cloud Functions - Serverless Compute,Usage-Based,2026-10-02T00:00:00Z,2026-10-02T23:59:59Z,cd-google-compute,Usage,Used,2.867,Request,1.0524,0.437007,1.0524,Google LLC,1.2529,0.437007,Committed,2.867,Request,us-central1,Iowa,google/prj-core-prod/cloud-functions,cloud-functions-prod,Function,Compute,Serverless Compute,Cloud Functions,Google Cloud,GOO-CloudFunctio,GOO-CloudFun-us-central1,prj-core-prod,projeto-core,Subscription,"{""OwnerTeam"": ""redes"", ""Environment"": ""prod"", ""ManagedBy"": ""cloudformation""}"
1.0767,prj-core-prod,cloudfinops-demo,Billing Account,USD,2026-10-01T00:00:00Z,2026-11-01T00:00:00Z,Usage,,Cloud Functions - Serverless Compute,Usage-Based,2026-10-03T00:00:00Z,2026-10-03T23:59:59Z,cd-google-compute,Usage,Used,4.664,Request,0.9044,0.230853,0.9044,Google LLC,1.0767,0.230853,Committed,4.664,Request,us-central1,Iowa,google/prj-core-prod/cloud-functions,cloud-functions-prod,Function,Compute,Serverless Compute,Cloud Functions,Google Cloud,GOO-CloudFunctio,GOO-CloudFun-us-central1,prj-core-prod,projeto-core,Subscription,"{""OwnerTeam"": ""redes"", ""Environment"": ""prod"", ""ManagedBy"": ""serverless""}"
0.5826,prj-core-prod,cloudfinops-demo,Billing Account,USD,2026-08-01T00:00:00Z,2026-09-01T00:00:00Z,Usage,,Cloud Functions - Serverless Compute,Usage-Based,2026-08-01T00:00:00Z,2026-08-01T23:59:59Z,cd-google-compute,Usage,Used,19.053,Request,0.4894,0.030578,0.4894,Google LLC,0.5826,0.030578,Committed,19.053,Request,us-central1,Iowa,google/prj-data-lab/cloud-functions,cloud-functions-dev,Function,Compute,Serverless Compute,Cloud Functions,Google Cloud,GOO-CloudFunctio,GOO-CloudFun-us-central1,prj-data-lab,projeto-dados,Subscription,"{""OwnerTeam"": ""dados"", ""Environment"": ""dev"", ""ManagedBy"": ""serverless""}"
0.5819,prj-core-prod,cloudfinops-demo,Billing Account,USD,2026-08-01T00:00:00Z,2026-09-01T00:00:00Z,Usage,,Cloud Functions - Serverless Compute,Usage-Based,2026-08-02T00:00:00Z,2026-08-02T23:59:59Z,,,,14.749,Request,0.5819,0.039454,0.5819,Google LLC,0.5819,0.039454,Standard,14.749,Request,us-central1,Iowa,google/prj-data-lab/cloud-functions,cloud-functions-dev,Function,Compute,Serverless Compute,Cloud Functions,Google Cloud,GOO-CloudFunctio,GOO-CloudFun-us-central1,prj-data-lab,projeto-dados,Subscription,"{""OwnerTeam"": ""dados"", ""Environment"": ""dev"", ""ManagedBy"": ""manual""}"
0.6943,prj-core-prod,cloudfinops-demo,Billing Account,USD,2026-08-01T00:00:00Z,2026-09-01T00:00:00Z,Usage,,Cloud Functions - Serverless Compute,Usage-Based,2026-08-03T00:00:00Z,2026-08-03T23:59:59Z,,,,1.88,Request,0.6943,0.369309,0.6943,Google LLC,0.6943,0.369309,Standard,1.88,Request,us-central1,Iowa,google/prj-data-lab/cloud-functions,cloud-functions-dev,Function,Compute,Serverless Compute,Cloud Functions,Google Cloud,GOO-CloudFunctio,GOO-CloudFun-us-central1,prj-data-lab,projeto-dados,Subscription,"{""OwnerTeam"": ""plataforma"", ""Environment"": ""dev"", ""ManagedBy"": ""cloudformation""}"
0.6969,prj-core-prod,cloudfinops-demo,Billing Account,USD,2026-08-01T00:00:00Z,2026-09-01T00:00:00Z,Usage,,Cloud Functions - Serverless Compute,Usage-Based,2026-08-04T00:00:00Z,2026-08-04T23:59:59Z,,,,5.493,Request,0.6969,0.126871,0.6969,Google LLC,0.6969,0.126871,Standard,5.493,Request,us-central1,Iowa,google/prj-data-lab/cloud-functions,cloud-functions-dev,Function,Compute,Serverless Compute,Cloud Functions,Google Cloud,GOO-CloudFunctio,GOO-CloudFun-us-central1,prj-data-lab,projeto-dados,Subscription,"{""OwnerTeam"": ""plataforma"", ""Environment"": ""dev"", ""ManagedBy"": ""serverless""}"
0.6639,prj-core-prod,cloudfinops-demo,Billing Account,USD,2026-08-01T00:00:00Z,2026-09-01T00:00:00Z,Usage,,Cloud Functions - Serverless Compute,Usage-Based,2026-08-05T00:00:00Z,2026-08-05T23:59:59Z,,,,3.203,Request,0.6639,0.207274,0.6639,Google LLC,0.6639,0.207274,Standard,3.203,Request,us-central1,Iowa,google/prj-data-lab/cloud-functions,cloud-functions-dev,Function,Compute,Serverless Compute,Cloud Functions,Google Cloud,GOO-CloudFunctio,GOO-CloudFun-us-central1,prj-data-lab,projeto-dados,Subscription,"{""OwnerTeam"": ""redes"", ""Environment"": ""dev"", ""ManagedBy"": ""cloudformation""}"
0.6719,prj-core-prod,cloudfinops-demo,Billing Account,USD,2026-08-01T00:00:00Z,2026-09-01T00:00:00Z,Usage,,Cloud Functions - Serverless Compute,Usage-Based,2026-08-06T00:00:00Z,2026-08-06T23:59:59Z,,,,2.32,Request,0.6719,0.289612,0.6719,Google LLC,0.6719,0.289612,Standard,2.32,Request,us-central1,Iowa,google/prj-data-lab/cloud-functions,cloud-functions-dev,Function,Compute,Serverless Compute,Cloud Functions,Google Cloud,GOO-CloudFunctio,GOO-CloudFun-us-central1,prj-data-lab,projeto-dados,Subscription,"{""OwnerTeam"": ""backend"", ""Environment"": ""dev"", ""ManagedBy"": ""manual""}"
0.6603,prj-core-prod,cloudfinops-demo,Billing Account,USD,2026-08-01T00:00:00Z,2026-09-01T00:00:00Z,Usage,,Cloud Functions - Serverless Compute,Usage-Based,2026-08-07T00:00:00Z,2026-08-07T23:59:59Z,,,,9.02,Request,0.6603,0.073204,0.6603,Google LLC,0.6603,0.073204,Standard,9.02,Request,us-central1,Iowa,google/prj-data-lab/cloud-functions,cloud-functions-dev,Function,Compute,Serverless Compute,Cloud Functions,Google Cloud,GOO-CloudFunctio,GOO-CloudFun-us-central1,prj-data-lab,projeto-dados,Subscription,"{""OwnerTeam"": ""backend"", ""Environment"": ""dev"", ""ManagedBy"": ""cloudformation""}"
0.5582,prj-core-prod,cloudfinops-demo,Billing Account,USD,2026-08-01T00:00:00Z,2026-09-01T00:00:00Z,Usage,,Cloud Functions - Serverless Compute,Usage-Based,2026-08-08T00:00:00Z,2026-08-08T23:59:59Z,cd-google-compute,Usage,Used,1.589,Request,0.4689,0.35129,0.4689,Google LLC,0.5582,0.35129,Committed,1.589,Request,us-central1,Iowa,google/prj-data-lab/cloud-functions,cloud-functions-dev,Function,Compute,Serverless Compute,Cloud Functions,Google Cloud,GOO-CloudFunctio,GOO-CloudFun-us-central1,prj-data-lab,projeto-dados,Subscription,"{""OwnerTeam"": ""redes"", ""Environment"": ""dev"", ""ManagedBy"": ""terraform""}"
0.567,prj-core-prod,cloudfinops-demo,Billing Account,USD,2026-08-01T00:00:00Z,2026-09-01T00:00:00Z,Usage,,Cloud Functions - Serverless Compute,Usage-Based,2026-08-09T00:00:00Z,2026-08-09T23:59:59Z,cd-google-compute,Usage,Used,1.848,Request,0.4763,0.306818,0.4763,Google LLC,0.567,0.306818,Committed,1.848,Request,us-central1,Iowa,google/prj-data-lab/cloud-functions,cloud-functions-dev,Function,Compute,Serverless Compute,Cloud Functions,Google Cloud,GOO-CloudFunctio,GOO-CloudFun-us-central1,prj-data-lab,projeto-dados,Subscription,"{""OwnerTeam"": ""plataforma"", ""Environment"": ""dev"", ""ManagedBy"": ""cloudformation""}"
0.6563,prj-core-prod,cloudfinops-demo,Billing Account,USD,2026-08-01T00:00:00Z,2026-09-01T00:00:00Z,Usage,,Cloud Functions - Serverless Compute,Usage-Based,2026-08-10T00:00:00Z,2026-08-10T23:59:59Z,,,,1.645,Request,0.6563,0.398967,0.6563,Google LLC,0.6563,0.398967,Standard,1.645,Request,us-central1,Iowa,google/prj-data-lab/cloud-functions,cloud-functions-dev,Function,Compute,Serverless Compute,Cloud Functions,Google Cloud,GOO-CloudFunctio,GOO-CloudFun-us-central1,prj-data-lab,projeto-dados,Subscription,"{""OwnerTeam"": ""redes"", ""Environment"": ""dev"", ""ManagedBy"": ""manual""}"
0.6885,prj-core-prod,cloudfinops-demo,Billing Account,USD,2026-08-01T00:00:00Z,2026-09-01T00:00:00Z,Usage,,Cloud Functions - Serverless Compute,Usage-Based,2026-08-11T00:00:00Z,2026-08-11T23:59:59Z,cd-google-compute,Usage,Used,10.325,Request,0.5783,0.066683,0.5783,Google LLC,0.6885,0.066683,Committed,10.325,Request,us-central1,Iowa,google/prj-data-lab/cloud-functions,cloud-functions-dev,Function,Compute,Serverless Compute,Cloud Functions,Google Cloud,GOO-CloudFunctio,GOO-CloudFun-us-central1,prj-data-lab,projeto-dados,Subscription,"{""OwnerTeam"": ""dados"", ""Environment"": ""dev"", ""ManagedBy"": ""terraform""}"
0.6901,prj-core-prod,cloudfinops-demo,Billing Account,USD,2026-08-01T00:00:00Z,2026-09-01T00:00:00Z,Usage,,Cloud Functions - Serverless Compute,Usage-Based,2026-08-12T00:00:00Z,2026-08-12T23:59:59Z,,,,3.207,Request,0.6901,0.215186,0.6901,Google LLC,0.6901,0.215186,Standard,3.207,Request,us-central1,Iowa,google/prj-data-lab/cloud-functions,cloud-functions-dev,Function,Compute,Serverless Compute,Cloud Functions,Google Cloud,GOO-CloudFunctio,GOO-CloudFun-us-central1,prj-data-lab,projeto-dados,Subscription,"{""OwnerTeam"": ""backend"", ""Environment"": ""dev"", ""ManagedBy"": ""terraform""}"
0.6649,prj-core-prod,cloudfinops-demo,Billing Account,USD,2026-08-01T00:00:00Z,2026-09-01T00:00:00Z,Usage,,Cloud Functions - Serverless Compute,Usage-Based,2026-08-13T00:00:00Z,2026-08-13T23:59:59Z,,,,2.897,Request,0.6649,0.229513,0.6649,Google LLC,0.6649,0.229513,Standard,2.897,Request,us-central1,Iowa,google/prj-data-lab/cloud-functions,cloud-functions-dev,Function,Compute,Serverless Compute,Cloud Functions,Google Cloud,GOO-CloudFunctio,GOO-CloudFun-us-central1,prj-data-lab,projeto-dados,Subscription,"{""OwnerTeam"": ""plataforma"", ""Environment"": ""dev"", ""ManagedBy"": ""serverless""}"
0.6634,prj-core-prod,cloudfinops-demo,Billing Account,USD,2026-08-01T00:00:00Z,2026-09-01T00:00:00Z,Usage,,Cloud Functions - Serverless Compute,Usage-Based,2026-08-14T00:00:00Z,2026-08-14T23:59:59Z,,,,2.95,Request,0.6634,0.224881,0.6634,Google LLC,0.6634,0.224881,Standard,2.95,Request,us-central1,Iowa,google/prj-data-lab/cloud-functions,cloud-functions-dev,Function,Compute,Serverless Compute,Cloud Functions,Google Cloud,GOO-CloudFunctio,GOO-CloudFun-us-central1,prj-data-lab,projeto-dados,Subscription,"{""OwnerTeam"": ""backend"", ""Environment"": ""dev"", ""ManagedBy"": ""manual""}"
0.5593,prj-core-prod,cloudfinops-demo,Billing Account,USD,2026-08-01T00:00:00Z,2026-09-01T00:00:00Z,Usage,,Cloud Functions - Serverless Compute,Usage-Based,2026-08-15T00:00:00Z,2026-08-15T23:59:59Z,cd-google-compute,Usage,Used,1.649,Request,0.4698,0.339175,0.4698,Google LLC,0.5593,0.339175,Committed,1.649,Request,us-central1,Iowa,google/prj-data-lab/cloud-functions,cloud-functions-dev,Function,Compute,Serverless Compute,Cloud Functions,Google Cloud,GOO-CloudFunctio,GOO-CloudFun-us-central1,prj-data-lab,projeto-dados,Subscription,"{""OwnerTeam"": ""backend"", ""Environment"": ""dev"", ""ManagedBy"": ""serverless""}"
0.5662,prj-core-prod,cloudfinops-demo,Billing Account,USD,2026-08-01T00:00:00Z,2026-09-01T00:00:00Z,Usage,,Cloud Functions - Serverless Compute,Usage-Based,2026-08-16T00:00:00Z,2026-08-16T23:59:59Z,,,,1.613,Request,0.5662,0.351023,0.5662,Google LLC,0.5662,0.351023,Standard,1.613,Request,us-central1,Iowa,google/prj-data-lab/cloud-functions,cloud-functions-dev,Function,Compute,Serverless Compute,Cloud Functions,Google Cloud,GOO-CloudFunctio,GOO-CloudFun-us-central1,prj-data-lab,projeto-dados,Subscription,"{""OwnerTeam"": ""backend"", ""Environment"": ""dev"", ""ManagedBy"": ""manual""}"
0.6818,prj-core-prod,cloudfinops-demo,Billing Account,USD,2026-08-01T00:00:00Z,2026-09-01T00:00:00Z,Usage,,Cloud Functions - Serverless Compute,Usage-Based,2026-08-17T00:00:00Z,2026-08-17T23:59:59Z,cd-google-compute,Usage,Used,5.334,Request,0.5727,0.127822,0.5727,Google LLC,0.6818,0.127822,Committed,5.334,Request,us-central1,Iowa,google/prj-data-lab/cloud-functions,cloud-functions-dev,Function,Compute,Serverless Compute,Cloud Functions,Google Cloud,GOO-CloudFunctio,GOO-CloudFun-us-central1,prj-data-lab,projeto-dados,Subscription,"{""OwnerTeam"": ""redes"", ""Environment"": ""dev"", ""ManagedBy"": ""manual""}"
0.6905,prj-core-prod,cloudfinops-demo,Billing Account,USD,2026-08-01T00:00:00Z,2026-09-01T00:00:00Z,Usage,,Cloud Functions - Serverless Compute,Usage-Based,2026-08-18T00:00:00Z,2026-08-18T23:59:59Z,cd-google-compute,Usage,Used,1.56,Request,0.58,0.442628,0.58,Google LLC,0.6905,0.442628,Committed,1.56,Request,us-central1,Iowa,google/prj-data-lab/cloud-functions,cloud-functions-dev,Function,Compute,Serverless Compute,Cloud Functions,Google Cloud,GOO-CloudFunctio,GOO-CloudFun-us-central1,prj-data-lab,projeto-dados,Subscription,"{""OwnerTeam"": ""dados"", ""Environment"": ""dev"", ""ManagedBy"": ""terraform""}"
0.6931,prj-core-prod,cloudfinops-demo,Billing Account,USD,2026-08-01T00:00:00Z,2026-09-01T00:00:00Z,Usage,,Cloud Functions - Serverless Compute,Usage-Based,2026-08-19T00:00:00Z,2026-08-19T23:59:59Z,,,,3.29,Request,0.6931,0.210669,0.6931,Google LLC,0.6931,0.210669,Standard,3.29,Request,us-central1,Iowa,google/prj-data-lab/cloud-functions,cloud-functions-dev,Function,Compute,Serverless Compute,Cloud Functions,Google Cloud,GOO-CloudFunctio,GOO-CloudFun-us-central1,prj-data-lab,projeto-dados,Subscription,"{""OwnerTeam"": ""plataforma"", ""Environment"": ""dev"", ""ManagedBy"": ""cloudformation""}"
0.6932,prj-core-prod,cloudfinops-demo,Billing Account,USD,2026-08-01T00:00:00Z,2026-09-01T00:00:00Z,Usage,,Cloud Functions - Serverless Compute,Usage-Based,2026-08-20T00:00:00Z,2026-08-20T23:59:59Z,,,,1.712,Request,0.6932,0.404907,0.6932,Google LLC,0.6932,0.404907,Standard,1.712,Request,us-central1,Iowa,google/prj-data-lab/cloud-functions,cloud-functions-dev,Function,Compute,Serverless Compute,Cloud Functions,Google Cloud,GOO-CloudFunctio,GOO-CloudFun-us-central1,prj-data-lab,projeto-dados,Subscription,"{""OwnerTeam"": ""dados"", ""Environment"": ""dev"", ""ManagedBy"": ""terraform""}"
0.6753,prj-core-prod,cloudfinops-demo,Billing Account,USD,2026-08-01T00:00:00Z,2026-09-01T00:00:00Z,Usage,,Cloud Functions - Serverless Compute,Usage-Based,2026-08-21T00:00:00Z,2026-08-21T23:59:59Z,,,,6.08,Request,0.6753,0.111069,0.6753,Google LLC,0.6753,0.111069,Standard,6.08,Request,us-central1,Iowa,google/prj-data-lab/cloud-functions,cloud-functions-dev,Function,Compute,Serverless Compute,Cloud Functions,Google Cloud,GOO-CloudFunctio,GOO-CloudFun-us-central1,prj-data-lab,projeto-dados,Subscription,"{""OwnerTeam"": ""plataforma"", ""Environment"": ""dev"", ""ManagedBy"": ""manual""}"
0.5757,prj-core-prod,cloudfinops-demo,Billing Account,USD,2026-08-01T00:00:00Z,2026-09-01T00:00:00Z,Usage,,Cloud Functions - Serverless Compute,Usage-Based,2026-08-22T00:00:00Z,2026-08-22T23:59:59Z,cd-google-compute,Usage,Used,4.918,Request,0.4836,0.11706,0.4836,Google LLC,0.5757,0.11706,Committed,4.918,Request,us-central1,Iowa,google/prj-data-lab/cloud-functions,cloud-functions-dev,Function,Compute,Serverless Compute,Cloud Functions,Google Cloud,GOO-CloudFunctio,GOO-CloudFun-us-central1,prj-data-lab,projeto-dados,Subscription,"{""OwnerTeam"": ""dados"", ""Environment"": ""dev"", ""ManagedBy"": ""manual""}"
0.5882,prj-core-prod,cloudfinops-demo,Billing Account,USD,2026-08-01T00:00:00Z,2026-09-01T00:00:00Z,Usage,,Cloud Functions - Serverless Compute,Usage-Based,2026-08-23T00:00:00Z,2026-08-23T23:59:59Z,,,,1.376,Request,0.5882,0.427471,0.5882,Google LLC,0.5882,0.427471,Standard,1.376,Request,us-central1,Iowa,google/prj-data-lab/cloud-functions,cloud-functions-dev,Function,Compute,Serverless Compute,Cloud Functions,Google Cloud,GOO-CloudFunctio,GOO-CloudFun-us-central1,prj-data-lab,projeto-dados,Subscription,"{""OwnerTeam"": ""plataforma"", ""Environment"": ""dev"", ""ManagedBy"": ""cloudformation""}"
0.6601,prj-core-prod,cloudfinops-demo,Billing Account,USD,2026-08-01T00:00:00Z,2026-09-01T00:00:00Z,Usage,,Cloud Functions - Serverless Compute,Usage-Based,2026-08-24T00:00:00Z,2026-08-24T23:59:59Z,cd-google-compute,Usage,Used,1.731,Request,0.5545,0.38134,0.5545,Google LLC,0.6601,0.38134,Committed,1.731,Request,us-central1,Iowa,google/prj-data-lab/cloud-functions,cloud-functions-dev,Function,Compute,Serverless Compute,Cloud Functions,Google Cloud,GOO-CloudFunctio,GOO-CloudFun-us-central1,prj-data-lab,projeto-dados,Subscription,"{""OwnerTeam"": ""plataforma"", ""Environment"": ""dev"", ""ManagedBy"": ""cloudformation""}"
0.662,prj-core-prod,cloudfinops-demo,Billing Account,USD,2026-08-01T00:00:00Z,2026-09-01T00:00:00Z,Usage,,Cloud Functions - Serverless Compute,Usage-Based,2026-08-25T00:00:00Z,2026-08-25T23:59:59Z,,,,2.154,Request,0.662,0.307335,0.662,Google LLC,0.662,0.307335,Standard,2.154,Request,us-central1,Iowa,google/prj-data-lab/cloud-functions,cloud-functions-dev,Function,Compute,Serverless Compute,Cloud Functions,Google Cloud,GOO-CloudFunctio,GOO-CloudFun-us-central1,prj-data-lab,projeto-dados,Subscription,"{""OwnerTeam"": ""plataforma"", ""Environment"": ""dev"", ""ManagedBy"": ""serverless""}"
0.6641,prj-core-prod,cloudfinops-demo,Billing Account,USD,2026-08-01T00:00:00Z,2026-09-01T00:00:00Z,Usage,,Cloud Functions - Serverless Compute,Usage-Based,2026-08-26T00:00:00Z,2026-08-26T23:59:59Z,cd-google-compute,Usage,Used,2.609,Request,0.5578,0.254542,0.5578,Google LLC,0.6641,0.254542,Committed,2.609,Request,us-central1,Iowa,google/prj-data-lab/cloud-functions,cloud-functions-dev,Function,Compute,Serverless Compute,Cloud Functions,Google Cloud,GOO-CloudFunctio,GOO-CloudFun-us-central1,prj-data-lab,projeto-dados,Subscription,"{""OwnerTeam"": ""backend"", ""Environment"": ""dev"", ""ManagedBy"": ""terraform""}"
0.6792,prj-core-prod,cloudfinops-demo,Billing Account,USD,2026-08-01T00:00:00Z,2026-09-01T00:00:00Z,Usage,,Cloud Functions - Serverless Compute,Usage-Based,2026-08-27T00:00:00Z,2026-08-27T23:59:59Z,cd-google-compute,Usage,Used,1.702,Request,0.5705,0.39906,0.5705,Google LLC,0.6792,0.39906,Committed,1.702,Request,us-central1,Iowa,google/prj-data-lab/cloud-functions,cloud-functions-dev,Function,Compute,Serverless Compute,Cloud Functions,Google Cloud,GOO-CloudFunctio,GOO-CloudFun-us-central1,prj-data-lab,projeto-dados,Subscription,"{""OwnerTeam"": ""dados"", ""Environment"": ""dev"", ""ManagedBy"": ""manual""}"
0.6619,prj-core-prod,cloudfinops-demo,Billing Account,USD,2026-08-01T00:00:00Z,2026-09-01T00:00:00Z,Usage,,Cloud Functions - Serverless Compute,Usage-Based,2026-08-28T00:00:00Z,2026-08-28T23:59:59Z,cd-google-compute,Usage,Used,3.644,Request,0.556,0.181641,0.556,Google LLC,0.6619,0.181641,Committed,3.644,Request,us-central1,Iowa,google/prj-data-lab/cloud-functions,cloud-functions-dev,Function,Compute,Serverless Compute,Cloud Functions,Google Cloud,GOO-CloudFunctio,GOO-CloudFun-us-central1,prj-data-lab,projeto-dados,Subscription,"{""OwnerTeam"": ""backend"", ""Environment"": ""dev"", ""ManagedBy"": ""manual""}"
0.5601,prj-core-prod,cloudfinops-demo,Billing Account,USD,2026-08-01T00:00:00Z,2026-09-01T00:00:00Z,Usage,,Cloud Functions - Serverless Compute,Usage-Based,2026-08-29T00:00:00Z,2026-08-29T23:59:59Z,,,,25.701,Request,0.5601,0.021793,0.5601,Google LLC,0.5601,0.021793,Standard,25.701,Request,us-central1,Iowa,google/prj-data-lab/cloud-functions,cloud-functions-dev,Function,Compute,Serverless Compute,Cloud Functions,Google Cloud,GOO-CloudFunctio,GOO-CloudFun-us-central1,prj-data-lab,projeto-dados,Subscription,"{""OwnerTeam"": ""plataforma"", ""Environment"": ""dev"", ""ManagedBy"": ""serverless""}"
0.5841,prj-core-prod,cloudfinops-demo,Billing Account,USD,2026-08-01T00:00:00Z,2026-09-01T00:00:00Z,Usage,,Cloud Functions - Serverless Compute,Usage-Based,2026-08-30T00:00:00Z,2026-08-30T23:59:59Z,cd-google-compute,Usage,Used,2.637,Request,0.4906,0.221502,0.4906,Google LLC,0.5841,0.221502,Committed,2.637,Request,us-central1,Iowa,google/prj-data-lab/cloud-functions,cloud-functions-dev,Function,Compute,Serverless Compute,Cloud Functions,Google Cloud,GOO-CloudFunctio,GOO-CloudFun-us-central1,prj-data-lab,projeto-dados,Subscription,"{""OwnerTeam"": ""redes"", ""Environment"": ""dev"", ""ManagedBy"": ""terraform""}"
0.6667,prj-core-prod,cloudfinops-demo,Billing Account,USD,2026-08-01T00:00:00Z,2026-09-01T00:00:00Z,Usage,,Cloud Functions - Serverless Compute,Usage-Based,2026-08-31T00:00:00Z,2026-08-31T23:59:59Z,cd-google-compute,Usage,Used,15.485,Request,0.56,0.043055,0.56,Google LLC,0.6667,0.043055,Committed,15.485,Request,us-central1,Iowa,google/prj-data-lab/cloud-functions,cloud-functions-dev,Function,Compute,Serverless Compute,Cloud Functions,Google Cloud,GOO-CloudFunctio,GOO-CloudFun-us-central1,prj-data-lab,projeto-dados,Subscription,"{""OwnerTeam"": ""dados"", ""Environment"": ""dev"", ""ManagedBy"": ""manual""}"
0.7228,prj-core-prod,cloudfinops-demo,Billing Account,USD,2026-09-01T00:00:00Z,2026-10-01T00:00:00Z,Usage,,Cloud Functions - Serverless Compute,Usage-Based,2026-09-01T00:00:00Z,2026-09-01T23:59:59Z,,,,2.757,Request,0.7228,0.262169,0.7228,Google LLC,0.7228,0.262169,Standard,2.757,Request,us-central1,Iowa,google/prj-data-lab/cloud-functions,cloud-functions-dev,Function,Compute,Serverless Compute,Cloud Functions,Google Cloud,GOO-CloudFunctio,GOO-CloudFun-us-central1,prj-data-lab,projeto-dados,Subscription,"{""OwnerTeam"": ""backend"", ""Environment"": ""dev"", ""ManagedBy"": ""manual""}"
0.7208,prj-core-prod,cloudfinops-demo,Billing Account,USD,2026-09-01T00:00:00Z,2026-10-01T00:00:00Z,Usage,,Cloud Functions - Serverless Compute,Usage-Based,2026-09-02T00:00:00Z,2026-09-02T23:59:59Z,cd-google-compute,Usage,Used,26.706,Request,0.6055,0.02699,0.6055,Google LLC,0.7208,0.02699,Committed,26.706,Request,us-central1,Iowa,google/prj-data-lab/cloud-functions,cloud-functions-dev,Function,Compute,Serverless Compute,Cloud Functions,Google Cloud,GOO-CloudFunctio,GOO-CloudFun-us-central1,prj-data-lab,projeto-dados,Subscription,"{""OwnerTeam"": ""redes"", ""Environment"": ""dev"", ""ManagedBy"": ""serverless""}"
0.6888,prj-core-prod,cloudfinops-demo,Billing Account,USD,2026-09-01T00:00:00Z,2026-10-01T00:00:00Z,Usage,,Cloud Functions - Serverless Compute,Usage-Based,2026-09-03T00:00:00Z,2026-09-03T23:59:59Z,cd-google-compute,Usage,Used,11.997,Request,0.5786,0.057414,0.5786,Google LLC,0.6888,0.057414,Committed,11.997,Request,us-central1,Iowa,google/prj-data-lab/cloud-functions,cloud-functions-dev,Function,Compute,Serverless Compute,Cloud Functions,Google Cloud,GOO-CloudFunctio,GOO-CloudFun-us-central1,prj-data-lab,projeto-dados,Subscription,"{""OwnerTeam"": ""redes"", ""Environment"": ""dev"", ""ManagedBy"": ""cloudformation""}"
0.6884,prj-core-prod,cloudfinops-demo,Billing Account,USD,2026-09-01T00:00:00Z,2026-10-01T00:00:00Z,Usage,,Cloud Functions - Serverless Compute,Usage-Based,2026-09-04T00:00:00Z,2026-09-04T23:59:59Z,cd-google-compute,Usage,Used,16.28,Request,0.5783,0.042285,0.5783,Google LLC,0.6884,0.042285,Committed,16.28,Request,us-central1,Iowa,google/prj-data-lab/cloud-functions,cloud-functions-dev,Function,Compute,Serverless Compute,Cloud Functions,Google Cloud,GOO-CloudFunctio,GOO-CloudFun-us-central1,prj-data-lab,projeto-dados,Subscription,"{""OwnerTeam"": ""backend"", ""Environment"": ""dev"", ""ManagedBy"": ""manual""}"
0.5938,prj-core-prod,cloudfinops-demo,Billing Account,USD,2026-09-01T00:00:00Z,2026-10-01T00:00:00Z,Usage,,Cloud Functions - Serverless Compute,Usage-Based,2026-09-05T00:00:00Z,2026-09-05T23:59:59Z,,,,3.265,Request,0.5938,0.181868,0.5938,Google LLC,0.5938,0.181868,Standard,3.265,Request,us-central1,Iowa,google/prj-data-lab/cloud-functions,cloud-functions-dev,Function,Compute,Serverless Compute,Cloud Functions,Google Cloud,GOO-CloudFunctio,GOO-CloudFun-us-central1,prj-data-lab,projeto-dados,Subscription,"{""OwnerTeam"": ""dados"", ""Environment"": ""dev"", ""ManagedBy"": ""serverless""}"
0.5906,prj-core-prod,cloudfinops-demo,Billing Account,USD,2026-09-01T00:00:00Z,2026-10-01T00:00:00Z,Usage,,Cloud Functions - Serverless Compute,Usage-Based,2026-09-06T00:00:00Z,2026-09-06T23:59:59Z,,,,13.189,Request,0.5906,0.04478,0.5906,Google LLC,0.5906,0.04478,Standard,13.189,Request,us-central1,Iowa,google/prj-data-lab/cloud-functions,cloud-functions-dev,Function,Compute,Serverless Compute,Cloud Functions,Google Cloud,GOO-CloudFunctio,GOO-CloudFun-us-central1,prj-data-lab,projeto-dados,Subscription,"{""OwnerTeam"": ""dados"", ""Environment"": ""dev"", ""ManagedBy"": ""terraform""}"
0.7207,prj-core-prod,cloudfinops-demo,Billing Account,USD,2026-09-01T00:00:00Z,2026-10-01T00:00:00Z,Usage,,Cloud Functions - Serverless Compute,Usage-Based,2026-09-07T00:00:00Z,2026-09-07T23:59:59Z,,,,3.375,Request,0.7207,0.213541,0.7207,Google LLC,0.7207,0.213541,Standard,3.375,Request,us-central1,Iowa,google/prj-data-lab/cloud-functions,cloud-functions-dev,Function,Compute,Serverless Compute,Cloud Functions,Google Cloud,GOO-CloudFunctio,GOO-CloudFun-us-central1,prj-data-lab,projeto-dados,Subscription,"{""OwnerTeam"": ""dados"", ""Environment"": ""dev"", ""ManagedBy"": ""serverless""}"
0.6857,prj-core-prod,cloudfinops-demo,Billing Account,USD,2026-09-01T00:00:00Z,2026-10-01T00:00:00Z,Usage,,Cloud Functions - Serverless Compute,Usage-Based,2026-09-08T00:00:00Z,2026-09-08T23:59:59Z,,,,1.639,Request,0.6857,0.418365,0.6857,Google LLC,0.6857,0.418365,Standard,1.639,Request,us-central1,Iowa,google/prj-data-lab/cloud-functions,cloud-functions-dev,Function,Compute,Serverless Compute,Cloud Functions,Google Cloud,GOO-CloudFunctio,GOO-CloudFun-us-central1,prj-data-lab,projeto-dados,Subscription,"{""OwnerTeam"": ""plataforma"", ""Environment"": ""dev"", ""ManagedBy"": ""serverless""}"
0.7185,prj-core-prod,cloudfinops-demo,Billing Account,USD,2026-09-01T00:00:00Z,2026-10-01T00:00:00Z,Usage,,Cloud Functions - Serverless Compute,Usage-Based,2026-09-09T00:00:00Z,2026-09-09T23:59:59Z,,,,1.927,Request,0.7185,0.372859,0.7185,Google LLC,0.7185,0.372859,Standard,1.927,Request,us-central1,Iowa,google/prj-data-lab/cloud-functions,cloud-functions-dev,Function,Compute,Serverless Compute,Cloud Functions,Google Cloud,GOO-CloudFunctio,GOO-CloudFun-us-central1,prj-data-lab,projeto-dados,Subscription,"{""OwnerTeam"": ""backend"", ""Environment"": ""dev"", ""ManagedBy"": ""manual""}"
0.7317,prj-core-prod,cloudfinops-demo,Billing Account,USD,2026-09-01T00:00:00Z,2026-10-01T00:00:00Z,Usage,,Cloud Functions - Serverless Compute,Usage-Based,2026-09-10T00:00:00Z,2026-09-10T23:59:59Z,,,,2.175,Request,0.7317,0.336414,0.7317,Google LLC,0.7317,0.336414,Standard,2.175,Request,us-central1,Iowa,google/prj-data-lab/cloud-functions,cloud-functions-dev,Function,Compute,Serverless Compute,Cloud Functions,Google Cloud,GOO-CloudFunctio,GOO-CloudFun-us-central1,prj-data-lab,projeto-dados,Subscription,"{""OwnerTeam"": ""plataforma"", ""Environment"": ""dev"", ""ManagedBy"": ""cloudformation""}"
0.6931,prj-core-prod,cloudfinops-demo,Billing Account,USD,2026-09-01T00:00:00Z,2026-10-01T00:00:00Z,Usage,,Cloud Functions - Serverless Compute,Usage-Based,2026-09-11T00:00:00Z,2026-09-11T23:59:59Z,,,,1.683,Request,0.6931,0.411824,0.6931,Google LLC,0.6931,0.411824,Standard,1.683,Request,us-central1,Iowa,google/prj-data-lab/cloud-functions,cloud-functions-dev,Function,Compute,Serverless Compute,Cloud Functions,Google Cloud,GOO-CloudFunctio,GOO-CloudFun-us-central1,prj-data-lab,projeto-dados,Subscription,"{""OwnerTeam"": ""redes"", ""Environment"": ""dev"", ""ManagedBy"": ""serverless""}"
0.609,prj-core-prod,cloudfinops-demo,Billing Account,USD,2026-09-01T00:00:00Z,2026-10-01T00:00:00Z,Usage,,Cloud Functions - Serverless Compute,Usage-Based,2026-09-12T00:00:00Z,2026-09-12T23:59:59Z,cd-google-compute,Usage,Used,1.885,Request,0.5116,0.323077,0.5116,Google LLC,0.609,0.323077,Committed,1.885,Request,us-central1,Iowa,google/prj-data-lab/cloud-functions,cloud-functions-dev,Function,Compute,Serverless Compute,Cloud Functions,Google Cloud,GOO-CloudFunctio,GOO-CloudFun-us-central1,prj-data-lab,projeto-dados,Subscription,"{""OwnerTeam"": ""backend"", ""Environment"": ""dev"", ""ManagedBy"": ""cloudformation""}"
0.59,prj-core-prod,cloudfinops-demo,Billing Account,USD,2026-09-01T00:00:00Z,2026-10-01T00:00:00Z,Usage,,Cloud Functions - Serverless Compute,Usage-Based,2026-09-13T00:00:00Z,2026-09-13T23:59:59Z,cd-google-compute,Usage,Used,1.44,Request,0.4956,0.409722,0.4956,Google LLC,0.59,0.409722,Committed,1.44,Request,us-central1,Iowa,google/prj-data-lab/cloud-functions,cloud-functions-dev,Function,Compute,Serverless Compute,Cloud Functions,Google Cloud,GOO-CloudFunctio,GOO-CloudFun-us-central1,prj-data-lab,projeto-dados,Subscription,"{""OwnerTeam"": ""backend"", ""Environment"": ""dev"", ""ManagedBy"": ""serverless""}"
0.6833,prj-core-prod,cloudfinops-demo,Billing Account,USD,2026-09-01T00:00:00Z,2026-10-01T00:00:00Z,Usage,,Cloud Functions - Serverless Compute,Usage-Based,2026-09-14T00:00:00Z,2026-09-14T23:59:59Z,,,,1.615,Request,0.6833,0.423096,0.6833,Google LLC,0.6833,0.423096,Standard,1.615,Request,us-central1,Iowa,google/prj-data-lab/cloud-functions,cloud-functions-dev,Function,Compute,Serverless Compute,Cloud Functions,Google Cloud,GOO-CloudFunctio,GOO-CloudFun-us-central1,prj-data-lab,projeto-dados,Subscription,"{""OwnerTeam"": ""dados"", ""Environment"": ""dev"", ""ManagedBy"": ""manual""}"
0.7291,prj-core-prod,cloudfinops-demo,Billing Account,USD,2026-09-01T00:00:00Z,2026-10-01T00:00:00Z,Usage,,Cloud Functions - Serverless Compute,Usage-Based,2026-09-15T00:00:00Z,2026-09-15T23:59:59Z,cd-google-compute,Usage,Used,2.001,Request,0.6124,0.364368,0.6124,Google LLC,0.7291,0.364368,Committed,2.001,Request,us-central1,Iowa,google/prj-data-lab/cloud-functions,cloud-functions-dev,Function,Compute,Serverless Compute,Cloud Functions,Google Cloud,GOO-CloudFunctio,GOO-CloudFun-us-central1,prj-data-lab,projeto-dados,Subscription,"{""OwnerTeam"": ""backend"", ""Environment"": ""dev"", ""ManagedBy"": ""terraform""}"
0.6884,prj-core-prod,cloudfinops-demo,Billing Account,USD,2026-09-01T00:00:00Z,2026-10-01T00:00:00Z,Usage,,Cloud Functions - Serverless Compute,Usage-Based,2026-09-16T00:00:00Z,2026-09-16T23:59:59Z,,,,3.698,Request,0.6884,0.186155,0.6884,Google LLC,0.6884,0.186155,Standard,3.698,Request,us-central1,Iowa,google/prj-data-lab/cloud-functions,cloud-functions-dev,Function,Compute,Serverless Compute,Cloud Functions,Google Cloud,GOO-CloudFunctio,GOO-CloudFun-us-central1,prj-data-lab,projeto-dados,Subscription,"{""OwnerTeam"": ""plataforma"", ""Environment"": ""dev"", ""ManagedBy"": ""terraform""}"
0.7134,prj-core-prod,cloudfinops-demo,Billing Account,USD,2026-09-01T00:00:00Z,2026-10-01T00:00:00Z,Usage,,Cloud Functions - Serverless Compute,Usage-Based,2026-09-17T00:00:00Z,2026-09-17T23:59:59Z,cd-google-compute,Usage,Used,6.618,Request,0.5993,0.107797,0.5993,Google LLC,0.7134,0.107797,Committed,6.618,Request,us-central1,Iowa,google/prj-data-lab/cloud-functions,cloud-functions-dev,Function,Compute,Serverless Compute,Cloud Functions,Google Cloud,GOO-CloudFunctio,GOO-CloudFun-us-central1,prj-data-lab,projeto-dados,Subscription,"{""OwnerTeam"": ""backend"", ""Environment"": ""dev"", ""ManagedBy"": ""terraform""}"
0.7051,prj-core-prod,cloudfinops-demo,Billing Account,USD,2026-09-01T00:00:00Z,2026-10-01T00:00:00Z,Usage,,Cloud Functions - Serverless Compute,Usage-Based,2026-09-18T00:00:00Z,2026-09-18T23:59:59Z,cd-google-compute,Usage,Used,3.967,Request,0.5923,0.177741,0.5923,Google LLC,0.7051,0.177741,Committed,3.967,Request,us-central1,Iowa,google/prj-data-lab/cloud-functions,cloud-functions-dev,Function,Compute,Serverless Compute,Cloud Functions,Google Cloud,GOO-CloudFunctio,GOO-CloudFun-us-central1,prj-data-lab,projeto-dados,Subscription,"{""OwnerTeam"": ""backend"", ""Environment"": ""dev"", ""ManagedBy"": ""cloudformation""}"
0.5968,prj-core-prod,cloudfinops-demo,Billing Account,USD,2026-09-01T00:00:00Z,2026-10-01T00:00:00Z,Usage,,Cloud Functions - Serverless Compute,Usage-Based,2026-09-19T00:00:00Z,2026-09-19T23:59:59Z,,,,1.658,Request,0.5968,0.359952,0.5968,Google LLC,0.5968,0.359952,Standard,1.658,Request,us-central1,Iowa,google/prj-data-lab/cloud-functions,cloud-functions-dev,Function,Compute,Serverless Compute,Cloud Functions,Google Cloud,GOO-CloudFunctio,GOO-CloudFun-us-central1,prj-data-lab,projeto-dados,Subscription,"{""OwnerTeam"": ""dados"", ""Environment"": ""dev"", ""ManagedBy"": ""manual""}"
0.6095,prj-core-prod,cloudfinops-demo,Billing Account,USD,2026-09-01T00:00:00Z,2026-10-01T00:00:00Z,Usage,,Cloud Functions - Serverless Compute,Usage-Based,2026-09-20T00:00:00Z,2026-09-20T23:59:59Z,,,,6.347,Request,0.6095,0.09603,0.6095,Google LLC,0.6095,0.09603,Standard,6.347,Request,us-central1,Iowa,google/prj-data-lab/cloud-functions,cloud-functions-dev,Function,Compute,Serverless Compute,Cloud Functions,Google Cloud,GOO-CloudFunctio,GOO-CloudFun-us-central1,prj-data-lab,projeto-dados,Subscription,"{""OwnerTeam"": ""backend"", ""Environment"": ""dev"", ""ManagedBy"": ""cloudformation""}"
0.6871,prj-core-prod,cloudfinops-demo,Billing Account,USD,2026-09-01T00:00:00Z,2026-10-01T00:00:00Z,Usage,,Cloud Functions - Serverless Compute,Usage-Based,2026-09-21T00:00:00Z,2026-09-21T23:59:59Z,,,,3.011,Request,0.6871,0.228197,0.6871,Google LLC,0.6871,0.228197,Standard,3.011,Request,us-central1,Iowa,google/prj-data-lab/cloud-functions,cloud-functions-dev,Function,Compute,Serverless Compute,Cloud Functions,Google Cloud,GOO-CloudFunctio,GOO-CloudFun-us-central1,prj-data-lab,projeto-dados,Subscription,"{""OwnerTeam"": ""plataforma"", ""Environment"": ""dev"", ""ManagedBy"": ""terraform""}"
0.6949,prj-core-prod,cloudfinops-demo,Billing Account,USD,2026-09-01T00:00:00Z,2026-10-01T00:00:00Z,Usage,,Cloud Functions - Serverless Compute,Usage-Based,2026-09-22T00:00:00Z,2026-09-22T23:59:59Z,cd-google-compute,Usage,Used,2.442,Request,0.5837,0.284562,0.5837,Google LLC,0.6949,0.284562,Committed,2.442,Request,us-central1,Iowa,google/prj-data-lab/cloud-functions,cloud-functions-dev,Function,Compute,Serverless Compute,Cloud Functions,Google Cloud,GOO-CloudFunctio,GOO-CloudFun-us-central1,prj-data-lab,projeto-dados,Subscription,"{""OwnerTeam"": ""redes"", ""Environment"": ""dev"", ""ManagedBy"": ""serverless""}"
0.7033,prj-core-prod,cloudfinops-demo,Billing Account,USD,2026-09-01T00:00:00Z,2026-10-01T00:00:00Z,Usage,,Cloud Functions - Serverless Compute,Usage-Based,2026-09-23T00:00:00Z,2026-09-23T23:59:59Z,,,,2.499,Request,0.7033,0.281433,0.7033,Google LLC,0.7033,0.281433,Standard,2.499,Request,us-central1,Iowa,google/prj-data-lab/cloud-functions,cloud-functions-dev,Function,Compute,Serverless Compute,Cloud Functions,Google Cloud,GOO-CloudFunctio,GOO-CloudFun-us-central1,prj-data-lab,projeto-dados,Subscription,"{""OwnerTeam"": ""redes"", ""Environment"": ""dev"", ""ManagedBy"": ""manual""}"
0.7125,prj-core-prod,cloudfinops-demo,Billing Account,USD,2026-09-01T00:00:00Z,2026-10-01T00:00:00Z,Usage,,Cloud Functions - Serverless Compute,Usage-Based,2026-09-24T00:00:00Z,2026-09-24T23:59:59Z,,,,2.651,Request,0.7125,0.268767,0.7125,Google LLC,0.7125,0.268767,Standard,2.651,Request,us-central1,Iowa,google/prj-data-lab/cloud-functions,cloud-functions-dev,Function,Compute,Serverless Compute,Cloud Functions,Google Cloud,GOO-CloudFunctio,GOO-CloudFun-us-central1,prj-data-lab,projeto-dados,Subscription,"{""OwnerTeam"": ""plataforma"", ""Environment"": ""dev"", ""ManagedBy"": ""serverless""}"
0.7066,prj-core-prod,cloudfinops-demo,Billing Account,USD,2026-09-01T00:00:00Z,2026-10-01T00:00:00Z,Usage,,Cloud Functions - Serverless Compute,Usage-Based,2026-09-25T00:00:00Z,2026-09-25T23:59:59Z,,,,1.786,Request,0.7066,0.395633,0.7066,Google LLC,0.7066,0.395633,Standard,1.786,Request,us-central1,Iowa,google/prj-data-lab/cloud-functions,cloud-functions-dev,Function,Compute,Serverless Compute,Cloud Functions,Google Cloud,GOO-CloudFunctio,GOO-CloudFun-us-central1,prj-data-lab,projeto-dados,Subscription,"{""OwnerTeam"": ""backend"", ""Environment"": ""dev"", ""ManagedBy"": ""cloudformation""}"
0.6128,prj-core-prod,cloudfinops-demo,Billing Account,USD,2026-09-01T00:00:00Z,2026-10-01T00:00:00Z,Usage,,Cloud Functions - Serverless Compute,Usage-Based,2026-09-26T00:00:00Z,2026-09-26T23:59:59Z,,,,1.664,Request,0.6128,0.368269,0.6128,Google LLC,0.6128,0.368269,Standard,1.664,Request,us-central1,Iowa,google/prj-data-lab/cloud-functions,cloud-functions-dev,Function,Compute,Serverless Compute,Cloud Functions,Google Cloud,GOO-CloudFunctio,GOO-CloudFun-us-central1,prj-data-lab,projeto-dados,Subscription,"{""OwnerTeam"": ""plataforma"", ""Environment"": ""dev"", ""ManagedBy"": ""serverless""}"
0.5991,prj-core-prod,cloudfinops-demo,Billing Account,USD,2026-09-01T00:00:00Z,2026-10-01T00:00:00Z,Usage,,Cloud Functions - Serverless Compute,Usage-Based,2026-09-27T00:00:00Z,2026-09-27T23:59:59Z,,,,2.629,Request,0.5991,0.227881,0.5991,Google LLC,0.5991,0.227881,Standard,2.629,Request,us-central1,Iowa,google/prj-data-lab/cloud-functions,cloud-functions-dev,Function,Compute,Serverless Compute,Cloud Functions,Google Cloud,GOO-CloudFunctio,GOO-CloudFun-us-central1,prj-data-lab,projeto-dados,Subscription,"{""OwnerTeam"": ""redes"", ""Environment"": ""dev"", ""ManagedBy"": ""manual""}"
0.7035,prj-core-prod,cloudfinops-demo,Billing Account,USD,2026-09-01T00:00:00Z,2026-10-01T00:00:00Z,Usage,,Cloud Functions - Serverless Compute,Usage-Based,2026-09-28T00:00:00Z,2026-09-28T23:59:59Z,cd-google-compute,Usage,Used,3.64,Request,0.5909,0.193269,0.5909,Google LLC,0.7035,0.193269,Committed,3.64,Request,us-central1,Iowa,google/prj-data-lab/cloud-functions,cloud-functions-dev,Function,Compute,Serverless Compute,Cloud Functions,Google Cloud,GOO-CloudFunctio,GOO-CloudFun-us-central1,prj-data-lab,projeto-dados,Subscription,"{""OwnerTeam"": ""backend"", ""Environment"": ""dev"", ""ManagedBy"": ""cloudformation""}"
0.7077,prj-core-prod,cloudfinops-demo,Billing Account,USD,2026-09-01T00:00:00Z,2026-10-01T00:00:00Z,Usage,,Cloud Functions - Serverless Compute,Usage-Based,2026-09-29T00:00:00Z,2026-09-29T23:59:59Z,cd-google-compute,Usage,Used,2.997,Request,0.5945,0.236136,0.5945,Google LLC,0.7077,0.236136,Committed,2.997,Request,us-central1,Iowa,google/prj-data-lab/cloud-functions,cloud-functions-dev,Function,Compute,Serverless Compute,Cloud Functions,Google Cloud,GOO-CloudFunctio,GOO-CloudFun-us-central1,prj-data-lab,projeto-dados,Subscription,"{""OwnerTeam"": ""dados"", ""Environment"": ""dev"", ""ManagedBy"": ""serverless""}"
0.7213,prj-core-prod,cloudfinops-demo,Billing Account,USD,2026-09-01T00:00:00Z,2026-10-01T00:00:00Z,Usage,,Cloud Functions - Serverless Compute,Usage-Based,2026-09-30T00:00:00Z,2026-09-30T23:59:59Z,,,,2.332,Request,0.7213,0.309305,0.7213,Google LLC,0.7213,0.309305,Standard,2.332,Request,us-central1,Iowa,google/prj-data-lab/cloud-functions,cloud-functions-dev,Function,Compute,Serverless Compute,Cloud Functions,Google Cloud,GOO-CloudFunctio,GOO-CloudFun-us-central1,prj-data-lab,projeto-dados,Subscription,"{""OwnerTeam"": ""backend"", ""Environment"": ""dev"", ""ManagedBy"": ""terraform""}"
0.6918,prj-core-prod,cloudfinops-demo,Billing Account,USD,2026-10-01T00:00:00Z,2026-11-01T00:00:00Z,Usage,,Cloud Functions - Serverless Compute,Usage-Based,2026-10-01T00:00:00Z,2026-10-01T23:59:59Z,,,,6.631,Request,0.6918,0.104328,0.6918,Google LLC,0.6918,0.104328,Standard,6.631,Request,us-central1,Iowa,google/prj-data-lab/cloud-functions,cloud-functions-dev,Function,Compute,Serverless Compute,Cloud Functions,Google Cloud,GOO-CloudFunctio,GOO-CloudFun-us-central1,prj-data-lab,projeto-dados,Subscription,"{""OwnerTeam"": ""plataforma"", ""Environment"": ""dev"", ""ManagedBy"": ""cloudformation""}"
0.6777,prj-core-prod,cloudfinops-demo,Billing Account,USD,2026-10-01T00:00:00Z,2026-11-01T00:00:00Z,Usage,,Cloud Functions - Serverless Compute,Usage-Based,2026-10-02T00:00:00Z,2026-10-02T23:59:59Z,cd-google-compute,Usage,Used,1.586,Request,0.5693,0.427301,0.5693,Google LLC,0.6777,0.427301,Committed,1.586,Request,us-central1,Iowa,google/prj-data-lab/cloud-functions,cloud-functions-dev,Function,Compute,Serverless Compute,Cloud Functions,Google Cloud,GOO-CloudFunctio,GOO-CloudFun-us-central1,prj-data-lab,projeto-dados,Subscription,"{""OwnerTeam"": ""dados"", ""Environment"": ""dev"", ""ManagedBy"": ""manual""}"
0.5859,prj-core-prod,cloudfinops-demo,Billing Account,USD,2026-10-01T00:00:00Z,2026-11-01T00:00:00Z,Usage,,Cloud Functions - Serverless Compute,Usage-Based,2026-10-03T00:00:00Z,2026-10-03T23:59:59Z,cd-google-compute,Usage,Used,1.966,Request,0.4922,0.298016,0.4922,Google LLC,0.5859,0.298016,Committed,1.966,Request,us-central1,Iowa,google/prj-data-lab/cloud-functions,cloud-functions-dev,Function,Compute,Serverless Compute,Cloud Functions,Google Cloud,GOO-CloudFunctio,GOO-CloudFun-us-central1,prj-data-lab,projeto-dados,Subscription,"{""OwnerTeam"": ""plataforma"", ""Environment"": ""dev"", ""ManagedBy"": ""cloudformation""}"
0.7271,prj-core-prod,cloudfinops-demo,Billing Account,USD,2026-08-01T00:00:00Z,2026-09-01T00:00:00Z,Usage,,Cloud DNS - Domain Name Services,Usage-Based,2026-08-01T00:00:00Z,2026-08-01T23:59:59Z,,,,20.471,Query,0.7271,0.035519,0.7271,Google LLC,0.7271,0.035519,Standard,20.471,Query,us-central1,Iowa,google/prj-core-prod/cloud-dns,cloud-dns-prod,DNS Zone,Networking,Domain Name Services,Cloud DNS,Google Cloud,GOO-CloudDNS,GOO-CloudDNS-us-central1,prj-core-prod,projeto-core,Subscription,"{""OwnerTeam"": ""plataforma"", ""Environment"": ""prod"", ""ManagedBy"": ""serverless""}"
0.7082,prj-core-prod,cloudfinops-demo,Billing Account,USD,2026-08-01T00:00:00Z,2026-09-01T00:00:00Z,Usage,,Cloud DNS - Domain Name Services,Usage-Based,2026-08-02T00:00:00Z,2026-08-02T23:59:59Z,,,,1.63,Query,0.7082,0.434479,0.7082,Google LLC,0.7082,0.434479,Standard,1.63,Query,us-central1,Iowa,google/prj-core-prod/cloud-dns,cloud-dns-prod,DNS Zone,Networking,Domain Name Services,Cloud DNS,Google Cloud,GOO-CloudDNS,GOO-CloudDNS-us-central1,prj-core-prod,projeto-core,Subscription,"{""OwnerTeam"": ""backend"", ""Environment"": ""prod"", ""ManagedBy"": ""cloudformation""}"
0.8308,prj-core-prod,cloudfinops-demo,Billing Account,USD,2026-08-01T00:00:00Z,2026-09-01T00:00:00Z,Usage,,Cloud DNS - Domain Name Services,Usage-Based,2026-08-03T00:00:00Z,2026-08-03T23:59:59Z,,,,2.889,Query,0.8308,0.287574,0.8308,Google LLC,0.8308,0.287574,Standard,2.889,Query,us-central1,Iowa,google/prj-core-prod/cloud-dns,cloud-dns-prod,DNS Zone,Networking,Domain Name Services,Cloud DNS,Google Cloud,GOO-CloudDNS,GOO-CloudDNS-us-central1,prj-core-prod,projeto-core,Subscription,"{""OwnerTeam"": ""dados"", ""Environment"": ""prod"", ""ManagedBy"": ""manual""}"
0.841,prj-core-prod,cloudfinops-demo,Billing Account,USD,2026-08-01T00:00:00Z,2026-09-01T00:00:00Z,Usage,,Cloud DNS - Domain Name Services,Usage-Based,2026-08-04T00:00:00Z,2026-08-04T23:59:59Z,,,,3.51,Query,0.841,0.239601,0.841,Google LLC,0.841,0.239601,Standard,3.51,Query,us-central1,Iowa,google/prj-core-prod/cloud-dns,cloud-dns-prod,DNS Zone,Networking,Domain Name Services,Cloud DNS,Google Cloud,GOO-CloudDNS,GOO-CloudDNS-us-central1,prj-core-prod,projeto-core,Subscription,"{""OwnerTeam"": ""redes"", ""Environment"": ""prod"", ""ManagedBy"": ""cloudformation""}"
0.8519,prj-core-prod,cloudfinops-demo,Billing Account,USD,2026-08-01T00:00:00Z,2026-09-01T00:00:00Z,Usage,,Cloud DNS - Domain Name Services,Usage-Based,2026-08-05T00:00:00Z,2026-08-05T23:59:59Z,,,,2.414,Query,0.8519,0.3529,0.8519,Google LLC,0.8519,0.3529,Standard,2.414,Query,us-central1,Iowa,google/prj-core-prod/cloud-dns,cloud-dns-prod,DNS Zone,Networking,Domain Name Services,Cloud DNS,Google Cloud,GOO-CloudDNS,GOO-CloudDNS-us-central1,prj-core-prod,projeto-core,Subscription,"{""OwnerTeam"": ""redes"", ""Environment"": ""prod"", ""ManagedBy"": ""serverless""}"
0.8583,prj-core-prod,cloudfinops-demo,Billing Account,USD,2026-08-01T00:00:00Z,2026-09-01T00:00:00Z,Usage,,Cloud DNS - Domain Name Services,Usage-Based,2026-08-06T00:00:00Z,2026-08-06T23:59:59Z,,,,7.329,Query,0.8583,0.11711,0.8583,Google LLC,0.8583,0.11711,Standard,7.329,Query,us-central1,Iowa,google/prj-core-prod/cloud-dns,cloud-dns-prod,DNS Zone,Networking,Domain Name Services,Cloud DNS,Google Cloud,GOO-CloudDNS,GOO-CloudDNS-us-central1,prj-core-prod,projeto-core,Subscription,"{""OwnerTeam"": ""backend"", ""Environment"": ""prod"", ""ManagedBy"": ""serverless""}"
0.8427,prj-core-prod,cloudfinops-demo,Billing Account,USD,2026-08-01T00:00:00Z,2026-09-01T00:00:00Z,Usage,,Cloud DNS - Domain Name Services,Usage-Based,2026-08-07T00:00:00Z,2026-08-07T23:59:59Z,,,,5.693,Query,0.8427,0.148024,0.8427,Google LLC,0.8427,0.148024,Standard,5.693,Query,us-central1,Iowa,google/prj-core-prod/cloud-dns,cloud-dns-prod,DNS Zone,Networking,Domain Name Services,Cloud DNS,Google Cloud,GOO-CloudDNS,GOO-CloudDNS-us-central1,prj-core-prod,projeto-core,Subscription,"{""OwnerTeam"": ""backend"", ""Environment"": ""prod"", ""ManagedBy"": ""cloudformation""}"
0.7069,prj-core-prod,cloudfinops-demo,Billing Account,USD,2026-08-01T00:00:00Z,2026-09-01T00:00:00Z,Usage,,Cloud DNS - Domain Name Services,Usage-Based,2026-08-08T00:00:00Z,2026-08-08T23:59:59Z,,,,3.649,Query,0.7069,0.193724,0.7069,Google LLC,0.7069,0.193724,Standard,3.649,Query,us-central1,Iowa,google/prj-core-prod/cloud-dns,cloud-dns-prod,DNS Zone,Networking,Domain Name Services,Cloud DNS,Google Cloud,GOO-CloudDNS,GOO-CloudDNS-us-central1,prj-core-prod,projeto-core,Subscription,"{""OwnerTeam"": ""redes"", ""Environment"": ""prod"", ""ManagedBy"": ""serverless""}"
0.6926,prj-core-prod,cloudfinops-demo,Billing Account,USD,2026-08-01T00:00:00Z,2026-09-01T00:00:00Z,Usage,,Cloud DNS - Domain Name Services,Usage-Based,2026-08-09T00:00:00Z,2026-08-09T23:59:59Z,,,,2.28,Query,0.6926,0.303772,0.6926,Google LLC,0.6926,0.303772,Standard,2.28,Query,us-central1,Iowa,google/prj-core-prod/cloud-dns,cloud-dns-prod,DNS Zone,Networking,Domain Name Services,Cloud DNS,Google Cloud,GOO-CloudDNS,GOO-CloudDNS-us-central1,prj-core-prod,projeto-core,Subscription,"{""OwnerTeam"": ""plataforma"", ""Environment"": ""prod"", ""ManagedBy"": ""cloudformation""}"
0.8344,prj-core-prod,cloudfinops-demo,Billing Account,USD,2026-08-01T00:00:00Z,2026-09-01T00:00:00Z,Usage,,Cloud DNS - Domain Name Services,Usage-Based,2026-08-10T00:00:00Z,2026-08-10T23:59:59Z,,,,2.189,Query,0.8344,0.381179,0.8344,Google LLC,0.8344,0.381179,Standard,2.189,Query,us-central1,Iowa,google/prj-core-prod/cloud-dns,cloud-dns-prod,DNS Zone,Networking,Domain Name Services,Cloud DNS,Google Cloud,GOO-CloudDNS,GOO-CloudDNS-us-central1,prj-core-prod,projeto-core,Subscription,"{""OwnerTeam"": ""plataforma"", ""Environment"": ""prod"", ""ManagedBy"": ""cloudformation""}"
0.864,prj-core-prod,cloudfinops-demo,Billing Account,USD,2026-08-01T00:00:00Z,2026-09-01T00:00:00Z,Usage,,Cloud DNS - Domain Name Services,Usage-Based,2026-08-11T00:00:00Z,2026-08-11T23:59:59Z,,,,31.219,Query,0.864,0.027675,0.864,Google LLC,0.864,0.027675,Standard,31.219,Query,us-central1,Iowa,google/prj-core-prod/cloud-dns,cloud-dns-prod,DNS Zone,Networking,Domain Name Services,Cloud DNS,Google Cloud,GOO-CloudDNS,GOO-CloudDNS-us-central1,prj-core-prod,projeto-core,Subscription,"{""OwnerTeam"": ""redes"", ""Environment"": ""prod"", ""ManagedBy"": ""cloudformation""}"
0.8653,prj-core-prod,cloudfinops-demo,Billing Account,USD,2026-08-01T00:00:00Z,2026-09-01T00:00:00Z,Usage,,Cloud DNS - Domain Name Services,Usage-Based,2026-08-12T00:00:00Z,2026-08-12T23:59:59Z,,,,9.764,Query,0.8653,0.088621,0.8653,Google LLC,0.8653,0.088621,Standard,9.764,Query,us-central1,Iowa,google/prj-core-prod/cloud-dns,cloud-dns-prod,DNS Zone,Networking,Domain Name Services,Cloud DNS,Google Cloud,GOO-CloudDNS,GOO-CloudDNS-us-central1,prj-core-prod,projeto-core,Subscription,"{""OwnerTeam"": ""dados"", ""Environment"": ""prod"", ""ManagedBy"": ""cloudformation""}"
0.8348,prj-core-prod,cloudfinops-demo,Billing Account,USD,2026-08-01T00:00:00Z,2026-09-01T00:00:00Z,Usage,,Cloud DNS - Domain Name Services,Usage-Based,2026-08-13T00:00:00Z,2026-08-13T23:59:59Z,,,,5.842,Query,0.8348,0.142896,0.8348,Google LLC,0.8348,0.142896,Standard,5.842,Query,us-central1,Iowa,google/prj-core-prod/cloud-dns,cloud-dns-prod,DNS Zone,Networking,Domain Name Services,Cloud DNS,Google Cloud,GOO-CloudDNS,GOO-CloudDNS-us-central1,prj-core-prod,projeto-core,Subscription,"{""OwnerTeam"": ""backend"", ""Environment"": ""prod"", ""ManagedBy"": ""terraform""}"
0.8225,prj-core-prod,cloudfinops-demo,Billing Account,USD,2026-08-01T00:00:00Z,2026-09-01T00:00:00Z,Usage,,Cloud DNS - Domain Name Services,Usage-Based,2026-08-14T00:00:00Z,2026-08-14T23:59:59Z,,,,15.631,Query,0.8225,0.05262,0.8225,Google LLC,0.8225,0.05262,Standard,15.631,Query,us-central1,Iowa,google/prj-core-prod/cloud-dns,cloud-dns-prod,DNS Zone,Networking,Domain Name Services,Cloud DNS,Google Cloud,GOO-CloudDNS,GOO-CloudDNS-us-central1,prj-core-prod,projeto-core,Subscription,"{""OwnerTeam"": ""dados"", ""Environment"": ""prod"", ""ManagedBy"": ""manual""}"
0.7221,prj-core-prod,cloudfinops-demo,Billing Account,USD,2026-08-01T00:00:00Z,2026-09-01T00:00:00Z,Usage,,Cloud DNS - Domain Name Services,Usage-Based,2026-08-15T00:00:00Z,2026-08-15T23:59:59Z,,,,2.553,Query,0.7221,0.282844,0.7221,Google LLC,0.7221,0.282844,Standard,2.553,Query,us-central1,Iowa,google/prj-core-prod/cloud-dns,cloud-dns-prod,DNS Zone,Networking,Domain Name Services,Cloud DNS,Google Cloud,GOO-CloudDNS,GOO-CloudDNS-us-central1,prj-core-prod,projeto-core,Subscription,"{""OwnerTeam"": ""dados"", ""Environment"": ""prod"", ""ManagedBy"": ""manual""}"
0.6881,prj-core-prod,cloudfinops-demo,Billing Account,USD,2026-08-01T00:00:00Z,2026-09-01T00:00:00Z,Usage,,Cloud DNS - Domain Name Services,Usage-Based,2026-08-16T00:00:00Z,2026-08-16T23:59:59Z,,,,26.292,Query,0.6881,0.026171,0.6881,Google LLC,0.6881,0.026171,Standard,26.292,Query,us-central1,Iowa,google/prj-core-prod/cloud-dns,cloud-dns-prod,DNS Zone,Networking,Domain Name Services,Cloud DNS,Google Cloud,GOO-CloudDNS,GOO-CloudDNS-us-central1,prj-core-prod,projeto-core,Subscription,"{""OwnerTeam"": ""dados"", ""Environment"": ""prod"", ""ManagedBy"": ""cloudformation""}"
0.8213,prj-core-prod,cloudfinops-demo,Billing Account,USD,2026-08-01T00:00:00Z,2026-09-01T00:00:00Z,Usage,,Cloud DNS - Domain Name Services,Usage-Based,2026-08-17T00:00:00Z,2026-08-17T23:59:59Z,,,,2.891,Query,0.8213,0.284089,0.8213,Google LLC,0.8213,0.284089,Standard,2.891,Query,us-central1,Iowa,google/prj-core-prod/cloud-dns,cloud-dns-prod,DNS Zone,Networking,Domain Name Services,Cloud DNS,Google Cloud,GOO-CloudDNS,GOO-CloudDNS-us-central1,prj-core-prod,projeto-core,Subscription,"{""OwnerTeam"": ""backend"", ""Environment"": ""prod"", ""ManagedBy"": ""cloudformation""}"
0.8275,prj-core-prod,cloudfinops-demo,Billing Account,USD,2026-08-01T00:00:00Z,2026-09-01T00:00:00Z,Usage,,Cloud DNS - Domain Name Services,Usage-Based,2026-08-18T00:00:00Z,2026-08-18T23:59:59Z,,,,4.728,Query,0.8275,0.175021,0.8275,Google LLC,0.8275,0.175021,Standard,4.728,Query,us-central1,Iowa,google/prj-core-prod/cloud-dns,cloud-dns-prod,DNS Zone,Networking,Domain Name Services,Cloud DNS,Google Cloud,GOO-CloudDNS,GOO-CloudDNS-us-central1,prj-core-prod,projeto-core,Subscription,"{""OwnerTeam"": ""redes"", ""Environment"": ""prod"", ""ManagedBy"": ""manual""}"
0.8191,prj-core-prod,cloudfinops-demo,Billing Account,USD,2026-08-01T00:00:00Z,2026-09-01T00:00:00Z,Usage,,Cloud DNS - Domain Name Services,Usage-Based,2026-08-19T00:00:00Z,2026-08-19T23:59:59Z,,,,3.914,Query,0.8191,0.209274,0.8191,Google LLC,0.8191,0.209274,Standard,3.914,Query,us-central1,Iowa,google/prj-core-prod/cloud-dns,cloud-dns-prod,DNS Zone,Networking,Domain Name Services,Cloud DNS,Google Cloud,GOO-CloudDNS,GOO-CloudDNS-us-central1,prj-core-prod,projeto-core,Subscription,"{""OwnerTeam"": ""backend"", ""Environment"": ""prod"", ""ManagedBy"": ""serverless""}"
0.8384,prj-core-prod,cloudfinops-demo,Billing Account,USD,2026-08-01T00:00:00Z,2026-09-01T00:00:00Z,Usage,,Cloud DNS - Domain Name Services,Usage-Based,2026-08-20T00:00:00Z,2026-08-20T23:59:59Z,,,,8.051,Query,0.8384,0.104136,0.8384,Google LLC,0.8384,0.104136,Standard,8.051,Query,us-central1,Iowa,google/prj-core-prod/cloud-dns,cloud-dns-prod,DNS Zone,Networking,Domain Name Services,Cloud DNS,Google Cloud,GOO-CloudDNS,GOO-CloudDNS-us-central1,prj-core-prod,projeto-core,Subscription,"{""OwnerTeam"": ""dados"", ""Environment"": ""prod"", ""ManagedBy"": ""cloudformation""}"
0.8317,prj-core-prod,cloudfinops-demo,Billing Account,USD,2026-08-01T00:00:00Z,2026-09-01T00:00:00Z,Usage,,Cloud DNS - Domain Name Services,Usage-Based,2026-08-21T00:00:00Z,2026-08-21T23:59:59Z,,,,1.942,Query,0.8317,0.42827,0.8317,Google LLC,0.8317,0.42827,Standard,1.942,Query,us-central1,Iowa,google/prj-core-prod/cloud-dns,cloud-dns-prod,DNS Zone,Networking,Domain Name Services,Cloud DNS,Google Cloud,GOO-CloudDNS,GOO-CloudDNS-us-central1,prj-core-prod,projeto-core,Subscription,"{""OwnerTeam"": ""backend"", ""Environment"": ""prod"", ""ManagedBy"": ""manual""}"
0.7258,prj-core-prod,cloudfinops-demo,Billing Account,USD,2026-08-01T00:00:00Z,2026-09-01T00:00:00Z,Usage,,Cloud DNS - Domain Name Services,Usage-Based,2026-08-22T00:00:00Z,2026-08-22T23:59:59Z,,,,1.958,Query,0.7258,0.370684,0.7258,Google LLC,0.7258,0.370684,Standard,1.958,Query,us-central1,Iowa,google/prj-core-prod/cloud-dns,cloud-dns-prod,DNS Zone,Networking,Domain Name Services,Cloud DNS,Google Cloud,GOO-CloudDNS,GOO-CloudDNS-us-central1,prj-core-prod,projeto-core,Subscription,"{""OwnerTeam"": ""dados"", ""Environment"": ""prod"", ""ManagedBy"": ""cloudformation""}"
0.7202,prj-core-prod,cloudfinops-demo,Billing Account,USD,2026-08-01T00:00:00Z,2026-09-01T00:00:00Z,Usage,,Cloud DNS - Domain Name Services,Usage-Based,2026-08-23T00:00:00Z,2026-08-23T23:59:59Z,,,,2.064,Query,0.7202,0.348934,0.7202,Google LLC,0.7202,0.348934,Standard,2.064,Query,us-central1,Iowa,google/prj-core-prod/cloud-dns,cloud-dns-prod,DNS Zone,Networking,Domain Name Services,Cloud DNS,Google Cloud,GOO-CloudDNS,GOO-CloudDNS-us-central1,prj-core-prod,projeto-core,Subscription,"{""OwnerTeam"": ""backend"", ""Environment"": ""prod"", ""ManagedBy"": ""cloudformation""}"
0.8143,prj-core-prod,cloudfinops-demo,Billing Account,USD,2026-08-01T00:00:00Z,2026-09-01T00:00:00Z,Usage,,Cloud DNS - Domain Name Services,Usage-Based,2026-08-24T00:00:00Z,2026-08-24T23:59:59Z,,,,1.895,Query,0.8143,0.42971,0.8143,Google LLC,0.8143,0.42971,Standard,1.895,Query,us-central1,Iowa,google/prj-core-prod/cloud-dns,cloud-dns-prod,DNS Zone,Networking,Domain Name Services,Cloud DNS,Google Cloud,GOO-CloudDNS,GOO-CloudDNS-us-central1,prj-core-prod,projeto-core,Subscription,"{""OwnerTeam"": ""plataforma"", ""Environment"": ""prod"", ""ManagedBy"": ""manual""}"
0.8474,prj-core-prod,cloudfinops-demo,Billing Account,USD,2026-08-01T00:00:00Z,2026-09-01T00:00:00Z,Usage,,Cloud DNS - Domain Name Services,Usage-Based,2026-08-25T00:00:00Z,2026-08-25T23:59:59Z,,,,30.81,Query,0.8474,0.027504,0.8474,Google LLC,0.8474,0.027504,Standard,30.81,Query,us-central1,Iowa,google/prj-core-prod/cloud-dns,cloud-dns-prod,DNS Zone,Networking,Domain Name Services,Cloud DNS,Google Cloud,GOO-CloudDNS,GOO-CloudDNS-us-central1,prj-core-prod,projeto-core,Subscription,"{""OwnerTeam"": ""plataforma"", ""Environment"": ""prod"", ""ManagedBy"": ""serverless""}"
0.8243,prj-core-prod,cloudfinops-demo,Billing Account,USD,2026-08-01T00:00:00Z,2026-09-01T00:00:00Z,Usage,,Cloud DNS - Domain Name Services,Usage-Based,2026-08-26T00:00:00Z,2026-08-26T23:59:59Z,,,,8.718,Query,0.8243,0.094552,0.8243,Google LLC,0.8243,0.094552,Standard,8.718,Query,us-central1,Iowa,google/prj-core-prod/cloud-dns,cloud-dns-prod,DNS Zone,Networking,Domain Name Services,Cloud DNS,Google Cloud,GOO-CloudDNS,GOO-CloudDNS-us-central1,prj-core-prod,projeto-core,Subscription,"{""OwnerTeam"": ""backend"", ""Environment"": ""prod"", ""ManagedBy"": ""manual""}"
0.8208,prj-core-prod,cloudfinops-demo,Billing Account,USD,2026-08-01T00:00:00Z,2026-09-01T00:00:00Z,Usage,,Cloud DNS - Domain Name Services,Usage-Based,2026-08-27T00:00:00Z,2026-08-27T23:59:59Z,,,,4.162,Query,0.8208,0.197213,0.8208,Google LLC,0.8208,0.197213,Standard,4.162,Query,us-central1,Iowa,google/prj-core-prod/cloud-dns,cloud-dns-prod,DNS Zone,Networking,Domain Name Services,Cloud DNS,Google Cloud,GOO-CloudDNS,GOO-CloudDNS-us-central1,prj-core-prod,projeto-core,Subscription,"{""OwnerTeam"": ""dados"", ""Environment"": ""prod"", ""ManagedBy"": ""cloudformation""}"
0.8237,prj-core-prod,cloudfinops-demo,Billing Account,USD,2026-08-01T00:00:00Z,2026-09-01T00:00:00Z,Usage,,Cloud DNS - Domain Name Services,Usage-Based,2026-08-28T00:00:00Z,2026-08-28T23:59:59Z,,,,3.982,Query,0.8237,0.206856,0.8237,Google LLC,0.8237,0.206856,Standard,3.982,Query,us-central1,Iowa,google/prj-core-prod/cloud-dns,cloud-dns-prod,DNS Zone,Networking,Domain Name Services,Cloud DNS,Google Cloud,GOO-CloudDNS,GOO-CloudDNS-us-central1,prj-core-prod,projeto-core,Subscription,"{""OwnerTeam"": ""redes"", ""Environment"": ""prod"", ""ManagedBy"": ""manual""}"
0.7002,prj-core-prod,cloudfinops-demo,Billing Account,USD,2026-08-01T00:00:00Z,2026-09-01T00:00:00Z,Usage,,Cloud DNS - Domain Name Services,Usage-Based,2026-08-29T00:00:00Z,2026-08-29T23:59:59Z,,,,2.112,Query,0.7002,0.331534,0.7002,Google LLC,0.7002,0.331534,Standard,2.112,Query,us-central1,Iowa,google/prj-core-prod/cloud-dns,cloud-dns-prod,DNS Zone,Networking,Domain Name Services,Cloud DNS,Google Cloud,GOO-CloudDNS,GOO-CloudDNS-us-central1,prj-core-prod,projeto-core,Subscription,"{""OwnerTeam"": ""redes"", ""Environment"": ""prod"", ""ManagedBy"": ""serverless""}"
0.6945,prj-core-prod,cloudfinops-demo,Billing Account,USD,2026-08-01T00:00:00Z,2026-09-01T00:00:00Z,Usage,,Cloud DNS - Domain Name Services,Usage-Based,2026-08-30T00:00:00Z,2026-08-30T23:59:59Z,,,,2.015,Query,0.6945,0.344665,0.6945,Google LLC,0.6945,0.344665,Standard,2.015,Query,us-central1,Iowa,google/prj-core-prod/cloud-dns,cloud-dns-prod,DNS Zone,Networking,Domain Name Services,Cloud DNS,Google Cloud,GOO-CloudDNS,GOO-CloudDNS-us-central1,prj-core-prod,projeto-core,Subscription,"{""OwnerTeam"": ""plataforma"", ""Environment"": ""prod"", ""ManagedBy"": ""terraform""}"
0.853,prj-core-prod,cloudfinops-demo,Billing Account,USD,2026-08-01T00:00:00Z,2026-09-01T00:00:00Z,Usage,,Cloud DNS - Domain Name Services,Usage-Based,2026-08-31T00:00:00Z,2026-08-31T23:59:59Z,,,,6.058,Query,0.853,0.140806,0.853,Google LLC,0.853,0.140806,Standard,6.058,Query,us-central1,Iowa,google/prj-core-prod/cloud-dns,cloud-dns-prod,DNS Zone,Networking,Domain Name Services,Cloud DNS,Google Cloud,GOO-CloudDNS,GOO-CloudDNS-us-central1,prj-core-prod,projeto-core,Subscription,"{""OwnerTeam"": ""redes"", ""Environment"": ""prod"", ""ManagedBy"": ""terraform""}"
0.8776,prj-core-prod,cloudfinops-demo,Billing Account,USD,2026-09-01T00:00:00Z,2026-10-01T00:00:00Z,Usage,,Cloud DNS - Domain Name Services,Usage-Based,2026-09-01T00:00:00Z,2026-09-01T23:59:59Z,,,,3.531,Query,0.8776,0.248541,0.8776,Google LLC,0.8776,0.248541,Standard,3.531,Query,us-central1,Iowa,google/prj-core-prod/cloud-dns,cloud-dns-prod,DNS Zone,Networking,Domain Name Services,Cloud DNS,Google Cloud,GOO-CloudDNS,GOO-CloudDNS-us-central1,prj-core-prod,projeto-core,Subscription,"{""OwnerTeam"": ""plataforma"", ""Environment"": ""prod"", ""ManagedBy"": ""cloudformation""}"
0.8835,prj-core-prod,cloudfinops-demo,Billing Account,USD,2026-09-01T00:00:00Z,2026-10-01T00:00:00Z,Usage,,Cloud DNS - Domain Name Services,Usage-Based,2026-09-02T00:00:00Z,2026-09-02T23:59:59Z,,,,4.153,Query,0.8835,0.212738,0.8835,Google LLC,0.8835,0.212738,Standard,4.153,Query,us-central1,Iowa,google/prj-core-prod/cloud-dns,cloud-dns-prod,DNS Zone,Networking,Domain Name Services,Cloud DNS,Google Cloud,GOO-CloudDNS,GOO-CloudDNS-us-central1,prj-core-prod,projeto-core,Subscription,"{""OwnerTeam"": ""dados"", ""Environment"": ""prod"", ""ManagedBy"": ""serverless""}"
0.8459,prj-core-prod,cloudfinops-demo,Billing Account,USD,2026-09-01T00:00:00Z,2026-10-01T00:00:00Z,Usage,,Cloud DNS - Domain Name Services,Usage-Based,2026-09-03T00:00:00Z,2026-09-03T23:59:59Z,,,,16.139,Query,0.8459,0.052413,0.8459,Google LLC,0.8459,0.052413,Standard,16.139,Query,us-central1,Iowa,google/prj-core-prod/cloud-dns,cloud-dns-prod,DNS Zone,Networking,Domain Name Services,Cloud DNS,Google Cloud,GOO-CloudDNS,GOO-CloudDNS-us-central1,prj-core-prod,projeto-core,Subscription,"{""OwnerTeam"": ""redes"", ""Environment"": ""prod"", ""ManagedBy"": ""cloudformation""}"
0.9062,prj-core-prod,cloudfinops-demo,Billing Account,USD,2026-09-01T00:00:00Z,2026-10-01T00:00:00Z,Usage,,Cloud DNS - Domain Name Services,Usage-Based,2026-09-04T00:00:00Z,2026-09-04T23:59:59Z,,,,4.549,Query,0.9062,0.199209,0.9062,Google LLC,0.9062,0.199209,Standard,4.549,Query,us-central1,Iowa,google/prj-core-prod/cloud-dns,cloud-dns-prod,DNS Zone,Networking,Domain Name Services,Cloud DNS,Google Cloud,GOO-CloudDNS,GOO-CloudDNS-us-central1,prj-core-prod,projeto-core,Subscription,"{""OwnerTeam"": ""plataforma"", ""Environment"": ""prod"", ""ManagedBy"": ""serverless""}"
0.7554,prj-core-prod,cloudfinops-demo,Billing Account,USD,2026-09-01T00:00:00Z,2026-10-01T00:00:00Z,Usage,,Cloud DNS - Domain Name Services,Usage-Based,2026-09-05T00:00:00Z,2026-09-05T23:59:59Z,,,,2.651,Query,0.7554,0.284949,0.7554,Google LLC,0.7554,0.284949,Standard,2.651,Query,us-central1,Iowa,google/prj-core-prod/cloud-dns,cloud-dns-prod,DNS Zone,Networking,Domain Name Services,Cloud DNS,Google Cloud,GOO-CloudDNS,GOO-CloudDNS-us-central1,prj-core-prod,projeto-core,Subscription,"{""OwnerTeam"": ""backend"", ""Environment"": ""prod"", ""ManagedBy"": ""terraform""}"
0.7534,prj-core-prod,cloudfinops-demo,Billing Account,USD,2026-09-01T00:00:00Z,2026-10-01T00:00:00Z,Usage,,Cloud DNS - Domain Name Services,Usage-Based,2026-09-06T00:00:00Z,2026-09-06T23:59:59Z,,,,2.855,Query,0.7534,0.263888,0.7534,Google LLC,0.7534,0.263888,Standard,2.855,Query,us-central1,Iowa,google/prj-core-prod/cloud-dns,cloud-dns-prod,DNS Zone,Networking,Domain Name Services,Cloud DNS,Google Cloud,GOO-CloudDNS,GOO-CloudDNS-us-central1,prj-core-prod,projeto-core,Subscription,"{""OwnerTeam"": ""redes"", ""Environment"": ""prod"", ""ManagedBy"": ""cloudformation""}"
0.8651,prj-core-prod,cloudfinops-demo,Billing Account,USD,2026-09-01T00:00:00Z,2026-10-01T00:00:00Z,Usage,,Cloud DNS - Domain Name Services,Usage-Based,2026-09-07T00:00:00Z,2026-09-07T23:59:59Z,,,,2.92,Query,0.8651,0.296267,0.8651,Google LLC,0.8651,0.296267,Standard,2.92,Query,us-central1,Iowa,google/prj-core-prod/cloud-dns,cloud-dns-prod,DNS Zone,Networking,Domain Name Services,Cloud DNS,Google Cloud,GOO-CloudDNS,GOO-CloudDNS-us-central1,prj-core-prod,projeto-core,Subscription,"{""OwnerTeam"": ""plataforma"", ""Environment"": ""prod"", ""ManagedBy"": ""serverless""}"
0.8906,prj-core-prod,cloudfinops-demo,Billing Account,USD,2026-09-01T00:00:00Z,2026-10-01T00:00:00Z,Usage,,Cloud DNS - Domain Name Services,Usage-Based,2026-09-08T00:00:00Z,2026-09-08T23:59:59Z,,,,4.242,Query,0.8906,0.209948,0.8906,Google LLC,0.8906,0.209948,Standard,4.242,Query,us-central1,Iowa,google/prj-core-prod/cloud-dns,cloud-dns-prod,DNS Zone,Networking,Domain Name Services,Cloud DNS,Google Cloud,GOO-CloudDNS,GOO-CloudDNS-us-central1,prj-core-prod,projeto-core,Subscription,"{""OwnerTeam"": ""plataforma"", ""Environment"": ""prod"", ""ManagedBy"": ""terraform""}"
0.8906,prj-core-prod,cloudfinops-demo,Billing Account,USD,2026-09-01T00:00:00Z,2026-10-01T00:00:00Z,Usage,,Cloud DNS - Domain Name Services,Usage-Based,2026-09-09T00:00:00Z,2026-09-09T23:59:59Z,,,,2.86,Query,0.8906,0.311399,0.8906,Google LLC,0.8906,0.311399,Standard,2.86,Query,us-central1,Iowa,google/prj-core-prod/cloud-dns,cloud-dns-prod,DNS Zone,Networking,Domain Name Services,Cloud DNS,Google Cloud,GOO-CloudDNS,GOO-CloudDNS-us-central1,prj-core-prod,projeto-core,Subscription,"{""OwnerTeam"": ""backend"", ""Environment"": ""prod"", ""ManagedBy"": ""serverless""}"
0.8467,prj-core-prod,cloudfinops-demo,Billing Account,USD,2026-09-01T00:00:00Z,2026-10-01T00:00:00Z,Usage,,Cloud DNS - Domain Name Services,Usage-Based,2026-09-10T00:00:00Z,2026-09-10T23:59:59Z,,,,3.215,Query,0.8467,0.263359,0.8467,Google LLC,0.8467,0.263359,Standard,3.215,Query,us-central1,Iowa,google/prj-core-prod/cloud-dns,cloud-dns-prod,DNS Zone,Networking,Domain Name Services,Cloud DNS,Google Cloud,GOO-CloudDNS,GOO-CloudDNS-us-central1,prj-core-prod,projeto-core,Subscription,"{""OwnerTeam"": ""redes"", ""Environment"": ""prod"", ""ManagedBy"": ""serverless""}"
0.8911,prj-core-prod,cloudfinops-demo,Billing Account,USD,2026-09-01T00:00:00Z,2026-10-01T00:00:00Z,Usage,,Cloud DNS - Domain Name Services,Usage-Based,2026-09-11T00:00:00Z,2026-09-11T23:59:59Z,,,,3.173,Query,0.8911,0.280838,0.8911,Google LLC,0.8911,0.280838,Standard,3.173,Query,us-central1,Iowa,google/prj-core-prod/cloud-dns,cloud-dns-prod,DNS Zone,Networking,Domain Name Services,Cloud DNS,Google Cloud,GOO-CloudDNS,GOO-CloudDNS-us-central1,prj-core-prod,projeto-core,Subscription,"{""OwnerTeam"": ""dados"", ""Environment"": ""prod"", ""ManagedBy"": ""serverless""}"
0.7242,prj-core-prod,cloudfinops-demo,Billing Account,USD,2026-09-01T00:00:00Z,2026-10-01T00:00:00Z,Usage,,Cloud DNS - Domain Name Services,Usage-Based,2026-09-12T00:00:00Z,2026-09-12T23:59:59Z,,,,1.747,Query,0.7242,0.414539,0.7242,Google LLC,0.7242,0.414539,Standard,1.747,Query,us-central1,Iowa,google/prj-core-prod/cloud-dns,cloud-dns-prod,DNS Zone,Networking,Domain Name Services,Cloud DNS,Google Cloud,GOO-CloudDNS,GOO-CloudDNS-us-central1,prj-core-prod,projeto-core,Subscription,"{""OwnerTeam"": ""backend"", ""Environment"": ""prod"", ""ManagedBy"": ""cloudformation""}"
0.727,prj-core-prod,cloudfinops-demo,Billing Account,USD,2026-09-01T00:00:00Z,2026-10-01T00:00:00Z,Usage,,Cloud DNS - Domain Name Services,Usage-Based,2026-09-13T00:00:00Z,2026-09-13T23:59:59Z,,,,2.701,Query,0.727,0.26916,0.727,Google LLC,0.727,0.26916,Standard,2.701,Query,us-central1,Iowa,google/prj-core-prod/cloud-dns,cloud-dns-prod,DNS Zone,Networking,Domain Name Services,Cloud DNS,Google Cloud,GOO-CloudDNS,GOO-CloudDNS-us-central1,prj-core-prod,projeto-core,Subscription,"{""OwnerTeam"": ""plataforma"", ""Environment"": ""prod"", ""ManagedBy"": ""serverless""}"
0.8899,prj-core-prod,cloudfinops-demo,Billing Account,USD,2026-09-01T00:00:00Z,2026-10-01T00:00:00Z,Usage,,Cloud DNS - Domain Name Services,Usage-Based,2026-09-14T00:00:00Z,2026-09-14T23:59:59Z,,,,2.099,Query,0.8899,0.423964,0.8899,Google LLC,0.8899,0.423964,Standard,2.099,Query,us-central1,Iowa,google/prj-core-prod/cloud-dns,cloud-dns-prod,DNS Zone,Networking,Domain Name Services,Cloud DNS,Google Cloud,GOO-CloudDNS,GOO-CloudDNS-us-central1,prj-core-prod,projeto-core,Subscription,"{""OwnerTeam"": ""redes"", ""Environment"": ""prod"", ""ManagedBy"": ""terraform""}"
0.8736,prj-core-prod,cloudfinops-demo,Billing Account,USD,2026-09-01T00:00:00Z,2026-10-01T00:00:00Z,Usage,,Cloud DNS - Domain Name Services,Usage-Based,2026-09-15T00:00:00Z,2026-09-15T23:59:59Z,,,,3.707,Query,0.8736,0.235662,0.8736,Google LLC,0.8736,0.235662,Standard,3.707,Query,us-central1,Iowa,google/prj-core-prod/cloud-dns,cloud-dns-prod,DNS Zone,Networking,Domain Name Services,Cloud DNS,Google Cloud,GOO-CloudDNS,GOO-CloudDNS-us-central1,prj-core-prod,projeto-core,Subscription,"{""OwnerTeam"": ""redes"", ""Environment"": ""prod"", ""ManagedBy"": ""serverless""}"
0.8616,prj-core-prod,cloudfinops-demo,Billing Account,USD,2026-09-01T00:00:00Z,2026-10-01T00:00:00Z,Usage,,Cloud DNS - Domain Name Services,Usage-Based,2026-09-16T00:00:00Z,2026-09-16T23:59:59Z,,,,18.423,Query,0.8616,0.046768,0.8616,Google LLC,0.8616,0.046768,Standard,18.423,Query,us-central1,Iowa,google/prj-core-prod/cloud-dns,cloud-dns-prod,DNS Zone,Networking,Domain Name Services,Cloud DNS,Google Cloud,GOO-CloudDNS,GOO-CloudDNS-us-central1,prj-core-prod,projeto-core,Subscription,"{""OwnerTeam"": ""plataforma"", ""Environment"": ""prod"", ""ManagedBy"": ""cloudformation""}"
0.863,prj-core-prod,cloudfinops-demo,Billing Account,USD,2026-09-01T00:00:00Z,2026-10-01T00:00:00Z,Usage,,Cloud DNS - Domain Name Services,Usage-Based,2026-09-17T00:00:00Z,2026-09-17T23:59:59Z,,,,3.273,Query,0.863,0.263672,0.863,Google LLC,0.863,0.263672,Standard,3.273,Query,us-central1,Iowa,google/prj-core-prod/cloud-dns,cloud-dns-prod,DNS Zone,Networking,Domain Name Services,Cloud DNS,Google Cloud,GOO-CloudDNS,GOO-CloudDNS-us-central1,prj-core-prod,projeto-core,Subscription,"{""OwnerTeam"": ""plataforma"", ""Environment"": ""prod"", ""ManagedBy"": ""terraform""}"
0.8911,prj-core-prod,cloudfinops-demo,Billing Account,USD,2026-09-01T00:00:00Z,2026-10-01T00:00:00Z,Usage,,Cloud DNS - Domain Name Services,Usage-Based,2026-09-18T00:00:00Z,2026-09-18T23:59:59Z,,,,8.693,Query,0.8911,0.102508,0.8911,Google LLC,0.8911,0.102508,Standard,8.693,Query,us-central1,Iowa,google/prj-core-prod/cloud-dns,cloud-dns-prod,DNS Zone,Networking,Domain Name Services,Cloud DNS,Google Cloud,GOO-CloudDNS,GOO-CloudDNS-us-central1,prj-core-prod,projeto-core,Subscription,"{""OwnerTeam"": ""plataforma"", ""Environment"": ""prod"", ""ManagedBy"": ""terraform""}"
0.7528,prj-core-prod,cloudfinops-demo,Billing Account,USD,2026-09-01T00:00:00Z,2026-10-01T00:00:00Z,Usage,,Cloud DNS - Domain Name Services,Usage-Based,2026-09-19T00:00:00Z,2026-09-19T23:59:59Z,,,,7.302,Query,0.7528,0.103095,0.7528,Google LLC,0.7528,0.103095,Standard,7.302,Query,us-central1,Iowa,google/prj-core-prod/cloud-dns,cloud-dns-prod,DNS Zone,Networking,Domain Name Services,Cloud DNS,Google Cloud,GOO-CloudDNS,GOO-CloudDNS-us-central1,prj-core-prod,projeto-core,Subscription,"{""OwnerTeam"": ""backend"", ""Environment"": ""prod"", ""ManagedBy"": ""manual""}"
0.7437,prj-core-prod,cloudfinops-demo,Billing Account,USD,2026-09-01T00:00:00Z,2026-10-01T00:00:00Z,Usage,,Cloud DNS - Domain Name Services,Usage-Based,2026-09-20T00:00:00Z,2026-09-20T23:59:59Z,,,,2.788,Query,0.7437,0.26675,0.7437,Google LLC,0.7437,0.26675,Standard,2.788,Query,us-central1,Iowa,google/prj-core-prod/cloud-dns,cloud-dns-prod,DNS Zone,Networking,Domain Name Services,Cloud DNS,Google Cloud,GOO-CloudDNS,GOO-CloudDNS-us-central1,prj-core-prod,projeto-core,Subscription,"{""OwnerTeam"": ""dados"", ""Environment"": ""prod"", ""ManagedBy"": ""cloudformation""}"
0.8751,prj-core-prod,cloudfinops-demo,Billing Account,USD,2026-09-01T00:00:00Z,2026-10-01T00:00:00Z,Usage,,Cloud DNS - Domain Name Services,Usage-Based,2026-09-21T00:00:00Z,2026-09-21T23:59:59Z,,,,24.415,Query,0.8751,0.035843,0.8751,Google LLC,0.8751,0.035843,Standard,24.415,Query,us-central1,Iowa,google/prj-core-prod/cloud-dns,cloud-dns-prod,DNS Zone,Networking,Domain Name Services,Cloud DNS,Google Cloud,GOO-CloudDNS,GOO-CloudDNS-us-central1,prj-core-prod,projeto-core,Subscription,"{""OwnerTeam"": ""backend"", ""Environment"": ""prod"", ""ManagedBy"": ""terraform""}"
0.9031,prj-core-prod,cloudfinops-demo,Billing Account,USD,2026-09-01T00:00:00Z,2026-10-01T00:00:00Z,Usage,,Cloud DNS - Domain Name Services,Usage-Based,2026-09-22T00:00:00Z,2026-09-22T23:59:59Z,,,,4.378,Query,0.9031,0.206281,0.9031,Google LLC,0.9031,0.206281,Standard,4.378,Query,us-central1,Iowa,google/prj-core-prod/cloud-dns,cloud-dns-prod,DNS Zone,Networking,Domain Name Services,Cloud DNS,Google Cloud,GOO-CloudDNS,GOO-CloudDNS-us-central1,prj-core-prod,projeto-core,Subscription,"{""OwnerTeam"": ""plataforma"", ""Environment"": ""prod"", ""ManagedBy"": ""serverless""}"
0.8491,prj-core-prod,cloudfinops-demo,Billing Account,USD,2026-09-01T00:00:00Z,2026-10-01T00:00:00Z,Usage,,Cloud DNS - Domain Name Services,Usage-Based,2026-09-23T00:00:00Z,2026-09-23T23:59:59Z,,,,2.266,Query,0.8491,0.374713,0.8491,Google LLC,0.8491,0.374713,Standard,2.266,Query,us-central1,Iowa,google/prj-core-prod/cloud-dns,cloud-dns-prod,DNS Zone,Networking,Domain Name Services,Cloud DNS,Google Cloud,GOO-CloudDNS,GOO-CloudDNS-us-central1,prj-core-prod,projeto-core,Subscription,"{""OwnerTeam"": ""backend"", ""Environment"": ""prod"", ""ManagedBy"": ""cloudformation""}"
0.8521,prj-core-prod,cloudfinops-demo,Billing Account,USD,2026-09-01T00:00:00Z,2026-10-01T00:00:00Z,Usage,,Cloud DNS - Domain Name Services,Usage-Based,2026-09-24T00:00:00Z,2026-09-24T23:59:59Z,,,,5.057,Query,0.8521,0.168499,0.8521,Google LLC,0.8521,0.168499,Standard,5.057,Query,us-central1,Iowa,google/prj-core-prod/cloud-dns,cloud-dns-prod,DNS Zone,Networking,Domain Name Services,Cloud DNS,Google Cloud,GOO-CloudDNS,GOO-CloudDNS-us-central1,prj-core-prod,projeto-core,Subscription,"{""OwnerTeam"": ""backend"", ""Environment"": ""prod"", ""ManagedBy"": ""cloudformation""}"
0.8674,prj-core-prod,cloudfinops-demo,Billing Account,USD,2026-09-01T00:00:00Z,2026-10-01T00:00:00Z,Usage,,Cloud DNS - Domain Name Services,Usage-Based,2026-09-25T00:00:00Z,2026-09-25T23:59:59Z,,,,7.719,Query,0.8674,0.112372,0.8674,Google LLC,0.8674,0.112372,Standard,7.719,Query,us-central1,Iowa,google/prj-core-prod/cloud-dns,cloud-dns-prod,DNS Zone,Networking,Domain Name Services,Cloud DNS,Google Cloud,GOO-CloudDNS,GOO-CloudDNS-us-central1,prj-core-prod,projeto-core,Subscription,"{""OwnerTeam"": ""dados"", ""Environment"": ""prod"", ""ManagedBy"": ""serverless""}"
0.7201,prj-core-prod,cloudfinops-demo,Billing Account,USD,2026-09-01T00:00:00Z,2026-10-01T00:00:00Z,Usage,,Cloud DNS - Domain Name Services,Usage-Based,2026-09-26T00:00:00Z,2026-09-26T23:59:59Z,,,,9.52,Query,0.7201,0.075641,0.7201,Google LLC,0.7201,0.075641,Standard,9.52,Query,us-central1,Iowa,google/prj-core-prod/cloud-dns,cloud-dns-prod,DNS Zone,Networking,Domain Name Services,Cloud DNS,Google Cloud,GOO-CloudDNS,GOO-CloudDNS-us-central1,prj-core-prod,projeto-core,Subscription,"{""OwnerTeam"": ""dados"", ""Environment"": ""prod"", ""ManagedBy"": ""terraform""}"
0.7543,prj-core-prod,cloudfinops-demo,Billing Account,USD,2026-09-01T00:00:00Z,2026-10-01T00:00:00Z,Usage,,Cloud DNS - Domain Name Services,Usage-Based,2026-09-27T00:00:00Z,2026-09-27T23:59:59Z,,,,5.482,Query,0.7543,0.137596,0.7543,Google LLC,0.7543,0.137596,Standard,5.482,Query,us-central1,Iowa,google/prj-core-prod/cloud-dns,cloud-dns-prod,DNS Zone,Networking,Domain Name Services,Cloud DNS,Google Cloud,GOO-CloudDNS,GOO-CloudDNS-us-central1,prj-core-prod,projeto-core,Subscription,"{""OwnerTeam"": ""plataforma"", ""Environment"": ""prod"", ""ManagedBy"": ""serverless""}"
0.8851,prj-core-prod,cloudfinops-demo,Billing Account,USD,2026-09-01T00:00:00Z,2026-10-01T00:00:00Z,Usage,,Cloud DNS - Domain Name Services,Usage-Based,2026-09-28T00:00:00Z,2026-09-28T23:59:59Z,,,,5.32,Query,0.8851,0.166372,0.8851,Google LLC,0.8851,0.166372,Standard,5.32,Query,us-central1,Iowa,google/prj-core-prod/cloud-dns,cloud-dns-prod,DNS Zone,Networking,Domain Name Services,Cloud DNS,Google Cloud,GOO-CloudDNS,GOO-CloudDNS-us-central1,prj-core-prod,projeto-core,Subscription,"{""OwnerTeam"": ""backend"", ""Environment"": ""prod"", ""ManagedBy"": ""serverless""}"
0.888,prj-core-prod,cloudfinops-demo,Billing Account,USD,2026-09-01T00:00:00Z,2026-10-01T00:00:00Z,Usage,,Cloud DNS - Domain Name Services,Usage-Based,2026-09-29T00:00:00Z,2026-09-29T23:59:59Z,,,,2.521,Query,0.888,0.352241,0.888,Google LLC,0.888,0.352241,Standard,2.521,Query,us-central1,Iowa,google/prj-core-prod/cloud-dns,cloud-dns-prod,DNS Zone,Networking,Domain Name Services,Cloud DNS,Google Cloud,GOO-CloudDNS,GOO-CloudDNS-us-central1,prj-core-prod,projeto-core,Subscription,"{""OwnerTeam"": ""backend"", ""Environment"": ""prod"", ""ManagedBy"": ""terraform""}"
0.8667,prj-core-prod,cloudfinops-demo,Billing Account,USD,2026-09-01T00:00:00Z,2026-10-01T00:00:00Z,Usage,,Cloud DNS - Domain Name Services,Usage-Based,2026-09-30T00:00:00Z,2026-09-30T23:59:59Z,,,,12.054,Query,0.8667,0.071901,0.8667,Google LLC,0.8667,0.071901,Standard,12.054,Query,us-central1,Iowa,google/prj-core-prod/cloud-dns,cloud-dns-prod,DNS Zone,Networking,Domain Name Services,Cloud DNS,Google Cloud,GOO-CloudDNS,GOO-CloudDNS-us-central1,prj-core-prod,projeto-core,Subscription,"{""OwnerTeam"": ""plataforma"", ""Environment"": ""prod"", ""ManagedBy"": ""manual""}"
0.8341,prj-core-prod,cloudfinops-demo,Billing Account,USD,2026-10-01T00:00:00Z,2026-11-01T00:00:00Z,Usage,,Cloud DNS - Domain Name Services,Usage-Based,2026-10-01T00:00:00Z,2026-10-01T23:59:59Z,,,,3.313,Query,0.8341,0.251766,0.8341,Google LLC,0.8341,0.251766,Standard,3.313,Query,us-central1,Iowa,google/prj-core-prod/cloud-dns,cloud-dns-prod,DNS Zone,Networking,Domain Name Services,Cloud DNS,Google Cloud,GOO-CloudDNS,GOO-CloudDNS-us-central1,prj-core-prod,projeto-core,Subscription,"{""OwnerTeam"": ""redes"", ""Environment"": ""prod"", ""ManagedBy"": ""serverless""}"
0.8809,prj-core-prod,cloudfinops-demo,Billing Account,USD,2026-10-01T00:00:00Z,2026-11-01T00:00:00Z,Usage,,Cloud DNS - Domain Name Services,Usage-Based,2026-10-02T00:00:00Z,2026-10-02T23:59:59Z,,,,3.888,Query,0.8809,0.226569,0.8809,Google LLC,0.8809,0.226569,Standard,3.888,Query,us-central1,Iowa,google/prj-core-prod/cloud-dns,cloud-dns-prod,DNS Zone,Networking,Domain Name Services,Cloud DNS,Google Cloud,GOO-CloudDNS,GOO-CloudDNS-us-central1,prj-core-prod,projeto-core,Subscription,"{""OwnerTeam"": ""dados"", ""Environment"": ""prod"", ""ManagedBy"": ""serverless""}"
0.7006,prj-core-prod,cloudfinops-demo,Billing Account,USD,2026-10-01T00:00:00Z,2026-11-01T00:00:00Z,Usage,,Cloud DNS - Domain Name Services,Usage-Based,2026-10-03T00:00:00Z,2026-10-03T23:59:59Z,,,,1.693,Query,0.7006,0.413822,0.7006,Google LLC,0.7006,0.413822,Standard,1.693,Query,us-central1,Iowa,google/prj-core-prod/cloud-dns,cloud-dns-prod,DNS Zone,Networking,Domain Name Services,Cloud DNS,Google Cloud,GOO-CloudDNS,GOO-CloudDNS-us-central1,prj-core-prod,projeto-core,Subscription,"{""OwnerTeam"": ""backend"", ""Environment"": ""prod"", ""ManagedBy"": ""manual""}"
0.3805,prj-core-prod,cloudfinops-demo,Billing Account,USD,2026-08-01T00:00:00Z,2026-09-01T00:00:00Z,Usage,,Cloud DNS - Domain Name Services,Usage-Based,2026-08-01T00:00:00Z,2026-08-01T23:59:59Z,,,,1.436,Query,0.3805,0.264972,0.3805,Google LLC,0.3805,0.264972,Standard,1.436,Query,us-central1,Iowa,google/prj-data-lab/cloud-dns,cloud-dns-dev,DNS Zone,Networking,Domain Name Services,Cloud DNS,Google Cloud,GOO-CloudDNS,GOO-CloudDNS-us-central1,prj-data-lab,projeto-dados,Subscription,"{""OwnerTeam"": ""backend"", ""Environment"": ""dev"", ""ManagedBy"": ""serverless""}"
0.3778,prj-core-prod,cloudfinops-demo,Billing Account,USD,2026-08-01T00:00:00Z,2026-09-01T00:00:00Z,Usage,,Cloud DNS - Domain Name Services,Usage-Based,2026-08-02T00:00:00Z,2026-08-02T23:59:59Z,,,,2.083,Query,0.3778,0.181373,0.3778,Google LLC,0.3778,0.181373,Standard,2.083,Query,us-central1,Iowa,google/prj-data-lab/cloud-dns,cloud-dns-dev,DNS Zone,Networking,Domain Name Services,Cloud DNS,Google Cloud,GOO-CloudDNS,GOO-CloudDNS-us-central1,prj-data-lab,projeto-dados,Subscription,"{""OwnerTeam"": ""backend"", ""Environment"": ""dev"", ""ManagedBy"": ""serverless""}"
0.448,prj-core-prod,cloudfinops-demo,Billing Account,USD,2026-08-01T00:00:00Z,2026-09-01T00:00:00Z,Usage,,Cloud DNS - Domain Name Services,Usage-Based,2026-08-03T00:00:00Z,2026-08-03T23:59:59Z,,,,4.519,Query,0.448,0.099137,0.448,Google LLC,0.448,0.099137,Standard,4.519,Query,us-central1,Iowa,google/prj-data-lab/cloud-dns,cloud-dns-dev,DNS Zone,Networking,Domain Name Services,Cloud DNS,Google Cloud,GOO-CloudDNS,GOO-CloudDNS-us-central1,prj-data-lab,projeto-dados,Subscription,"{""OwnerTeam"": ""plataforma"", ""Environment"": ""dev"", ""ManagedBy"": ""manual""}"
0.4663,prj-core-prod,cloudfinops-demo,Billing Account,USD,2026-08-01T00:00:00Z,2026-09-01T00:00:00Z,Usage,,Cloud DNS - Domain Name Services,Usage-Based,2026-08-04T00:00:00Z,2026-08-04T23:59:59Z,,,,2.506,Query,0.4663,0.186073,0.4663,Google LLC,0.4663,0.186073,Standard,2.506,Query,us-central1,Iowa,google/prj-data-lab/cloud-dns,cloud-dns-dev,DNS Zone,Networking,Domain Name Services,Cloud DNS,Google Cloud,GOO-CloudDNS,GOO-CloudDNS-us-central1,prj-data-lab,projeto-dados,Subscription,"{""OwnerTeam"": ""dados"", ""Environment"": ""dev"", ""ManagedBy"": ""terraform""}"
0.4424,prj-core-prod,cloudfinops-demo,Billing Account,USD,2026-08-01T00:00:00Z,2026-09-01T00:00:00Z,Usage,,Cloud DNS - Domain Name Services,Usage-Based,2026-08-05T00:00:00Z,2026-08-05T23:59:59Z,,,,1.395,Query,0.4424,0.317133,0.4424,Google LLC,0.4424,0.317133,Standard,1.395,Query,us-central1,Iowa,google/prj-data-lab/cloud-dns,cloud-dns-dev,DNS Zone,Networking,Domain Name Services,Cloud DNS,Google Cloud,GOO-CloudDNS,GOO-CloudDNS-us-central1,prj-data-lab,projeto-dados,Subscription,"{""OwnerTeam"": ""backend"", ""Environment"": ""dev"", ""ManagedBy"": ""terraform""}"
0.4603,prj-core-prod,cloudfinops-demo,Billing Account,USD,2026-08-01T00:00:00Z,2026-09-01T00:00:00Z,Usage,,Cloud DNS - Domain Name Services,Usage-Based,2026-08-06T00:00:00Z,2026-08-06T23:59:59Z,,,,2.771,Query,0.4603,0.166113,0.4603,Google LLC,0.4603,0.166113,Standard,2.771,Query,us-central1,Iowa,google/prj-data-lab/cloud-dns,cloud-dns-dev,DNS Zone,Networking,Domain Name Services,Cloud DNS,Google Cloud,GOO-CloudDNS,GOO-CloudDNS-us-central1,prj-data-lab,projeto-dados,Subscription,"{""OwnerTeam"": ""dados"", ""Environment"": ""dev"", ""ManagedBy"": ""cloudformation""}"
0.4624,prj-core-prod,cloudfinops-demo,Billing Account,USD,2026-08-01T00:00:00Z,2026-09-01T00:00:00Z,Usage,,Cloud DNS - Domain Name Services,Usage-Based,2026-08-07T00:00:00Z,2026-08-07T23:59:59Z,,,,1.681,Query,0.4624,0.275074,0.4624,Google LLC,0.4624,0.275074,Standard,1.681,Query,us-central1,Iowa,google/prj-data-lab/cloud-dns,cloud-dns-dev,DNS Zone,Networking,Domain Name Services,Cloud DNS,Google Cloud,GOO-CloudDNS,GOO-CloudDNS-us-central1,prj-data-lab,projeto-dados,Subscription,"{""OwnerTeam"": ""dados"", ""Environment"": ""dev"", ""ManagedBy"": ""manual""}"
0.3786,prj-core-prod,cloudfinops-demo,Billing Account,USD,2026-08-01T00:00:00Z,2026-09-01T00:00:00Z,Usage,,Cloud DNS - Domain Name Services,Usage-Based,2026-08-08T00:00:00Z,2026-08-08T23:59:59Z,,,,1.035,Query,0.3786,0.365797,0.3786,Google LLC,0.3786,0.365797,Standard,1.035,Query,us-central1,Iowa,google/prj-data-lab/cloud-dns,cloud-dns-dev,DNS Zone,Networking,Domain Name Services,Cloud DNS,Google Cloud,GOO-CloudDNS,GOO-CloudDNS-us-central1,prj-data-lab,projeto-dados,Subscription,"{""OwnerTeam"": ""backend"", ""Environment"": ""dev"", ""ManagedBy"": ""terraform""}"
0.3835,prj-core-prod,cloudfinops-demo,Billing Account,USD,2026-08-01T00:00:00Z,2026-09-01T00:00:00Z,Usage,,Cloud DNS - Domain Name Services,Usage-Based,2026-08-09T00:00:00Z,2026-08-09T23:59:59Z,,,,0.94,Query,0.3835,0.407979,0.3835,Google LLC,0.3835,0.407979,Standard,0.94,Query,us-central1,Iowa,google/prj-data-lab/cloud-dns,cloud-dns-dev,DNS Zone,Networking,Domain Name Services,Cloud DNS,Google Cloud,GOO-CloudDNS,GOO-CloudDNS-us-central1,prj-data-lab,projeto-dados,Subscription,"{""OwnerTeam"": ""dados"", ""Environment"": ""dev"", ""ManagedBy"": ""serverless""}"
0.4553,prj-core-prod,cloudfinops-demo,Billing Account,USD,2026-08-01T00:00:00Z,2026-09-01T00:00:00Z,Usage,,Cloud DNS - Domain Name Services,Usage-Based,2026-08-10T00:00:00Z,2026-08-10T23:59:59Z,,,,2.769,Query,0.4553,0.164428,0.4553,Google LLC,0.4553,0.164428,Standard,2.769,Query,us-central1,Iowa,google/prj-data-lab/cloud-dns,cloud-dns-dev,DNS Zone,Networking,Domain Name Services,Cloud DNS,Google Cloud,GOO-CloudDNS,GOO-CloudDNS-us-central1,prj-data-lab,projeto-dados,Subscription,"{""OwnerTeam"": ""plataforma"", ""Environment"": ""dev"", ""ManagedBy"": ""terraform""}"
0.4456,prj-core-prod,cloudfinops-demo,Billing Account,USD,2026-08-01T00:00:00Z,2026-09-01T00:00:00Z,Usage,,Cloud DNS - Domain Name Services,Usage-Based,2026-08-11T00:00:00Z,2026-08-11T23:59:59Z,,,,1.648,Query,0.4456,0.270388,0.4456,Google LLC,0.4456,0.270388,Standard,1.648,Query,us-central1,Iowa,google/prj-data-lab/cloud-dns,cloud-dns-dev,DNS Zone,Networking,Domain Name Services,Cloud DNS,Google Cloud,GOO-CloudDNS,GOO-CloudDNS-us-central1,prj-data-lab,projeto-dados,Subscription,"{""OwnerTeam"": ""backend"", ""Environment"": ""dev"", ""ManagedBy"": ""serverless""}"
0.4488,prj-core-prod,cloudfinops-demo,Billing Account,USD,2026-08-01T00:00:00Z,2026-09-01T00:00:00Z,Usage,,Cloud DNS - Domain Name Services,Usage-Based,2026-08-12T00:00:00Z,2026-08-12T23:59:59Z,,,,1.024,Query,0.4488,0.438281,0.4488,Google LLC,0.4488,0.438281,Standard,1.024,Query,us-central1,Iowa,google/prj-data-lab/cloud-dns,cloud-dns-dev,DNS Zone,Networking,Domain Name Services,Cloud DNS,Google Cloud,GOO-CloudDNS,GOO-CloudDNS-us-central1,prj-data-lab,projeto-dados,Subscription,"{""OwnerTeam"": ""backend"", ""Environment"": ""dev"", ""ManagedBy"": ""serverless""}"
0.4404,prj-core-prod,cloudfinops-demo,Billing Account,USD,2026-08-01T00:00:00Z,2026-09-01T00:00:00Z,Usage,,Cloud DNS - Domain Name Services,Usage-Based,2026-08-13T00:00:00Z,2026-08-13T23:59:59Z,,,,1.365,Query,0.4404,0.322637,0.4404,Google LLC,0.4404,0.322637,Standard,1.365,Query,us-central1,Iowa,google/prj-data-lab/cloud-dns,cloud-dns-dev,DNS Zone,Networking,Domain Name Services,Cloud DNS,Google Cloud,GOO-CloudDNS,GOO-CloudDNS-us-central1,prj-data-lab,projeto-dados,Subscription,"{""OwnerTeam"": ""redes"", ""Environment"": ""dev"", ""ManagedBy"": ""serverless""}"
0.4648,prj-core-prod,cloudfinops-demo,Billing Account,USD,2026-08-01T00:00:00Z,2026-09-01T00:00:00Z,Usage,,Cloud DNS - Domain Name Services,Usage-Based,2026-08-14T00:00:00Z,2026-08-14T23:59:59Z,,,,1.211,Query,0.4648,0.383815,0.4648,Google LLC,0.4648,0.383815,Standard,1.211,Query,us-central1,Iowa,google/prj-data-lab/cloud-dns,cloud-dns-dev,DNS Zone,Networking,Domain Name Services,Cloud DNS,Google Cloud,GOO-CloudDNS,GOO-CloudDNS-us-central1,prj-data-lab,projeto-dados,Subscription,"{""OwnerTeam"": ""backend"", ""Environment"": ""dev"", ""ManagedBy"": ""manual""}"
0.3756,prj-core-prod,cloudfinops-demo,Billing Account,USD,2026-08-01T00:00:00Z,2026-09-01T00:00:00Z,Usage,,Cloud DNS - Domain Name Services,Usage-Based,2026-08-15T00:00:00Z,2026-08-15T23:59:59Z,,,,2.368,Query,0.3756,0.158615,0.3756,Google LLC,0.3756,0.158615,Standard,2.368,Query,us-central1,Iowa,google/prj-data-lab/cloud-dns,cloud-dns-dev,DNS Zone,Networking,Domain Name Services,Cloud DNS,Google Cloud,GOO-CloudDNS,GOO-CloudDNS-us-central1,prj-data-lab,projeto-dados,Subscription,"{""OwnerTeam"": ""dados"", ""Environment"": ""dev"", ""ManagedBy"": ""terraform""}"
0.3687,prj-core-prod,cloudfinops-demo,Billing Account,USD,2026-08-01T00:00:00Z,2026-09-01T00:00:00Z,Usage,,Cloud DNS - Domain Name Services,Usage-Based,2026-08-16T00:00:00Z,2026-08-16T23:59:59Z,,,,1.623,Query,0.3687,0.227172,0.3687,Google LLC,0.3687,0.227172,Standard,1.623,Query,us-central1,Iowa,google/prj-data-lab/cloud-dns,cloud-dns-dev,DNS Zone,Networking,Domain Name Services,Cloud DNS,Google Cloud,GOO-CloudDNS,GOO-CloudDNS-us-central1,prj-data-lab,projeto-dados,Subscription,"{""OwnerTeam"": ""dados"", ""Environment"": ""dev"", ""ManagedBy"": ""serverless""}"
0.4617,prj-core-prod,cloudfinops-demo,Billing Account,USD,2026-08-01T00:00:00Z,2026-09-01T00:00:00Z,Usage,,Cloud DNS - Domain Name Services,Usage-Based,2026-08-17T00:00:00Z,2026-08-17T23:59:59Z,,,,5.13,Query,0.4617,0.09,0.4617,Google LLC,0.4617,0.09,Standard,5.13,Query,us-central1,Iowa,google/prj-data-lab/cloud-dns,cloud-dns-dev,DNS Zone,Networking,Domain Name Services,Cloud DNS,Google Cloud,GOO-CloudDNS,GOO-CloudDNS-us-central1,prj-data-lab,projeto-dados,Subscription,"{""OwnerTeam"": ""dados"", ""Environment"": ""dev"", ""ManagedBy"": ""cloudformation""}"
0.4644,prj-core-prod,cloudfinops-demo,Billing Account,USD,2026-08-01T00:00:00Z,2026-09-01T00:00:00Z,Usage,,Cloud DNS - Domain Name Services,Usage-Based,2026-08-18T00:00:00Z,2026-08-18T23:59:59Z,,,,1.289,Query,0.4644,0.360279,0.4644,Google LLC,0.4644,0.360279,Standard,1.289,Query,us-central1,Iowa,google/prj-data-lab/cloud-dns,cloud-dns-dev,DNS Zone,Networking,Domain Name Services,Cloud DNS,Google Cloud,GOO-CloudDNS,GOO-CloudDNS-us-central1,prj-data-lab,projeto-dados,Subscription,"{""OwnerTeam"": ""backend"", ""Environment"": ""dev"", ""ManagedBy"": ""serverless""}"
0.4607,prj-core-prod,cloudfinops-demo,Billing Account,USD,2026-08-01T00:00:00Z,2026-09-01T00:00:00Z,Usage,,Cloud DNS - Domain Name Services,Usage-Based,2026-08-19T00:00:00Z,2026-08-19T23:59:59Z,,,,1.628,Query,0.4607,0.282985,0.4607,Google LLC,0.4607,0.282985,Standard,1.628,Query,us-central1,Iowa,google/prj-data-lab/cloud-dns,cloud-dns-dev,DNS Zone,Networking,Domain Name Services,Cloud DNS,Google Cloud,GOO-CloudDNS,GOO-CloudDNS-us-central1,prj-data-lab,projeto-dados,Subscription,"{""OwnerTeam"": ""redes"", ""Environment"": ""dev"", ""ManagedBy"": ""cloudformation""}"
0.4478,prj-core-prod,cloudfinops-demo,Billing Account,USD,2026-08-01T00:00:00Z,2026-09-01T00:00:00Z,Usage,,Cloud DNS - Domain Name Services,Usage-Based,2026-08-20T00:00:00Z,2026-08-20T23:59:59Z,,,,5.725,Query,0.4478,0.078218,0.4478,Google LLC,0.4478,0.078218,Standard,5.725,Query,us-central1,Iowa,google/prj-data-lab/cloud-dns,cloud-dns-dev,DNS Zone,Networking,Domain Name Services,Cloud DNS,Google Cloud,GOO-CloudDNS,GOO-CloudDNS-us-central1,prj-data-lab,projeto-dados,Subscription,"{""OwnerTeam"": ""redes"", ""Environment"": ""dev"", ""ManagedBy"": ""terraform""}"
0.4628,prj-core-prod,cloudfinops-demo,Billing Account,USD,2026-08-01T00:00:00Z,2026-09-01T00:00:00Z,Usage,,Cloud DNS - Domain Name Services,Usage-Based,2026-08-21T00:00:00Z,2026-08-21T23:59:59Z,,,,1.671,Query,0.4628,0.27696,0.4628,Google LLC,0.4628,0.27696,Standard,1.671,Query,us-central1,Iowa,google/prj-data-lab/cloud-dns,cloud-dns-dev,DNS Zone,Networking,Domain Name Services,Cloud DNS,Google Cloud,GOO-CloudDNS,GOO-CloudDNS-us-central1,prj-data-lab,projeto-dados,Subscription,"{""OwnerTeam"": ""plataforma"", ""Environment"": ""dev"", ""ManagedBy"": ""cloudformation""}"
0.3714,prj-core-prod,cloudfinops-demo,Billing Account,USD,2026-08-01T00:00:00Z,2026-09-01T00:00:00Z,Usage,,Cloud DNS - Domain Name Services,Usage-Based,2026-08-22T00:00:00Z,2026-08-22T23:59:59Z,,,,1.396,Query,0.3714,0.266046,0.3714,Google LLC,0.3714,0.266046,Standard,1.396,Query,us-central1,Iowa,google/prj-data-lab/cloud-dns,cloud-dns-dev,DNS Zone,Networking,Domain Name Services,Cloud DNS,Google Cloud,GOO-CloudDNS,GOO-CloudDNS-us-central1,prj-data-lab,projeto-dados,Subscription,"{""OwnerTeam"": ""redes"", ""Environment"": ""dev"", ""ManagedBy"": ""serverless""}"
0.3869,prj-core-prod,cloudfinops-demo,Billing Account,USD,2026-08-01T00:00:00Z,2026-09-01T00:00:00Z,Usage,,Cloud DNS - Domain Name Services,Usage-Based,2026-08-23T00:00:00Z,2026-08-23T23:59:59Z,,,,1.339,Query,0.3869,0.288947,0.3869,Google LLC,0.3869,0.288947,Standard,1.339,Query,us-central1,Iowa,google/prj-data-lab/cloud-dns,cloud-dns-dev,DNS Zone,Networking,Domain Name Services,Cloud DNS,Google Cloud,GOO-CloudDNS,GOO-CloudDNS-us-central1,prj-data-lab,projeto-dados,Subscription,"{""OwnerTeam"": ""dados"", ""Environment"": ""dev"", ""ManagedBy"": ""cloudformation""}"
0.4413,prj-core-prod,cloudfinops-demo,Billing Account,USD,2026-08-01T00:00:00Z,2026-09-01T00:00:00Z,Usage,,Cloud DNS - Domain Name Services,Usage-Based,2026-08-24T00:00:00Z,2026-08-24T23:59:59Z,,,,0.988,Query,0.4413,0.44666,0.4413,Google LLC,0.4413,0.44666,Standard,0.988,Query,us-central1,Iowa,google/prj-data-lab/cloud-dns,cloud-dns-dev,DNS Zone,Networking,Domain Name Services,Cloud DNS,Google Cloud,GOO-CloudDNS,GOO-CloudDNS-us-central1,prj-data-lab,projeto-dados,Subscription,"{""OwnerTeam"": ""plataforma"", ""Environment"": ""dev"", ""ManagedBy"": ""cloudformation""}"
0.4542,prj-core-prod,cloudfinops-demo,Billing Account,USD,2026-08-01T00:00:00Z,2026-09-01T00:00:00Z,Usage,,Cloud DNS - Domain Name Services,Usage-Based,2026-08-25T00:00:00Z,2026-08-25T23:59:59Z,,,,4.658,Query,0.4542,0.09751,0.4542,Google LLC,0.4542,0.09751,Standard,4.658,Query,us-central1,Iowa,google/prj-data-lab/cloud-dns,cloud-dns-dev,DNS Zone,Networking,Domain Name Services,Cloud DNS,Google Cloud,GOO-CloudDNS,GOO-CloudDNS-us-central1,prj-data-lab,projeto-dados,Subscription,"{""OwnerTeam"": ""backend"", ""Environment"": ""dev"", ""ManagedBy"": ""cloudformation""}"
0.4457,prj-core-prod,cloudfinops-demo,Billing Account,USD,2026-08-01T00:00:00Z,2026-09-01T00:00:00Z,Usage,,Cloud DNS - Domain Name Services,Usage-Based,2026-08-26T00:00:00Z,2026-08-26T23:59:59Z,,,,1.725,Query,0.4457,0.258377,0.4457,Google LLC,0.4457,0.258377,Standard,1.725,Query,us-central1,Iowa,google/prj-data-lab/cloud-dns,cloud-dns-dev,DNS Zone,Networking,Domain Name Services,Cloud DNS,Google Cloud,GOO-CloudDNS,GOO-CloudDNS-us-central1,prj-data-lab,projeto-dados,Subscription,"{""OwnerTeam"": ""backend"", ""Environment"": ""dev"", ""ManagedBy"": ""terraform""}"
0.4539,prj-core-prod,cloudfinops-demo,Billing Account,USD,2026-08-01T00:00:00Z,2026-09-01T00:00:00Z,Usage,,Cloud DNS - Domain Name Services,Usage-Based,2026-08-27T00:00:00Z,2026-08-27T23:59:59Z,,,,1.047,Query,0.4539,0.433524,0.4539,Google LLC,0.4539,0.433524,Standard,1.047,Query,us-central1,Iowa,google/prj-data-lab/cloud-dns,cloud-dns-dev,DNS Zone,Networking,Domain Name Services,Cloud DNS,Google Cloud,GOO-CloudDNS,GOO-CloudDNS-us-central1,prj-data-lab,projeto-dados,Subscription,"{""OwnerTeam"": ""redes"", ""Environment"": ""dev"", ""ManagedBy"": ""serverless""}"
0.464,prj-core-prod,cloudfinops-demo,Billing Account,USD,2026-08-01T00:00:00Z,2026-09-01T00:00:00Z,Usage,,Cloud DNS - Domain Name Services,Usage-Based,2026-08-28T00:00:00Z,2026-08-28T23:59:59Z,,,,2.474,Query,0.464,0.187551,0.464,Google LLC,0.464,0.187551,Standard,2.474,Query,us-central1,Iowa,google/prj-data-lab/cloud-dns,cloud-dns-dev,DNS Zone,Networking,Domain Name Services,Cloud DNS,Google Cloud,GOO-CloudDNS,GOO-CloudDNS-us-central1,prj-data-lab,projeto-dados,Subscription,"{""OwnerTeam"": ""redes"", ""Environment"": ""dev"", ""ManagedBy"": ""cloudformation""}"
0.3873,prj-core-prod,cloudfinops-demo,Billing Account,USD,2026-08-01T00:00:00Z,2026-09-01T00:00:00Z,Usage,,Cloud DNS - Domain Name Services,Usage-Based,2026-08-29T00:00:00Z,2026-08-29T23:59:59Z,,,,1.096,Query,0.3873,0.353376,0.3873,Google LLC,0.3873,0.353376,Standard,1.096,Query,us-central1,Iowa,google/prj-data-lab/cloud-dns,cloud-dns-dev,DNS Zone,Networking,Domain Name Services,Cloud DNS,Google Cloud,GOO-CloudDNS,GOO-CloudDNS-us-central1,prj-data-lab,projeto-dados,Subscription,"{""OwnerTeam"": ""backend"", ""Environment"": ""dev"", ""ManagedBy"": ""serverless""}"
0.3675,prj-core-prod,cloudfinops-demo,Billing Account,USD,2026-08-01T00:00:00Z,2026-09-01T00:00:00Z,Usage,,Cloud DNS - Domain Name Services,Usage-Based,2026-08-30T00:00:00Z,2026-08-30T23:59:59Z,,,,1.317,Query,0.3675,0.279043,0.3675,Google LLC,0.3675,0.279043,Standard,1.317,Query,us-central1,Iowa,google/prj-data-lab/cloud-dns,cloud-dns-dev,DNS Zone,Networking,Domain Name Services,Cloud DNS,Google Cloud,GOO-CloudDNS,GOO-CloudDNS-us-central1,prj-data-lab,projeto-dados,Subscription,"{""OwnerTeam"": ""plataforma"", ""Environment"": ""dev"", ""ManagedBy"": ""manual""}"
0.447,prj-core-prod,cloudfinops-demo,Billing Account,USD,2026-08-01T00:00:00Z,2026-09-01T00:00:00Z,Usage,,Cloud DNS - Domain Name Services,Usage-Based,2026-08-31T00:00:00Z,2026-08-31T23:59:59Z,,,,2.067,Query,0.447,0.216255,0.447,Google LLC,0.447,0.216255,Standard,2.067,Query,us-central1,Iowa,google/prj-data-lab/cloud-dns,cloud-dns-dev,DNS Zone,Networking,Domain Name Services,Cloud DNS,Google Cloud,GOO-CloudDNS,GOO-CloudDNS-us-central1,prj-data-lab,projeto-dados,Subscription,"{""OwnerTeam"": ""backend"", ""Environment"": ""dev"", ""ManagedBy"": ""serverless""}"
0.4786,prj-core-prod,cloudfinops-demo,Billing Account,USD,2026-09-01T00:00:00Z,2026-10-01T00:00:00Z,Usage,,Cloud DNS - Domain Name Services,Usage-Based,2026-09-01T00:00:00Z,2026-09-01T23:59:59Z,,,,2.187,Query,0.4786,0.218839,0.4786,Google LLC,0.4786,0.218839,Standard,2.187,Query,us-central1,Iowa,google/prj-data-lab/cloud-dns,cloud-dns-dev,DNS Zone,Networking,Domain Name Services,Cloud DNS,Google Cloud,GOO-CloudDNS,GOO-CloudDNS-us-central1,prj-data-lab,projeto-dados,Subscription,"{""OwnerTeam"": ""plataforma"", ""Environment"": ""dev"", ""ManagedBy"": ""cloudformation""}"
0.4707,prj-core-prod,cloudfinops-demo,Billing Account,USD,2026-09-01T00:00:00Z,2026-10-01T00:00:00Z,Usage,,Cloud DNS - Domain Name Services,Usage-Based,2026-09-02T00:00:00Z,2026-09-02T23:59:59Z,,,,3.031,Query,0.4707,0.155295,0.4707,Google LLC,0.4707,0.155295,Standard,3.031,Query,us-central1,Iowa,google/prj-data-lab/cloud-dns,cloud-dns-dev,DNS Zone,Networking,Domain Name Services,Cloud DNS,Google Cloud,GOO-CloudDNS,GOO-CloudDNS-us-central1,prj-data-lab,projeto-dados,Subscription,"{""OwnerTeam"": ""redes"", ""Environment"": ""dev"", ""ManagedBy"": ""serverless""}"
0.4679,prj-core-prod,cloudfinops-demo,Billing Account,USD,2026-09-01T00:00:00Z,2026-10-01T00:00:00Z,Usage,,Cloud DNS - Domain Name Services,Usage-Based,2026-09-03T00:00:00Z,2026-09-03T23:59:59Z,,,,4.388,Query,0.4679,0.106632,0.4679,Google LLC,0.4679,0.106632,Standard,4.388,Query,us-central1,Iowa,google/prj-data-lab/cloud-dns,cloud-dns-dev,DNS Zone,Networking,Domain Name Services,Cloud DNS,Google Cloud,GOO-CloudDNS,GOO-CloudDNS-us-central1,prj-data-lab,projeto-dados,Subscription,"{""OwnerTeam"": ""redes"", ""Environment"": ""dev"", ""ManagedBy"": ""serverless""}"
0.4843,prj-core-prod,cloudfinops-demo,Billing Account,USD,2026-09-01T00:00:00Z,2026-10-01T00:00:00Z,Usage,,Cloud DNS - Domain Name Services,Usage-Based,2026-09-04T00:00:00Z,2026-09-04T23:59:59Z,,,,1.767,Query,0.4843,0.27408,0.4843,Google LLC,0.4843,0.27408,Standard,1.767,Query,us-central1,Iowa,google/prj-data-lab/cloud-dns,cloud-dns-dev,DNS Zone,Networking,Domain Name Services,Cloud DNS,Google Cloud,GOO-CloudDNS,GOO-CloudDNS-us-central1,prj-data-lab,projeto-dados,Subscription,"{""OwnerTeam"": ""plataforma"", ""Environment"": ""dev"", ""ManagedBy"": ""cloudformation""}"
0.4105,prj-core-prod,cloudfinops-demo,Billing Account,USD,2026-09-01T00:00:00Z,2026-10-01T00:00:00Z,Usage,,Cloud DNS - Domain Name Services,Usage-Based,2026-09-05T00:00:00Z,2026-09-05T23:59:59Z,,,,0.917,Query,0.4105,0.447655,0.4105,Google LLC,0.4105,0.447655,Standard,0.917,Query,us-central1,Iowa,google/prj-data-lab/cloud-dns,cloud-dns-dev,DNS Zone,Networking,Domain Name Services,Cloud DNS,Google Cloud,GOO-CloudDNS,GOO-CloudDNS-us-central1,prj-data-lab,projeto-dados,Subscription,"{""OwnerTeam"": ""dados"", ""Environment"": ""dev"", ""ManagedBy"": ""serverless""}"
0.4043,prj-core-prod,cloudfinops-demo,Billing Account,USD,2026-09-01T00:00:00Z,2026-10-01T00:00:00Z,Usage,,Cloud DNS - Domain Name Services,Usage-Based,2026-09-06T00:00:00Z,2026-09-06T23:59:59Z,,,,1.419,Query,0.4043,0.284919,0.4043,Google LLC,0.4043,0.284919,Standard,1.419,Query,us-central1,Iowa,google/prj-data-lab/cloud-dns,cloud-dns-dev,DNS Zone,Networking,Domain Name Services,Cloud DNS,Google Cloud,GOO-CloudDNS,GOO-CloudDNS-us-central1,prj-data-lab,projeto-dados,Subscription,"{""OwnerTeam"": ""dados"", ""Environment"": ""dev"", ""ManagedBy"": ""serverless""}"
0.4587,prj-core-prod,cloudfinops-demo,Billing Account,USD,2026-09-01T00:00:00Z,2026-10-01T00:00:00Z,Usage,,Cloud DNS - Domain Name Services,Usage-Based,2026-09-07T00:00:00Z,2026-09-07T23:59:59Z,,,,1.574,Query,0.4587,0.291423,0.4587,Google LLC,0.4587,0.291423,Standard,1.574,Query,us-central1,Iowa,google/prj-data-lab/cloud-dns,cloud-dns-dev,DNS Zone,Networking,Domain Name Services,Cloud DNS,Google Cloud,GOO-CloudDNS,GOO-CloudDNS-us-central1,prj-data-lab,projeto-dados,Subscription,"{""OwnerTeam"": ""dados"", ""Environment"": ""dev"", ""ManagedBy"": ""manual""}"
0.4795,prj-core-prod,cloudfinops-demo,Billing Account,USD,2026-09-01T00:00:00Z,2026-10-01T00:00:00Z,Usage,,Cloud DNS - Domain Name Services,Usage-Based,2026-09-08T00:00:00Z,2026-09-08T23:59:59Z,,,,9.125,Query,0.4795,0.052548,0.4795,Google LLC,0.4795,0.052548,Standard,9.125,Query,us-central1,Iowa,google/prj-data-lab/cloud-dns,cloud-dns-dev,DNS Zone,Networking,Domain Name Services,Cloud DNS,Google Cloud,GOO-CloudDNS,GOO-CloudDNS-us-central1,prj-data-lab,projeto-dados,Subscription,"{""OwnerTeam"": ""redes"", ""Environment"": ""dev"", ""ManagedBy"": ""cloudformation""}"
0.4602,prj-core-prod,cloudfinops-demo,Billing Account,USD,2026-09-01T00:00:00Z,2026-10-01T00:00:00Z,Usage,,Cloud DNS - Domain Name Services,Usage-Based,2026-09-09T00:00:00Z,2026-09-09T23:59:59Z,,,,2.323,Query,0.4602,0.198106,0.4602,Google LLC,0.4602,0.198106,Standard,2.323,Query,us-central1,Iowa,google/prj-data-lab/cloud-dns,cloud-dns-dev,DNS Zone,Networking,Domain Name Services,Cloud DNS,Google Cloud,GOO-CloudDNS,GOO-CloudDNS-us-central1,prj-data-lab,projeto-dados,Subscription,"{""OwnerTeam"": ""dados"", ""Environment"": ""dev"", ""ManagedBy"": ""terraform""}"
0.4779,prj-core-prod,cloudfinops-demo,Billing Account,USD,2026-09-01T00:00:00Z,2026-10-01T00:00:00Z,Usage,,Cloud DNS - Domain Name Services,Usage-Based,2026-09-10T00:00:00Z,2026-09-10T23:59:59Z,,,,5.943,Query,0.4779,0.080414,0.4779,Google LLC,0.4779,0.080414,Standard,5.943,Query,us-central1,Iowa,google/prj-data-lab/cloud-dns,cloud-dns-dev,DNS Zone,Networking,Domain Name Services,Cloud DNS,Google Cloud,GOO-CloudDNS,GOO-CloudDNS-us-central1,prj-data-lab,projeto-dados,Subscription,"{""OwnerTeam"": ""redes"", ""Environment"": ""dev"", ""ManagedBy"": ""cloudformation""}"
0.4664,prj-core-prod,cloudfinops-demo,Billing Account,USD,2026-09-01T00:00:00Z,2026-10-01T00:00:00Z,Usage,,Cloud DNS - Domain Name Services,Usage-Based,2026-09-11T00:00:00Z,2026-09-11T23:59:59Z,,,,2.517,Query,0.4664,0.1853,0.4664,Google LLC,0.4664,0.1853,Standard,2.517,Query,us-central1,Iowa,google/prj-data-lab/cloud-dns,cloud-dns-dev,DNS Zone,Networking,Domain Name Services,Cloud DNS,Google Cloud,GOO-CloudDNS,GOO-CloudDNS-us-central1,prj-data-lab,projeto-dados,Subscription,"{""OwnerTeam"": ""dados"", ""Environment"": ""dev"", ""ManagedBy"": ""manual""}"
0.3882,prj-core-prod,cloudfinops-demo,Billing Account,USD,2026-09-01T00:00:00Z,2026-10-01T00:00:00Z,Usage,,Cloud DNS - Domain Name Services,Usage-Based,2026-09-12T00:00:00Z,2026-09-12T23:59:59Z,,,,2.203,Query,0.3882,0.176214,0.3882,Google LLC,0.3882,0.176214,Standard,2.203,Query,us-central1,Iowa,google/prj-data-lab/cloud-dns,cloud-dns-dev,DNS Zone,Networking,Domain Name Services,Cloud DNS,Google Cloud,GOO-CloudDNS,GOO-CloudDNS-us-central1,prj-data-lab,projeto-dados,Subscription,"{""OwnerTeam"": ""dados"", ""Environment"": ""dev"", ""ManagedBy"": ""manual""}"
0.3878,prj-core-prod,cloudfinops-demo,Billing Account,USD,2026-09-01T00:00:00Z,2026-10-01T00:00:00Z,Usage,,Cloud DNS - Domain Name Services,Usage-Based,2026-09-13T00:00:00Z,2026-09-13T23:59:59Z,,,,9.126,Query,0.3878,0.042494,0.3878,Google LLC,0.3878,0.042494,Standard,9.126,Query,us-central1,Iowa,google/prj-data-lab/cloud-dns,cloud-dns-dev,DNS Zone,Networking,Domain Name Services,Cloud DNS,Google Cloud,GOO-CloudDNS,GOO-CloudDNS-us-central1,prj-data-lab,projeto-dados,Subscription,"{""OwnerTeam"": ""dados"", ""Environment"": ""dev"", ""ManagedBy"": ""terraform""}"
0.4681,prj-core-prod,cloudfinops-demo,Billing Account,USD,2026-09-01T00:00:00Z,2026-10-01T00:00:00Z,Usage,,Cloud DNS - Domain Name Services,Usage-Based,2026-09-14T00:00:00Z,2026-09-14T23:59:59Z,,,,1.151,Query,0.4681,0.40669,0.4681,Google LLC,0.4681,0.40669,Standard,1.151,Query,us-central1,Iowa,google/prj-data-lab/cloud-dns,cloud-dns-dev,DNS Zone,Networking,Domain Name Services,Cloud DNS,Google Cloud,GOO-CloudDNS,GOO-CloudDNS-us-central1,prj-data-lab,projeto-dados,Subscription,"{""OwnerTeam"": ""dados"", ""Environment"": ""dev"", ""ManagedBy"": ""serverless""}"
0.4659,prj-core-prod,cloudfinops-demo,Billing Account,USD,2026-09-01T00:00:00Z,2026-10-01T00:00:00Z,Usage,,Cloud DNS - Domain Name Services,Usage-Based,2026-09-15T00:00:00Z,2026-09-15T23:59:59Z,,,,2.614,Query,0.4659,0.178233,0.4659,Google LLC,0.4659,0.178233,Standard,2.614,Query,us-central1,Iowa,google/prj-data-lab/cloud-dns,cloud-dns-dev,DNS Zone,Networking,Domain Name Services,Cloud DNS,Google Cloud,GOO-CloudDNS,GOO-CloudDNS-us-central1,prj-data-lab,projeto-dados,Subscription,"{""OwnerTeam"": ""dados"", ""Environment"": ""dev"", ""ManagedBy"": ""serverless""}"
0.4662,prj-core-prod,cloudfinops-demo,Billing Account,USD,2026-09-01T00:00:00Z,2026-10-01T00:00:00Z,Usage,,Cloud DNS - Domain Name Services,Usage-Based,2026-09-16T00:00:00Z,2026-09-16T23:59:59Z,,,,1.038,Query,0.4662,0.449133,0.4662,Google LLC,0.4662,0.449133,Standard,1.038,Query,us-central1,Iowa,google/prj-data-lab/cloud-dns,cloud-dns-dev,DNS Zone,Networking,Domain Name Services,Cloud DNS,Google Cloud,GOO-CloudDNS,GOO-CloudDNS-us-central1,prj-data-lab,projeto-dados,Subscription,"{""OwnerTeam"": ""backend"", ""Environment"": ""dev"", ""ManagedBy"": ""terraform""}"
0.4614,prj-core-prod,cloudfinops-demo,Billing Account,USD,2026-09-01T00:00:00Z,2026-10-01T00:00:00Z,Usage,,Cloud DNS - Domain Name Services,Usage-Based,2026-09-17T00:00:00Z,2026-09-17T23:59:59Z,,,,3.625,Query,0.4614,0.127283,0.4614,Google LLC,0.4614,0.127283,Standard,3.625,Query,us-central1,Iowa,google/prj-data-lab/cloud-dns,cloud-dns-dev,DNS Zone,Networking,Domain Name Services,Cloud DNS,Google Cloud,GOO-CloudDNS,GOO-CloudDNS-us-central1,prj-data-lab,projeto-dados,Subscription,"{""OwnerTeam"": ""backend"", ""Environment"": ""dev"", ""ManagedBy"": ""terraform""}"
0.4812,prj-core-prod,cloudfinops-demo,Billing Account,USD,2026-09-01T00:00:00Z,2026-10-01T00:00:00Z,Usage,,Cloud DNS - Domain Name Services,Usage-Based,2026-09-18T00:00:00Z,2026-09-18T23:59:59Z,,,,1.254,Query,0.4812,0.383732,0.4812,Google LLC,0.4812,0.383732,Standard,1.254,Query,us-central1,Iowa,google/prj-data-lab/cloud-dns,cloud-dns-dev,DNS Zone,Networking,Domain Name Services,Cloud DNS,Google Cloud,GOO-CloudDNS,GOO-CloudDNS-us-central1,prj-data-lab,projeto-dados,Subscription,"{""OwnerTeam"": ""plataforma"", ""Environment"": ""dev"", ""ManagedBy"": ""terraform""}"
0.3894,prj-core-prod,cloudfinops-demo,Billing Account,USD,2026-09-01T00:00:00Z,2026-10-01T00:00:00Z,Usage,,Cloud DNS - Domain Name Services,Usage-Based,2026-09-19T00:00:00Z,2026-09-19T23:59:59Z,,,,0.972,Query,0.3894,0.400617,0.3894,Google LLC,0.3894,0.400617,Standard,0.972,Query,us-central1,Iowa,google/prj-data-lab/cloud-dns,cloud-dns-dev,DNS Zone,Networking,Domain Name Services,Cloud DNS,Google Cloud,GOO-CloudDNS,GOO-CloudDNS-us-central1,prj-data-lab,projeto-dados,Subscription,"{""OwnerTeam"": ""backend"", ""Environment"": ""dev"", ""ManagedBy"": ""serverless""}"
0.4048,prj-core-prod,cloudfinops-demo,Billing Account,USD,2026-09-01T00:00:00Z,2026-10-01T00:00:00Z,Usage,,Cloud DNS - Domain Name Services,Usage-Based,2026-09-20T00:00:00Z,2026-09-20T23:59:59Z,,,,2.416,Query,0.4048,0.16755,0.4048,Google LLC,0.4048,0.16755,Standard,2.416,Query,us-central1,Iowa,google/prj-data-lab/cloud-dns,cloud-dns-dev,DNS Zone,Networking,Domain Name Services,Cloud DNS,Google Cloud,GOO-CloudDNS,GOO-CloudDNS-us-central1,prj-data-lab,projeto-dados,Subscription,"{""OwnerTeam"": ""backend"", ""Environment"": ""dev"", ""ManagedBy"": ""serverless""}"
0.4785,prj-core-prod,cloudfinops-demo,Billing Account,USD,2026-09-01T00:00:00Z,2026-10-01T00:00:00Z,Usage,,Cloud DNS - Domain Name Services,Usage-Based,2026-09-21T00:00:00Z,2026-09-21T23:59:59Z,,,,12.38,Query,0.4785,0.038651,0.4785,Google LLC,0.4785,0.038651,Standard,12.38,Query,us-central1,Iowa,google/prj-data-lab/cloud-dns,cloud-dns-dev,DNS Zone,Networking,Domain Name Services,Cloud DNS,Google Cloud,GOO-CloudDNS,GOO-CloudDNS-us-central1,prj-data-lab,projeto-dados,Subscription,"{""OwnerTeam"": ""dados"", ""Environment"": ""dev"", ""ManagedBy"": ""terraform""}"
0.4592,prj-core-prod,cloudfinops-demo,Billing Account,USD,2026-09-01T00:00:00Z,2026-10-01T00:00:00Z,Usage,,Cloud DNS - Domain Name Services,Usage-Based,2026-09-22T00:00:00Z,2026-09-22T23:59:59Z,,,,1.289,Query,0.4592,0.356245,0.4592,Google LLC,0.4592,0.356245,Standard,1.289,Query,us-central1,Iowa,google/prj-data-lab/cloud-dns,cloud-dns-dev,DNS Zone,Networking,Domain Name Services,Cloud DNS,Google Cloud,GOO-CloudDNS,GOO-CloudDNS-us-central1,prj-data-lab,projeto-dados,Subscription,"{""OwnerTeam"": ""backend"", ""Environment"": ""dev"", ""ManagedBy"": ""cloudformation""}"
0.488,prj-core-prod,cloudfinops-demo,Billing Account,USD,2026-09-01T00:00:00Z,2026-10-01T00:00:00Z,Usage,,Cloud DNS - Domain Name Services,Usage-Based,2026-09-23T00:00:00Z,2026-09-23T23:59:59Z,,,,1.293,Query,0.488,0.377417,0.488,Google LLC,0.488,0.377417,Standard,1.293,Query,us-central1,Iowa,google/prj-data-lab/cloud-dns,cloud-dns-dev,DNS Zone,Networking,Domain Name Services,Cloud DNS,Google Cloud,GOO-CloudDNS,GOO-CloudDNS-us-central1,prj-data-lab,projeto-dados,Subscription,"{""OwnerTeam"": ""redes"", ""Environment"": ""dev"", ""ManagedBy"": ""serverless""}"
0.4574,prj-core-prod,cloudfinops-demo,Billing Account,USD,2026-09-01T00:00:00Z,2026-10-01T00:00:00Z,Usage,,Cloud DNS - Domain Name Services,Usage-Based,2026-09-24T00:00:00Z,2026-09-24T23:59:59Z,,,,2.921,Query,0.4574,0.15659,0.4574,Google LLC,0.4574,0.15659,Standard,2.921,Query,us-central1,Iowa,google/prj-data-lab/cloud-dns,cloud-dns-dev,DNS Zone,Networking,Domain Name Services,Cloud DNS,Google Cloud,GOO-CloudDNS,GOO-CloudDNS-us-central1,prj-data-lab,projeto-dados,Subscription,"{""OwnerTeam"": ""plataforma"", ""Environment"": ""dev"", ""ManagedBy"": ""terraform""}"
0.4678,prj-core-prod,cloudfinops-demo,Billing Account,USD,2026-09-01T00:00:00Z,2026-10-01T00:00:00Z,Usage,,Cloud DNS - Domain Name Services,Usage-Based,2026-09-25T00:00:00Z,2026-09-25T23:59:59Z,,,,1.329,Query,0.4678,0.351994,0.4678,Google LLC,0.4678,0.351994,Standard,1.329,Query,us-central1,Iowa,google/prj-data-lab/cloud-dns,cloud-dns-dev,DNS Zone,Networking,Domain Name Services,Cloud DNS,Google Cloud,GOO-CloudDNS,GOO-CloudDNS-us-central1,prj-data-lab,projeto-dados,Subscription,"{""OwnerTeam"": ""dados"", ""Environment"": ""dev"", ""ManagedBy"": ""serverless""}"
0.4105,prj-core-prod,cloudfinops-demo,Billing Account,USD,2026-09-01T00:00:00Z,2026-10-01T00:00:00Z,Usage,,Cloud DNS - Domain Name Services,Usage-Based,2026-09-26T00:00:00Z,2026-09-26T23:59:59Z,,,,3.579,Query,0.4105,0.114697,0.4105,Google LLC,0.4105,0.114697,Standard,3.579,Query,us-central1,Iowa,google/prj-data-lab/cloud-dns,cloud-dns-dev,DNS Zone,Networking,Domain Name Services,Cloud DNS,Google Cloud,GOO-CloudDNS,GOO-CloudDNS-us-central1,prj-data-lab,projeto-dados,Subscription,"{""OwnerTeam"": ""backend"", ""Environment"": ""dev"", ""ManagedBy"": ""terraform""}"
0.3915,prj-core-prod,cloudfinops-demo,Billing Account,USD,2026-09-01T00:00:00Z,2026-10-01T00:00:00Z,Usage,,Cloud DNS - Domain Name Services,Usage-Based,2026-09-27T00:00:00Z,2026-09-27T23:59:59Z,,,,2.087,Query,0.3915,0.18759,0.3915,Google LLC,0.3915,0.18759,Standard,2.087,Query,us-central1,Iowa,google/prj-data-lab/cloud-dns,cloud-dns-dev,DNS Zone,Networking,Domain Name Services,Cloud DNS,Google Cloud,GOO-CloudDNS,GOO-CloudDNS-us-central1,prj-data-lab,projeto-dados,Subscription,"{""OwnerTeam"": ""plataforma"", ""Environment"": ""dev"", ""ManagedBy"": ""manual""}"
0.46,prj-core-prod,cloudfinops-demo,Billing Account,USD,2026-09-01T00:00:00Z,2026-10-01T00:00:00Z,Usage,,Cloud DNS - Domain Name Services,Usage-Based,2026-09-28T00:00:00Z,2026-09-28T23:59:59Z,,,,5.313,Query,0.46,0.08658,0.46,Google LLC,0.46,0.08658,Standard,5.313,Query,us-central1,Iowa,google/prj-data-lab/cloud-dns,cloud-dns-dev,DNS Zone,Networking,Domain Name Services,Cloud DNS,Google Cloud,GOO-CloudDNS,GOO-CloudDNS-us-central1,prj-data-lab,projeto-dados,Subscription,"{""OwnerTeam"": ""plataforma"", ""Environment"": ""dev"", ""ManagedBy"": ""serverless""}"
0.4651,prj-core-prod,cloudfinops-demo,Billing Account,USD,2026-09-01T00:00:00Z,2026-10-01T00:00:00Z,Usage,,Cloud DNS - Domain Name Services,Usage-Based,2026-09-29T00:00:00Z,2026-09-29T23:59:59Z,,,,2.155,Query,0.4651,0.215824,0.4651,Google LLC,0.4651,0.215824,Standard,2.155,Query,us-central1,Iowa,google/prj-data-lab/cloud-dns,cloud-dns-dev,DNS Zone,Networking,Domain Name Services,Cloud DNS,Google Cloud,GOO-CloudDNS,GOO-CloudDNS-us-central1,prj-data-lab,projeto-dados,Subscription,"{""OwnerTeam"": ""plataforma"", ""Environment"": ""dev"", ""ManagedBy"": ""serverless""}"
0.4837,prj-core-prod,cloudfinops-demo,Billing Account,USD,2026-09-01T00:00:00Z,2026-10-01T00:00:00Z,Usage,,Cloud DNS - Domain Name Services,Usage-Based,2026-09-30T00:00:00Z,2026-09-30T23:59:59Z,,,,2.452,Query,0.4837,0.197268,0.4837,Google LLC,0.4837,0.197268,Standard,2.452,Query,us-central1,Iowa,google/prj-data-lab/cloud-dns,cloud-dns-dev,DNS Zone,Networking,Domain Name Services,Cloud DNS,Google Cloud,GOO-CloudDNS,GOO-CloudDNS-us-central1,prj-data-lab,projeto-dados,Subscription,"{""OwnerTeam"": ""redes"", ""Environment"": ""dev"", ""ManagedBy"": ""terraform""}"
0.4701,prj-core-prod,cloudfinops-demo,Billing Account,USD,2026-10-01T00:00:00Z,2026-11-01T00:00:00Z,Usage,,Cloud DNS - Domain Name Services,Usage-Based,2026-10-01T00:00:00Z,2026-10-01T23:59:59Z,,,,1.531,Query,0.4701,0.307054,0.4701,Google LLC,0.4701,0.307054,Standard,1.531,Query,us-central1,Iowa,google/prj-data-lab/cloud-dns,cloud-dns-dev,DNS Zone,Networking,Domain Name Services,Cloud DNS,Google Cloud,GOO-CloudDNS,GOO-CloudDNS-us-central1,prj-data-lab,projeto-dados,Subscription,"{""OwnerTeam"": ""plataforma"", ""Environment"": ""dev"", ""ManagedBy"": ""serverless""}"
0.4762,prj-core-prod,cloudfinops-demo,Billing Account,USD,2026-10-01T00:00:00Z,2026-11-01T00:00:00Z,Usage,,Cloud DNS - Domain Name Services,Usage-Based,2026-10-02T00:00:00Z,2026-10-02T23:59:59Z,,,,1.343,Query,0.4762,0.354579,0.4762,Google LLC,0.4762,0.354579,Standard,1.343,Query,us-central1,Iowa,google/prj-data-lab/cloud-dns,cloud-dns-dev,DNS Zone,Networking,Domain Name Services,Cloud DNS,Google Cloud,GOO-CloudDNS,GOO-CloudDNS-us-central1,prj-data-lab,projeto-dados,Subscription,"{""OwnerTeam"": ""backend"", ""Environment"": ""dev"", ""ManagedBy"": ""cloudformation""}"
0.3793,prj-core-prod,cloudfinops-demo,Billing Account,USD,2026-10-01T00:00:00Z,2026-11-01T00:00:00Z,Usage,,Cloud DNS - Domain Name Services,Usage-Based,2026-10-03T00:00:00Z,2026-10-03T23:59:59Z,,,,3.107,Query,0.3793,0.122079,0.3793,Google LLC,0.3793,0.122079,Standard,3.107,Query,us-central1,Iowa,google/prj-data-lab/cloud-dns,cloud-dns-dev,DNS Zone,Networking,Domain Name Services,Cloud DNS,Google Cloud,GOO-CloudDNS,GOO-CloudDNS-us-central1,prj-data-lab,projeto-dados,Subscription,"{""OwnerTeam"": ""redes"", ""Environment"": ""dev"", ""ManagedBy"": ""serverless""}"
0.5384,prj-core-prod,cloudfinops-demo,Billing Account,USD,2026-08-01T00:00:00Z,2026-09-01T00:00:00Z,Usage,,Secret Manager - Key Management,Usage-Based,2026-08-01T00:00:00Z,2026-08-01T23:59:59Z,,,,1.312,Secret-Month,0.5384,0.410366,0.5384,Google LLC,0.5384,0.410366,Standard,1.312,Secret-Month,us-central1,Iowa,google/prj-core-prod/secret-manager,secret-manager-prod,Secret,Security,Key Management,Secret Manager,Google Cloud,GOO-SecretManage,GOO-SecretMa-us-central1,prj-core-prod,projeto-core,Subscription,"{""OwnerTeam"": ""redes"", ""Environment"": ""prod"", ""ManagedBy"": ""terraform""}"
0.517,prj-core-prod,cloudfinops-demo,Billing Account,USD,2026-08-01T00:00:00Z,2026-09-01T00:00:00Z,Usage,,Secret Manager - Key Management,Usage-Based,2026-08-02T00:00:00Z,2026-08-02T23:59:59Z,,,,22.884,Secret-Month,0.517,0.022592,0.517,Google LLC,0.517,0.022592,Standard,22.884,Secret-Month,us-central1,Iowa,google/prj-core-prod/secret-manager,secret-manager-prod,Secret,Security,Key Management,Secret Manager,Google Cloud,GOO-SecretManage,GOO-SecretMa-us-central1,prj-core-prod,projeto-core,Subscription,"{""OwnerTeam"": ""dados"", ""Environment"": ""prod"", ""ManagedBy"": ""manual""}"
0.6199,prj-core-prod,cloudfinops-demo,Billing Account,USD,2026-08-01T00:00:00Z,2026-09-01T00:00:00Z,Usage,,Secret Manager - Key Management,Usage-Based,2026-08-03T00:00:00Z,2026-08-03T23:59:59Z,,,,1.563,Secret-Month,0.6199,0.396609,0.6199,Google LLC,0.6199,0.396609,Standard,1.563,Secret-Month,us-central1,Iowa,google/prj-core-prod/secret-manager,secret-manager-prod,Secret,Security,Key Management,Secret Manager,Google Cloud,GOO-SecretManage,GOO-SecretMa-us-central1,prj-core-prod,projeto-core,Subscription,"{""OwnerTeam"": ""dados"", ""Environment"": ""prod"", ""ManagedBy"": ""serverless""}"
0.6133,prj-core-prod,cloudfinops-demo,Billing Account,USD,2026-08-01T00:00:00Z,2026-09-01T00:00:00Z,Usage,,Secret Manager - Key Management,Usage-Based,2026-08-04T00:00:00Z,2026-08-04T23:59:59Z,,,,2.303,Secret-Month,0.6133,0.266305,0.6133,Google LLC,0.6133,0.266305,Standard,2.303,Secret-Month,us-central1,Iowa,google/prj-core-prod/secret-manager,secret-manager-prod,Secret,Security,Key Management,Secret Manager,Google Cloud,GOO-SecretManage,GOO-SecretMa-us-central1,prj-core-prod,projeto-core,Subscription,"{""OwnerTeam"": ""plataforma"", ""Environment"": ""prod"", ""ManagedBy"": ""terraform""}"
0.62,prj-core-prod,cloudfinops-demo,Billing Account,USD,2026-08-01T00:00:00Z,2026-09-01T00:00:00Z,Usage,,Secret Manager - Key Management,Usage-Based,2026-08-05T00:00:00Z,2026-08-05T23:59:59Z,,,,1.393,Secret-Month,0.62,0.445083,0.62,Google LLC,0.62,0.445083,Standard,1.393,Secret-Month,us-central1,Iowa,google/prj-core-prod/secret-manager,secret-manager-prod,Secret,Security,Key Management,Secret Manager,Google Cloud,GOO-SecretManage,GOO-SecretMa-us-central1,prj-core-prod,projeto-core,Subscription,"{""OwnerTeam"": ""backend"", ""Environment"": ""prod"", ""ManagedBy"": ""terraform""}"
0.631,prj-core-prod,cloudfinops-demo,Billing Account,USD,2026-08-01T00:00:00Z,2026-09-01T00:00:00Z,Usage,,Secret Manager - Key Management,Usage-Based,2026-08-06T00:00:00Z,2026-08-06T23:59:59Z,,,,1.639,Secret-Month,0.631,0.384991,0.631,Google LLC,0.631,0.384991,Standard,1.639,Secret-Month,us-central1,Iowa,google/prj-core-prod/secret-manager,secret-manager-prod,Secret,Security,Key Management,Secret Manager,Google Cloud,GOO-SecretManage,GOO-SecretMa-us-central1,prj-core-prod,projeto-core,Subscription,"{""OwnerTeam"": ""dados"", ""Environment"": ""prod"", ""ManagedBy"": ""cloudformation""}"
0.6206,prj-core-prod,cloudfinops-demo,Billing Account,USD,2026-08-01T00:00:00Z,2026-09-01T00:00:00Z,Usage,,Secret Manager - Key Management,Usage-Based,2026-08-07T00:00:00Z,2026-08-07T23:59:59Z,,,,1.74,Secret-Month,0.6206,0.356667,0.6206,Google LLC,0.6206,0.356667,Standard,1.74,Secret-Month,us-central1,Iowa,google/prj-core-prod/secret-manager,secret-manager-prod,Secret,Security,Key Management,Secret Manager,Google Cloud,GOO-SecretManage,GOO-SecretMa-us-central1,prj-core-prod,projeto-core,Subscription,"{""OwnerTeam"": ""backend"", ""Environment"": ""prod"", ""ManagedBy"": ""manual""}"
0.5396,prj-core-prod,cloudfinops-demo,Billing Account,USD,2026-08-01T00:00:00Z,2026-09-01T00:00:00Z,Usage,,Secret Manager - Key Management,Usage-Based,2026-08-08T00:00:00Z,2026-08-08T23:59:59Z,,,,1.818,Secret-Month,0.5396,0.29681,0.5396,Google LLC,0.5396,0.29681,Standard,1.818,Secret-Month,us-central1,Iowa,google/prj-core-prod/secret-manager,secret-manager-prod,Secret,Security,Key Management,Secret Manager,Google Cloud,GOO-SecretManage,GOO-SecretMa-us-central1,prj-core-prod,projeto-core,Subscription,"{""OwnerTeam"": ""plataforma"", ""Environment"": ""prod"", ""ManagedBy"": ""manual""}"
0.5315,prj-core-prod,cloudfinops-demo,Billing Account,USD,2026-08-01T00:00:00Z,2026-09-01T00:00:00Z,Usage,,Secret Manager - Key Management,Usage-Based,2026-08-09T00:00:00Z,2026-08-09T23:59:59Z,,,,1.426,Secret-Month,0.5315,0.372721,0.5315,Google LLC,0.5315,0.372721,Standard,1.426,Secret-Month,us-central1,Iowa,google/prj-core-prod/secret-manager,secret-manager-prod,Secret,Security,Key Management,Secret Manager,Google Cloud,GOO-SecretManage,GOO-SecretMa-us-central1,prj-core-prod,projeto-core,Subscription,"{""OwnerTeam"": ""dados"", ""Environment"": ""prod"", ""ManagedBy"": ""serverless""}"
0.6415,prj-core-prod,cloudfinops-demo,Billing Account,USD,2026-08-01T00:00:00Z,2026-09-01T00:00:00Z,Usage,,Secret Manager - Key Management,Usage-Based,2026-08-10T00:00:00Z,2026-08-10T23:59:59Z,,,,4.596,Secret-Month,0.6415,0.139578,0.6415,Google LLC,0.6415,0.139578,Standard,4.596,Secret-Month,us-central1,Iowa,google/prj-core-prod/secret-manager,secret-manager-prod,Secret,Security,Key Management,Secret Manager,Google Cloud,GOO-SecretManage,GOO-SecretMa-us-central1,prj-core-prod,projeto-core,Subscription,"{""OwnerTeam"": ""plataforma"", ""Environment"": ""prod"", ""ManagedBy"": ""terraform""}"
0.6355,prj-core-prod,cloudfinops-demo,Billing Account,USD,2026-08-01T00:00:00Z,2026-09-01T00:00:00Z,Usage,,Secret Manager - Key Management,Usage-Based,2026-08-11T00:00:00Z,2026-08-11T23:59:59Z,,,,3.004,Secret-Month,0.6355,0.211551,0.6355,Google LLC,0.6355,0.211551,Standard,3.004,Secret-Month,us-central1,Iowa,google/prj-core-prod/secret-manager,secret-manager-prod,Secret,Security,Key Management,Secret Manager,Google Cloud,GOO-SecretManage,GOO-SecretMa-us-central1,prj-core-prod,projeto-core,Subscription,"{""OwnerTeam"": ""dados"", ""Environment"": ""prod"", ""ManagedBy"": ""terraform""}"
0.6156,prj-core-prod,cloudfinops-demo,Billing Account,USD,2026-08-01T00:00:00Z,2026-09-01T00:00:00Z,Usage,,Secret Manager - Key Management,Usage-Based,2026-08-12T00:00:00Z,2026-08-12T23:59:59Z,,,,2.982,Secret-Month,0.6156,0.206439,0.6156,Google LLC,0.6156,0.206439,Standard,2.982,Secret-Month,us-central1,Iowa,google/prj-core-prod/secret-manager,secret-manager-prod,Secret,Security,Key Management,Secret Manager,Google Cloud,GOO-SecretManage,GOO-SecretMa-us-central1,prj-core-prod,projeto-core,Subscription,"{""OwnerTeam"": ""redes"", ""Environment"": ""prod"", ""ManagedBy"": ""terraform""}"
0.6328,prj-core-prod,cloudfinops-demo,Billing Account,USD,2026-08-01T00:00:00Z,2026-09-01T00:00:00Z,Usage,,Secret Manager - Key Management,Usage-Based,2026-08-13T00:00:00Z,2026-08-13T23:59:59Z,,,,3.399,Secret-Month,0.6328,0.186172,0.6328,Google LLC,0.6328,0.186172,Standard,3.399,Secret-Month,us-central1,Iowa,google/prj-core-prod/secret-manager,secret-manager-prod,Secret,Security,Key Management,Secret Manager,Google Cloud,GOO-SecretManage,GOO-SecretMa-us-central1,prj-core-prod,projeto-core,Subscription,"{""OwnerTeam"": ""plataforma"", ""Environment"": ""prod"", ""ManagedBy"": ""manual""}"
0.6376,prj-core-prod,cloudfinops-demo,Billing Account,USD,2026-08-01T00:00:00Z,2026-09-01T00:00:00Z,Usage,,Secret Manager - Key Management,Usage-Based,2026-08-14T00:00:00Z,2026-08-14T23:59:59Z,,,,4.764,Secret-Month,0.6376,0.133837,0.6376,Google LLC,0.6376,0.133837,Standard,4.764,Secret-Month,us-central1,Iowa,google/prj-core-prod/secret-manager,secret-manager-prod,Secret,Security,Key Management,Secret Manager,Google Cloud,GOO-SecretManage,GOO-SecretMa-us-central1,prj-core-prod,projeto-core,Subscription,"{""OwnerTeam"": ""plataforma"", ""Environment"": ""prod"", ""ManagedBy"": ""serverless""}"
0.5201,prj-core-prod,cloudfinops-demo,Billing Account,USD,2026-08-01T00:00:00Z,2026-09-01T00:00:00Z,Usage,,Secret Manager - Key Management,Usage-Based,2026-08-15T00:00:00Z,2026-08-15T23:59:59Z,,,,2.996,Secret-Month,0.5201,0.173598,0.5201,Google LLC,0.5201,0.173598,Standard,2.996,Secret-Month,us-central1,Iowa,google/prj-core-prod/secret-manager,secret-manager-prod,Secret,Security,Key Management,Secret Manager,Google Cloud,GOO-SecretManage,GOO-SecretMa-us-central1,prj-core-prod,projeto-core,Subscription,"{""OwnerTeam"": ""plataforma"", ""Environment"": ""prod"", ""ManagedBy"": ""cloudformation""}"
0.5208,prj-core-prod,cloudfinops-demo,Billing Account,USD,2026-08-01T00:00:00Z,2026-09-01T00:00:00Z,Usage,,Secret Manager - Key Management,Usage-Based,2026-08-16T00:00:00Z,2026-08-16T23:59:59Z,,,,2.446,Secret-Month,0.5208,0.212919,0.5208,Google LLC,0.5208,0.212919,Standard,2.446,Secret-Month,us-central1,Iowa,google/prj-core-prod/secret-manager,secret-manager-prod,Secret,Security,Key Management,Secret Manager,Google Cloud,GOO-SecretManage,GOO-SecretMa-us-central1,prj-core-prod,projeto-core,Subscription,"{""OwnerTeam"": ""redes"", ""Environment"": ""prod"", ""ManagedBy"": ""cloudformation""}"
0.6161,prj-core-prod,cloudfinops-demo,Billing Account,USD,2026-08-01T00:00:00Z,2026-09-01T00:00:00Z,Usage,,Secret Manager - Key Management,Usage-Based,2026-08-17T00:00:00Z,2026-08-17T23:59:59Z,,,,1.922,Secret-Month,0.6161,0.320552,0.6161,Google LLC,0.6161,0.320552,Standard,1.922,Secret-Month,us-central1,Iowa,google/prj-core-prod/secret-manager,secret-manager-prod,Secret,Security,Key Management,Secret Manager,Google Cloud,GOO-SecretManage,GOO-SecretMa-us-central1,prj-core-prod,projeto-core,Subscription,"{""OwnerTeam"": ""dados"", ""Environment"": ""prod"", ""ManagedBy"": ""serverless""}"
0.6323,prj-core-prod,cloudfinops-demo,Billing Account,USD,2026-08-01T00:00:00Z,2026-09-01T00:00:00Z,Usage,,Secret Manager - Key Management,Usage-Based,2026-08-18T00:00:00Z,2026-08-18T23:59:59Z,,,,2.932,Secret-Month,0.6323,0.215655,0.6323,Google LLC,0.6323,0.215655,Standard,2.932,Secret-Month,us-central1,Iowa,google/prj-core-prod/secret-manager,secret-manager-prod,Secret,Security,Key Management,Secret Manager,Google Cloud,GOO-SecretManage,GOO-SecretMa-us-central1,prj-core-prod,projeto-core,Subscription,"{""OwnerTeam"": ""redes"", ""Environment"": ""prod"", ""ManagedBy"": ""terraform""}"
0.6094,prj-core-prod,cloudfinops-demo,Billing Account,USD,2026-08-01T00:00:00Z,2026-09-01T00:00:00Z,Usage,,Secret Manager - Key Management,Usage-Based,2026-08-19T00:00:00Z,2026-08-19T23:59:59Z,,,,2.13,Secret-Month,0.6094,0.286103,0.6094,Google LLC,0.6094,0.286103,Standard,2.13,Secret-Month,us-central1,Iowa,google/prj-core-prod/secret-manager,secret-manager-prod,Secret,Security,Key Management,Secret Manager,Google Cloud,GOO-SecretManage,GOO-SecretMa-us-central1,prj-core-prod,projeto-core,Subscription,"{""OwnerTeam"": ""plataforma"", ""Environment"": ""prod"", ""ManagedBy"": ""terraform""}"
0.615,prj-core-prod,cloudfinops-demo,Billing Account,USD,2026-08-01T00:00:00Z,2026-09-01T00:00:00Z,Usage,,Secret Manager - Key Management,Usage-Based,2026-08-20T00:00:00Z,2026-08-20T23:59:59Z,,,,17.087,Secret-Month,0.615,0.035992,0.615,Google LLC,0.615,0.035992,Standard,17.087,Secret-Month,us-central1,Iowa,google/prj-core-prod/secret-manager,secret-manager-prod,Secret,Security,Key Management,Secret Manager,Google Cloud,GOO-SecretManage,GOO-SecretMa-us-central1,prj-core-prod,projeto-core,Subscription,"{""OwnerTeam"": ""dados"", ""Environment"": ""prod"", ""ManagedBy"": ""serverless""}"
0.6181,prj-core-prod,cloudfinops-demo,Billing Account,USD,2026-08-01T00:00:00Z,2026-09-01T00:00:00Z,Usage,,Secret Manager - Key Management,Usage-Based,2026-08-21T00:00:00Z,2026-08-21T23:59:59Z,,,,4.879,Secret-Month,0.6181,0.126686,0.6181,Google LLC,0.6181,0.126686,Standard,4.879,Secret-Month,us-central1,Iowa,google/prj-core-prod/secret-manager,secret-manager-prod,Secret,Security,Key Management,Secret Manager,Google Cloud,GOO-SecretManage,GOO-SecretMa-us-central1,prj-core-prod,projeto-core,Subscription,"{""OwnerTeam"": ""redes"", ""Environment"": ""prod"", ""ManagedBy"": ""cloudformation""}"
0.5255,prj-core-prod,cloudfinops-demo,Billing Account,USD,2026-08-01T00:00:00Z,2026-09-01T00:00:00Z,Usage,,Secret Manager - Key Management,Usage-Based,2026-08-22T00:00:00Z,2026-08-22T23:59:59Z,,,,1.242,Secret-Month,0.5255,0.423108,0.5255,Google LLC,0.5255,0.423108,Standard,1.242,Secret-Month,us-central1,Iowa,google/prj-core-prod/secret-manager,secret-manager-prod,Secret,Security,Key Management,Secret Manager,Google Cloud,GOO-SecretManage,GOO-SecretMa-us-central1,prj-core-prod,projeto-core,Subscription,"{""OwnerTeam"": ""dados"", ""Environment"": ""prod"", ""ManagedBy"": ""cloudformation""}"
0.5152,prj-core-prod,cloudfinops-demo,Billing Account,USD,2026-08-01T00:00:00Z,2026-09-01T00:00:00Z,Usage,,Secret Manager - Key Management,Usage-Based,2026-08-23T00:00:00Z,2026-08-23T23:59:59Z,,,,1.622,Secret-Month,0.5152,0.317633,0.5152,Google LLC,0.5152,0.317633,Standard,1.622,Secret-Month,us-central1,Iowa,google/prj-core-prod/secret-manager,secret-manager-prod,Secret,Security,Key Management,Secret Manager,Google Cloud,GOO-SecretManage,GOO-SecretMa-us-central1,prj-core-prod,projeto-core,Subscription,"{""OwnerTeam"": ""dados"", ""Environment"": ""prod"", ""ManagedBy"": ""terraform""}"
0.6165,prj-core-prod,cloudfinops-demo,Billing Account,USD,2026-08-01T00:00:00Z,2026-09-01T00:00:00Z,Usage,,Secret Manager - Key Management,Usage-Based,2026-08-24T00:00:00Z,2026-08-24T23:59:59Z,,,,4.156,Secret-Month,0.6165,0.14834,0.6165,Google LLC,0.6165,0.14834,Standard,4.156,Secret-Month,us-central1,Iowa,google/prj-core-prod/secret-manager,secret-manager-prod,Secret,Security,Key Management,Secret Manager,Google Cloud,GOO-SecretManage,GOO-SecretMa-us-central1,prj-core-prod,projeto-core,Subscription,"{""OwnerTeam"": ""redes"", ""Environment"": ""prod"", ""ManagedBy"": ""terraform""}"
0.6478,prj-core-prod,cloudfinops-demo,Billing Account,USD,2026-08-01T00:00:00Z,2026-09-01T00:00:00Z,Usage,,Secret Manager - Key Management,Usage-Based,2026-08-25T00:00:00Z,2026-08-25T23:59:59Z,,,,2.359,Secret-Month,0.6478,0.274608,0.6478,Google LLC,0.6478,0.274608,Standard,2.359,Secret-Month,us-central1,Iowa,google/prj-core-prod/secret-manager,secret-manager-prod,Secret,Security,Key Management,Secret Manager,Google Cloud,GOO-SecretManage,GOO-SecretMa-us-central1,prj-core-prod,projeto-core,Subscription,"{""OwnerTeam"": ""plataforma"", ""Environment"": ""prod"", ""ManagedBy"": ""serverless""}"
0.6259,prj-core-prod,cloudfinops-demo,Billing Account,USD,2026-08-01T00:00:00Z,2026-09-01T00:00:00Z,Usage,,Secret Manager - Key Management,Usage-Based,2026-08-26T00:00:00Z,2026-08-26T23:59:59Z,,,,1.846,Secret-Month,0.6259,0.339057,0.6259,Google LLC,0.6259,0.339057,Standard,1.846,Secret-Month,us-central1,Iowa,google/prj-core-prod/secret-manager,secret-manager-prod,Secret,Security,Key Management,Secret Manager,Google Cloud,GOO-SecretManage,GOO-SecretMa-us-central1,prj-core-prod,projeto-core,Subscription,"{""OwnerTeam"": ""redes"", ""Environment"": ""prod"", ""ManagedBy"": ""terraform""}"
0.6315,prj-core-prod,cloudfinops-demo,Billing Account,USD,2026-08-01T00:00:00Z,2026-09-01T00:00:00Z,Usage,,Secret Manager - Key Management,Usage-Based,2026-08-27T00:00:00Z,2026-08-27T23:59:59Z,,,,2.386,Secret-Month,0.6315,0.264669,0.6315,Google LLC,0.6315,0.264669,Standard,2.386,Secret-Month,us-central1,Iowa,google/prj-core-prod/secret-manager,secret-manager-prod,Secret,Security,Key Management,Secret Manager,Google Cloud,GOO-SecretManage,GOO-SecretMa-us-central1,prj-core-prod,projeto-core,Subscription,"{""OwnerTeam"": ""backend"", ""Environment"": ""prod"", ""ManagedBy"": ""cloudformation""}"
0.6276,prj-core-prod,cloudfinops-demo,Billing Account,USD,2026-08-01T00:00:00Z,2026-09-01T00:00:00Z,Usage,,Secret Manager - Key Management,Usage-Based,2026-08-28T00:00:00Z,2026-08-28T23:59:59Z,,,,9.225,Secret-Month,0.6276,0.068033,0.6276,Google LLC,0.6276,0.068033,Standard,9.225,Secret-Month,us-central1,Iowa,google/prj-core-prod/secret-manager,secret-manager-prod,Secret,Security,Key Management,Secret Manager,Google Cloud,GOO-SecretManage,GOO-SecretMa-us-central1,prj-core-prod,projeto-core,Subscription,"{""OwnerTeam"": ""redes"", ""Environment"": ""prod"", ""ManagedBy"": ""serverless""}"
0.537,prj-core-prod,cloudfinops-demo,Billing Account,USD,2026-08-01T00:00:00Z,2026-09-01T00:00:00Z,Usage,,Secret Manager - Key Management,Usage-Based,2026-08-29T00:00:00Z,2026-08-29T23:59:59Z,,,,1.762,Secret-Month,0.537,0.304767,0.537,Google LLC,0.537,0.304767,Standard,1.762,Secret-Month,us-central1,Iowa,google/prj-core-prod/secret-manager,secret-manager-prod,Secret,Security,Key Management,Secret Manager,Google Cloud,GOO-SecretManage,GOO-SecretMa-us-central1,prj-core-prod,projeto-core,Subscription,"{""OwnerTeam"": ""plataforma"", ""Environment"": ""prod"", ""ManagedBy"": ""serverless""}"
0.5256,prj-core-prod,cloudfinops-demo,Billing Account,USD,2026-08-01T00:00:00Z,2026-09-01T00:00:00Z,Usage,,Secret Manager - Key Management,Usage-Based,2026-08-30T00:00:00Z,2026-08-30T23:59:59Z,,,,2.189,Secret-Month,0.5256,0.24011,0.5256,Google LLC,0.5256,0.24011,Standard,2.189,Secret-Month,us-central1,Iowa,google/prj-core-prod/secret-manager,secret-manager-prod,Secret,Security,Key Management,Secret Manager,Google Cloud,GOO-SecretManage,GOO-SecretMa-us-central1,prj-core-prod,projeto-core,Subscription,"{""OwnerTeam"": ""plataforma"", ""Environment"": ""prod"", ""ManagedBy"": ""terraform""}"
0.6247,prj-core-prod,cloudfinops-demo,Billing Account,USD,2026-08-01T00:00:00Z,2026-09-01T00:00:00Z,Usage,,Secret Manager - Key Management,Usage-Based,2026-08-31T00:00:00Z,2026-08-31T23:59:59Z,,,,1.98,Secret-Month,0.6247,0.315505,0.6247,Google LLC,0.6247,0.315505,Standard,1.98,Secret-Month,us-central1,Iowa,google/prj-core-prod/secret-manager,secret-manager-prod,Secret,Security,Key Management,Secret Manager,Google Cloud,GOO-SecretManage,GOO-SecretMa-us-central1,prj-core-prod,projeto-core,Subscription,"{""OwnerTeam"": ""redes"", ""Environment"": ""prod"", ""ManagedBy"": ""serverless""}"
0.6366,prj-core-prod,cloudfinops-demo,Billing Account,USD,2026-09-01T00:00:00Z,2026-10-01T00:00:00Z,Usage,,Secret Manager - Key Management,Usage-Based,2026-09-01T00:00:00Z,2026-09-01T23:59:59Z,,,,3.906,Secret-Month,0.6366,0.16298,0.6366,Google LLC,0.6366,0.16298,Standard,3.906,Secret-Month,us-central1,Iowa,google/prj-core-prod/secret-manager,secret-manager-prod,Secret,Security,Key Management,Secret Manager,Google Cloud,GOO-SecretManage,GOO-SecretMa-us-central1,prj-core-prod,projeto-core,Subscription,"{""OwnerTeam"": ""redes"", ""Environment"": ""prod"", ""ManagedBy"": ""serverless""}"
0.6346,prj-core-prod,cloudfinops-demo,Billing Account,USD,2026-09-01T00:00:00Z,2026-10-01T00:00:00Z,Usage,,Secret Manager - Key Management,Usage-Based,2026-09-02T00:00:00Z,2026-09-02T23:59:59Z,,,,2.515,Secret-Month,0.6346,0.252326,0.6346,Google LLC,0.6346,0.252326,Standard,2.515,Secret-Month,us-central1,Iowa,google/prj-core-prod/secret-manager,secret-manager-prod,Secret,Security,Key Management,Secret Manager,Google Cloud,GOO-SecretManage,GOO-SecretMa-us-central1,prj-core-prod,projeto-core,Subscription,"{""OwnerTeam"": ""plataforma"", ""Environment"": ""prod"", ""ManagedBy"": ""manual""}"
0.6433,prj-core-prod,cloudfinops-demo,Billing Account,USD,2026-09-01T00:00:00Z,2026-10-01T00:00:00Z,Usage,,Secret Manager - Key Management,Usage-Based,2026-09-03T00:00:00Z,2026-09-03T23:59:59Z,,,,6.119,Secret-Month,0.6433,0.105132,0.6433,Google LLC,0.6433,0.105132,Standard,6.119,Secret-Month,us-central1,Iowa,google/prj-core-prod/secret-manager,secret-manager-prod,Secret,Security,Key Management,Secret Manager,Google Cloud,GOO-SecretManage,GOO-SecretMa-us-central1,prj-core-prod,projeto-core,Subscription,"{""OwnerTeam"": ""dados"", ""Environment"": ""prod"", ""ManagedBy"": ""manual""}"
0.6626,prj-core-prod,cloudfinops-demo,Billing Account,USD,2026-09-01T00:00:00Z,2026-10-01T00:00:00Z,Usage,,Secret Manager - Key Management,Usage-Based,2026-09-04T00:00:00Z,2026-09-04T23:59:59Z,,,,8.51,Secret-Month,0.6626,0.077861,0.6626,Google LLC,0.6626,0.077861,Standard,8.51,Secret-Month,us-central1,Iowa,google/prj-core-prod/secret-manager,secret-manager-prod,Secret,Security,Key Management,Secret Manager,Google Cloud,GOO-SecretManage,GOO-SecretMa-us-central1,prj-core-prod,projeto-core,Subscription,"{""OwnerTeam"": ""dados"", ""Environment"": ""prod"", ""ManagedBy"": ""terraform""}"
0.5409,prj-core-prod,cloudfinops-demo,Billing Account,USD,2026-09-01T00:00:00Z,2026-10-01T00:00:00Z,Usage,,Secret Manager - Key Management,Usage-Based,2026-09-05T00:00:00Z,2026-09-05T23:59:59Z,,,,1.703,Secret-Month,0.5409,0.317616,0.5409,Google LLC,0.5409,0.317616,Standard,1.703,Secret-Month,us-central1,Iowa,google/prj-core-prod/secret-manager,secret-manager-prod,Secret,Security,Key Management,Secret Manager,Google Cloud,GOO-SecretManage,GOO-SecretMa-us-central1,prj-core-prod,projeto-core,Subscription,"{""OwnerTeam"": ""dados"", ""Environment"": ""prod"", ""ManagedBy"": ""cloudformation""}"
0.5613,prj-core-prod,cloudfinops-demo,Billing Account,USD,2026-09-01T00:00:00Z,2026-10-01T00:00:00Z,Usage,,Secret Manager - Key Management,Usage-Based,2026-09-06T00:00:00Z,2026-09-06T23:59:59Z,,,,9.26,Secret-Month,0.5613,0.060616,0.5613,Google LLC,0.5613,0.060616,Standard,9.26,Secret-Month,us-central1,Iowa,google/prj-core-prod/secret-manager,secret-manager-prod,Secret,Security,Key Management,Secret Manager,Google Cloud,GOO-SecretManage,GOO-SecretMa-us-central1,prj-core-prod,projeto-core,Subscription,"{""OwnerTeam"": ""dados"", ""Environment"": ""prod"", ""ManagedBy"": ""terraform""}"
0.6755,prj-core-prod,cloudfinops-demo,Billing Account,USD,2026-09-01T00:00:00Z,2026-10-01T00:00:00Z,Usage,,Secret Manager - Key Management,Usage-Based,2026-09-07T00:00:00Z,2026-09-07T23:59:59Z,,,,2.273,Secret-Month,0.6755,0.297184,0.6755,Google LLC,0.6755,0.297184,Standard,2.273,Secret-Month,us-central1,Iowa,google/prj-core-prod/secret-manager,secret-manager-prod,Secret,Security,Key Management,Secret Manager,Google Cloud,GOO-SecretManage,GOO-SecretMa-us-central1,prj-core-prod,projeto-core,Subscription,"{""OwnerTeam"": ""dados"", ""Environment"": ""prod"", ""ManagedBy"": ""terraform""}"
0.6649,prj-core-prod,cloudfinops-demo,Billing Account,USD,2026-09-01T00:00:00Z,2026-10-01T00:00:00Z,Usage,,Secret Manager - Key Management,Usage-Based,2026-09-08T00:00:00Z,2026-09-08T23:59:59Z,,,,1.762,Secret-Month,0.6649,0.377355,0.6649,Google LLC,0.6649,0.377355,Standard,1.762,Secret-Month,us-central1,Iowa,google/prj-core-prod/secret-manager,secret-manager-prod,Secret,Security,Key Management,Secret Manager,Google Cloud,GOO-SecretManage,GOO-SecretMa-us-central1,prj-core-prod,projeto-core,Subscription,"{""OwnerTeam"": ""plataforma"", ""Environment"": ""prod"", ""ManagedBy"": ""serverless""}"
0.6657,prj-core-prod,cloudfinops-demo,Billing Account,USD,2026-09-01T00:00:00Z,2026-10-01T00:00:00Z,Usage,,Secret Manager - Key Management,Usage-Based,2026-09-09T00:00:00Z,2026-09-09T23:59:59Z,,,,2.393,Secret-Month,0.6657,0.278186,0.6657,Google LLC,0.6657,0.278186,Standard,2.393,Secret-Month,us-central1,Iowa,google/prj-core-prod/secret-manager,secret-manager-prod,Secret,Security,Key Management,Secret Manager,Google Cloud,GOO-SecretManage,GOO-SecretMa-us-central1,prj-core-prod,projeto-core,Subscription,"{""OwnerTeam"": ""dados"", ""Environment"": ""prod"", ""ManagedBy"": ""manual""}"
0.6481,prj-core-prod,cloudfinops-demo,Billing Account,USD,2026-09-01T00:00:00Z,2026-10-01T00:00:00Z,Usage,,Secret Manager - Key Management,Usage-Based,2026-09-10T00:00:00Z,2026-09-10T23:59:59Z,,,,1.636,Secret-Month,0.6481,0.396149,0.6481,Google LLC,0.6481,0.396149,Standard,1.636,Secret-Month,us-central1,Iowa,google/prj-core-prod/secret-manager,secret-manager-prod,Secret,Security,Key Management,Secret Manager,Google Cloud,GOO-SecretManage,GOO-SecretMa-us-central1,prj-core-prod,projeto-core,Subscription,"{""OwnerTeam"": ""redes"", ""Environment"": ""prod"", ""ManagedBy"": ""serverless""}"
0.6678,prj-core-prod,cloudfinops-demo,Billing Account,USD,2026-09-01T00:00:00Z,2026-10-01T00:00:00Z,Usage,,Secret Manager - Key Management,Usage-Based,2026-09-11T00:00:00Z,2026-09-11T23:59:59Z,,,,7.267,Secret-Month,0.6678,0.091895,0.6678,Google LLC,0.6678,0.091895,Standard,7.267,Secret-Month,us-central1,Iowa,google/prj-core-prod/secret-manager,secret-manager-prod,Secret,Security,Key Management,Secret Manager,Google Cloud,GOO-SecretManage,GOO-SecretMa-us-central1,prj-core-prod,projeto-core,Subscription,"{""OwnerTeam"": ""plataforma"", ""Environment"": ""prod"", ""ManagedBy"": ""cloudformation""}"
0.5572,prj-core-prod,cloudfinops-demo,Billing Account,USD,2026-09-01T00:00:00Z,2026-10-01T00:00:00Z,Usage,,Secret Manager - Key Management,Usage-Based,2026-09-12T00:00:00Z,2026-09-12T23:59:59Z,,,,4.73,Secret-Month,0.5572,0.117801,0.5572,Google LLC,0.5572,0.117801,Standard,4.73,Secret-Month,us-central1,Iowa,google/prj-core-prod/secret-manager,secret-manager-prod,Secret,Security,Key Management,Secret Manager,Google Cloud,GOO-SecretManage,GOO-SecretMa-us-central1,prj-core-prod,projeto-core,Subscription,"{""OwnerTeam"": ""plataforma"", ""Environment"": ""prod"", ""ManagedBy"": ""manual""}"
0.5701,prj-core-prod,cloudfinops-demo,Billing Account,USD,2026-09-01T00:00:00Z,2026-10-01T00:00:00Z,Usage,,Secret Manager - Key Management,Usage-Based,2026-09-13T00:00:00Z,2026-09-13T23:59:59Z,,,,1.862,Secret-Month,0.5701,0.306176,0.5701,Google LLC,0.5701,0.306176,Standard,1.862,Secret-Month,us-central1,Iowa,google/prj-core-prod/secret-manager,secret-manager-prod,Secret,Security,Key Management,Secret Manager,Google Cloud,GOO-SecretManage,GOO-SecretMa-us-central1,prj-core-prod,projeto-core,Subscription,"{""OwnerTeam"": ""dados"", ""Environment"": ""prod"", ""ManagedBy"": ""manual""}"
0.6657,prj-core-prod,cloudfinops-demo,Billing Account,USD,2026-09-01T00:00:00Z,2026-10-01T00:00:00Z,Usage,,Secret Manager - Key Management,Usage-Based,2026-09-14T00:00:00Z,2026-09-14T23:59:59Z,,,,1.931,Secret-Month,0.6657,0.344744,0.6657,Google LLC,0.6657,0.344744,Standard,1.931,Secret-Month,us-central1,Iowa,google/prj-core-prod/secret-manager,secret-manager-prod,Secret,Security,Key Management,Secret Manager,Google Cloud,GOO-SecretManage,GOO-SecretMa-us-central1,prj-core-prod,projeto-core,Subscription,"{""OwnerTeam"": ""redes"", ""Environment"": ""prod"", ""ManagedBy"": ""serverless""}"
0.6414,prj-core-prod,cloudfinops-demo,Billing Account,USD,2026-09-01T00:00:00Z,2026-10-01T00:00:00Z,Usage,,Secret Manager - Key Management,Usage-Based,2026-09-15T00:00:00Z,2026-09-15T23:59:59Z,,,,2.845,Secret-Month,0.6414,0.225448,0.6414,Google LLC,0.6414,0.225448,Standard,2.845,Secret-Month,us-central1,Iowa,google/prj-core-prod/secret-manager,secret-manager-prod,Secret,Security,Key Management,Secret Manager,Google Cloud,GOO-SecretManage,GOO-SecretMa-us-central1,prj-core-prod,projeto-core,Subscription,"{""OwnerTeam"": ""dados"", ""Environment"": ""prod"", ""ManagedBy"": ""manual""}"
0.6729,prj-core-prod,cloudfinops-demo,Billing Account,USD,2026-09-01T00:00:00Z,2026-10-01T00:00:00Z,Usage,,Secret Manager - Key Management,Usage-Based,2026-09-16T00:00:00Z,2026-09-16T23:59:59Z,,,,2.419,Secret-Month,0.6729,0.278173,0.6729,Google LLC,0.6729,0.278173,Standard,2.419,Secret-Month,us-central1,Iowa,google/prj-core-prod/secret-manager,secret-manager-prod,Secret,Security,Key Management,Secret Manager,Google Cloud,GOO-SecretManage,GOO-SecretMa-us-central1,prj-core-prod,projeto-core,Subscription,"{""OwnerTeam"": ""backend"", ""Environment"": ""prod"", ""ManagedBy"": ""terraform""}"
0.6553,prj-core-prod,cloudfinops-demo,Billing Account,USD,2026-09-01T00:00:00Z,2026-10-01T00:00:00Z,Usage,,Secret Manager - Key Management,Usage-Based,2026-09-17T00:00:00Z,2026-09-17T23:59:59Z,,,,1.598,Secret-Month,0.6553,0.410075,0.6553,Google LLC,0.6553,0.410075,Standard,1.598,Secret-Month,us-central1,Iowa,google/prj-core-prod/secret-manager,secret-manager-prod,Secret,Security,Key Management,Secret Manager,Google Cloud,GOO-SecretManage,GOO-SecretMa-us-central1,prj-core-prod,projeto-core,Subscription,"{""OwnerTeam"": ""backend"", ""Environment"": ""prod"", ""ManagedBy"": ""serverless""}"
0.6512,prj-core-prod,cloudfinops-demo,Billing Account,USD,2026-09-01T00:00:00Z,2026-10-01T00:00:00Z,Usage,,Secret Manager - Key Management,Usage-Based,2026-09-18T00:00:00Z,2026-09-18T23:59:59Z,,,,8.263,Secret-Month,0.6512,0.078809,0.6512,Google LLC,0.6512,0.078809,Standard,8.263,Secret-Month,us-central1,Iowa,google/prj-core-prod/secret-manager,secret-manager-prod,Secret,Security,Key Management,Secret Manager,Google Cloud,GOO-SecretManage,GOO-SecretMa-us-central1,prj-core-prod,projeto-core,Subscription,"{""OwnerTeam"": ""backend"", ""Environment"": ""prod"", ""ManagedBy"": ""terraform""}"
0.5543,prj-core-prod,cloudfinops-demo,Billing Account,USD,2026-09-01T00:00:00Z,2026-10-01T00:00:00Z,Usage,,Secret Manager - Key Management,Usage-Based,2026-09-19T00:00:00Z,2026-09-19T23:59:59Z,,,,1.441,Secret-Month,0.5543,0.384663,0.5543,Google LLC,0.5543,0.384663,Standard,1.441,Secret-Month,us-central1,Iowa,google/prj-core-prod/secret-manager,secret-manager-prod,Secret,Security,Key Management,Secret Manager,Google Cloud,GOO-SecretManage,GOO-SecretMa-us-central1,prj-core-prod,projeto-core,Subscription,"{""OwnerTeam"": ""backend"", ""Environment"": ""prod"", ""ManagedBy"": ""serverless""}"
0.5408,prj-core-prod,cloudfinops-demo,Billing Account,USD,2026-09-01T00:00:00Z,2026-10-01T00:00:00Z,Usage,,Secret Manager - Key Management,Usage-Based,2026-09-20T00:00:00Z,2026-09-20T23:59:59Z,,,,1.523,Secret-Month,0.5408,0.355089,0.5408,Google LLC,0.5408,0.355089,Standard,1.523,Secret-Month,us-central1,Iowa,google/prj-core-prod/secret-manager,secret-manager-prod,Secret,Security,Key Management,Secret Manager,Google Cloud,GOO-SecretManage,GOO-SecretMa-us-central1,prj-core-prod,projeto-core,Subscription,"{""OwnerTeam"": ""backend"", ""Environment"": ""prod"", ""ManagedBy"": ""manual""}"
0.6783,prj-core-prod,cloudfinops-demo,Billing Account,USD,2026-09-01T00:00:00Z,2026-10-01T00:00:00Z,Usage,,Secret Manager - Key Management,Usage-Based,2026-09-21T00:00:00Z,2026-09-21T23:59:59Z,,,,3.633,Secret-Month,0.6783,0.186705,0.6783,Google LLC,0.6783,0.186705,Standard,3.633,Secret-Month,us-central1,Iowa,google/prj-core-prod/secret-manager,secret-manager-prod,Secret,Security,Key Management,Secret Manager,Google Cloud,GOO-SecretManage,GOO-SecretMa-us-central1,prj-core-prod,projeto-core,Subscription,"{""OwnerTeam"": ""redes"", ""Environment"": ""prod"", ""ManagedBy"": ""terraform""}"
0.642,prj-core-prod,cloudfinops-demo,Billing Account,USD,2026-09-01T00:00:00Z,2026-10-01T00:00:00Z,Usage,,Secret Manager - Key Management,Usage-Based,2026-09-22T00:00:00Z,2026-09-22T23:59:59Z,,,,2.148,Secret-Month,0.642,0.298883,0.642,Google LLC,0.642,0.298883,Standard,2.148,Secret-Month,us-central1,Iowa,google/prj-core-prod/secret-manager,secret-manager-prod,Secret,Security,Key Management,Secret Manager,Google Cloud,GOO-SecretManage,GOO-SecretMa-us-central1,prj-core-prod,projeto-core,Subscription,"{""OwnerTeam"": ""backend"", ""Environment"": ""prod"", ""ManagedBy"": ""terraform""}"
0.636,prj-core-prod,cloudfinops-demo,Billing Account,USD,2026-09-01T00:00:00Z,2026-10-01T00:00:00Z,Usage,,Secret Manager - Key Management,Usage-Based,2026-09-23T00:00:00Z,2026-09-23T23:59:59Z,,,,3.267,Secret-Month,0.636,0.194674,0.636,Google LLC,0.636,0.194674,Standard,3.267,Secret-Month,us-central1,Iowa,google/prj-core-prod/secret-manager,secret-manager-prod,Secret,Security,Key Management,Secret Manager,Google Cloud,GOO-SecretManage,GOO-SecretMa-us-central1,prj-core-prod,projeto-core,Subscription,"{""OwnerTeam"": ""redes"", ""Environment"": ""prod"", ""ManagedBy"": ""serverless""}"
0.6431,prj-core-prod,cloudfinops-demo,Billing Account,USD,2026-09-01T00:00:00Z,2026-10-01T00:00:00Z,Usage,,Secret Manager - Key Management,Usage-Based,2026-09-24T00:00:00Z,2026-09-24T23:59:59Z,,,,19.727,Secret-Month,0.6431,0.0326,0.6431,Google LLC,0.6431,0.0326,Standard,19.727,Secret-Month,us-central1,Iowa,google/prj-core-prod/secret-manager,secret-manager-prod,Secret,Security,Key Management,Secret Manager,Google Cloud,GOO-SecretManage,GOO-SecretMa-us-central1,prj-core-prod,projeto-core,Subscription,"{""OwnerTeam"": ""redes"", ""Environment"": ""prod"", ""ManagedBy"": ""cloudformation""}"
0.6754,prj-core-prod,cloudfinops-demo,Billing Account,USD,2026-09-01T00:00:00Z,2026-10-01T00:00:00Z,Usage,,Secret Manager - Key Management,Usage-Based,2026-09-25T00:00:00Z,2026-09-25T23:59:59Z,,,,8.2,Secret-Month,0.6754,0.082366,0.6754,Google LLC,0.6754,0.082366,Standard,8.2,Secret-Month,us-central1,Iowa,google/prj-core-prod/secret-manager,secret-manager-prod,Secret,Security,Key Management,Secret Manager,Google Cloud,GOO-SecretManage,GOO-SecretMa-us-central1,prj-core-prod,projeto-core,Subscription,"{""OwnerTeam"": ""dados"", ""Environment"": ""prod"", ""ManagedBy"": ""terraform""}"
0.5357,prj-core-prod,cloudfinops-demo,Billing Account,USD,2026-09-01T00:00:00Z,2026-10-01T00:00:00Z,Usage,,Secret Manager - Key Management,Usage-Based,2026-09-26T00:00:00Z,2026-09-26T23:59:59Z,,,,1.82,Secret-Month,0.5357,0.294341,0.5357,Google LLC,0.5357,0.294341,Standard,1.82,Secret-Month,us-central1,Iowa,google/prj-core-prod/secret-manager,secret-manager-prod,Secret,Security,Key Management,Secret Manager,Google Cloud,GOO-SecretManage,GOO-SecretMa-us-central1,prj-core-prod,projeto-core,Subscription,"{""OwnerTeam"": ""backend"", ""Environment"": ""prod"", ""ManagedBy"": ""serverless""}"
0.5408,prj-core-prod,cloudfinops-demo,Billing Account,USD,2026-09-01T00:00:00Z,2026-10-01T00:00:00Z,Usage,,Secret Manager - Key Management,Usage-Based,2026-09-27T00:00:00Z,2026-09-27T23:59:59Z,,,,3.706,Secret-Month,0.5408,0.145926,0.5408,Google LLC,0.5408,0.145926,Standard,3.706,Secret-Month,us-central1,Iowa,google/prj-core-prod/secret-manager,secret-manager-prod,Secret,Security,Key Management,Secret Manager,Google Cloud,GOO-SecretManage,GOO-SecretMa-us-central1,prj-core-prod,projeto-core,Subscription,"{""OwnerTeam"": ""dados"", ""Environment"": ""prod"", ""ManagedBy"": ""manual""}"
0.6523,prj-core-prod,cloudfinops-demo,Billing Account,USD,2026-09-01T00:00:00Z,2026-10-01T00:00:00Z,Usage,,Secret Manager - Key Management,Usage-Based,2026-09-28T00:00:00Z,2026-09-28T23:59:59Z,,,,5.244,Secret-Month,0.6523,0.12439,0.6523,Google LLC,0.6523,0.12439,Standard,5.244,Secret-Month,us-central1,Iowa,google/prj-core-prod/secret-manager,secret-manager-prod,Secret,Security,Key Management,Secret Manager,Google Cloud,GOO-SecretManage,GOO-SecretMa-us-central1,prj-core-prod,projeto-core,Subscription,"{""OwnerTeam"": ""backend"", ""Environment"": ""prod"", ""ManagedBy"": ""cloudformation""}"
0.6374,prj-core-prod,cloudfinops-demo,Billing Account,USD,2026-09-01T00:00:00Z,2026-10-01T00:00:00Z,Usage,,Secret Manager - Key Management,Usage-Based,2026-09-29T00:00:00Z,2026-09-29T23:59:59Z,,,,1.697,Secret-Month,0.6374,0.375604,0.6374,Google LLC,0.6374,0.375604,Standard,1.697,Secret-Month,us-central1,Iowa,google/prj-core-prod/secret-manager,secret-manager-prod,Secret,Security,Key Management,Secret Manager,Google Cloud,GOO-SecretManage,GOO-SecretMa-us-central1,prj-core-prod,projeto-core,Subscription,"{""OwnerTeam"": ""backend"", ""Environment"": ""prod"", ""ManagedBy"": ""serverless""}"
0.6376,prj-core-prod,cloudfinops-demo,Billing Account,USD,2026-09-01T00:00:00Z,2026-10-01T00:00:00Z,Usage,,Secret Manager - Key Management,Usage-Based,2026-09-30T00:00:00Z,2026-09-30T23:59:59Z,,,,2.61,Secret-Month,0.6376,0.244291,0.6376,Google LLC,0.6376,0.244291,Standard,2.61,Secret-Month,us-central1,Iowa,google/prj-core-prod/secret-manager,secret-manager-prod,Secret,Security,Key Management,Secret Manager,Google Cloud,GOO-SecretManage,GOO-SecretMa-us-central1,prj-core-prod,projeto-core,Subscription,"{""OwnerTeam"": ""plataforma"", ""Environment"": ""prod"", ""ManagedBy"": ""serverless""}"
0.6632,prj-core-prod,cloudfinops-demo,Billing Account,USD,2026-10-01T00:00:00Z,2026-11-01T00:00:00Z,Usage,,Secret Manager - Key Management,Usage-Based,2026-10-01T00:00:00Z,2026-10-01T23:59:59Z,,,,13.332,Secret-Month,0.6632,0.049745,0.6632,Google LLC,0.6632,0.049745,Standard,13.332,Secret-Month,us-central1,Iowa,google/prj-core-prod/secret-manager,secret-manager-prod,Secret,Security,Key Management,Secret Manager,Google Cloud,GOO-SecretManage,GOO-SecretMa-us-central1,prj-core-prod,projeto-core,Subscription,"{""OwnerTeam"": ""dados"", ""Environment"": ""prod"", ""ManagedBy"": ""manual""}"
0.6224,prj-core-prod,cloudfinops-demo,Billing Account,USD,2026-10-01T00:00:00Z,2026-11-01T00:00:00Z,Usage,,Secret Manager - Key Management,Usage-Based,2026-10-02T00:00:00Z,2026-10-02T23:59:59Z,,,,1.454,Secret-Month,0.6224,0.428061,0.6224,Google LLC,0.6224,0.428061,Standard,1.454,Secret-Month,us-central1,Iowa,google/prj-core-prod/secret-manager,secret-manager-prod,Secret,Security,Key Management,Secret Manager,Google Cloud,GOO-SecretManage,GOO-SecretMa-us-central1,prj-core-prod,projeto-core,Subscription,"{""OwnerTeam"": ""backend"", ""Environment"": ""prod"", ""ManagedBy"": ""cloudformation""}"
0.5595,prj-core-prod,cloudfinops-demo,Billing Account,USD,2026-10-01T00:00:00Z,2026-11-01T00:00:00Z,Usage,,Secret Manager - Key Management,Usage-Based,2026-10-03T00:00:00Z,2026-10-03T23:59:59Z,,,,10.427,Secret-Month,0.5595,0.053659,0.5595,Google LLC,0.5595,0.053659,Standard,10.427,Secret-Month,us-central1,Iowa,google/prj-core-prod/secret-manager,secret-manager-prod,Secret,Security,Key Management,Secret Manager,Google Cloud,GOO-SecretManage,GOO-SecretMa-us-central1,prj-core-prod,projeto-core,Subscription,"{""OwnerTeam"": ""dados"", ""Environment"": ""prod"", ""ManagedBy"": ""serverless""}"
0.285,prj-core-prod,cloudfinops-demo,Billing Account,USD,2026-08-01T00:00:00Z,2026-09-01T00:00:00Z,Usage,,Secret Manager - Key Management,Usage-Based,2026-08-01T00:00:00Z,2026-08-01T23:59:59Z,,,,7.556,Secret-Month,0.285,0.037718,0.285,Google LLC,0.285,0.037718,Standard,7.556,Secret-Month,us-central1,Iowa,google/prj-data-lab/secret-manager,secret-manager-dev,Secret,Security,Key Management,Secret Manager,Google Cloud,GOO-SecretManage,GOO-SecretMa-us-central1,prj-data-lab,projeto-dados,Subscription,"{""OwnerTeam"": ""redes"", ""Environment"": ""dev"", ""ManagedBy"": ""cloudformation""}"
0.2802,prj-core-prod,cloudfinops-demo,Billing Account,USD,2026-08-01T00:00:00Z,2026-09-01T00:00:00Z,Usage,,Secret Manager - Key Management,Usage-Based,2026-08-02T00:00:00Z,2026-08-02T23:59:59Z,,,,0.834,Secret-Month,0.2802,0.335971,0.2802,Google LLC,0.2802,0.335971,Standard,0.834,Secret-Month,us-central1,Iowa,google/prj-data-lab/secret-manager,secret-manager-dev,Secret,Security,Key Management,Secret Manager,Google Cloud,GOO-SecretManage,GOO-SecretMa-us-central1,prj-data-lab,projeto-dados,Subscription,"{""OwnerTeam"": ""redes"", ""Environment"": ""dev"", ""ManagedBy"": ""cloudformation""}"
0.3391,prj-core-prod,cloudfinops-demo,Billing Account,USD,2026-08-01T00:00:00Z,2026-09-01T00:00:00Z,Usage,,Secret Manager - Key Management,Usage-Based,2026-08-03T00:00:00Z,2026-08-03T23:59:59Z,,,,1.405,Secret-Month,0.3391,0.241352,0.3391,Google LLC,0.3391,0.241352,Standard,1.405,Secret-Month,us-central1,Iowa,google/prj-data-lab/secret-manager,secret-manager-dev,Secret,Security,Key Management,Secret Manager,Google Cloud,GOO-SecretManage,GOO-SecretMa-us-central1,prj-data-lab,projeto-dados,Subscription,"{""OwnerTeam"": ""backend"", ""Environment"": ""dev"", ""ManagedBy"": ""serverless""}"
0.328,prj-core-prod,cloudfinops-demo,Billing Account,USD,2026-08-01T00:00:00Z,2026-09-01T00:00:00Z,Usage,,Secret Manager - Key Management,Usage-Based,2026-08-04T00:00:00Z,2026-08-04T23:59:59Z,,,,1.261,Secret-Month,0.328,0.260111,0.328,Google LLC,0.328,0.260111,Standard,1.261,Secret-Month,us-central1,Iowa,google/prj-data-lab/secret-manager,secret-manager-dev,Secret,Security,Key Management,Secret Manager,Google Cloud,GOO-SecretManage,GOO-SecretMa-us-central1,prj-data-lab,projeto-dados,Subscription,"{""OwnerTeam"": ""backend"", ""Environment"": ""dev"", ""ManagedBy"": ""terraform""}"
0.3326,prj-core-prod,cloudfinops-demo,Billing Account,USD,2026-08-01T00:00:00Z,2026-09-01T00:00:00Z,Usage,,Secret Manager - Key Management,Usage-Based,2026-08-05T00:00:00Z,2026-08-05T23:59:59Z,,,,3.742,Secret-Month,0.3326,0.088883,0.3326,Google LLC,0.3326,0.088883,Standard,3.742,Secret-Month,us-central1,Iowa,google/prj-data-lab/secret-manager,secret-manager-dev,Secret,Security,Key Management,Secret Manager,Google Cloud,GOO-SecretManage,GOO-SecretMa-us-central1,prj-data-lab,projeto-dados,Subscription,"{""OwnerTeam"": ""dados"", ""Environment"": ""dev"", ""ManagedBy"": ""manual""}"
0.3433,prj-core-prod,cloudfinops-demo,Billing Account,USD,2026-08-01T00:00:00Z,2026-09-01T00:00:00Z,Usage,,Secret Manager - Key Management,Usage-Based,2026-08-06T00:00:00Z,2026-08-06T23:59:59Z,,,,11.557,Secret-Month,0.3433,0.029705,0.3433,Google LLC,0.3433,0.029705,Standard,11.557,Secret-Month,us-central1,Iowa,google/prj-data-lab/secret-manager,secret-manager-dev,Secret,Security,Key Management,Secret Manager,Google Cloud,GOO-SecretManage,GOO-SecretMa-us-central1,prj-data-lab,projeto-dados,Subscription,"{""OwnerTeam"": ""dados"", ""Environment"": ""dev"", ""ManagedBy"": ""manual""}"
0.3319,prj-core-prod,cloudfinops-demo,Billing Account,USD,2026-08-01T00:00:00Z,2026-09-01T00:00:00Z,Usage,,Secret Manager - Key Management,Usage-Based,2026-08-07T00:00:00Z,2026-08-07T23:59:59Z,,,,1.445,Secret-Month,0.3319,0.229689,0.3319,Google LLC,0.3319,0.229689,Standard,1.445,Secret-Month,us-central1,Iowa,google/prj-data-lab/secret-manager,secret-manager-dev,Secret,Security,Key Management,Secret Manager,Google Cloud,GOO-SecretManage,GOO-SecretMa-us-central1,prj-data-lab,projeto-dados,Subscription,"{""OwnerTeam"": ""backend"", ""Environment"": ""dev"", ""ManagedBy"": ""manual""}"
0.2777,prj-core-prod,cloudfinops-demo,Billing Account,USD,2026-08-01T00:00:00Z,2026-09-01T00:00:00Z,Usage,,Secret Manager - Key Management,Usage-Based,2026-08-08T00:00:00Z,2026-08-08T23:59:59Z,,,,5.773,Secret-Month,0.2777,0.048103,0.2777,Google LLC,0.2777,0.048103,Standard,5.773,Secret-Month,us-central1,Iowa,google/prj-data-lab/secret-manager,secret-manager-dev,Secret,Security,Key Management,Secret Manager,Google Cloud,GOO-SecretManage,GOO-SecretMa-us-central1,prj-data-lab,projeto-dados,Subscription,"{""OwnerTeam"": ""redes"", ""Environment"": ""dev"", ""ManagedBy"": ""serverless""}"
0.2787,prj-core-prod,cloudfinops-demo,Billing Account,USD,2026-08-01T00:00:00Z,2026-09-01T00:00:00Z,Usage,,Secret Manager - Key Management,Usage-Based,2026-08-09T00:00:00Z,2026-08-09T23:59:59Z,,,,0.855,Secret-Month,0.2787,0.325965,0.2787,Google LLC,0.2787,0.325965,Standard,0.855,Secret-Month,us-central1,Iowa,google/prj-data-lab/secret-manager,secret-manager-dev,Secret,Security,Key Management,Secret Manager,Google Cloud,GOO-SecretManage,GOO-SecretMa-us-central1,prj-data-lab,projeto-dados,Subscription,"{""OwnerTeam"": ""redes"", ""Environment"": ""dev"", ""ManagedBy"": ""cloudformation""}"
0.342,prj-core-prod,cloudfinops-demo,Billing Account,USD,2026-08-01T00:00:00Z,2026-09-01T00:00:00Z,Usage,,Secret Manager - Key Management,Usage-Based,2026-08-10T00:00:00Z,2026-08-10T23:59:59Z,,,,1.442,Secret-Month,0.342,0.237171,0.342,Google LLC,0.342,0.237171,Standard,1.442,Secret-Month,us-central1,Iowa,google/prj-data-lab/secret-manager,secret-manager-dev,Secret,Security,Key Management,Secret Manager,Google Cloud,GOO-SecretManage,GOO-SecretMa-us-central1,prj-data-lab,projeto-dados,Subscription,"{""OwnerTeam"": ""dados"", ""Environment"": ""dev"", ""ManagedBy"": ""serverless""}"
0.3485,prj-core-prod,cloudfinops-demo,Billing Account,USD,2026-08-01T00:00:00Z,2026-09-01T00:00:00Z,Usage,,Secret Manager - Key Management,Usage-Based,2026-08-11T00:00:00Z,2026-08-11T23:59:59Z,,,,2.363,Secret-Month,0.3485,0.147482,0.3485,Google LLC,0.3485,0.147482,Standard,2.363,Secret-Month,us-central1,Iowa,google/prj-data-lab/secret-manager,secret-manager-dev,Secret,Security,Key Management,Secret Manager,Google Cloud,GOO-SecretManage,GOO-SecretMa-us-central1,prj-data-lab,projeto-dados,Subscription,"{""OwnerTeam"": ""redes"", ""Environment"": ""dev"", ""ManagedBy"": ""terraform""}"
0.3402,prj-core-prod,cloudfinops-demo,Billing Account,USD,2026-08-01T00:00:00Z,2026-09-01T00:00:00Z,Usage,,Secret Manager - Key Management,Usage-Based,2026-08-12T00:00:00Z,2026-08-12T23:59:59Z,,,,1.049,Secret-Month,0.3402,0.324309,0.3402,Google LLC,0.3402,0.324309,Standard,1.049,Secret-Month,us-central1,Iowa,google/prj-data-lab/secret-manager,secret-manager-dev,Secret,Security,Key Management,Secret Manager,Google Cloud,GOO-SecretManage,GOO-SecretMa-us-central1,prj-data-lab,projeto-dados,Subscription,"{""OwnerTeam"": ""backend"", ""Environment"": ""dev"", ""ManagedBy"": ""terraform""}"
0.3367,prj-core-prod,cloudfinops-demo,Billing Account,USD,2026-08-01T00:00:00Z,2026-09-01T00:00:00Z,Usage,,Secret Manager - Key Management,Usage-Based,2026-08-13T00:00:00Z,2026-08-13T23:59:59Z,,,,1.666,Secret-Month,0.3367,0.202101,0.3367,Google LLC,0.3367,0.202101,Standard,1.666,Secret-Month,us-central1,Iowa,google/prj-data-lab/secret-manager,secret-manager-dev,Secret,Security,Key Management,Secret Manager,Google Cloud,GOO-SecretManage,GOO-SecretMa-us-central1,prj-data-lab,projeto-dados,Subscription,"{""OwnerTeam"": ""dados"", ""Environment"": ""dev"", ""ManagedBy"": ""serverless""}"
0.3346,prj-core-prod,cloudfinops-demo,Billing Account,USD,2026-08-01T00:00:00Z,2026-09-01T00:00:00Z,Usage,,Secret Manager - Key Management,Usage-Based,2026-08-14T00:00:00Z,2026-08-14T23:59:59Z,,,,0.861,Secret-Month,0.3346,0.388618,0.3346,Google LLC,0.3346,0.388618,Standard,0.861,Secret-Month,us-central1,Iowa,google/prj-data-lab/secret-manager,secret-manager-dev,Secret,Security,Key Management,Secret Manager,Google Cloud,GOO-SecretManage,GOO-SecretMa-us-central1,prj-data-lab,projeto-dados,Subscription,"{""OwnerTeam"": ""redes"", ""Environment"": ""dev"", ""ManagedBy"": ""manual""}"
0.2885,prj-core-prod,cloudfinops-demo,Billing Account,USD,2026-08-01T00:00:00Z,2026-09-01T00:00:00Z,Usage,,Secret Manager - Key Management,Usage-Based,2026-08-15T00:00:00Z,2026-08-15T23:59:59Z,,,,1.625,Secret-Month,0.2885,0.177538,0.2885,Google LLC,0.2885,0.177538,Standard,1.625,Secret-Month,us-central1,Iowa,google/prj-data-lab/secret-manager,secret-manager-dev,Secret,Security,Key Management,Secret Manager,Google Cloud,GOO-SecretManage,GOO-SecretMa-us-central1,prj-data-lab,projeto-dados,Subscription,"{""OwnerTeam"": ""plataforma"", ""Environment"": ""dev"", ""ManagedBy"": ""serverless""}"
0.2816,prj-core-prod,cloudfinops-demo,Billing Account,USD,2026-08-01T00:00:00Z,2026-09-01T00:00:00Z,Usage,,Secret Manager - Key Management,Usage-Based,2026-08-16T00:00:00Z,2026-08-16T23:59:59Z,,,,1.497,Secret-Month,0.2816,0.18811,0.2816,Google LLC,0.2816,0.18811,Standard,1.497,Secret-Month,us-central1,Iowa,google/prj-data-lab/secret-manager,secret-manager-dev,Secret,Security,Key Management,Secret Manager,Google Cloud,GOO-SecretManage,GOO-SecretMa-us-central1,prj-data-lab,projeto-dados,Subscription,"{""OwnerTeam"": ""plataforma"", ""Environment"": ""dev"", ""ManagedBy"": ""serverless""}"
0.332,prj-core-prod,cloudfinops-demo,Billing Account,USD,2026-08-01T00:00:00Z,2026-09-01T00:00:00Z,Usage,,Secret Manager - Key Management,Usage-Based,2026-08-17T00:00:00Z,2026-08-17T23:59:59Z,,,,4.073,Secret-Month,0.332,0.081512,0.332,Google LLC,0.332,0.081512,Standard,4.073,Secret-Month,us-central1,Iowa,google/prj-data-lab/secret-manager,secret-manager-dev,Secret,Security,Key Management,Secret Manager,Google Cloud,GOO-SecretManage,GOO-SecretMa-us-central1,prj-data-lab,projeto-dados,Subscription,"{""OwnerTeam"": ""redes"", ""Environment"": ""dev"", ""ManagedBy"": ""terraform""}"
0.3498,prj-core-prod,cloudfinops-demo,Billing Account,USD,2026-08-01T00:00:00Z,2026-09-01T00:00:00Z,Usage,,Secret Manager - Key Management,Usage-Based,2026-08-18T00:00:00Z,2026-08-18T23:59:59Z,,,,6.856,Secret-Month,0.3498,0.051021,0.3498,Google LLC,0.3498,0.051021,Standard,6.856,Secret-Month,us-central1,Iowa,google/prj-data-lab/secret-manager,secret-manager-dev,Secret,Security,Key Management,Secret Manager,Google Cloud,GOO-SecretManage,GOO-SecretMa-us-central1,prj-data-lab,projeto-dados,Subscription,"{""OwnerTeam"": ""redes"", ""Environment"": ""dev"", ""ManagedBy"": ""manual""}"
0.3272,prj-core-prod,cloudfinops-demo,Billing Account,USD,2026-08-01T00:00:00Z,2026-09-01T00:00:00Z,Usage,,Secret Manager - Key Management,Usage-Based,2026-08-19T00:00:00Z,2026-08-19T23:59:59Z,,,,0.775,Secret-Month,0.3272,0.422194,0.3272,Google LLC,0.3272,0.422194,Standard,0.775,Secret-Month,us-central1,Iowa,google/prj-data-lab/secret-manager,secret-manager-dev,Secret,Security,Key Management,Secret Manager,Google Cloud,GOO-SecretManage,GOO-SecretMa-us-central1,prj-data-lab,projeto-dados,Subscription,"{""OwnerTeam"": ""redes"", ""Environment"": ""dev"", ""ManagedBy"": ""cloudformation""}"
0.3472,prj-core-prod,cloudfinops-demo,Billing Account,USD,2026-08-01T00:00:00Z,2026-09-01T00:00:00Z,Usage,,Secret Manager - Key Management,Usage-Based,2026-08-20T00:00:00Z,2026-08-20T23:59:59Z,,,,1.163,Secret-Month,0.3472,0.298538,0.3472,Google LLC,0.3472,0.298538,Standard,1.163,Secret-Month,us-central1,Iowa,google/prj-data-lab/secret-manager,secret-manager-dev,Secret,Security,Key Management,Secret Manager,Google Cloud,GOO-SecretManage,GOO-SecretMa-us-central1,prj-data-lab,projeto-dados,Subscription,"{""OwnerTeam"": ""backend"", ""Environment"": ""dev"", ""ManagedBy"": ""cloudformation""}"
0.3305,prj-core-prod,cloudfinops-demo,Billing Account,USD,2026-08-01T00:00:00Z,2026-09-01T00:00:00Z,Usage,,Secret Manager - Key Management,Usage-Based,2026-08-21T00:00:00Z,2026-08-21T23:59:59Z,,,,12.381,Secret-Month,0.3305,0.026694,0.3305,Google LLC,0.3305,0.026694,Standard,12.381,Secret-Month,us-central1,Iowa,google/prj-data-lab/secret-manager,secret-manager-dev,Secret,Security,Key Management,Secret Manager,Google Cloud,GOO-SecretManage,GOO-SecretMa-us-central1,prj-data-lab,projeto-dados,Subscription,"{""OwnerTeam"": ""dados"", ""Environment"": ""dev"", ""ManagedBy"": ""terraform""}"
0.2926,prj-core-prod,cloudfinops-demo,Billing Account,USD,2026-08-01T00:00:00Z,2026-09-01T00:00:00Z,Usage,,Secret Manager - Key Management,Usage-Based,2026-08-22T00:00:00Z,2026-08-22T23:59:59Z,,,,0.918,Secret-Month,0.2926,0.318736,0.2926,Google LLC,0.2926,0.318736,Standard,0.918,Secret-Month,us-central1,Iowa,google/prj-data-lab/secret-manager,secret-manager-dev,Secret,Security,Key Management,Secret Manager,Google Cloud,GOO-SecretManage,GOO-SecretMa-us-central1,prj-data-lab,projeto-dados,Subscription,"{""OwnerTeam"": ""redes"", ""Environment"": ""dev"", ""ManagedBy"": ""cloudformation""}"
0.2865,prj-core-prod,cloudfinops-demo,Billing Account,USD,2026-08-01T00:00:00Z,2026-09-01T00:00:00Z,Usage,,Secret Manager - Key Management,Usage-Based,2026-08-23T00:00:00Z,2026-08-23T23:59:59Z,,,,1.728,Secret-Month,0.2865,0.165799,0.2865,Google LLC,0.2865,0.165799,Standard,1.728,Secret-Month,us-central1,Iowa,google/prj-data-lab/secret-manager,secret-manager-dev,Secret,Security,Key Management,Secret Manager,Google Cloud,GOO-SecretManage,GOO-SecretMa-us-central1,prj-data-lab,projeto-dados,Subscription,"{""OwnerTeam"": ""backend"", ""Environment"": ""dev"", ""ManagedBy"": ""cloudformation""}"
0.3396,prj-core-prod,cloudfinops-demo,Billing Account,USD,2026-08-01T00:00:00Z,2026-09-01T00:00:00Z,Usage,,Secret Manager - Key Management,Usage-Based,2026-08-24T00:00:00Z,2026-08-24T23:59:59Z,,,,0.849,Secret-Month,0.3396,0.4,0.3396,Google LLC,0.3396,0.4,Standard,0.849,Secret-Month,us-central1,Iowa,google/prj-data-lab/secret-manager,secret-manager-dev,Secret,Security,Key Management,Secret Manager,Google Cloud,GOO-SecretManage,GOO-SecretMa-us-central1,prj-data-lab,projeto-dados,Subscription,"{""OwnerTeam"": ""dados"", ""Environment"": ""dev"", ""ManagedBy"": ""terraform""}"
0.3372,prj-core-prod,cloudfinops-demo,Billing Account,USD,2026-08-01T00:00:00Z,2026-09-01T00:00:00Z,Usage,,Secret Manager - Key Management,Usage-Based,2026-08-25T00:00:00Z,2026-08-25T23:59:59Z,,,,7.589,Secret-Month,0.3372,0.044433,0.3372,Google LLC,0.3372,0.044433,Standard,7.589,Secret-Month,us-central1,Iowa,google/prj-data-lab/secret-manager,secret-manager-dev,Secret,Security,Key Management,Secret Manager,Google Cloud,GOO-SecretManage,GOO-SecretMa-us-central1,prj-data-lab,projeto-dados,Subscription,"{""OwnerTeam"": ""redes"", ""Environment"": ""dev"", ""ManagedBy"": ""cloudformation""}"
0.3297,prj-core-prod,cloudfinops-demo,Billing Account,USD,2026-08-01T00:00:00Z,2026-09-01T00:00:00Z,Usage,,Secret Manager - Key Management,Usage-Based,2026-08-26T00:00:00Z,2026-08-26T23:59:59Z,,,,16.413,Secret-Month,0.3297,0.020088,0.3297,Google LLC,0.3297,0.020088,Standard,16.413,Secret-Month,us-central1,Iowa,google/prj-data-lab/secret-manager,secret-manager-dev,Secret,Security,Key Management,Secret Manager,Google Cloud,GOO-SecretManage,GOO-SecretMa-us-central1,prj-data-lab,projeto-dados,Subscription,"{""OwnerTeam"": ""plataforma"", ""Environment"": ""dev"", ""ManagedBy"": ""serverless""}"
0.3329,prj-core-prod,cloudfinops-demo,Billing Account,USD,2026-08-01T00:00:00Z,2026-09-01T00:00:00Z,Usage,,Secret Manager - Key Management,Usage-Based,2026-08-27T00:00:00Z,2026-08-27T23:59:59Z,,,,12.832,Secret-Month,0.3329,0.025943,0.3329,Google LLC,0.3329,0.025943,Standard,12.832,Secret-Month,us-central1,Iowa,google/prj-data-lab/secret-manager,secret-manager-dev,Secret,Security,Key Management,Secret Manager,Google Cloud,GOO-SecretManage,GOO-SecretMa-us-central1,prj-data-lab,projeto-dados,Subscription,"{""OwnerTeam"": ""plataforma"", ""Environment"": ""dev"", ""ManagedBy"": ""terraform""}"
0.3418,prj-core-prod,cloudfinops-demo,Billing Account,USD,2026-08-01T00:00:00Z,2026-09-01T00:00:00Z,Usage,,Secret Manager - Key Management,Usage-Based,2026-08-28T00:00:00Z,2026-08-28T23:59:59Z,,,,3.662,Secret-Month,0.3418,0.093337,0.3418,Google LLC,0.3418,0.093337,Standard,3.662,Secret-Month,us-central1,Iowa,google/prj-data-lab/secret-manager,secret-manager-dev,Secret,Security,Key Management,Secret Manager,Google Cloud,GOO-SecretManage,GOO-SecretMa-us-central1,prj-data-lab,projeto-dados,Subscription,"{""OwnerTeam"": ""redes"", ""Environment"": ""dev"", ""ManagedBy"": ""terraform""}"
0.2946,prj-core-prod,cloudfinops-demo,Billing Account,USD,2026-08-01T00:00:00Z,2026-09-01T00:00:00Z,Usage,,Secret Manager - Key Management,Usage-Based,2026-08-29T00:00:00Z,2026-08-29T23:59:59Z,,,,1.617,Secret-Month,0.2946,0.182189,0.2946,Google LLC,0.2946,0.182189,Standard,1.617,Secret-Month,us-central1,Iowa,google/prj-data-lab/secret-manager,secret-manager-dev,Secret,Security,Key Management,Secret Manager,Google Cloud,GOO-SecretManage,GOO-SecretMa-us-central1,prj-data-lab,projeto-dados,Subscription,"{""OwnerTeam"": ""plataforma"", ""Environment"": ""dev"", ""ManagedBy"": ""serverless""}"
0.2831,prj-core-prod,cloudfinops-demo,Billing Account,USD,2026-08-01T00:00:00Z,2026-09-01T00:00:00Z,Usage,,Secret Manager - Key Management,Usage-Based,2026-08-30T00:00:00Z,2026-08-30T23:59:59Z,,,,1.24,Secret-Month,0.2831,0.228306,0.2831,Google LLC,0.2831,0.228306,Standard,1.24,Secret-Month,us-central1,Iowa,google/prj-data-lab/secret-manager,secret-manager-dev,Secret,Security,Key Management,Secret Manager,Google Cloud,GOO-SecretManage,GOO-SecretMa-us-central1,prj-data-lab,projeto-dados,Subscription,"{""OwnerTeam"": ""redes"", ""Environment"": ""dev"", ""ManagedBy"": ""terraform""}"
0.34,prj-core-prod,cloudfinops-demo,Billing Account,USD,2026-08-01T00:00:00Z,2026-09-01T00:00:00Z,Usage,,Secret Manager - Key Management,Usage-Based,2026-08-31T00:00:00Z,2026-08-31T23:59:59Z,,,,1.123,Secret-Month,0.34,0.30276,0.34,Google LLC,0.34,0.30276,Standard,1.123,Secret-Month,us-central1,Iowa,google/prj-data-lab/secret-manager,secret-manager-dev,Secret,Security,Key Management,Secret Manager,Google Cloud,GOO-SecretManage,GOO-SecretMa-us-central1,prj-data-lab,projeto-dados,Subscription,"{""OwnerTeam"": ""backend"", ""Environment"": ""dev"", ""ManagedBy"": ""terraform""}"
0.3564,prj-core-prod,cloudfinops-demo,Billing Account,USD,2026-09-01T00:00:00Z,2026-10-01T00:00:00Z,Usage,,Secret Manager - Key Management,Usage-Based,2026-09-01T00:00:00Z,2026-09-01T23:59:59Z,,,,7.582,Secret-Month,0.3564,0.047006,0.3564,Google LLC,0.3564,0.047006,Standard,7.582,Secret-Month,us-central1,Iowa,google/prj-data-lab/secret-manager,secret-manager-dev,Secret,Security,Key Management,Secret Manager,Google Cloud,GOO-SecretManage,GOO-SecretMa-us-central1,prj-data-lab,projeto-dados,Subscription,"{""OwnerTeam"": ""dados"", ""Environment"": ""dev"", ""ManagedBy"": ""terraform""}"
0.3498,prj-core-prod,cloudfinops-demo,Billing Account,USD,2026-09-01T00:00:00Z,2026-10-01T00:00:00Z,Usage,,Secret Manager - Key Management,Usage-Based,2026-09-02T00:00:00Z,2026-09-02T23:59:59Z,,,,3.421,Secret-Month,0.3498,0.102251,0.3498,Google LLC,0.3498,0.102251,Standard,3.421,Secret-Month,us-central1,Iowa,google/prj-data-lab/secret-manager,secret-manager-dev,Secret,Security,Key Management,Secret Manager,Google Cloud,GOO-SecretManage,GOO-SecretMa-us-central1,prj-data-lab,projeto-dados,Subscription,"{""OwnerTeam"": ""plataforma"", ""Environment"": ""dev"", ""ManagedBy"": ""manual""}"
0.3629,prj-core-prod,cloudfinops-demo,Billing Account,USD,2026-09-01T00:00:00Z,2026-10-01T00:00:00Z,Usage,,Secret Manager - Key Management,Usage-Based,2026-09-03T00:00:00Z,2026-09-03T23:59:59Z,,,,2.04,Secret-Month,0.3629,0.177892,0.3629,Google LLC,0.3629,0.177892,Standard,2.04,Secret-Month,us-central1,Iowa,google/prj-data-lab/secret-manager,secret-manager-dev,Secret,Security,Key Management,Secret Manager,Google Cloud,GOO-SecretManage,GOO-SecretMa-us-central1,prj-data-lab,projeto-dados,Subscription,"{""OwnerTeam"": ""redes"", ""Environment"": ""dev"", ""ManagedBy"": ""serverless""}"
0.3565,prj-core-prod,cloudfinops-demo,Billing Account,USD,2026-09-01T00:00:00Z,2026-10-01T00:00:00Z,Usage,,Secret Manager - Key Management,Usage-Based,2026-09-04T00:00:00Z,2026-09-04T23:59:59Z,,,,0.858,Secret-Month,0.3565,0.415501,0.3565,Google LLC,0.3565,0.415501,Standard,0.858,Secret-Month,us-central1,Iowa,google/prj-data-lab/secret-manager,secret-manager-dev,Secret,Security,Key Management,Secret Manager,Google Cloud,GOO-SecretManage,GOO-SecretMa-us-central1,prj-data-lab,projeto-dados,Subscription,"{""OwnerTeam"": ""dados"", ""Environment"": ""dev"", ""ManagedBy"": ""terraform""}"
0.2933,prj-core-prod,cloudfinops-demo,Billing Account,USD,2026-09-01T00:00:00Z,2026-10-01T00:00:00Z,Usage,,Secret Manager - Key Management,Usage-Based,2026-09-05T00:00:00Z,2026-09-05T23:59:59Z,,,,0.743,Secret-Month,0.2933,0.394751,0.2933,Google LLC,0.2933,0.394751,Standard,0.743,Secret-Month,us-central1,Iowa,google/prj-data-lab/secret-manager,secret-manager-dev,Secret,Security,Key Management,Secret Manager,Google Cloud,GOO-SecretManage,GOO-SecretMa-us-central1,prj-data-lab,projeto-dados,Subscription,"{""OwnerTeam"": ""backend"", ""Environment"": ""dev"", ""ManagedBy"": ""manual""}"
0.2937,prj-core-prod,cloudfinops-demo,Billing Account,USD,2026-09-01T00:00:00Z,2026-10-01T00:00:00Z,Usage,,Secret Manager - Key Management,Usage-Based,2026-09-06T00:00:00Z,2026-09-06T23:59:59Z,,,,3.913,Secret-Month,0.2937,0.075058,0.2937,Google LLC,0.2937,0.075058,Standard,3.913,Secret-Month,us-central1,Iowa,google/prj-data-lab/secret-manager,secret-manager-dev,Secret,Security,Key Management,Secret Manager,Google Cloud,GOO-SecretManage,GOO-SecretMa-us-central1,prj-data-lab,projeto-dados,Subscription,"{""OwnerTeam"": ""backend"", ""Environment"": ""dev"", ""ManagedBy"": ""cloudformation""}"
0.3449,prj-core-prod,cloudfinops-demo,Billing Account,USD,2026-09-01T00:00:00Z,2026-10-01T00:00:00Z,Usage,,Secret Manager - Key Management,Usage-Based,2026-09-07T00:00:00Z,2026-09-07T23:59:59Z,,,,1.724,Secret-Month,0.3449,0.200058,0.3449,Google LLC,0.3449,0.200058,Standard,1.724,Secret-Month,us-central1,Iowa,google/prj-data-lab/secret-manager,secret-manager-dev,Secret,Security,Key Management,Secret Manager,Google Cloud,GOO-SecretManage,GOO-SecretMa-us-central1,prj-data-lab,projeto-dados,Subscription,"{""OwnerTeam"": ""plataforma"", ""Environment"": ""dev"", ""ManagedBy"": ""serverless""}"
0.3539,prj-core-prod,cloudfinops-demo,Billing Account,USD,2026-09-01T00:00:00Z,2026-10-01T00:00:00Z,Usage,,Secret Manager - Key Management,Usage-Based,2026-09-08T00:00:00Z,2026-09-08T23:59:59Z,,,,1.292,Secret-Month,0.3539,0.273916,0.3539,Google LLC,0.3539,0.273916,Standard,1.292,Secret-Month,us-central1,Iowa,google/prj-data-lab/secret-manager,secret-manager-dev,Secret,Security,Key Management,Secret Manager,Google Cloud,GOO-SecretManage,GOO-SecretMa-us-central1,prj-data-lab,projeto-dados,Subscription,"{""OwnerTeam"": ""dados"", ""Environment"": ""dev"", ""ManagedBy"": ""cloudformation""}"
0.3551,prj-core-prod,cloudfinops-demo,Billing Account,USD,2026-09-01T00:00:00Z,2026-10-01T00:00:00Z,Usage,,Secret Manager - Key Management,Usage-Based,2026-09-09T00:00:00Z,2026-09-09T23:59:59Z,,,,1.585,Secret-Month,0.3551,0.224038,0.3551,Google LLC,0.3551,0.224038,Standard,1.585,Secret-Month,us-central1,Iowa,google/prj-data-lab/secret-manager,secret-manager-dev,Secret,Security,Key Management,Secret Manager,Google Cloud,GOO-SecretManage,GOO-SecretMa-us-central1,prj-data-lab,projeto-dados,Subscription,"{""OwnerTeam"": ""redes"", ""Environment"": ""dev"", ""ManagedBy"": ""cloudformation""}"
0.3589,prj-core-prod,cloudfinops-demo,Billing Account,USD,2026-09-01T00:00:00Z,2026-10-01T00:00:00Z,Usage,,Secret Manager - Key Management,Usage-Based,2026-09-10T00:00:00Z,2026-09-10T23:59:59Z,,,,1.404,Secret-Month,0.3589,0.255627,0.3589,Google LLC,0.3589,0.255627,Standard,1.404,Secret-Month,us-central1,Iowa,google/prj-data-lab/secret-manager,secret-manager-dev,Secret,Security,Key Management,Secret Manager,Google Cloud,GOO-SecretManage,GOO-SecretMa-us-central1,prj-data-lab,projeto-dados,Subscription,"{""OwnerTeam"": ""plataforma"", ""Environment"": ""dev"", ""ManagedBy"": ""cloudformation""}"
0.348,prj-core-prod,cloudfinops-demo,Billing Account,USD,2026-09-01T00:00:00Z,2026-10-01T00:00:00Z,Usage,,Secret Manager - Key Management,Usage-Based,2026-09-11T00:00:00Z,2026-09-11T23:59:59Z,,,,1.703,Secret-Month,0.348,0.204345,0.348,Google LLC,0.348,0.204345,Standard,1.703,Secret-Month,us-central1,Iowa,google/prj-data-lab/secret-manager,secret-manager-dev,Secret,Security,Key Management,Secret Manager,Google Cloud,GOO-SecretManage,GOO-SecretMa-us-central1,prj-data-lab,projeto-dados,Subscription,"{""OwnerTeam"": ""backend"", ""Environment"": ""dev"", ""ManagedBy"": ""cloudformation""}"
0.2941,prj-core-prod,cloudfinops-demo,Billing Account,USD,2026-09-01T00:00:00Z,2026-10-01T00:00:00Z,Usage,,Secret Manager - Key Management,Usage-Based,2026-09-12T00:00:00Z,2026-09-12T23:59:59Z,,,,0.691,Secret-Month,0.2941,0.425615,0.2941,Google LLC,0.2941,0.425615,Standard,0.691,Secret-Month,us-central1,Iowa,google/prj-data-lab/secret-manager,secret-manager-dev,Secret,Security,Key Management,Secret Manager,Google Cloud,GOO-SecretManage,GOO-SecretMa-us-central1,prj-data-lab,projeto-dados,Subscription,"{""OwnerTeam"": ""dados"", ""Environment"": ""dev"", ""ManagedBy"": ""cloudformation""}"
0.2913,prj-core-prod,cloudfinops-demo,Billing Account,USD,2026-09-01T00:00:00Z,2026-10-01T00:00:00Z,Usage,,Secret Manager - Key Management,Usage-Based,2026-09-13T00:00:00Z,2026-09-13T23:59:59Z,,,,5.515,Secret-Month,0.2913,0.05282,0.2913,Google LLC,0.2913,0.05282,Standard,5.515,Secret-Month,us-central1,Iowa,google/prj-data-lab/secret-manager,secret-manager-dev,Secret,Security,Key Management,Secret Manager,Google Cloud,GOO-SecretManage,GOO-SecretMa-us-central1,prj-data-lab,projeto-dados,Subscription,"{""OwnerTeam"": ""backend"", ""Environment"": ""dev"", ""ManagedBy"": ""serverless""}"
0.3564,prj-core-prod,cloudfinops-demo,Billing Account,USD,2026-09-01T00:00:00Z,2026-10-01T00:00:00Z,Usage,,Secret Manager - Key Management,Usage-Based,2026-09-14T00:00:00Z,2026-09-14T23:59:59Z,,,,1.556,Secret-Month,0.3564,0.229049,0.3564,Google LLC,0.3564,0.229049,Standard,1.556,Secret-Month,us-central1,Iowa,google/prj-data-lab/secret-manager,secret-manager-dev,Secret,Security,Key Management,Secret Manager,Google Cloud,GOO-SecretManage,GOO-SecretMa-us-central1,prj-data-lab,projeto-dados,Subscription,"{""OwnerTeam"": ""plataforma"", ""Environment"": ""dev"", ""ManagedBy"": ""cloudformation""}"
0.3647,prj-core-prod,cloudfinops-demo,Billing Account,USD,2026-09-01T00:00:00Z,2026-10-01T00:00:00Z,Usage,,Secret Manager - Key Management,Usage-Based,2026-09-15T00:00:00Z,2026-09-15T23:59:59Z,,,,1.134,Secret-Month,0.3647,0.321605,0.3647,Google LLC,0.3647,0.321605,Standard,1.134,Secret-Month,us-central1,Iowa,google/prj-data-lab/secret-manager,secret-manager-dev,Secret,Security,Key Management,Secret Manager,Google Cloud,GOO-SecretManage,GOO-SecretMa-us-central1,prj-data-lab,projeto-dados,Subscription,"{""OwnerTeam"": ""dados"", ""Environment"": ""dev"", ""ManagedBy"": ""serverless""}"
0.3546,prj-core-prod,cloudfinops-demo,Billing Account,USD,2026-09-01T00:00:00Z,2026-10-01T00:00:00Z,Usage,,Secret Manager - Key Management,Usage-Based,2026-09-16T00:00:00Z,2026-09-16T23:59:59Z,,,,1.381,Secret-Month,0.3546,0.25677,0.3546,Google LLC,0.3546,0.25677,Standard,1.381,Secret-Month,us-central1,Iowa,google/prj-data-lab/secret-manager,secret-manager-dev,Secret,Security,Key Management,Secret Manager,Google Cloud,GOO-SecretManage,GOO-SecretMa-us-central1,prj-data-lab,projeto-dados,Subscription,"{""OwnerTeam"": ""redes"", ""Environment"": ""dev"", ""ManagedBy"": ""cloudformation""}"
0.3521,prj-core-prod,cloudfinops-demo,Billing Account,USD,2026-09-01T00:00:00Z,2026-10-01T00:00:00Z,Usage,,Secret Manager - Key Management,Usage-Based,2026-09-17T00:00:00Z,2026-09-17T23:59:59Z,,,,1.31,Secret-Month,0.3521,0.268779,0.3521,Google LLC,0.3521,0.268779,Standard,1.31,Secret-Month,us-central1,Iowa,google/prj-data-lab/secret-manager,secret-manager-dev,Secret,Security,Key Management,Secret Manager,Google Cloud,GOO-SecretManage,GOO-SecretMa-us-central1,prj-data-lab,projeto-dados,Subscription,"{""OwnerTeam"": ""dados"", ""Environment"": ""dev"", ""ManagedBy"": ""serverless""}"
0.348,prj-core-prod,cloudfinops-demo,Billing Account,USD,2026-09-01T00:00:00Z,2026-10-01T00:00:00Z,Usage,,Secret Manager - Key Management,Usage-Based,2026-09-18T00:00:00Z,2026-09-18T23:59:59Z,,,,0.791,Secret-Month,0.348,0.439949,0.348,Google LLC,0.348,0.439949,Standard,0.791,Secret-Month,us-central1,Iowa,google/prj-data-lab/secret-manager,secret-manager-dev,Secret,Security,Key Management,Secret Manager,Google Cloud,GOO-SecretManage,GOO-SecretMa-us-central1,prj-data-lab,projeto-dados,Subscription,"{""OwnerTeam"": ""backend"", ""Environment"": ""dev"", ""ManagedBy"": ""manual""}"
0.3046,prj-core-prod,cloudfinops-demo,Billing Account,USD,2026-09-01T00:00:00Z,2026-10-01T00:00:00Z,Usage,,Secret Manager - Key Management,Usage-Based,2026-09-19T00:00:00Z,2026-09-19T23:59:59Z,,,,0.723,Secret-Month,0.3046,0.4213,0.3046,Google LLC,0.3046,0.4213,Standard,0.723,Secret-Month,us-central1,Iowa,google/prj-data-lab/secret-manager,secret-manager-dev,Secret,Security,Key Management,Secret Manager,Google Cloud,GOO-SecretManage,GOO-SecretMa-us-central1,prj-data-lab,projeto-dados,Subscription,"{""OwnerTeam"": ""plataforma"", ""Environment"": ""dev"", ""ManagedBy"": ""cloudformation""}"
0.2933,prj-core-prod,cloudfinops-demo,Billing Account,USD,2026-09-01T00:00:00Z,2026-10-01T00:00:00Z,Usage,,Secret Manager - Key Management,Usage-Based,2026-09-20T00:00:00Z,2026-09-20T23:59:59Z,,,,12.244,Secret-Month,0.2933,0.023955,0.2933,Google LLC,0.2933,0.023955,Standard,12.244,Secret-Month,us-central1,Iowa,google/prj-data-lab/secret-manager,secret-manager-dev,Secret,Security,Key Management,Secret Manager,Google Cloud,GOO-SecretManage,GOO-SecretMa-us-central1,prj-data-lab,projeto-dados,Subscription,"{""OwnerTeam"": ""dados"", ""Environment"": ""dev"", ""ManagedBy"": ""terraform""}"
0.3538,prj-core-prod,cloudfinops-demo,Billing Account,USD,2026-09-01T00:00:00Z,2026-10-01T00:00:00Z,Usage,,Secret Manager - Key Management,Usage-Based,2026-09-21T00:00:00Z,2026-09-21T23:59:59Z,,,,0.921,Secret-Month,0.3538,0.384148,0.3538,Google LLC,0.3538,0.384148,Standard,0.921,Secret-Month,us-central1,Iowa,google/prj-data-lab/secret-manager,secret-manager-dev,Secret,Security,Key Management,Secret Manager,Google Cloud,GOO-SecretManage,GOO-SecretMa-us-central1,prj-data-lab,projeto-dados,Subscription,"{""OwnerTeam"": ""plataforma"", ""Environment"": ""dev"", ""ManagedBy"": ""cloudformation""}"
0.3486,prj-core-prod,cloudfinops-demo,Billing Account,USD,2026-09-01T00:00:00Z,2026-10-01T00:00:00Z,Usage,,Secret Manager - Key Management,Usage-Based,2026-09-22T00:00:00Z,2026-09-22T23:59:59Z,,,,1.983,Secret-Month,0.3486,0.175794,0.3486,Google LLC,0.3486,0.175794,Standard,1.983,Secret-Month,us-central1,Iowa,google/prj-data-lab/secret-manager,secret-manager-dev,Secret,Security,Key Management,Secret Manager,Google Cloud,GOO-SecretManage,GOO-SecretMa-us-central1,prj-data-lab,projeto-dados,Subscription,"{""OwnerTeam"": ""plataforma"", ""Environment"": ""dev"", ""ManagedBy"": ""terraform""}"
0.3583,prj-core-prod,cloudfinops-demo,Billing Account,USD,2026-09-01T00:00:00Z,2026-10-01T00:00:00Z,Usage,,Secret Manager - Key Management,Usage-Based,2026-09-23T00:00:00Z,2026-09-23T23:59:59Z,,,,0.82,Secret-Month,0.3583,0.436951,0.3583,Google LLC,0.3583,0.436951,Standard,0.82,Secret-Month,us-central1,Iowa,google/prj-data-lab/secret-manager,secret-manager-dev,Secret,Security,Key Management,Secret Manager,Google Cloud,GOO-SecretManage,GOO-SecretMa-us-central1,prj-data-lab,projeto-dados,Subscription,"{""OwnerTeam"": ""dados"", ""Environment"": ""dev"", ""ManagedBy"": ""manual""}"
0.3646,prj-core-prod,cloudfinops-demo,Billing Account,USD,2026-09-01T00:00:00Z,2026-10-01T00:00:00Z,Usage,,Secret Manager - Key Management,Usage-Based,2026-09-24T00:00:00Z,2026-09-24T23:59:59Z,,,,1.319,Secret-Month,0.3646,0.276422,0.3646,Google LLC,0.3646,0.276422,Standard,1.319,Secret-Month,us-central1,Iowa,google/prj-data-lab/secret-manager,secret-manager-dev,Secret,Security,Key Management,Secret Manager,Google Cloud,GOO-SecretManage,GOO-SecretMa-us-central1,prj-data-lab,projeto-dados,Subscription,"{""OwnerTeam"": ""plataforma"", ""Environment"": ""dev"", ""ManagedBy"": ""manual""}"
0.3518,prj-core-prod,cloudfinops-demo,Billing Account,USD,2026-09-01T00:00:00Z,2026-10-01T00:00:00Z,Usage,,Secret Manager - Key Management,Usage-Based,2026-09-25T00:00:00Z,2026-09-25T23:59:59Z,,,,0.956,Secret-Month,0.3518,0.367992,0.3518,Google LLC,0.3518,0.367992,Standard,0.956,Secret-Month,us-central1,Iowa,google/prj-data-lab/secret-manager,secret-manager-dev,Secret,Security,Key Management,Secret Manager,Google Cloud,GOO-SecretManage,GOO-SecretMa-us-central1,prj-data-lab,projeto-dados,Subscription,"{""OwnerTeam"": ""backend"", ""Environment"": ""dev"", ""ManagedBy"": ""serverless""}"
0.2937,prj-core-prod,cloudfinops-demo,Billing Account,USD,2026-09-01T00:00:00Z,2026-10-01T00:00:00Z,Usage,,Secret Manager - Key Management,Usage-Based,2026-09-26T00:00:00Z,2026-09-26T23:59:59Z,,,,0.708,Secret-Month,0.2937,0.414831,0.2937,Google LLC,0.2937,0.414831,Standard,0.708,Secret-Month,us-central1,Iowa,google/prj-data-lab/secret-manager,secret-manager-dev,Secret,Security,Key Management,Secret Manager,Google Cloud,GOO-SecretManage,GOO-SecretMa-us-central1,prj-data-lab,projeto-dados,Subscription,"{""OwnerTeam"": ""redes"", ""Environment"": ""dev"", ""ManagedBy"": ""manual""}"
0.2904,prj-core-prod,cloudfinops-demo,Billing Account,USD,2026-09-01T00:00:00Z,2026-10-01T00:00:00Z,Usage,,Secret Manager - Key Management,Usage-Based,2026-09-27T00:00:00Z,2026-09-27T23:59:59Z,,,,0.869,Secret-Month,0.2904,0.334177,0.2904,Google LLC,0.2904,0.334177,Standard,0.869,Secret-Month,us-central1,Iowa,google/prj-data-lab/secret-manager,secret-manager-dev,Secret,Security,Key Management,Secret Manager,Google Cloud,GOO-SecretManage,GOO-SecretMa-us-central1,prj-data-lab,projeto-dados,Subscription,"{""OwnerTeam"": ""redes"", ""Environment"": ""dev"", ""ManagedBy"": ""terraform""}"
0.3479,prj-core-prod,cloudfinops-demo,Billing Account,USD,2026-09-01T00:00:00Z,2026-10-01T00:00:00Z,Usage,,Secret Manager - Key Management,Usage-Based,2026-09-28T00:00:00Z,2026-09-28T23:59:59Z,,,,1.282,Secret-Month,0.3479,0.271373,0.3479,Google LLC,0.3479,0.271373,Standard,1.282,Secret-Month,us-central1,Iowa,google/prj-data-lab/secret-manager,secret-manager-dev,Secret,Security,Key Management,Secret Manager,Google Cloud,GOO-SecretManage,GOO-SecretMa-us-central1,prj-data-lab,projeto-dados,Subscription,"{""OwnerTeam"": ""redes"", ""Environment"": ""dev"", ""ManagedBy"": ""serverless""}"
0.3641,prj-core-prod,cloudfinops-demo,Billing Account,USD,2026-09-01T00:00:00Z,2026-10-01T00:00:00Z,Usage,,Secret Manager - Key Management,Usage-Based,2026-09-29T00:00:00Z,2026-09-29T23:59:59Z,,,,1.15,Secret-Month,0.3641,0.316609,0.3641,Google LLC,0.3641,0.316609,Standard,1.15,Secret-Month,us-central1,Iowa,google/prj-data-lab/secret-manager,secret-manager-dev,Secret,Security,Key Management,Secret Manager,Google Cloud,GOO-SecretManage,GOO-SecretMa-us-central1,prj-data-lab,projeto-dados,Subscription,"{""OwnerTeam"": ""backend"", ""Environment"": ""dev"", ""ManagedBy"": ""manual""}"
0.36,prj-core-prod,cloudfinops-demo,Billing Account,USD,2026-09-01T00:00:00Z,2026-10-01T00:00:00Z,Usage,,Secret Manager - Key Management,Usage-Based,2026-09-30T00:00:00Z,2026-09-30T23:59:59Z,,,,1.875,Secret-Month,0.36,0.192,0.36,Google LLC,0.36,0.192,Standard,1.875,Secret-Month,us-central1,Iowa,google/prj-data-lab/secret-manager,secret-manager-dev,Secret,Security,Key Management,Secret Manager,Google Cloud,GOO-SecretManage,GOO-SecretMa-us-central1,prj-data-lab,projeto-dados,Subscription,"{""OwnerTeam"": ""redes"", ""Environment"": ""dev"", ""ManagedBy"": ""serverless""}"
0.3517,prj-core-prod,cloudfinops-demo,Billing Account,USD,2026-10-01T00:00:00Z,2026-11-01T00:00:00Z,Usage,,Secret Manager - Key Management,Usage-Based,2026-10-01T00:00:00Z,2026-10-01T23:59:59Z,,,,4.561,Secret-Month,0.3517,0.07711,0.3517,Google LLC,0.3517,0.07711,Standard,4.561,Secret-Month,us-central1,Iowa,google/prj-data-lab/secret-manager,secret-manager-dev,Secret,Security,Key Management,Secret Manager,Google Cloud,GOO-SecretManage,GOO-SecretMa-us-central1,prj-data-lab,projeto-dados,Subscription,"{""OwnerTeam"": ""backend"", ""Environment"": ""dev"", ""ManagedBy"": ""terraform""}"
0.3553,prj-core-prod,cloudfinops-demo,Billing Account,USD,2026-10-01T00:00:00Z,2026-11-01T00:00:00Z,Usage,,Secret Manager - Key Management,Usage-Based,2026-10-02T00:00:00Z,2026-10-02T23:59:59Z,,,,1.034,Secret-Month,0.3553,0.343617,0.3553,Google LLC,0.3553,0.343617,Standard,1.034,Secret-Month,us-central1,Iowa,google/prj-data-lab/secret-manager,secret-manager-dev,Secret,Security,Key Management,Secret Manager,Google Cloud,GOO-SecretManage,GOO-SecretMa-us-central1,prj-data-lab,projeto-dados,Subscription,"{""OwnerTeam"": ""backend"", ""Environment"": ""dev"", ""ManagedBy"": ""serverless""}"
0.2978,prj-core-prod,cloudfinops-demo,Billing Account,USD,2026-10-01T00:00:00Z,2026-11-01T00:00:00Z,Usage,,Secret Manager - Key Management,Usage-Based,2026-10-03T00:00:00Z,2026-10-03T23:59:59Z,,,,7.501,Secret-Month,0.2978,0.039701,0.2978,Google LLC,0.2978,0.039701,Standard,7.501,Secret-Month,us-central1,Iowa,google/prj-data-lab/secret-manager,secret-manager-dev,Secret,Security,Key Management,Secret Manager,Google Cloud,GOO-SecretManage,GOO-SecretMa-us-central1,prj-data-lab,projeto-dados,Subscription,"{""OwnerTeam"": ""backend"", ""Environment"": ""dev"", ""ManagedBy"": ""serverless""}"
