BilledCost,BillingAccountId,BillingAccountName,BillingAccountType,BillingCurrency,BillingPeriodStart,BillingPeriodEnd,ChargeCategory,ChargeClass,ChargeDescription,ChargeFrequency,ChargePeriodStart,ChargePeriodEnd,CommitmentDiscountId,CommitmentDiscountCategory,CommitmentDiscountStatus,ConsumedQuantity,ConsumedUnit,ContractedCost,ContractedUnitPrice,EffectiveCost,InvoiceIssuerName,ListCost,ListUnitPrice,PricingCategory,PricingQuantity,PricingUnit,RegionId,RegionName,ResourceId,ResourceName,ResourceType,ServiceCategory,ServiceSubcategory,ServiceName,ServiceProviderName,SkuId,SkuPriceId,SubAccountId,SubAccountName,SubAccountType,Tags
43.1817,sub-a1b2c3d4,cloudfinops-demo,Billing Account,USD,2026-08-01T00:00:00Z,2026-09-01T00:00:00Z,Usage,,Virtual Machines - Virtual Machines,Usage-Based,2026-08-01T00:00:00Z,2026-08-01T23:59:59Z,cd-microsoft-compute,Usage,Used,95.976,Hours,36.2726,0.449922,36.2726,Microsoft Corporation,43.1817,0.449922,Committed,95.976,Hours,eastus,East US,microsoft/sub-a1b2c3d4/virtual-machines,virtual-machines-prod,Virtual Machine,Compute,Virtual Machines,Virtual Machines,Microsoft Azure,MIC-VirtualMachi,MIC-VirtualM-eastus,sub-a1b2c3d4,assinatura-producao,Subscription,"{""OwnerTeam"": ""backend"", ""Environment"": ""prod"", ""ManagedBy"": ""serverless""}"
42.8419,sub-a1b2c3d4,cloudfinops-demo,Billing Account,USD,2026-08-01T00:00:00Z,2026-09-01T00:00:00Z,Usage,,Virtual Machines - Virtual Machines,Usage-Based,2026-08-02T00:00:00Z,2026-08-02T23:59:59Z,cd-microsoft-compute,Usage,Used,527.234,Hours,35.9872,0.081258,35.9872,Microsoft Corporation,42.8419,0.081258,Committed,527.234,Hours,eastus,East US,microsoft/sub-a1b2c3d4/virtual-machines,virtual-machines-prod,Virtual Machine,Compute,Virtual Machines,Virtual Machines,Microsoft Azure,MIC-VirtualMachi,MIC-VirtualM-eastus,sub-a1b2c3d4,assinatura-producao,Subscription,"{""OwnerTeam"": ""redes"", ""Environment"": ""prod"", ""ManagedBy"": ""serverless""}"
49.4962,sub-a1b2c3d4,cloudfinops-demo,Billing Account,USD,2026-08-01T00:00:00Z,2026-09-01T00:00:00Z,Usage,,Virtual Machines - Virtual Machines,Usage-Based,2026-08-03T00:00:00Z,2026-08-03T23:59:59Z,,,,578.708,Hours,49.4962,0.085529,49.4962,Microsoft Corporation,49.4962,0.085529,Standard,578.708,Hours,eastus,East US,microsoft/sub-a1b2c3d4/virtual-machines,virtual-machines-prod,Virtual Machine,Compute,Virtual Machines,Virtual Machines,Microsoft Azure,MIC-VirtualMachi,MIC-VirtualM-eastus,sub-a1b2c3d4,assinatura-producao,Subscription,"{""OwnerTeam"": ""plataforma"", ""Environment"": ""prod""}"
51.0095,sub-a1b2c3d4,cloudfinops-demo,Billing Account,USD,2026-08-01T00:00:00Z,2026-09-01T00:00:00Z,Usage,,Virtual Machines - Virtual Machines,Usage-Based,2026-08-04T00:00:00Z,2026-08-04T23:59:59Z,,,,201.899,Hours,51.0095,0.252649,51.0095,Microsoft Corporation,51.0095,0.252649,Standard,201.899,Hours,eastus,East US,microsoft/sub-a1b2c3d4/virtual-machines,virtual-machines-prod,Virtual Machine,Compute,Virtual Machines,Virtual Machines,Microsoft Azure,MIC-VirtualMachi,MIC-VirtualM-eastus,sub-a1b2c3d4,assinatura-producao,Subscription,"{""OwnerTeam"": ""redes"", ""Environment"": ""prod"", ""ManagedBy"": ""terraform""}"
51.2789,sub-a1b2c3d4,cloudfinops-demo,Billing Account,USD,2026-08-01T00:00:00Z,2026-09-01T00:00:00Z,Usage,,Virtual Machines - Virtual Machines,Usage-Based,2026-08-05T00:00:00Z,2026-08-05T23:59:59Z,cd-microsoft-compute,Usage,Used,273.276,Hours,43.0743,0.187645,43.0743,Microsoft Corporation,51.2789,0.187645,Committed,273.276,Hours,eastus,East US,microsoft/sub-a1b2c3d4/virtual-machines,virtual-machines-prod,Virtual Machine,Compute,Virtual Machines,Virtual Machines,Microsoft Azure,MIC-VirtualMachi,MIC-VirtualM-eastus,sub-a1b2c3d4,assinatura-producao,Subscription,"{""OwnerTeam"": ""plataforma"", ""Environment"": ""prod"", ""ManagedBy"": ""terraform""}"
49.729,sub-a1b2c3d4,cloudfinops-demo,Billing Account,USD,2026-08-01T00:00:00Z,2026-09-01T00:00:00Z,Usage,,Virtual Machines - Virtual Machines,Usage-Based,2026-08-06T00:00:00Z,2026-08-06T23:59:59Z,,,,197.895,Hours,49.729,0.25129,49.729,Microsoft Corporation,49.729,0.25129,Standard,197.895,Hours,eastus,East US,microsoft/sub-a1b2c3d4/virtual-machines,virtual-machines-prod,Virtual Machine,Compute,Virtual Machines,Virtual Machines,Microsoft Azure,MIC-VirtualMachi,MIC-VirtualM-eastus,sub-a1b2c3d4,assinatura-producao,Subscription,"{""OwnerTeam"": ""dados"", ""Environment"": ""prod"", ""ManagedBy"": ""terraform""}"
50.3398,sub-a1b2c3d4,cloudfinops-demo,Billing Account,USD,2026-08-01T00:00:00Z,2026-09-01T00:00:00Z,Usage,,Virtual Machines - Virtual Machines,Usage-Based,2026-08-07T00:00:00Z,2026-08-07T23:59:59Z,,,,137.212,Hours,50.3398,0.366876,50.3398,Microsoft Corporation,50.3398,0.366876,Standard,137.212,Hours,eastus,East US,microsoft/sub-a1b2c3d4/virtual-machines,virtual-machines-prod,Virtual Machine,Compute,Virtual Machines,Virtual Machines,Microsoft Azure,MIC-VirtualMachi,MIC-VirtualM-eastus,sub-a1b2c3d4,assinatura-producao,Subscription,"{""OwnerTeam"": ""dados"", ""Environment"": ""prod"", ""ManagedBy"": ""manual""}"
41.6336,sub-a1b2c3d4,cloudfinops-demo,Billing Account,USD,2026-08-01T00:00:00Z,2026-09-01T00:00:00Z,Usage,,Virtual Machines - Virtual Machines,Usage-Based,2026-08-08T00:00:00Z,2026-08-08T23:59:59Z,cd-microsoft-compute,Usage,Used,220.749,Hours,34.9722,0.188602,34.9722,Microsoft Corporation,41.6336,0.188602,Committed,220.749,Hours,eastus,East US,microsoft/sub-a1b2c3d4/virtual-machines,virtual-machines-prod,Virtual Machine,Compute,Virtual Machines,Virtual Machines,Microsoft Azure,MIC-VirtualMachi,MIC-VirtualM-eastus,sub-a1b2c3d4,assinatura-producao,Subscription,"{""OwnerTeam"": ""redes"", ""Environment"": ""prod"", ""ManagedBy"": ""terraform""}"
41.0401,sub-a1b2c3d4,cloudfinops-demo,Billing Account,USD,2026-08-01T00:00:00Z,2026-09-01T00:00:00Z,Usage,,Virtual Machines - Virtual Machines,Usage-Based,2026-08-09T00:00:00Z,2026-08-09T23:59:59Z,,,,242.999,Hours,41.0401,0.16889,41.0401,Microsoft Corporation,41.0401,0.16889,Standard,242.999,Hours,eastus,East US,microsoft/sub-a1b2c3d4/virtual-machines,virtual-machines-prod,Virtual Machine,Compute,Virtual Machines,Virtual Machines,Microsoft Azure,MIC-VirtualMachi,MIC-VirtualM-eastus,sub-a1b2c3d4,assinatura-producao,Subscription,"{""OwnerTeam"": ""plataforma"", ""Environment"": ""prod"", ""ManagedBy"": ""cloudformation""}"
49.849,sub-a1b2c3d4,cloudfinops-demo,Billing Account,USD,2026-08-01T00:00:00Z,2026-09-01T00:00:00Z,Usage,,Virtual Machines - Virtual Machines,Usage-Based,2026-08-10T00:00:00Z,2026-08-10T23:59:59Z,,,,157.449,Hours,49.849,0.316604,49.849,Microsoft Corporation,49.849,0.316604,Standard,157.449,Hours,eastus,East US,microsoft/sub-a1b2c3d4/virtual-machines,virtual-machines-prod,Virtual Machine,Compute,Virtual Machines,Virtual Machines,Microsoft Azure,MIC-VirtualMachi,MIC-VirtualM-eastus,sub-a1b2c3d4,assinatura-producao,Subscription,"{""OwnerTeam"": ""backend"", ""Environment"": ""prod"", ""ManagedBy"": ""cloudformation""}"
50.8764,sub-a1b2c3d4,cloudfinops-demo,Billing Account,USD,2026-08-01T00:00:00Z,2026-09-01T00:00:00Z,Usage,,Virtual Machines - Virtual Machines,Usage-Based,2026-08-11T00:00:00Z,2026-08-11T23:59:59Z,,,,350.747,Hours,50.8764,0.145052,50.8764,Microsoft Corporation,50.8764,0.145052,Standard,350.747,Hours,eastus,East US,microsoft/sub-a1b2c3d4/virtual-machines,virtual-machines-prod,Virtual Machine,Compute,Virtual Machines,Virtual Machines,Microsoft Azure,MIC-VirtualMachi,MIC-VirtualM-eastus,sub-a1b2c3d4,assinatura-producao,Subscription,"{""OwnerTeam"": ""redes"", ""Environment"": ""prod"", ""ManagedBy"": ""cloudformation""}"
48.1864,sub-a1b2c3d4,cloudfinops-demo,Billing Account,USD,2026-08-01T00:00:00Z,2026-09-01T00:00:00Z,Usage,,Virtual Machines - Virtual Machines,Usage-Based,2026-08-12T00:00:00Z,2026-08-12T23:59:59Z,,,,182.205,Hours,48.1864,0.264463,48.1864,Microsoft Corporation,48.1864,0.264463,Standard,182.205,Hours,eastus,East US,microsoft/sub-a1b2c3d4/virtual-machines,virtual-machines-prod,Virtual Machine,Compute,Virtual Machines,Virtual Machines,Microsoft Azure,MIC-VirtualMachi,MIC-VirtualM-eastus,sub-a1b2c3d4,assinatura-producao,Subscription,"{""OwnerTeam"": ""backend"", ""Environment"": ""prod"", ""ManagedBy"": ""serverless""}"
49.5472,sub-a1b2c3d4,cloudfinops-demo,Billing Account,USD,2026-08-01T00:00:00Z,2026-09-01T00:00:00Z,Usage,,Virtual Machines - Virtual Machines,Usage-Based,2026-08-13T00:00:00Z,2026-08-13T23:59:59Z,,,,1733.552,Hours,49.5472,0.028581,49.5472,Microsoft Corporation,49.5472,0.028581,Standard,1733.552,Hours,eastus,East US,microsoft/sub-a1b2c3d4/virtual-machines,virtual-machines-prod,Virtual Machine,Compute,Virtual Machines,Virtual Machines,Microsoft Azure,MIC-VirtualMachi,MIC-VirtualM-eastus,sub-a1b2c3d4,assinatura-producao,Subscription,"{""OwnerTeam"": ""plataforma"", ""Environment"": ""prod""}"
49.6475,sub-a1b2c3d4,cloudfinops-demo,Billing Account,USD,2026-08-01T00:00:00Z,2026-09-01T00:00:00Z,Usage,,Virtual Machines - Virtual Machines,Usage-Based,2026-08-14T00:00:00Z,2026-08-14T23:59:59Z,cd-microsoft-compute,Usage,Used,150.406,Hours,41.7039,0.33009,41.7039,Microsoft Corporation,49.6475,0.33009,Committed,150.406,Hours,eastus,East US,microsoft/sub-a1b2c3d4/virtual-machines,virtual-machines-prod,Virtual Machine,Compute,Virtual Machines,Virtual Machines,Microsoft Azure,MIC-VirtualMachi,MIC-VirtualM-eastus,sub-a1b2c3d4,assinatura-producao,Subscription,"{""OwnerTeam"": ""backend"", ""Environment"": ""prod"", ""ManagedBy"": ""serverless""}"
41.9697,sub-a1b2c3d4,cloudfinops-demo,Billing Account,USD,2026-08-01T00:00:00Z,2026-09-01T00:00:00Z,Usage,,Virtual Machines - Virtual Machines,Usage-Based,2026-08-15T00:00:00Z,2026-08-15T23:59:59Z,cd-microsoft-compute,Usage,Used,229.3,Hours,35.2545,0.183034,35.2545,Microsoft Corporation,41.9697,0.183034,Committed,229.3,Hours,eastus,East US,microsoft/sub-a1b2c3d4/virtual-machines,virtual-machines-prod,Virtual Machine,Compute,Virtual Machines,Virtual Machines,Microsoft Azure,MIC-VirtualMachi,MIC-VirtualM-eastus,sub-a1b2c3d4,assinatura-producao,Subscription,"{""OwnerTeam"": ""redes"", ""Environment"": ""prod"", ""ManagedBy"": ""cloudformation""}"
40.4887,sub-a1b2c3d4,cloudfinops-demo,Billing Account,USD,2026-08-01T00:00:00Z,2026-09-01T00:00:00Z,Usage,,Virtual Machines - Virtual Machines,Usage-Based,2026-08-16T00:00:00Z,2026-08-16T23:59:59Z,cd-microsoft-compute,Usage,Used,154.686,Hours,34.0105,0.261748,34.0105,Microsoft Corporation,40.4887,0.261748,Committed,154.686,Hours,eastus,East US,microsoft/sub-a1b2c3d4/virtual-machines,virtual-machines-prod,Virtual Machine,Compute,Virtual Machines,Virtual Machines,Microsoft Azure,MIC-VirtualMachi,MIC-VirtualM-eastus,sub-a1b2c3d4,assinatura-producao,Subscription,"{""OwnerTeam"": ""backend"", ""Environment"": ""prod""}"
49.3055,sub-a1b2c3d4,cloudfinops-demo,Billing Account,USD,2026-08-01T00:00:00Z,2026-09-01T00:00:00Z,Usage,,Virtual Machines - Virtual Machines,Usage-Based,2026-08-17T00:00:00Z,2026-08-17T23:59:59Z,,,,171.63,Hours,49.3055,0.287278,49.3055,Microsoft Corporation,49.3055,0.287278,Standard,171.63,Hours,eastus,East US,microsoft/sub-a1b2c3d4/virtual-machines,virtual-machines-prod,Virtual Machine,Compute,Virtual Machines,Virtual Machines,Microsoft Azure,MIC-VirtualMachi,MIC-VirtualM-eastus,sub-a1b2c3d4,assinatura-producao,Subscription,"{""OwnerTeam"": ""redes"", ""Environment"": ""prod"", ""ManagedBy"": ""serverless""}"
51.1557,sub-a1b2c3d4,cloudfinops-demo,Billing Account,USD,2026-08-01T00:00:00Z,2026-09-01T00:00:00Z,Usage,,Virtual Machines - Virtual Machines,Usage-Based,2026-08-18T00:00:00Z,2026-08-18T23:59:59Z,cd-microsoft-compute,Usage,Used,304.996,Hours,42.9708,0.167726,42.9708,Microsoft Corporation,51.1557,0.167726,Committed,304.996,Hours,eastus,East US,microsoft/sub-a1b2c3d4/virtual-machines,virtual-machines-prod,Virtual Machine,Compute,Virtual Machines,Virtual Machines,Microsoft Azure,MIC-VirtualMachi,MIC-VirtualM-eastus,sub-a1b2c3d4,assinatura-producao,Subscription,"{""OwnerTeam"": ""redes"", ""Environment"": ""prod"", ""ManagedBy"": ""cloudformation""}"
50.724,sub-a1b2c3d4,cloudfinops-demo,Billing Account,USD,2026-08-01T00:00:00Z,2026-09-01T00:00:00Z,Usage,,Virtual Machines - Virtual Machines,Usage-Based,2026-08-19T00:00:00Z,2026-08-19T23:59:59Z,,,,1090.263,Hours,50.724,0.046525,50.724,Microsoft Corporation,50.724,0.046525,Standard,1090.263,Hours,eastus,East US,microsoft/sub-a1b2c3d4/virtual-machines,virtual-machines-prod,Virtual Machine,Compute,Virtual Machines,Virtual Machines,Microsoft Azure,MIC-VirtualMachi,MIC-VirtualM-eastus,sub-a1b2c3d4,assinatura-producao,Subscription,"{""OwnerTeam"": ""backend"", ""Environment"": ""prod"", ""ManagedBy"": ""serverless""}"
49.3658,sub-a1b2c3d4,cloudfinops-demo,Billing Account,USD,2026-08-01T00:00:00Z,2026-09-01T00:00:00Z,Usage,,Virtual Machines - Virtual Machines,Usage-Based,2026-08-20T00:00:00Z,2026-08-20T23:59:59Z,,,,310.946,Hours,49.3658,0.15876,49.3658,Microsoft Corporation,49.3658,0.15876,Standard,310.946,Hours,eastus,East US,microsoft/sub-a1b2c3d4/virtual-machines,virtual-machines-prod,Virtual Machine,Compute,Virtual Machines,Virtual Machines,Microsoft Azure,MIC-VirtualMachi,MIC-VirtualM-eastus,sub-a1b2c3d4,assinatura-producao,Subscription,"{""OwnerTeam"": ""plataforma"", ""Environment"": ""prod"", ""ManagedBy"": ""terraform""}"
50.7875,sub-a1b2c3d4,cloudfinops-demo,Billing Account,USD,2026-08-01T00:00:00Z,2026-09-01T00:00:00Z,Usage,,Virtual Machines - Virtual Machines,Usage-Based,2026-08-21T00:00:00Z,2026-08-21T23:59:59Z,cd-microsoft-compute,Usage,Used,122.155,Hours,42.6615,0.415763,42.6615,Microsoft Corporation,50.7875,0.415763,Committed,122.155,Hours,eastus,East US,microsoft/sub-a1b2c3d4/virtual-machines,virtual-machines-prod,Virtual Machine,Compute,Virtual Machines,Virtual Machines,Microsoft Azure,MIC-VirtualMachi,MIC-VirtualM-eastus,sub-a1b2c3d4,assinatura-producao,Subscription,"{""OwnerTeam"": ""plataforma"", ""Environment"": ""prod"", ""ManagedBy"": ""manual""}"
42.2326,sub-a1b2c3d4,cloudfinops-demo,Billing Account,USD,2026-08-01T00:00:00Z,2026-09-01T00:00:00Z,Usage,,Virtual Machines - Virtual Machines,Usage-Based,2026-08-22T00:00:00Z,2026-08-22T23:59:59Z,cd-microsoft-compute,Usage,Used,171.514,Hours,35.4754,0.246234,35.4754,Microsoft Corporation,42.2326,0.246234,Committed,171.514,Hours,eastus,East US,microsoft/sub-a1b2c3d4/virtual-machines,virtual-machines-prod,Virtual Machine,Compute,Virtual Machines,Virtual Machines,Microsoft Azure,MIC-VirtualMachi,MIC-VirtualM-eastus,sub-a1b2c3d4,assinatura-producao,Subscription,"{""OwnerTeam"": ""redes"", ""Environment"": ""prod"", ""ManagedBy"": ""manual""}"
41.9224,sub-a1b2c3d4,cloudfinops-demo,Billing Account,USD,2026-08-01T00:00:00Z,2026-09-01T00:00:00Z,Usage,,Virtual Machines - Virtual Machines,Usage-Based,2026-08-23T00:00:00Z,2026-08-23T23:59:59Z,,,,1298.997,Hours,41.9224,0.032273,41.9224,Microsoft Corporation,41.9224,0.032273,Standard,1298.997,Hours,eastus,East US,microsoft/sub-a1b2c3d4/virtual-machines,virtual-machines-prod,Virtual Machine,Compute,Virtual Machines,Virtual Machines,Microsoft Azure,MIC-VirtualMachi,MIC-VirtualM-eastus,sub-a1b2c3d4,assinatura-producao,Subscription,"{""OwnerTeam"": ""backend"", ""Environment"": ""prod"", ""ManagedBy"": ""terraform""}"
48.1181,sub-a1b2c3d4,cloudfinops-demo,Billing Account,USD,2026-08-01T00:00:00Z,2026-09-01T00:00:00Z,Usage,,Virtual Machines - Virtual Machines,Usage-Based,2026-08-24T00:00:00Z,2026-08-24T23:59:59Z,,,,160.948,Hours,48.1181,0.298967,48.1181,Microsoft Corporation,48.1181,0.298967,Standard,160.948,Hours,eastus,East US,microsoft/sub-a1b2c3d4/virtual-machines,virtual-machines-prod,Virtual Machine,Compute,Virtual Machines,Virtual Machines,Microsoft Azure,MIC-VirtualMachi,MIC-VirtualM-eastus,sub-a1b2c3d4,assinatura-producao,Subscription,"{""OwnerTeam"": ""backend"", ""Environment"": ""prod"", ""ManagedBy"": ""cloudformation""}"
49.602,sub-a1b2c3d4,cloudfinops-demo,Billing Account,USD,2026-08-01T00:00:00Z,2026-09-01T00:00:00Z,Usage,,Virtual Machines - Virtual Machines,Usage-Based,2026-08-25T00:00:00Z,2026-08-25T23:59:59Z,cd-microsoft-compute,Usage,Used,117.737,Hours,41.6657,0.421295,41.6657,Microsoft Corporation,49.602,0.421295,Committed,117.737,Hours,eastus,East US,microsoft/sub-a1b2c3d4/virtual-machines,virtual-machines-prod,Virtual Machine,Compute,Virtual Machines,Virtual Machines,Microsoft Azure,MIC-VirtualMachi,MIC-VirtualM-eastus,sub-a1b2c3d4,assinatura-producao,Subscription,"{""OwnerTeam"": ""plataforma"", ""Environment"": ""prod"", ""ManagedBy"": ""serverless""}"
49.2459,sub-a1b2c3d4,cloudfinops-demo,Billing Account,USD,2026-08-01T00:00:00Z,2026-09-01T00:00:00Z,Usage,,Virtual Machines - Virtual Machines,Usage-Based,2026-08-26T00:00:00Z,2026-08-26T23:59:59Z,cd-microsoft-compute,Usage,Used,130.161,Hours,41.3666,0.378346,41.3666,Microsoft Corporation,49.2459,0.378346,Committed,130.161,Hours,eastus,East US,microsoft/sub-a1b2c3d4/virtual-machines,virtual-machines-prod,Virtual Machine,Compute,Virtual Machines,Virtual Machines,Microsoft Azure,MIC-VirtualMachi,MIC-VirtualM-eastus,sub-a1b2c3d4,assinatura-producao,Subscription,"{""OwnerTeam"": ""redes"", ""Environment"": ""prod""}"
49.9078,sub-a1b2c3d4,cloudfinops-demo,Billing Account,USD,2026-08-01T00:00:00Z,2026-09-01T00:00:00Z,Usage,,Virtual Machines - Virtual Machines,Usage-Based,2026-08-27T00:00:00Z,2026-08-27T23:59:59Z,,,,389.937,Hours,49.9078,0.127989,49.9078,Microsoft Corporation,49.9078,0.127989,Standard,389.937,Hours,eastus,East US,microsoft/sub-a1b2c3d4/virtual-machines,virtual-machines-prod,Virtual Machine,Compute,Virtual Machines,Virtual Machines,Microsoft Azure,MIC-VirtualMachi,MIC-VirtualM-eastus,sub-a1b2c3d4,assinatura-producao,Subscription,"{""OwnerTeam"": ""dados"", ""Environment"": ""prod"", ""ManagedBy"": ""serverless""}"
49.5747,sub-a1b2c3d4,cloudfinops-demo,Billing Account,USD,2026-08-01T00:00:00Z,2026-09-01T00:00:00Z,Usage,,Virtual Machines - Virtual Machines,Usage-Based,2026-08-28T00:00:00Z,2026-08-28T23:59:59Z,,,,608.226,Hours,49.5747,0.081507,49.5747,Microsoft Corporation,49.5747,0.081507,Standard,608.226,Hours,eastus,East US,microsoft/sub-a1b2c3d4/virtual-machines,virtual-machines-prod,Virtual Machine,Compute,Virtual Machines,Virtual Machines,Microsoft Azure,MIC-VirtualMachi,MIC-VirtualM-eastus,sub-a1b2c3d4,assinatura-producao,Subscription,"{""OwnerTeam"": ""dados"", ""Environment"": ""prod"", ""ManagedBy"": ""cloudformation""}"
42.2944,sub-a1b2c3d4,cloudfinops-demo,Billing Account,USD,2026-08-01T00:00:00Z,2026-09-01T00:00:00Z,Usage,,Virtual Machines - Virtual Machines,Usage-Based,2026-08-29T00:00:00Z,2026-08-29T23:59:59Z,,,,108.494,Hours,42.2944,0.389832,42.2944,Microsoft Corporation,42.2944,0.389832,Standard,108.494,Hours,eastus,East US,microsoft/sub-a1b2c3d4/virtual-machines,virtual-machines-prod,Virtual Machine,Compute,Virtual Machines,Virtual Machines,Microsoft Azure,MIC-VirtualMachi,MIC-VirtualM-eastus,sub-a1b2c3d4,assinatura-producao,Subscription,"{""OwnerTeam"": ""backend"", ""Environment"": ""prod"", ""ManagedBy"": ""serverless""}"
41.179,sub-a1b2c3d4,cloudfinops-demo,Billing Account,USD,2026-08-01T00:00:00Z,2026-09-01T00:00:00Z,Usage,,Virtual Machines - Virtual Machines,Usage-Based,2026-08-30T00:00:00Z,2026-08-30T23:59:59Z,cd-microsoft-compute,Usage,Used,252.539,Hours,34.5904,0.16306,34.5904,Microsoft Corporation,41.179,0.16306,Committed,252.539,Hours,eastus,East US,microsoft/sub-a1b2c3d4/virtual-machines,virtual-machines-prod,Virtual Machine,Compute,Virtual Machines,Virtual Machines,Microsoft Azure,MIC-VirtualMachi,MIC-VirtualM-eastus,sub-a1b2c3d4,assinatura-producao,Subscription,"{""OwnerTeam"": ""backend"", ""Environment"": ""prod"", ""ManagedBy"": ""manual""}"
49.8186,sub-a1b2c3d4,cloudfinops-demo,Billing Account,USD,2026-08-01T00:00:00Z,2026-09-01T00:00:00Z,Usage,,Virtual Machines - Virtual Machines,Usage-Based,2026-08-31T00:00:00Z,2026-08-31T23:59:59Z,,,,317.391,Hours,49.8186,0.156963,49.8186,Microsoft Corporation,49.8186,0.156963,Standard,317.391,Hours,eastus,East US,microsoft/sub-a1b2c3d4/virtual-machines,virtual-machines-prod,Virtual Machine,Compute,Virtual Machines,Virtual Machines,Microsoft Azure,MIC-VirtualMachi,MIC-VirtualM-eastus,sub-a1b2c3d4,assinatura-producao,Subscription,"{""OwnerTeam"": ""redes"", ""Environment"": ""prod""}"
53.3677,sub-a1b2c3d4,cloudfinops-demo,Billing Account,USD,2026-09-01T00:00:00Z,2026-10-01T00:00:00Z,Usage,,Virtual Machines - Virtual Machines,Usage-Based,2026-09-01T00:00:00Z,2026-09-01T23:59:59Z,,,,122.992,Hours,53.3677,0.433912,53.3677,Microsoft Corporation,53.3677,0.433912,Standard,122.992,Hours,eastus,East US,microsoft/sub-a1b2c3d4/virtual-machines,virtual-machines-prod,Virtual Machine,Compute,Virtual Machines,Virtual Machines,Microsoft Azure,MIC-VirtualMachi,MIC-VirtualM-eastus,sub-a1b2c3d4,assinatura-producao,Subscription,"{""OwnerTeam"": ""redes"", ""Environment"": ""prod"", ""ManagedBy"": ""serverless""}"
53.4116,sub-a1b2c3d4,cloudfinops-demo,Billing Account,USD,2026-09-01T00:00:00Z,2026-10-01T00:00:00Z,Usage,,Virtual Machines - Virtual Machines,Usage-Based,2026-09-02T00:00:00Z,2026-09-02T23:59:59Z,,,,144.396,Hours,53.4116,0.369897,53.4116,Microsoft Corporation,53.4116,0.369897,Standard,144.396,Hours,eastus,East US,microsoft/sub-a1b2c3d4/virtual-machines,virtual-machines-prod,Virtual Machine,Compute,Virtual Machines,Virtual Machines,Microsoft Azure,MIC-VirtualMachi,MIC-VirtualM-eastus,sub-a1b2c3d4,assinatura-producao,Subscription,"{""OwnerTeam"": ""redes"", ""Environment"": ""prod"", ""ManagedBy"": ""serverless""}"
51.1846,sub-a1b2c3d4,cloudfinops-demo,Billing Account,USD,2026-09-01T00:00:00Z,2026-10-01T00:00:00Z,Usage,,Virtual Machines - Virtual Machines,Usage-Based,2026-09-03T00:00:00Z,2026-09-03T23:59:59Z,,,,778.95,Hours,51.1846,0.06571,51.1846,Microsoft Corporation,51.1846,0.06571,Standard,778.95,Hours,eastus,East US,microsoft/sub-a1b2c3d4/virtual-machines,virtual-machines-prod,Virtual Machine,Compute,Virtual Machines,Virtual Machines,Microsoft Azure,MIC-VirtualMachi,MIC-VirtualM-eastus,sub-a1b2c3d4,assinatura-producao,Subscription,"{""OwnerTeam"": ""dados"", ""Environment"": ""prod"", ""ManagedBy"": ""manual""}"
51.4282,sub-a1b2c3d4,cloudfinops-demo,Billing Account,USD,2026-09-01T00:00:00Z,2026-10-01T00:00:00Z,Usage,,Virtual Machines - Virtual Machines,Usage-Based,2026-09-04T00:00:00Z,2026-09-04T23:59:59Z,,,,1194.91,Hours,51.4282,0.043039,51.4282,Microsoft Corporation,51.4282,0.043039,Standard,1194.91,Hours,eastus,East US,microsoft/sub-a1b2c3d4/virtual-machines,virtual-machines-prod,Virtual Machine,Compute,Virtual Machines,Virtual Machines,Microsoft Azure,MIC-VirtualMachi,MIC-VirtualM-eastus,sub-a1b2c3d4,assinatura-producao,Subscription,"{""OwnerTeam"": ""backend"", ""Environment"": ""prod""}"
44.5286,sub-a1b2c3d4,cloudfinops-demo,Billing Account,USD,2026-09-01T00:00:00Z,2026-10-01T00:00:00Z,Usage,,Virtual Machines - Virtual Machines,Usage-Based,2026-09-05T00:00:00Z,2026-09-05T23:59:59Z,,,,131.608,Hours,44.5286,0.338343,44.5286,Microsoft Corporation,44.5286,0.338343,Standard,131.608,Hours,eastus,East US,microsoft/sub-a1b2c3d4/virtual-machines,virtual-machines-prod,Virtual Machine,Compute,Virtual Machines,Virtual Machines,Microsoft Azure,MIC-VirtualMachi,MIC-VirtualM-eastus,sub-a1b2c3d4,assinatura-producao,Subscription,"{""OwnerTeam"": ""redes"", ""Environment"": ""prod"", ""ManagedBy"": ""serverless""}"
42.5252,sub-a1b2c3d4,cloudfinops-demo,Billing Account,USD,2026-09-01T00:00:00Z,2026-10-01T00:00:00Z,Usage,,Virtual Machines - Virtual Machines,Usage-Based,2026-09-06T00:00:00Z,2026-09-06T23:59:59Z,cd-microsoft-compute,Usage,Used,558.075,Hours,35.7212,0.0762,35.7212,Microsoft Corporation,42.5252,0.0762,Committed,558.075,Hours,eastus,East US,microsoft/sub-a1b2c3d4/virtual-machines,virtual-machines-prod,Virtual Machine,Compute,Virtual Machines,Virtual Machines,Microsoft Azure,MIC-VirtualMachi,MIC-VirtualM-eastus,sub-a1b2c3d4,assinatura-producao,Subscription,"{""OwnerTeam"": ""redes"", ""Environment"": ""prod"", ""ManagedBy"": ""serverless""}"
52.4234,sub-a1b2c3d4,cloudfinops-demo,Billing Account,USD,2026-09-01T00:00:00Z,2026-10-01T00:00:00Z,Usage,,Virtual Machines - Virtual Machines,Usage-Based,2026-09-07T00:00:00Z,2026-09-07T23:59:59Z,cd-microsoft-compute,Usage,Used,252.071,Hours,44.0357,0.207971,44.0357,Microsoft Corporation,52.4234,0.207971,Committed,252.071,Hours,eastus,East US,microsoft/sub-a1b2c3d4/virtual-machines,virtual-machines-prod,Virtual Machine,Compute,Virtual Machines,Virtual Machines,Microsoft Azure,MIC-VirtualMachi,MIC-VirtualM-eastus,sub-a1b2c3d4,assinatura-producao,Subscription,"{""OwnerTeam"": ""redes"", ""Environment"": ""prod"", ""ManagedBy"": ""terraform""}"
51.9046,sub-a1b2c3d4,cloudfinops-demo,Billing Account,USD,2026-09-01T00:00:00Z,2026-10-01T00:00:00Z,Usage,,Virtual Machines - Virtual Machines,Usage-Based,2026-09-08T00:00:00Z,2026-09-08T23:59:59Z,cd-microsoft-compute,Usage,Used,655.571,Hours,43.5999,0.079175,43.5999,Microsoft Corporation,51.9046,0.079175,Committed,655.571,Hours,eastus,East US,microsoft/sub-a1b2c3d4/virtual-machines,virtual-machines-prod,Virtual Machine,Compute,Virtual Machines,Virtual Machines,Microsoft Azure,MIC-VirtualMachi,MIC-VirtualM-eastus,sub-a1b2c3d4,assinatura-producao,Subscription,"{""OwnerTeam"": ""backend"", ""Environment"": ""prod"", ""ManagedBy"": ""cloudformation""}"
52.2525,sub-a1b2c3d4,cloudfinops-demo,Billing Account,USD,2026-09-01T00:00:00Z,2026-10-01T00:00:00Z,Usage,,Virtual Machines - Virtual Machines,Usage-Based,2026-09-09T00:00:00Z,2026-09-09T23:59:59Z,,,,171.174,Hours,52.2525,0.30526,52.2525,Microsoft Corporation,52.2525,0.30526,Standard,171.174,Hours,eastus,East US,microsoft/sub-a1b2c3d4/virtual-machines,virtual-machines-prod,Virtual Machine,Compute,Virtual Machines,Virtual Machines,Microsoft Azure,MIC-VirtualMachi,MIC-VirtualM-eastus,sub-a1b2c3d4,assinatura-producao,Subscription,"{""OwnerTeam"": ""dados"", ""Environment"": ""prod"", ""ManagedBy"": ""manual""}"
51.2061,sub-a1b2c3d4,cloudfinops-demo,Billing Account,USD,2026-09-01T00:00:00Z,2026-10-01T00:00:00Z,Usage,,Virtual Machines - Virtual Machines,Usage-Based,2026-09-10T00:00:00Z,2026-09-10T23:59:59Z,cd-microsoft-compute,Usage,Used,152.65,Hours,43.0131,0.335448,43.0131,Microsoft Corporation,51.2061,0.335448,Committed,152.65,Hours,eastus,East US,microsoft/sub-a1b2c3d4/virtual-machines,virtual-machines-prod,Virtual Machine,Compute,Virtual Machines,Virtual Machines,Microsoft Azure,MIC-VirtualMachi,MIC-VirtualM-eastus,sub-a1b2c3d4,assinatura-producao,Subscription,"{""OwnerTeam"": ""dados"", ""Environment"": ""prod"", ""ManagedBy"": ""manual""}"
51.2637,sub-a1b2c3d4,cloudfinops-demo,Billing Account,USD,2026-09-01T00:00:00Z,2026-10-01T00:00:00Z,Usage,,Virtual Machines - Virtual Machines,Usage-Based,2026-09-11T00:00:00Z,2026-09-11T23:59:59Z,,,,378.803,Hours,51.2637,0.135331,51.2637,Microsoft Corporation,51.2637,0.135331,Standard,378.803,Hours,eastus,East US,microsoft/sub-a1b2c3d4/virtual-machines,virtual-machines-prod,Virtual Machine,Compute,Virtual Machines,Virtual Machines,Microsoft Azure,MIC-VirtualMachi,MIC-VirtualM-eastus,sub-a1b2c3d4,assinatura-producao,Subscription,"{""OwnerTeam"": ""dados"", ""Environment"": ""prod""}"
44.3949,sub-a1b2c3d4,cloudfinops-demo,Billing Account,USD,2026-09-01T00:00:00Z,2026-10-01T00:00:00Z,Usage,,Virtual Machines - Virtual Machines,Usage-Based,2026-09-12T00:00:00Z,2026-09-12T23:59:59Z,,,,125.81,Hours,44.3949,0.352873,44.3949,Microsoft Corporation,44.3949,0.352873,Standard,125.81,Hours,eastus,East US,microsoft/sub-a1b2c3d4/virtual-machines,virtual-machines-prod,Virtual Machine,Compute,Virtual Machines,Virtual Machines,Microsoft Azure,MIC-VirtualMachi,MIC-VirtualM-eastus,sub-a1b2c3d4,assinatura-producao,Subscription,"{""OwnerTeam"": ""plataforma"", ""Environment"": ""prod"", ""ManagedBy"": ""terraform""}"
43.7165,sub-a1b2c3d4,cloudfinops-demo,Billing Account,USD,2026-09-01T00:00:00Z,2026-10-01T00:00:00Z,Usage,,Virtual Machines - Virtual Machines,Usage-Based,2026-09-13T00:00:00Z,2026-09-13T23:59:59Z,cd-microsoft-compute,Usage,Used,150.141,Hours,36.7219,0.29117,36.7219,Microsoft Corporation,43.7165,0.29117,Committed,150.141,Hours,eastus,East US,microsoft/sub-a1b2c3d4/virtual-machines,virtual-machines-prod,Virtual Machine,Compute,Virtual Machines,Virtual Machines,Microsoft Azure,MIC-VirtualMachi,MIC-VirtualM-eastus,sub-a1b2c3d4,assinatura-producao,Subscription,"{""OwnerTeam"": ""plataforma"", ""Environment"": ""prod"", ""ManagedBy"": ""cloudformation""}"
53.5803,sub-a1b2c3d4,cloudfinops-demo,Billing Account,USD,2026-09-01T00:00:00Z,2026-10-01T00:00:00Z,Usage,,Virtual Machines - Virtual Machines,Usage-Based,2026-09-14T00:00:00Z,2026-09-14T23:59:59Z,,,,134.211,Hours,53.5803,0.399224,53.5803,Microsoft Corporation,53.5803,0.399224,Standard,134.211,Hours,eastus,East US,microsoft/sub-a1b2c3d4/virtual-machines,virtual-machines-prod,Virtual Machine,Compute,Virtual Machines,Virtual Machines,Microsoft Azure,MIC-VirtualMachi,MIC-VirtualM-eastus,sub-a1b2c3d4,assinatura-producao,Subscription,"{""OwnerTeam"": ""plataforma"", ""Environment"": ""prod"", ""ManagedBy"": ""manual""}"
51.0718,sub-a1b2c3d4,cloudfinops-demo,Billing Account,USD,2026-09-01T00:00:00Z,2026-10-01T00:00:00Z,Usage,,Virtual Machines - Virtual Machines,Usage-Based,2026-09-15T00:00:00Z,2026-09-15T23:59:59Z,cd-microsoft-compute,Usage,Used,509.992,Hours,42.9003,0.100142,42.9003,Microsoft Corporation,51.0718,0.100142,Committed,509.992,Hours,eastus,East US,microsoft/sub-a1b2c3d4/virtual-machines,virtual-machines-prod,Virtual Machine,Compute,Virtual Machines,Virtual Machines,Microsoft Azure,MIC-VirtualMachi,MIC-VirtualM-eastus,sub-a1b2c3d4,assinatura-producao,Subscription,"{""OwnerTeam"": ""backend"", ""Environment"": ""prod""}"
50.4414,sub-a1b2c3d4,cloudfinops-demo,Billing Account,USD,2026-09-01T00:00:00Z,2026-10-01T00:00:00Z,Usage,,Virtual Machines - Virtual Machines,Usage-Based,2026-09-16T00:00:00Z,2026-09-16T23:59:59Z,cd-microsoft-compute,Usage,Used,282.798,Hours,42.3708,0.178365,42.3708,Microsoft Corporation,50.4414,0.178365,Committed,282.798,Hours,eastus,East US,microsoft/sub-a1b2c3d4/virtual-machines,virtual-machines-prod,Virtual Machine,Compute,Virtual Machines,Virtual Machines,Microsoft Azure,MIC-VirtualMachi,MIC-VirtualM-eastus,sub-a1b2c3d4,assinatura-producao,Subscription,"{""OwnerTeam"": ""backend"", ""Environment"": ""prod"", ""ManagedBy"": ""manual""}"
53.681,sub-a1b2c3d4,cloudfinops-demo,Billing Account,USD,2026-09-01T00:00:00Z,2026-10-01T00:00:00Z,Usage,,Virtual Machines - Virtual Machines,Usage-Based,2026-09-17T00:00:00Z,2026-09-17T23:59:59Z,cd-microsoft-compute,Usage,Used,156.998,Hours,45.092,0.341922,45.092,Microsoft Corporation,53.681,0.341922,Committed,156.998,Hours,eastus,East US,microsoft/sub-a1b2c3d4/virtual-machines,virtual-machines-prod,Virtual Machine,Compute,Virtual Machines,Virtual Machines,Microsoft Azure,MIC-VirtualMachi,MIC-VirtualM-eastus,sub-a1b2c3d4,assinatura-producao,Subscription,"{""OwnerTeam"": ""plataforma"", ""Environment"": ""prod""}"
51.6364,sub-a1b2c3d4,cloudfinops-demo,Billing Account,USD,2026-09-01T00:00:00Z,2026-10-01T00:00:00Z,Usage,,Virtual Machines - Virtual Machines,Usage-Based,2026-09-18T00:00:00Z,2026-09-18T23:59:59Z,,,,1362.197,Hours,51.6364,0.037907,51.6364,Microsoft Corporation,51.6364,0.037907,Standard,1362.197,Hours,eastus,East US,microsoft/sub-a1b2c3d4/virtual-machines,virtual-machines-prod,Virtual Machine,Compute,Virtual Machines,Virtual Machines,Microsoft Azure,MIC-VirtualMachi,MIC-VirtualM-eastus,sub-a1b2c3d4,assinatura-producao,Subscription,"{""OwnerTeam"": ""redes"", ""Environment"": ""prod"", ""ManagedBy"": ""manual""}"
44.2557,sub-a1b2c3d4,cloudfinops-demo,Billing Account,USD,2026-09-01T00:00:00Z,2026-10-01T00:00:00Z,Usage,,Virtual Machines - Virtual Machines,Usage-Based,2026-09-19T00:00:00Z,2026-09-19T23:59:59Z,,,,151.317,Hours,44.2557,0.29247,44.2557,Microsoft Corporation,44.2557,0.29247,Standard,151.317,Hours,eastus,East US,microsoft/sub-a1b2c3d4/virtual-machines,virtual-machines-prod,Virtual Machine,Compute,Virtual Machines,Virtual Machines,Microsoft Azure,MIC-VirtualMachi,MIC-VirtualM-eastus,sub-a1b2c3d4,assinatura-producao,Subscription,"{""OwnerTeam"": ""plataforma"", ""Environment"": ""prod""}"
44.5956,sub-a1b2c3d4,cloudfinops-demo,Billing Account,USD,2026-09-01T00:00:00Z,2026-10-01T00:00:00Z,Usage,,Virtual Machines - Virtual Machines,Usage-Based,2026-09-20T00:00:00Z,2026-09-20T23:59:59Z,cd-microsoft-compute,Usage,Used,304.942,Hours,37.4603,0.146243,37.4603,Microsoft Corporation,44.5956,0.146243,Committed,304.942,Hours,eastus,East US,microsoft/sub-a1b2c3d4/virtual-machines,virtual-machines-prod,Virtual Machine,Compute,Virtual Machines,Virtual Machines,Microsoft Azure,MIC-VirtualMachi,MIC-VirtualM-eastus,sub-a1b2c3d4,assinatura-producao,Subscription,"{""OwnerTeam"": ""redes"", ""Environment"": ""prod"", ""ManagedBy"": ""terraform""}"
50.8354,sub-a1b2c3d4,cloudfinops-demo,Billing Account,USD,2026-09-01T00:00:00Z,2026-10-01T00:00:00Z,Usage,,Virtual Machines - Virtual Machines,Usage-Based,2026-09-21T00:00:00Z,2026-09-21T23:59:59Z,cd-microsoft-compute,Usage,Used,143.551,Hours,42.7017,0.354128,42.7017,Microsoft Corporation,50.8354,0.354128,Committed,143.551,Hours,eastus,East US,microsoft/sub-a1b2c3d4/virtual-machines,virtual-machines-prod,Virtual Machine,Compute,Virtual Machines,Virtual Machines,Microsoft Azure,MIC-VirtualMachi,MIC-VirtualM-eastus,sub-a1b2c3d4,assinatura-producao,Subscription,"{""OwnerTeam"": ""plataforma"", ""Environment"": ""prod"", ""ManagedBy"": ""serverless""}"
53.0015,sub-a1b2c3d4,cloudfinops-demo,Billing Account,USD,2026-09-01T00:00:00Z,2026-10-01T00:00:00Z,Usage,,Virtual Machines - Virtual Machines,Usage-Based,2026-09-22T00:00:00Z,2026-09-22T23:59:59Z,cd-microsoft-compute,Usage,Used,2464.278,Hours,44.5213,0.021508,44.5213,Microsoft Corporation,53.0015,0.021508,Committed,2464.278,Hours,eastus,East US,microsoft/sub-a1b2c3d4/virtual-machines,virtual-machines-prod,Virtual Machine,Compute,Virtual Machines,Virtual Machines,Microsoft Azure,MIC-VirtualMachi,MIC-VirtualM-eastus,sub-a1b2c3d4,assinatura-producao,Subscription,"{""OwnerTeam"": ""backend"", ""Environment"": ""prod""}"
52.3734,sub-a1b2c3d4,cloudfinops-demo,Billing Account,USD,2026-09-01T00:00:00Z,2026-10-01T00:00:00Z,Usage,,Virtual Machines - Virtual Machines,Usage-Based,2026-09-23T00:00:00Z,2026-09-23T23:59:59Z,cd-microsoft-compute,Usage,Used,221.242,Hours,43.9937,0.236724,43.9937,Microsoft Corporation,52.3734,0.236724,Committed,221.242,Hours,eastus,East US,microsoft/sub-a1b2c3d4/virtual-machines,virtual-machines-prod,Virtual Machine,Compute,Virtual Machines,Virtual Machines,Microsoft Azure,MIC-VirtualMachi,MIC-VirtualM-eastus,sub-a1b2c3d4,assinatura-producao,Subscription,"{""OwnerTeam"": ""redes"", ""Environment"": ""prod"", ""ManagedBy"": ""serverless""}"
50.7283,sub-a1b2c3d4,cloudfinops-demo,Billing Account,USD,2026-09-01T00:00:00Z,2026-10-01T00:00:00Z,Usage,,Virtual Machines - Virtual Machines,Usage-Based,2026-09-24T00:00:00Z,2026-09-24T23:59:59Z,,,,135.774,Hours,50.7283,0.373623,50.7283,Microsoft Corporation,50.7283,0.373623,Standard,135.774,Hours,eastus,East US,microsoft/sub-a1b2c3d4/virtual-machines,virtual-machines-prod,Virtual Machine,Compute,Virtual Machines,Virtual Machines,Microsoft Azure,MIC-VirtualMachi,MIC-VirtualM-eastus,sub-a1b2c3d4,assinatura-producao,Subscription,"{""OwnerTeam"": ""redes"", ""Environment"": ""prod"", ""ManagedBy"": ""terraform""}"
52.746,sub-a1b2c3d4,cloudfinops-demo,Billing Account,USD,2026-09-01T00:00:00Z,2026-10-01T00:00:00Z,Usage,,Virtual Machines - Virtual Machines,Usage-Based,2026-09-25T00:00:00Z,2026-09-25T23:59:59Z,cd-microsoft-compute,Usage,Used,403.166,Hours,44.3066,0.130829,44.3066,Microsoft Corporation,52.746,0.130829,Committed,403.166,Hours,eastus,East US,microsoft/sub-a1b2c3d4/virtual-machines,virtual-machines-prod,Virtual Machine,Compute,Virtual Machines,Virtual Machines,Microsoft Azure,MIC-VirtualMachi,MIC-VirtualM-eastus,sub-a1b2c3d4,assinatura-producao,Subscription,"{""OwnerTeam"": ""dados"", ""Environment"": ""prod""}"
43.9536,sub-a1b2c3d4,cloudfinops-demo,Billing Account,USD,2026-09-01T00:00:00Z,2026-10-01T00:00:00Z,Usage,,Virtual Machines - Virtual Machines,Usage-Based,2026-09-26T00:00:00Z,2026-09-26T23:59:59Z,,,,928.119,Hours,43.9536,0.047358,43.9536,Microsoft Corporation,43.9536,0.047358,Standard,928.119,Hours,eastus,East US,microsoft/sub-a1b2c3d4/virtual-machines,virtual-machines-prod,Virtual Machine,Compute,Virtual Machines,Virtual Machines,Microsoft Azure,MIC-VirtualMachi,MIC-VirtualM-eastus,sub-a1b2c3d4,assinatura-producao,Subscription,"{""OwnerTeam"": ""dados"", ""Environment"": ""prod"", ""ManagedBy"": ""manual""}"
44.9893,sub-a1b2c3d4,cloudfinops-demo,Billing Account,USD,2026-09-01T00:00:00Z,2026-10-01T00:00:00Z,Usage,,Virtual Machines - Virtual Machines,Usage-Based,2026-09-27T00:00:00Z,2026-09-27T23:59:59Z,,,,122.226,Hours,44.9893,0.368083,44.9893,Microsoft Corporation,44.9893,0.368083,Standard,122.226,Hours,eastus,East US,microsoft/sub-a1b2c3d4/virtual-machines,virtual-machines-prod,Virtual Machine,Compute,Virtual Machines,Virtual Machines,Microsoft Azure,MIC-VirtualMachi,MIC-VirtualM-eastus,sub-a1b2c3d4,assinatura-producao,Subscription,"{""OwnerTeam"": ""dados"", ""Environment"": ""prod"", ""ManagedBy"": ""terraform""}"
51.9819,sub-a1b2c3d4,cloudfinops-demo,Billing Account,USD,2026-09-01T00:00:00Z,2026-10-01T00:00:00Z,Usage,,Virtual Machines - Virtual Machines,Usage-Based,2026-09-28T00:00:00Z,2026-09-28T23:59:59Z,cd-microsoft-compute,Usage,Used,530.708,Hours,43.6648,0.097948,43.6648,Microsoft Corporation,51.9819,0.097948,Committed,530.708,Hours,eastus,East US,microsoft/sub-a1b2c3d4/virtual-machines,virtual-machines-prod,Virtual Machine,Compute,Virtual Machines,Virtual Machines,Microsoft Azure,MIC-VirtualMachi,MIC-VirtualM-eastus,sub-a1b2c3d4,assinatura-producao,Subscription,"{""OwnerTeam"": ""dados"", ""Environment"": ""prod"", ""ManagedBy"": ""terraform""}"
50.6074,sub-a1b2c3d4,cloudfinops-demo,Billing Account,USD,2026-09-01T00:00:00Z,2026-10-01T00:00:00Z,Usage,,Virtual Machines - Virtual Machines,Usage-Based,2026-09-29T00:00:00Z,2026-09-29T23:59:59Z,,,,1074.668,Hours,50.6074,0.047091,50.6074,Microsoft Corporation,50.6074,0.047091,Standard,1074.668,Hours,eastus,East US,microsoft/sub-a1b2c3d4/virtual-machines,virtual-machines-prod,Virtual Machine,Compute,Virtual Machines,Virtual Machines,Microsoft Azure,MIC-VirtualMachi,MIC-VirtualM-eastus,sub-a1b2c3d4,assinatura-producao,Subscription,"{""OwnerTeam"": ""plataforma"", ""Environment"": ""prod"", ""ManagedBy"": ""cloudformation""}"
50.3829,sub-a1b2c3d4,cloudfinops-demo,Billing Account,USD,2026-09-01T00:00:00Z,2026-10-01T00:00:00Z,Usage,,Virtual Machines - Virtual Machines,Usage-Based,2026-09-30T00:00:00Z,2026-09-30T23:59:59Z,cd-microsoft-compute,Usage,Used,242.369,Hours,42.3216,0.207877,42.3216,Microsoft Corporation,50.3829,0.207877,Committed,242.369,Hours,eastus,East US,microsoft/sub-a1b2c3d4/virtual-machines,virtual-machines-prod,Virtual Machine,Compute,Virtual Machines,Virtual Machines,Microsoft Azure,MIC-VirtualMachi,MIC-VirtualM-eastus,sub-a1b2c3d4,assinatura-producao,Subscription,"{""OwnerTeam"": ""dados"", ""Environment"": ""prod"", ""ManagedBy"": ""serverless""}"
54.1111,sub-a1b2c3d4,cloudfinops-demo,Billing Account,USD,2026-10-01T00:00:00Z,2026-11-01T00:00:00Z,Usage,,Virtual Machines - Virtual Machines,Usage-Based,2026-10-01T00:00:00Z,2026-10-01T23:59:59Z,,,,169.707,Hours,54.1111,0.31885,54.1111,Microsoft Corporation,54.1111,0.31885,Standard,169.707,Hours,eastus,East US,microsoft/sub-a1b2c3d4/virtual-machines,virtual-machines-prod,Virtual Machine,Compute,Virtual Machines,Virtual Machines,Microsoft Azure,MIC-VirtualMachi,MIC-VirtualM-eastus,sub-a1b2c3d4,assinatura-producao,Subscription,"{""OwnerTeam"": ""redes"", ""Environment"": ""prod"", ""ManagedBy"": ""cloudformation""}"
52.8594,sub-a1b2c3d4,cloudfinops-demo,Billing Account,USD,2026-10-01T00:00:00Z,2026-11-01T00:00:00Z,Usage,,Virtual Machines - Virtual Machines,Usage-Based,2026-10-02T00:00:00Z,2026-10-02T23:59:59Z,,,,150.738,Hours,52.8594,0.350671,52.8594,Microsoft Corporation,52.8594,0.350671,Standard,150.738,Hours,eastus,East US,microsoft/sub-a1b2c3d4/virtual-machines,virtual-machines-prod,Virtual Machine,Compute,Virtual Machines,Virtual Machines,Microsoft Azure,MIC-VirtualMachi,MIC-VirtualM-eastus,sub-a1b2c3d4,assinatura-producao,Subscription,"{""OwnerTeam"": ""redes"", ""Environment"": ""prod"", ""ManagedBy"": ""terraform""}"
45.077,sub-a1b2c3d4,cloudfinops-demo,Billing Account,USD,2026-10-01T00:00:00Z,2026-11-01T00:00:00Z,Usage,,Virtual Machines - Virtual Machines,Usage-Based,2026-10-03T00:00:00Z,2026-10-03T23:59:59Z,cd-microsoft-compute,Usage,Used,116.753,Hours,37.8647,0.386089,37.8647,Microsoft Corporation,45.077,0.386089,Committed,116.753,Hours,eastus,East US,microsoft/sub-a1b2c3d4/virtual-machines,virtual-machines-prod,Virtual Machine,Compute,Virtual Machines,Virtual Machines,Microsoft Azure,MIC-VirtualMachi,MIC-VirtualM-eastus,sub-a1b2c3d4,assinatura-producao,Subscription,"{""OwnerTeam"": ""plataforma"", ""Environment"": ""prod""}"
15.8413,sub-a1b2c3d4,cloudfinops-demo,Billing Account,USD,2026-08-01T00:00:00Z,2026-09-01T00:00:00Z,Usage,,Virtual Machines - Virtual Machines,Usage-Based,2026-08-01T00:00:00Z,2026-08-01T23:59:59Z,,,,89.091,Hours,15.8413,0.17781,15.8413,Microsoft Corporation,15.8413,0.17781,Standard,89.091,Hours,eastus,East US,microsoft/sub-d4e5f6a7/virtual-machines,virtual-machines-dev,Virtual Machine,Compute,Virtual Machines,Virtual Machines,Microsoft Azure,MIC-VirtualMachi,MIC-VirtualM-eastus,sub-d4e5f6a7,assinatura-dev,Subscription,"{""OwnerTeam"": ""redes"", ""Environment"": ""dev"", ""ManagedBy"": ""cloudformation""}"
16.0896,sub-a1b2c3d4,cloudfinops-demo,Billing Account,USD,2026-08-01T00:00:00Z,2026-09-01T00:00:00Z,Usage,,Virtual Machines - Virtual Machines,Usage-Based,2026-08-02T00:00:00Z,2026-08-02T23:59:59Z,,,,51.161,Hours,16.0896,0.31449,16.0896,Microsoft Corporation,16.0896,0.31449,Standard,51.161,Hours,eastus,East US,microsoft/sub-d4e5f6a7/virtual-machines,virtual-machines-dev,Virtual Machine,Compute,Virtual Machines,Virtual Machines,Microsoft Azure,MIC-VirtualMachi,MIC-VirtualM-eastus,sub-d4e5f6a7,assinatura-dev,Subscription,"{""OwnerTeam"": ""dados"", ""Environment"": ""dev"", ""ManagedBy"": ""manual""}"
18.631,sub-a1b2c3d4,cloudfinops-demo,Billing Account,USD,2026-08-01T00:00:00Z,2026-09-01T00:00:00Z,Usage,,Virtual Machines - Virtual Machines,Usage-Based,2026-08-03T00:00:00Z,2026-08-03T23:59:59Z,,,,54.107,Hours,18.631,0.344336,18.631,Microsoft Corporation,18.631,0.344336,Standard,54.107,Hours,eastus,East US,microsoft/sub-d4e5f6a7/virtual-machines,virtual-machines-dev,Virtual Machine,Compute,Virtual Machines,Virtual Machines,Microsoft Azure,MIC-VirtualMachi,MIC-VirtualM-eastus,sub-d4e5f6a7,assinatura-dev,Subscription,"{""OwnerTeam"": ""redes"", ""Environment"": ""dev"", ""ManagedBy"": ""serverless""}"
18.6911,sub-a1b2c3d4,cloudfinops-demo,Billing Account,USD,2026-08-01T00:00:00Z,2026-09-01T00:00:00Z,Usage,,Virtual Machines - Virtual Machines,Usage-Based,2026-08-04T00:00:00Z,2026-08-04T23:59:59Z,cd-microsoft-compute,Usage,Used,43.968,Hours,15.7005,0.425107,15.7005,Microsoft Corporation,18.6911,0.425107,Committed,43.968,Hours,eastus,East US,microsoft/sub-d4e5f6a7/virtual-machines,virtual-machines-dev,Virtual Machine,Compute,Virtual Machines,Virtual Machines,Microsoft Azure,MIC-VirtualMachi,MIC-VirtualM-eastus,sub-d4e5f6a7,assinatura-dev,Subscription,"{""OwnerTeam"": ""dados"", ""Environment"": ""dev"", ""ManagedBy"": ""manual""}"
19.5762,sub-a1b2c3d4,cloudfinops-demo,Billing Account,USD,2026-08-01T00:00:00Z,2026-09-01T00:00:00Z,Usage,,Virtual Machines - Virtual Machines,Usage-Based,2026-08-05T00:00:00Z,2026-08-05T23:59:59Z,,,,59.691,Hours,19.5762,0.327959,19.5762,Microsoft Corporation,19.5762,0.327959,Standard,59.691,Hours,eastus,East US,microsoft/sub-d4e5f6a7/virtual-machines,virtual-machines-dev,Virtual Machine,Compute,Virtual Machines,Virtual Machines,Microsoft Azure,MIC-VirtualMachi,MIC-VirtualM-eastus,sub-d4e5f6a7,assinatura-dev,Subscription,"{""OwnerTeam"": ""plataforma"", ""Environment"": ""dev"", ""ManagedBy"": ""serverless""}"
19.8809,sub-a1b2c3d4,cloudfinops-demo,Billing Account,USD,2026-08-01T00:00:00Z,2026-09-01T00:00:00Z,Usage,,Virtual Machines - Virtual Machines,Usage-Based,2026-08-06T00:00:00Z,2026-08-06T23:59:59Z,cd-microsoft-compute,Usage,Used,60.604,Hours,16.7,0.328046,16.7,Microsoft Corporation,19.8809,0.328046,Committed,60.604,Hours,eastus,East US,microsoft/sub-d4e5f6a7/virtual-machines,virtual-machines-dev,Virtual Machine,Compute,Virtual Machines,Virtual Machines,Microsoft Azure,MIC-VirtualMachi,MIC-VirtualM-eastus,sub-d4e5f6a7,assinatura-dev,Subscription,"{""OwnerTeam"": ""dados"", ""Environment"": ""dev""}"
19.318,sub-a1b2c3d4,cloudfinops-demo,Billing Account,USD,2026-08-01T00:00:00Z,2026-09-01T00:00:00Z,Usage,,Virtual Machines - Virtual Machines,Usage-Based,2026-08-07T00:00:00Z,2026-08-07T23:59:59Z,,,,142.318,Hours,19.318,0.135738,19.318,Microsoft Corporation,19.318,0.135738,Standard,142.318,Hours,eastus,East US,microsoft/sub-d4e5f6a7/virtual-machines,virtual-machines-dev,Virtual Machine,Compute,Virtual Machines,Virtual Machines,Microsoft Azure,MIC-VirtualMachi,MIC-VirtualM-eastus,sub-d4e5f6a7,assinatura-dev,Subscription,"{""OwnerTeam"": ""dados"", ""Environment"": ""dev"", ""ManagedBy"": ""serverless""}"
16.4689,sub-a1b2c3d4,cloudfinops-demo,Billing Account,USD,2026-08-01T00:00:00Z,2026-09-01T00:00:00Z,Usage,,Virtual Machines - Virtual Machines,Usage-Based,2026-08-08T00:00:00Z,2026-08-08T23:59:59Z,,,,51.789,Hours,16.4689,0.318,16.4689,Microsoft Corporation,16.4689,0.318,Standard,51.789,Hours,eastus,East US,microsoft/sub-d4e5f6a7/virtual-machines,virtual-machines-dev,Virtual Machine,Compute,Virtual Machines,Virtual Machines,Microsoft Azure,MIC-VirtualMachi,MIC-VirtualM-eastus,sub-d4e5f6a7,assinatura-dev,Subscription,"{""OwnerTeam"": ""redes"", ""Environment"": ""dev"", ""ManagedBy"": ""terraform""}"
15.6785,sub-a1b2c3d4,cloudfinops-demo,Billing Account,USD,2026-08-01T00:00:00Z,2026-09-01T00:00:00Z,Usage,,Virtual Machines - Virtual Machines,Usage-Based,2026-08-09T00:00:00Z,2026-08-09T23:59:59Z,cd-microsoft-compute,Usage,Used,38.88,Hours,13.1699,0.403254,13.1699,Microsoft Corporation,15.6785,0.403254,Committed,38.88,Hours,eastus,East US,microsoft/sub-d4e5f6a7/virtual-machines,virtual-machines-dev,Virtual Machine,Compute,Virtual Machines,Virtual Machines,Microsoft Azure,MIC-VirtualMachi,MIC-VirtualM-eastus,sub-d4e5f6a7,assinatura-dev,Subscription,"{""OwnerTeam"": ""backend"", ""Environment"": ""dev""}"
19.3107,sub-a1b2c3d4,cloudfinops-demo,Billing Account,USD,2026-08-01T00:00:00Z,2026-09-01T00:00:00Z,Usage,,Virtual Machines - Virtual Machines,Usage-Based,2026-08-10T00:00:00Z,2026-08-10T23:59:59Z,,,,47.232,Hours,19.3107,0.408848,19.3107,Microsoft Corporation,19.3107,0.408848,Standard,47.232,Hours,eastus,East US,microsoft/sub-d4e5f6a7/virtual-machines,virtual-machines-dev,Virtual Machine,Compute,Virtual Machines,Virtual Machines,Microsoft Azure,MIC-VirtualMachi,MIC-VirtualM-eastus,sub-d4e5f6a7,assinatura-dev,Subscription,"{""OwnerTeam"": ""dados"", ""Environment"": ""dev"", ""ManagedBy"": ""cloudformation""}"
19.0032,sub-a1b2c3d4,cloudfinops-demo,Billing Account,USD,2026-08-01T00:00:00Z,2026-09-01T00:00:00Z,Usage,,Virtual Machines - Virtual Machines,Usage-Based,2026-08-11T00:00:00Z,2026-08-11T23:59:59Z,,,,206.573,Hours,19.0032,0.091993,19.0032,Microsoft Corporation,19.0032,0.091993,Standard,206.573,Hours,eastus,East US,microsoft/sub-d4e5f6a7/virtual-machines,virtual-machines-dev,Virtual Machine,Compute,Virtual Machines,Virtual Machines,Microsoft Azure,MIC-VirtualMachi,MIC-VirtualM-eastus,sub-d4e5f6a7,assinatura-dev,Subscription,"{""OwnerTeam"": ""dados"", ""Environment"": ""dev"", ""ManagedBy"": ""cloudformation""}"
19.5851,sub-a1b2c3d4,cloudfinops-demo,Billing Account,USD,2026-08-01T00:00:00Z,2026-09-01T00:00:00Z,Usage,,Virtual Machines - Virtual Machines,Usage-Based,2026-08-12T00:00:00Z,2026-08-12T23:59:59Z,cd-microsoft-compute,Usage,Used,53.557,Hours,16.4515,0.365687,16.4515,Microsoft Corporation,19.5851,0.365687,Committed,53.557,Hours,eastus,East US,microsoft/sub-d4e5f6a7/virtual-machines,virtual-machines-dev,Virtual Machine,Compute,Virtual Machines,Virtual Machines,Microsoft Azure,MIC-VirtualMachi,MIC-VirtualM-eastus,sub-d4e5f6a7,assinatura-dev,Subscription,"{""OwnerTeam"": ""redes"", ""Environment"": ""dev"", ""ManagedBy"": ""serverless""}"
19.4065,sub-a1b2c3d4,cloudfinops-demo,Billing Account,USD,2026-08-01T00:00:00Z,2026-09-01T00:00:00Z,Usage,,Virtual Machines - Virtual Machines,Usage-Based,2026-08-13T00:00:00Z,2026-08-13T23:59:59Z,,,,69.182,Hours,19.4065,0.280514,19.4065,Microsoft Corporation,19.4065,0.280514,Standard,69.182,Hours,eastus,East US,microsoft/sub-d4e5f6a7/virtual-machines,virtual-machines-dev,Virtual Machine,Compute,Virtual Machines,Virtual Machines,Microsoft Azure,MIC-VirtualMachi,MIC-VirtualM-eastus,sub-d4e5f6a7,assinatura-dev,Subscription,"{""OwnerTeam"": ""plataforma"", ""Environment"": ""dev""}"
19.4359,sub-a1b2c3d4,cloudfinops-demo,Billing Account,USD,2026-08-01T00:00:00Z,2026-09-01T00:00:00Z,Usage,,Virtual Machines - Virtual Machines,Usage-Based,2026-08-14T00:00:00Z,2026-08-14T23:59:59Z,,,,105.822,Hours,19.4359,0.183666,19.4359,Microsoft Corporation,19.4359,0.183666,Standard,105.822,Hours,eastus,East US,microsoft/sub-d4e5f6a7/virtual-machines,virtual-machines-dev,Virtual Machine,Compute,Virtual Machines,Virtual Machines,Microsoft Azure,MIC-VirtualMachi,MIC-VirtualM-eastus,sub-d4e5f6a7,assinatura-dev,Subscription,"{""OwnerTeam"": ""backend"", ""Environment"": ""dev""}"
16.1066,sub-a1b2c3d4,cloudfinops-demo,Billing Account,USD,2026-08-01T00:00:00Z,2026-09-01T00:00:00Z,Usage,,Virtual Machines - Virtual Machines,Usage-Based,2026-08-15T00:00:00Z,2026-08-15T23:59:59Z,,,,53.404,Hours,16.1066,0.301599,16.1066,Microsoft Corporation,16.1066,0.301599,Standard,53.404,Hours,eastus,East US,microsoft/sub-d4e5f6a7/virtual-machines,virtual-machines-dev,Virtual Machine,Compute,Virtual Machines,Virtual Machines,Microsoft Azure,MIC-VirtualMachi,MIC-VirtualM-eastus,sub-d4e5f6a7,assinatura-dev,Subscription,"{""OwnerTeam"": ""plataforma"", ""Environment"": ""dev"", ""ManagedBy"": ""serverless""}"
16.3023,sub-a1b2c3d4,cloudfinops-demo,Billing Account,USD,2026-08-01T00:00:00Z,2026-09-01T00:00:00Z,Usage,,Virtual Machines - Virtual Machines,Usage-Based,2026-08-16T00:00:00Z,2026-08-16T23:59:59Z,,,,53.345,Hours,16.3023,0.305601,16.3023,Microsoft Corporation,16.3023,0.305601,Standard,53.345,Hours,eastus,East US,microsoft/sub-d4e5f6a7/virtual-machines,virtual-machines-dev,Virtual Machine,Compute,Virtual Machines,Virtual Machines,Microsoft Azure,MIC-VirtualMachi,MIC-VirtualM-eastus,sub-d4e5f6a7,assinatura-dev,Subscription,"{""OwnerTeam"": ""dados"", ""Environment"": ""dev"", ""ManagedBy"": ""serverless""}"
18.7662,sub-a1b2c3d4,cloudfinops-demo,Billing Account,USD,2026-08-01T00:00:00Z,2026-09-01T00:00:00Z,Usage,,Virtual Machines - Virtual Machines,Usage-Based,2026-08-17T00:00:00Z,2026-08-17T23:59:59Z,,,,55.482,Hours,18.7662,0.338239,18.7662,Microsoft Corporation,18.7662,0.338239,Standard,55.482,Hours,eastus,East US,microsoft/sub-d4e5f6a7/virtual-machines,virtual-machines-dev,Virtual Machine,Compute,Virtual Machines,Virtual Machines,Microsoft Azure,MIC-VirtualMachi,MIC-VirtualM-eastus,sub-d4e5f6a7,assinatura-dev,Subscription,"{""OwnerTeam"": ""backend"", ""Environment"": ""dev"", ""ManagedBy"": ""serverless""}"
19.6101,sub-a1b2c3d4,cloudfinops-demo,Billing Account,USD,2026-08-01T00:00:00Z,2026-09-01T00:00:00Z,Usage,,Virtual Machines - Virtual Machines,Usage-Based,2026-08-18T00:00:00Z,2026-08-18T23:59:59Z,cd-microsoft-compute,Usage,Used,52.22,Hours,16.4725,0.375529,16.4725,Microsoft Corporation,19.6101,0.375529,Committed,52.22,Hours,eastus,East US,microsoft/sub-d4e5f6a7/virtual-machines,virtual-machines-dev,Virtual Machine,Compute,Virtual Machines,Virtual Machines,Microsoft Azure,MIC-VirtualMachi,MIC-VirtualM-eastus,sub-d4e5f6a7,assinatura-dev,Subscription,"{""OwnerTeam"": ""dados"", ""Environment"": ""dev"", ""ManagedBy"": ""manual""}"
19.2257,sub-a1b2c3d4,cloudfinops-demo,Billing Account,USD,2026-08-01T00:00:00Z,2026-09-01T00:00:00Z,Usage,,Virtual Machines - Virtual Machines,Usage-Based,2026-08-19T00:00:00Z,2026-08-19T23:59:59Z,cd-microsoft-compute,Usage,Used,252.188,Hours,16.1496,0.076236,16.1496,Microsoft Corporation,19.2257,0.076236,Committed,252.188,Hours,eastus,East US,microsoft/sub-d4e5f6a7/virtual-machines,virtual-machines-dev,Virtual Machine,Compute,Virtual Machines,Virtual Machines,Microsoft Azure,MIC-VirtualMachi,MIC-VirtualM-eastus,sub-d4e5f6a7,assinatura-dev,Subscription,"{""OwnerTeam"": ""backend"", ""Environment"": ""dev"", ""ManagedBy"": ""manual""}"
18.8376,sub-a1b2c3d4,cloudfinops-demo,Billing Account,USD,2026-08-01T00:00:00Z,2026-09-01T00:00:00Z,Usage,,Virtual Machines - Virtual Machines,Usage-Based,2026-08-20T00:00:00Z,2026-08-20T23:59:59Z,,,,96.925,Hours,18.8376,0.194352,18.8376,Microsoft Corporation,18.8376,0.194352,Standard,96.925,Hours,eastus,East US,microsoft/sub-d4e5f6a7/virtual-machines,virtual-machines-dev,Virtual Machine,Compute,Virtual Machines,Virtual Machines,Microsoft Azure,MIC-VirtualMachi,MIC-VirtualM-eastus,sub-d4e5f6a7,assinatura-dev,Subscription,"{""OwnerTeam"": ""dados"", ""Environment"": ""dev"", ""ManagedBy"": ""serverless""}"
19.4659,sub-a1b2c3d4,cloudfinops-demo,Billing Account,USD,2026-08-01T00:00:00Z,2026-09-01T00:00:00Z,Usage,,Virtual Machines - Virtual Machines,Usage-Based,2026-08-21T00:00:00Z,2026-08-21T23:59:59Z,,,,91.843,Hours,19.4659,0.211948,19.4659,Microsoft Corporation,19.4659,0.211948,Standard,91.843,Hours,eastus,East US,microsoft/sub-d4e5f6a7/virtual-machines,virtual-machines-dev,Virtual Machine,Compute,Virtual Machines,Virtual Machines,Microsoft Azure,MIC-VirtualMachi,MIC-VirtualM-eastus,sub-d4e5f6a7,assinatura-dev,Subscription,"{""OwnerTeam"": ""plataforma"", ""Environment"": ""dev"", ""ManagedBy"": ""terraform""}"
15.7175,sub-a1b2c3d4,cloudfinops-demo,Billing Account,USD,2026-08-01T00:00:00Z,2026-09-01T00:00:00Z,Usage,,Virtual Machines - Virtual Machines,Usage-Based,2026-08-22T00:00:00Z,2026-08-22T23:59:59Z,,,,47.675,Hours,15.7175,0.32968,15.7175,Microsoft Corporation,15.7175,0.32968,Standard,47.675,Hours,eastus,East US,microsoft/sub-d4e5f6a7/virtual-machines,virtual-machines-dev,Virtual Machine,Compute,Virtual Machines,Virtual Machines,Microsoft Azure,MIC-VirtualMachi,MIC-VirtualM-eastus,sub-d4e5f6a7,assinatura-dev,Subscription,"{""OwnerTeam"": ""backend"", ""Environment"": ""dev"", ""ManagedBy"": ""manual""}"
16.4896,sub-a1b2c3d4,cloudfinops-demo,Billing Account,USD,2026-08-01T00:00:00Z,2026-09-01T00:00:00Z,Usage,,Virtual Machines - Virtual Machines,Usage-Based,2026-08-23T00:00:00Z,2026-08-23T23:59:59Z,,,,53.747,Hours,16.4896,0.3068,16.4896,Microsoft Corporation,16.4896,0.3068,Standard,53.747,Hours,eastus,East US,microsoft/sub-d4e5f6a7/virtual-machines,virtual-machines-dev,Virtual Machine,Compute,Virtual Machines,Virtual Machines,Microsoft Azure,MIC-VirtualMachi,MIC-VirtualM-eastus,sub-d4e5f6a7,assinatura-dev,Subscription,"{""OwnerTeam"": ""plataforma"", ""Environment"": ""dev""}"
19.1144,sub-a1b2c3d4,cloudfinops-demo,Billing Account,USD,2026-08-01T00:00:00Z,2026-09-01T00:00:00Z,Usage,,Virtual Machines - Virtual Machines,Usage-Based,2026-08-24T00:00:00Z,2026-08-24T23:59:59Z,,,,53.585,Hours,19.1144,0.356712,19.1144,Microsoft Corporation,19.1144,0.356712,Standard,53.585,Hours,eastus,East US,microsoft/sub-d4e5f6a7/virtual-machines,virtual-machines-dev,Virtual Machine,Compute,Virtual Machines,Virtual Machines,Microsoft Azure,MIC-VirtualMachi,MIC-VirtualM-eastus,sub-d4e5f6a7,assinatura-dev,Subscription,"{""OwnerTeam"": ""plataforma"", ""Environment"": ""dev"", ""ManagedBy"": ""manual""}"
19.6789,sub-a1b2c3d4,cloudfinops-demo,Billing Account,USD,2026-08-01T00:00:00Z,2026-09-01T00:00:00Z,Usage,,Virtual Machines - Virtual Machines,Usage-Based,2026-08-25T00:00:00Z,2026-08-25T23:59:59Z,,,,51.636,Hours,19.6789,0.381108,19.6789,Microsoft Corporation,19.6789,0.381108,Standard,51.636,Hours,eastus,East US,microsoft/sub-d4e5f6a7/virtual-machines,virtual-machines-dev,Virtual Machine,Compute,Virtual Machines,Virtual Machines,Microsoft Azure,MIC-VirtualMachi,MIC-VirtualM-eastus,sub-d4e5f6a7,assinatura-dev,Subscription,"{""OwnerTeam"": ""backend"", ""Environment"": ""dev""}"
18.9136,sub-a1b2c3d4,cloudfinops-demo,Billing Account,USD,2026-08-01T00:00:00Z,2026-09-01T00:00:00Z,Usage,,Virtual Machines - Virtual Machines,Usage-Based,2026-08-26T00:00:00Z,2026-08-26T23:59:59Z,cd-microsoft-compute,Usage,Used,166.181,Hours,15.8874,0.113813,15.8874,Microsoft Corporation,18.9136,0.113813,Committed,166.181,Hours,eastus,East US,microsoft/sub-d4e5f6a7/virtual-machines,virtual-machines-dev,Virtual Machine,Compute,Virtual Machines,Virtual Machines,Microsoft Azure,MIC-VirtualMachi,MIC-VirtualM-eastus,sub-d4e5f6a7,assinatura-dev,Subscription,"{""OwnerTeam"": ""redes"", ""Environment"": ""dev"", ""ManagedBy"": ""serverless""}"
19.5334,sub-a1b2c3d4,cloudfinops-demo,Billing Account,USD,2026-08-01T00:00:00Z,2026-09-01T00:00:00Z,Usage,,Virtual Machines - Virtual Machines,Usage-Based,2026-08-27T00:00:00Z,2026-08-27T23:59:59Z,cd-microsoft-compute,Usage,Used,48.366,Hours,16.4081,0.403866,16.4081,Microsoft Corporation,19.5334,0.403866,Committed,48.366,Hours,eastus,East US,microsoft/sub-d4e5f6a7/virtual-machines,virtual-machines-dev,Virtual Machine,Compute,Virtual Machines,Virtual Machines,Microsoft Azure,MIC-VirtualMachi,MIC-VirtualM-eastus,sub-d4e5f6a7,assinatura-dev,Subscription,"{""OwnerTeam"": ""plataforma"", ""Environment"": ""dev"", ""ManagedBy"": ""cloudformation""}"
18.9685,sub-a1b2c3d4,cloudfinops-demo,Billing Account,USD,2026-08-01T00:00:00Z,2026-09-01T00:00:00Z,Usage,,Virtual Machines - Virtual Machines,Usage-Based,2026-08-28T00:00:00Z,2026-08-28T23:59:59Z,cd-microsoft-compute,Usage,Used,58.909,Hours,15.9335,0.321997,15.9335,Microsoft Corporation,18.9685,0.321997,Committed,58.909,Hours,eastus,East US,microsoft/sub-d4e5f6a7/virtual-machines,virtual-machines-dev,Virtual Machine,Compute,Virtual Machines,Virtual Machines,Microsoft Azure,MIC-VirtualMachi,MIC-VirtualM-eastus,sub-d4e5f6a7,assinatura-dev,Subscription,"{""OwnerTeam"": ""dados"", ""Environment"": ""dev"", ""ManagedBy"": ""serverless""}"
16.0603,sub-a1b2c3d4,cloudfinops-demo,Billing Account,USD,2026-08-01T00:00:00Z,2026-09-01T00:00:00Z,Usage,,Virtual Machines - Virtual Machines,Usage-Based,2026-08-29T00:00:00Z,2026-08-29T23:59:59Z,,,,45.583,Hours,16.0603,0.352331,16.0603,Microsoft Corporation,16.0603,0.352331,Standard,45.583,Hours,eastus,East US,microsoft/sub-d4e5f6a7/virtual-machines,virtual-machines-dev,Virtual Machine,Compute,Virtual Machines,Virtual Machines,Microsoft Azure,MIC-VirtualMachi,MIC-VirtualM-eastus,sub-d4e5f6a7,assinatura-dev,Subscription,"{""OwnerTeam"": ""backend"", ""Environment"": ""dev"", ""ManagedBy"": ""cloudformation""}"
16.5187,sub-a1b2c3d4,cloudfinops-demo,Billing Account,USD,2026-08-01T00:00:00Z,2026-09-01T00:00:00Z,Usage,,Virtual Machines - Virtual Machines,Usage-Based,2026-08-30T00:00:00Z,2026-08-30T23:59:59Z,,,,104.356,Hours,16.5187,0.158292,16.5187,Microsoft Corporation,16.5187,0.158292,Standard,104.356,Hours,eastus,East US,microsoft/sub-d4e5f6a7/virtual-machines,virtual-machines-dev,Virtual Machine,Compute,Virtual Machines,Virtual Machines,Microsoft Azure,MIC-VirtualMachi,MIC-VirtualM-eastus,sub-d4e5f6a7,assinatura-dev,Subscription,"{""OwnerTeam"": ""plataforma"", ""Environment"": ""dev"", ""ManagedBy"": ""terraform""}"
19.5142,sub-a1b2c3d4,cloudfinops-demo,Billing Account,USD,2026-08-01T00:00:00Z,2026-09-01T00:00:00Z,Usage,,Virtual Machines - Virtual Machines,Usage-Based,2026-08-31T00:00:00Z,2026-08-31T23:59:59Z,,,,139.955,Hours,19.5142,0.139432,19.5142,Microsoft Corporation,19.5142,0.139432,Standard,139.955,Hours,eastus,East US,microsoft/sub-d4e5f6a7/virtual-machines,virtual-machines-dev,Virtual Machine,Compute,Virtual Machines,Virtual Machines,Microsoft Azure,MIC-VirtualMachi,MIC-VirtualM-eastus,sub-d4e5f6a7,assinatura-dev,Subscription,"{""OwnerTeam"": ""dados"", ""Environment"": ""dev""}"
19.9794,sub-a1b2c3d4,cloudfinops-demo,Billing Account,USD,2026-09-01T00:00:00Z,2026-10-01T00:00:00Z,Usage,,Virtual Machines - Virtual Machines,Usage-Based,2026-09-01T00:00:00Z,2026-09-01T23:59:59Z,cd-microsoft-compute,Usage,Used,218.435,Hours,16.7827,0.091466,16.7827,Microsoft Corporation,19.9794,0.091466,Committed,218.435,Hours,eastus,East US,microsoft/sub-d4e5f6a7/virtual-machines,virtual-machines-dev,Virtual Machine,Compute,Virtual Machines,Virtual Machines,Microsoft Azure,MIC-VirtualMachi,MIC-VirtualM-eastus,sub-d4e5f6a7,assinatura-dev,Subscription,"{""OwnerTeam"": ""dados"", ""Environment"": ""dev"", ""ManagedBy"": ""terraform""}"
19.8847,sub-a1b2c3d4,cloudfinops-demo,Billing Account,USD,2026-09-01T00:00:00Z,2026-10-01T00:00:00Z,Usage,,Virtual Machines - Virtual Machines,Usage-Based,2026-09-02T00:00:00Z,2026-09-02T23:59:59Z,,,,158.974,Hours,19.8847,0.125081,19.8847,Microsoft Corporation,19.8847,0.125081,Standard,158.974,Hours,eastus,East US,microsoft/sub-d4e5f6a7/virtual-machines,virtual-machines-dev,Virtual Machine,Compute,Virtual Machines,Virtual Machines,Microsoft Azure,MIC-VirtualMachi,MIC-VirtualM-eastus,sub-d4e5f6a7,assinatura-dev,Subscription,"{""OwnerTeam"": ""backend"", ""Environment"": ""dev"", ""ManagedBy"": ""terraform""}"
20.1133,sub-a1b2c3d4,cloudfinops-demo,Billing Account,USD,2026-09-01T00:00:00Z,2026-10-01T00:00:00Z,Usage,,Virtual Machines - Virtual Machines,Usage-Based,2026-09-03T00:00:00Z,2026-09-03T23:59:59Z,,,,95.626,Hours,20.1133,0.210333,20.1133,Microsoft Corporation,20.1133,0.210333,Standard,95.626,Hours,eastus,East US,microsoft/sub-d4e5f6a7/virtual-machines,virtual-machines-dev,Virtual Machine,Compute,Virtual Machines,Virtual Machines,Microsoft Azure,MIC-VirtualMachi,MIC-VirtualM-eastus,sub-d4e5f6a7,assinatura-dev,Subscription,"{""OwnerTeam"": ""plataforma"", ""Environment"": ""dev"", ""ManagedBy"": ""serverless""}"
20.039,sub-a1b2c3d4,cloudfinops-demo,Billing Account,USD,2026-09-01T00:00:00Z,2026-10-01T00:00:00Z,Usage,,Virtual Machines - Virtual Machines,Usage-Based,2026-09-04T00:00:00Z,2026-09-04T23:59:59Z,,,,45.601,Hours,20.039,0.439442,20.039,Microsoft Corporation,20.039,0.439442,Standard,45.601,Hours,eastus,East US,microsoft/sub-d4e5f6a7/virtual-machines,virtual-machines-dev,Virtual Machine,Compute,Virtual Machines,Virtual Machines,Microsoft Azure,MIC-VirtualMachi,MIC-VirtualM-eastus,sub-d4e5f6a7,assinatura-dev,Subscription,"{""OwnerTeam"": ""dados"", ""Environment"": ""dev"", ""ManagedBy"": ""serverless""}"
16.5118,sub-a1b2c3d4,cloudfinops-demo,Billing Account,USD,2026-09-01T00:00:00Z,2026-10-01T00:00:00Z,Usage,,Virtual Machines - Virtual Machines,Usage-Based,2026-09-05T00:00:00Z,2026-09-05T23:59:59Z,,,,47.989,Hours,16.5118,0.344075,16.5118,Microsoft Corporation,16.5118,0.344075,Standard,47.989,Hours,eastus,East US,microsoft/sub-d4e5f6a7/virtual-machines,virtual-machines-dev,Virtual Machine,Compute,Virtual Machines,Virtual Machines,Microsoft Azure,MIC-VirtualMachi,MIC-VirtualM-eastus,sub-d4e5f6a7,assinatura-dev,Subscription,"{""OwnerTeam"": ""plataforma"", ""Environment"": ""dev""}"
17.1973,sub-a1b2c3d4,cloudfinops-demo,Billing Account,USD,2026-09-01T00:00:00Z,2026-10-01T00:00:00Z,Usage,,Virtual Machines - Virtual Machines,Usage-Based,2026-09-06T00:00:00Z,2026-09-06T23:59:59Z,cd-microsoft-compute,Usage,Used,44.661,Hours,14.4457,0.385063,14.4457,Microsoft Corporation,17.1973,0.385063,Committed,44.661,Hours,eastus,East US,microsoft/sub-d4e5f6a7/virtual-machines,virtual-machines-dev,Virtual Machine,Compute,Virtual Machines,Virtual Machines,Microsoft Azure,MIC-VirtualMachi,MIC-VirtualM-eastus,sub-d4e5f6a7,assinatura-dev,Subscription,"{""OwnerTeam"": ""redes"", ""Environment"": ""dev"", ""ManagedBy"": ""manual""}"
20.1745,sub-a1b2c3d4,cloudfinops-demo,Billing Account,USD,2026-09-01T00:00:00Z,2026-10-01T00:00:00Z,Usage,,Virtual Machines - Virtual Machines,Usage-Based,2026-09-07T00:00:00Z,2026-09-07T23:59:59Z,,,,212.835,Hours,20.1745,0.094789,20.1745,Microsoft Corporation,20.1745,0.094789,Standard,212.835,Hours,eastus,East US,microsoft/sub-d4e5f6a7/virtual-machines,virtual-machines-dev,Virtual Machine,Compute,Virtual Machines,Virtual Machines,Microsoft Azure,MIC-VirtualMachi,MIC-VirtualM-eastus,sub-d4e5f6a7,assinatura-dev,Subscription,"{""OwnerTeam"": ""dados"", ""Environment"": ""dev"", ""ManagedBy"": ""serverless""}"
20.8674,sub-a1b2c3d4,cloudfinops-demo,Billing Account,USD,2026-09-01T00:00:00Z,2026-10-01T00:00:00Z,Usage,,Virtual Machines - Virtual Machines,Usage-Based,2026-09-08T00:00:00Z,2026-09-08T23:59:59Z,,,,82.687,Hours,20.8674,0.252366,20.8674,Microsoft Corporation,20.8674,0.252366,Standard,82.687,Hours,eastus,East US,microsoft/sub-d4e5f6a7/virtual-machines,virtual-machines-dev,Virtual Machine,Compute,Virtual Machines,Virtual Machines,Microsoft Azure,MIC-VirtualMachi,MIC-VirtualM-eastus,sub-d4e5f6a7,assinatura-dev,Subscription,"{""OwnerTeam"": ""dados"", ""Environment"": ""dev""}"
20.1862,sub-a1b2c3d4,cloudfinops-demo,Billing Account,USD,2026-09-01T00:00:00Z,2026-10-01T00:00:00Z,Usage,,Virtual Machines - Virtual Machines,Usage-Based,2026-09-09T00:00:00Z,2026-09-09T23:59:59Z,,,,51.703,Hours,20.1862,0.390426,20.1862,Microsoft Corporation,20.1862,0.390426,Standard,51.703,Hours,eastus,East US,microsoft/sub-d4e5f6a7/virtual-machines,virtual-machines-dev,Virtual Machine,Compute,Virtual Machines,Virtual Machines,Microsoft Azure,MIC-VirtualMachi,MIC-VirtualM-eastus,sub-d4e5f6a7,assinatura-dev,Subscription,"{""OwnerTeam"": ""plataforma"", ""Environment"": ""dev"", ""ManagedBy"": ""cloudformation""}"
20.6727,sub-a1b2c3d4,cloudfinops-demo,Billing Account,USD,2026-09-01T00:00:00Z,2026-10-01T00:00:00Z,Usage,,Virtual Machines - Virtual Machines,Usage-Based,2026-09-10T00:00:00Z,2026-09-10T23:59:59Z,,,,277.034,Hours,20.6727,0.074622,20.6727,Microsoft Corporation,20.6727,0.074622,Standard,277.034,Hours,eastus,East US,microsoft/sub-d4e5f6a7/virtual-machines,virtual-machines-dev,Virtual Machine,Compute,Virtual Machines,Virtual Machines,Microsoft Azure,MIC-VirtualMachi,MIC-VirtualM-eastus,sub-d4e5f6a7,assinatura-dev,Subscription,"{""OwnerTeam"": ""plataforma"", ""Environment"": ""dev"", ""ManagedBy"": ""serverless""}"
19.9096,sub-a1b2c3d4,cloudfinops-demo,Billing Account,USD,2026-09-01T00:00:00Z,2026-10-01T00:00:00Z,Usage,,Virtual Machines - Virtual Machines,Usage-Based,2026-09-11T00:00:00Z,2026-09-11T23:59:59Z,,,,77.285,Hours,19.9096,0.257613,19.9096,Microsoft Corporation,19.9096,0.257613,Standard,77.285,Hours,eastus,East US,microsoft/sub-d4e5f6a7/virtual-machines,virtual-machines-dev,Virtual Machine,Compute,Virtual Machines,Virtual Machines,Microsoft Azure,MIC-VirtualMachi,MIC-VirtualM-eastus,sub-d4e5f6a7,assinatura-dev,Subscription,"{""OwnerTeam"": ""dados"", ""Environment"": ""dev"", ""ManagedBy"": ""terraform""}"
17.3074,sub-a1b2c3d4,cloudfinops-demo,Billing Account,USD,2026-09-01T00:00:00Z,2026-10-01T00:00:00Z,Usage,,Virtual Machines - Virtual Machines,Usage-Based,2026-09-12T00:00:00Z,2026-09-12T23:59:59Z,cd-microsoft-compute,Usage,Used,38.47,Hours,14.5382,0.449893,14.5382,Microsoft Corporation,17.3074,0.449893,Committed,38.47,Hours,eastus,East US,microsoft/sub-d4e5f6a7/virtual-machines,virtual-machines-dev,Virtual Machine,Compute,Virtual Machines,Virtual Machines,Microsoft Azure,MIC-VirtualMachi,MIC-VirtualM-eastus,sub-d4e5f6a7,assinatura-dev,Subscription,"{""OwnerTeam"": ""redes"", ""Environment"": ""dev""}"
17.3536,sub-a1b2c3d4,cloudfinops-demo,Billing Account,USD,2026-09-01T00:00:00Z,2026-10-01T00:00:00Z,Usage,,Virtual Machines - Virtual Machines,Usage-Based,2026-09-13T00:00:00Z,2026-09-13T23:59:59Z,,,,83.473,Hours,17.3536,0.207895,17.3536,Microsoft Corporation,17.3536,0.207895,Standard,83.473,Hours,eastus,East US,microsoft/sub-d4e5f6a7/virtual-machines,virtual-machines-dev,Virtual Machine,Compute,Virtual Machines,Virtual Machines,Microsoft Azure,MIC-VirtualMachi,MIC-VirtualM-eastus,sub-d4e5f6a7,assinatura-dev,Subscription,"{""OwnerTeam"": ""redes"", ""Environment"": ""dev"", ""ManagedBy"": ""manual""}"
19.5299,sub-a1b2c3d4,cloudfinops-demo,Billing Account,USD,2026-09-01T00:00:00Z,2026-10-01T00:00:00Z,Usage,,Virtual Machines - Virtual Machines,Usage-Based,2026-09-14T00:00:00Z,2026-09-14T23:59:59Z,,,,50.829,Hours,19.5299,0.384228,19.5299,Microsoft Corporation,19.5299,0.384228,Standard,50.829,Hours,eastus,East US,microsoft/sub-d4e5f6a7/virtual-machines,virtual-machines-dev,Virtual Machine,Compute,Virtual Machines,Virtual Machines,Microsoft Azure,MIC-VirtualMachi,MIC-VirtualM-eastus,sub-d4e5f6a7,assinatura-dev,Subscription,"{""OwnerTeam"": ""dados"", ""Environment"": ""dev"", ""ManagedBy"": ""terraform""}"
19.5915,sub-a1b2c3d4,cloudfinops-demo,Billing Account,USD,2026-09-01T00:00:00Z,2026-10-01T00:00:00Z,Usage,,Virtual Machines - Virtual Machines,Usage-Based,2026-09-15T00:00:00Z,2026-09-15T23:59:59Z,,,,63.574,Hours,19.5915,0.308168,19.5915,Microsoft Corporation,19.5915,0.308168,Standard,63.574,Hours,eastus,East US,microsoft/sub-d4e5f6a7/virtual-machines,virtual-machines-dev,Virtual Machine,Compute,Virtual Machines,Virtual Machines,Microsoft Azure,MIC-VirtualMachi,MIC-VirtualM-eastus,sub-d4e5f6a7,assinatura-dev,Subscription,"{""OwnerTeam"": ""redes"", ""Environment"": ""dev"", ""ManagedBy"": ""cloudformation""}"
20.7375,sub-a1b2c3d4,cloudfinops-demo,Billing Account,USD,2026-09-01T00:00:00Z,2026-10-01T00:00:00Z,Usage,,Virtual Machines - Virtual Machines,Usage-Based,2026-09-16T00:00:00Z,2026-09-16T23:59:59Z,,,,83.028,Hours,20.7375,0.249765,20.7375,Microsoft Corporation,20.7375,0.249765,Standard,83.028,Hours,eastus,East US,microsoft/sub-d4e5f6a7/virtual-machines,virtual-machines-dev,Virtual Machine,Compute,Virtual Machines,Virtual Machines,Microsoft Azure,MIC-VirtualMachi,MIC-VirtualM-eastus,sub-d4e5f6a7,assinatura-dev,Subscription,"{""OwnerTeam"": ""redes"", ""Environment"": ""dev"", ""ManagedBy"": ""serverless""}"
20.2655,sub-a1b2c3d4,cloudfinops-demo,Billing Account,USD,2026-09-01T00:00:00Z,2026-10-01T00:00:00Z,Usage,,Virtual Machines - Virtual Machines,Usage-Based,2026-09-17T00:00:00Z,2026-09-17T23:59:59Z,,,,61.833,Hours,20.2655,0.327746,20.2655,Microsoft Corporation,20.2655,0.327746,Standard,61.833,Hours,eastus,East US,microsoft/sub-d4e5f6a7/virtual-machines,virtual-machines-dev,Virtual Machine,Compute,Virtual Machines,Virtual Machines,Microsoft Azure,MIC-VirtualMachi,MIC-VirtualM-eastus,sub-d4e5f6a7,assinatura-dev,Subscription,"{""OwnerTeam"": ""plataforma"", ""Environment"": ""dev"", ""ManagedBy"": ""cloudformation""}"
20.8967,sub-a1b2c3d4,cloudfinops-demo,Billing Account,USD,2026-09-01T00:00:00Z,2026-10-01T00:00:00Z,Usage,,Virtual Machines - Virtual Machines,Usage-Based,2026-09-18T00:00:00Z,2026-09-18T23:59:59Z,cd-microsoft-compute,Usage,Used,89.307,Hours,17.5532,0.233987,17.5532,Microsoft Corporation,20.8967,0.233987,Committed,89.307,Hours,eastus,East US,microsoft/sub-d4e5f6a7/virtual-machines,virtual-machines-dev,Virtual Machine,Compute,Virtual Machines,Virtual Machines,Microsoft Azure,MIC-VirtualMachi,MIC-VirtualM-eastus,sub-d4e5f6a7,assinatura-dev,Subscription,"{""OwnerTeam"": ""dados"", ""Environment"": ""dev"", ""ManagedBy"": ""manual""}"
17.5353,sub-a1b2c3d4,cloudfinops-demo,Billing Account,USD,2026-09-01T00:00:00Z,2026-10-01T00:00:00Z,Usage,,Virtual Machines - Virtual Machines,Usage-Based,2026-09-19T00:00:00Z,2026-09-19T23:59:59Z,,,,42.301,Hours,17.5353,0.414536,17.5353,Microsoft Corporation,17.5353,0.414536,Standard,42.301,Hours,eastus,East US,microsoft/sub-d4e5f6a7/virtual-machines,virtual-machines-dev,Virtual Machine,Compute,Virtual Machines,Virtual Machines,Microsoft Azure,MIC-VirtualMachi,MIC-VirtualM-eastus,sub-d4e5f6a7,assinatura-dev,Subscription,"{""OwnerTeam"": ""backend"", ""Environment"": ""dev"", ""ManagedBy"": ""cloudformation""}"
16.837,sub-a1b2c3d4,cloudfinops-demo,Billing Account,USD,2026-09-01T00:00:00Z,2026-10-01T00:00:00Z,Usage,,Virtual Machines - Virtual Machines,Usage-Based,2026-09-20T00:00:00Z,2026-09-20T23:59:59Z,,,,64.303,Hours,16.837,0.261838,16.837,Microsoft Corporation,16.837,0.261838,Standard,64.303,Hours,eastus,East US,microsoft/sub-d4e5f6a7/virtual-machines,virtual-machines-dev,Virtual Machine,Compute,Virtual Machines,Virtual Machines,Microsoft Azure,MIC-VirtualMachi,MIC-VirtualM-eastus,sub-d4e5f6a7,assinatura-dev,Subscription,"{""OwnerTeam"": ""dados"", ""Environment"": ""dev"", ""ManagedBy"": ""serverless""}"
20.6261,sub-a1b2c3d4,cloudfinops-demo,Billing Account,USD,2026-09-01T00:00:00Z,2026-10-01T00:00:00Z,Usage,,Virtual Machines - Virtual Machines,Usage-Based,2026-09-21T00:00:00Z,2026-09-21T23:59:59Z,,,,74.925,Hours,20.6261,0.27529,20.6261,Microsoft Corporation,20.6261,0.27529,Standard,74.925,Hours,eastus,East US,microsoft/sub-d4e5f6a7/virtual-machines,virtual-machines-dev,Virtual Machine,Compute,Virtual Machines,Virtual Machines,Microsoft Azure,MIC-VirtualMachi,MIC-VirtualM-eastus,sub-d4e5f6a7,assinatura-dev,Subscription,"{""OwnerTeam"": ""plataforma"", ""Environment"": ""dev""}"
19.5887,sub-a1b2c3d4,cloudfinops-demo,Billing Account,USD,2026-09-01T00:00:00Z,2026-10-01T00:00:00Z,Usage,,Virtual Machines - Virtual Machines,Usage-Based,2026-09-22T00:00:00Z,2026-09-22T23:59:59Z,,,,44.319,Hours,19.5887,0.441993,19.5887,Microsoft Corporation,19.5887,0.441993,Standard,44.319,Hours,eastus,East US,microsoft/sub-d4e5f6a7/virtual-machines,virtual-machines-dev,Virtual Machine,Compute,Virtual Machines,Virtual Machines,Microsoft Azure,MIC-VirtualMachi,MIC-VirtualM-eastus,sub-d4e5f6a7,assinatura-dev,Subscription,"{""OwnerTeam"": ""backend"", ""Environment"": ""dev""}"
19.5428,sub-a1b2c3d4,cloudfinops-demo,Billing Account,USD,2026-09-01T00:00:00Z,2026-10-01T00:00:00Z,Usage,,Virtual Machines - Virtual Machines,Usage-Based,2026-09-23T00:00:00Z,2026-09-23T23:59:59Z,,,,220.918,Hours,19.5428,0.088462,19.5428,Microsoft Corporation,19.5428,0.088462,Standard,220.918,Hours,eastus,East US,microsoft/sub-d4e5f6a7/virtual-machines,virtual-machines-dev,Virtual Machine,Compute,Virtual Machines,Virtual Machines,Microsoft Azure,MIC-VirtualMachi,MIC-VirtualM-eastus,sub-d4e5f6a7,assinatura-dev,Subscription,"{""OwnerTeam"": ""plataforma"", ""Environment"": ""dev""}"
20.1543,sub-a1b2c3d4,cloudfinops-demo,Billing Account,USD,2026-09-01T00:00:00Z,2026-10-01T00:00:00Z,Usage,,Virtual Machines - Virtual Machines,Usage-Based,2026-09-24T00:00:00Z,2026-09-24T23:59:59Z,cd-microsoft-compute,Usage,Used,80.204,Hours,16.9296,0.251288,16.9296,Microsoft Corporation,20.1543,0.251288,Committed,80.204,Hours,eastus,East US,microsoft/sub-d4e5f6a7/virtual-machines,virtual-machines-dev,Virtual Machine,Compute,Virtual Machines,Virtual Machines,Microsoft Azure,MIC-VirtualMachi,MIC-VirtualM-eastus,sub-d4e5f6a7,assinatura-dev,Subscription,"{""OwnerTeam"": ""redes"", ""Environment"": ""dev"", ""ManagedBy"": ""cloudformation""}"
20.3895,sub-a1b2c3d4,cloudfinops-demo,Billing Account,USD,2026-09-01T00:00:00Z,2026-10-01T00:00:00Z,Usage,,Virtual Machines - Virtual Machines,Usage-Based,2026-09-25T00:00:00Z,2026-09-25T23:59:59Z,cd-microsoft-compute,Usage,Used,223.817,Hours,17.1272,0.091099,17.1272,Microsoft Corporation,20.3895,0.091099,Committed,223.817,Hours,eastus,East US,microsoft/sub-d4e5f6a7/virtual-machines,virtual-machines-dev,Virtual Machine,Compute,Virtual Machines,Virtual Machines,Microsoft Azure,MIC-VirtualMachi,MIC-VirtualM-eastus,sub-d4e5f6a7,assinatura-dev,Subscription,"{""OwnerTeam"": ""dados"", ""Environment"": ""dev"", ""ManagedBy"": ""serverless""}"
17.1958,sub-a1b2c3d4,cloudfinops-demo,Billing Account,USD,2026-09-01T00:00:00Z,2026-10-01T00:00:00Z,Usage,,Virtual Machines - Virtual Machines,Usage-Based,2026-09-26T00:00:00Z,2026-09-26T23:59:59Z,,,,138.623,Hours,17.1958,0.124047,17.1958,Microsoft Corporation,17.1958,0.124047,Standard,138.623,Hours,eastus,East US,microsoft/sub-d4e5f6a7/virtual-machines,virtual-machines-dev,Virtual Machine,Compute,Virtual Machines,Virtual Machines,Microsoft Azure,MIC-VirtualMachi,MIC-VirtualM-eastus,sub-d4e5f6a7,assinatura-dev,Subscription,"{""OwnerTeam"": ""plataforma"", ""Environment"": ""dev""}"
16.802,sub-a1b2c3d4,cloudfinops-demo,Billing Account,USD,2026-09-01T00:00:00Z,2026-10-01T00:00:00Z,Usage,,Virtual Machines - Virtual Machines,Usage-Based,2026-09-27T00:00:00Z,2026-09-27T23:59:59Z,,,,162.305,Hours,16.802,0.103521,16.802,Microsoft Corporation,16.802,0.103521,Standard,162.305,Hours,eastus,East US,microsoft/sub-d4e5f6a7/virtual-machines,virtual-machines-dev,Virtual Machine,Compute,Virtual Machines,Virtual Machines,Microsoft Azure,MIC-VirtualMachi,MIC-VirtualM-eastus,sub-d4e5f6a7,assinatura-dev,Subscription,"{""OwnerTeam"": ""plataforma"", ""Environment"": ""dev"", ""ManagedBy"": ""terraform""}"
19.7302,sub-a1b2c3d4,cloudfinops-demo,Billing Account,USD,2026-09-01T00:00:00Z,2026-10-01T00:00:00Z,Usage,,Virtual Machines - Virtual Machines,Usage-Based,2026-09-28T00:00:00Z,2026-09-28T23:59:59Z,cd-microsoft-compute,Usage,Used,117.78,Hours,16.5734,0.167517,16.5734,Microsoft Corporation,19.7302,0.167517,Committed,117.78,Hours,eastus,East US,microsoft/sub-d4e5f6a7/virtual-machines,virtual-machines-dev,Virtual Machine,Compute,Virtual Machines,Virtual Machines,Microsoft Azure,MIC-VirtualMachi,MIC-VirtualM-eastus,sub-d4e5f6a7,assinatura-dev,Subscription,"{""OwnerTeam"": ""backend"", ""Environment"": ""dev"", ""ManagedBy"": ""manual""}"
20.5764,sub-a1b2c3d4,cloudfinops-demo,Billing Account,USD,2026-09-01T00:00:00Z,2026-10-01T00:00:00Z,Usage,,Virtual Machines - Virtual Machines,Usage-Based,2026-09-29T00:00:00Z,2026-09-29T23:59:59Z,,,,123.044,Hours,20.5764,0.167228,20.5764,Microsoft Corporation,20.5764,0.167228,Standard,123.044,Hours,eastus,East US,microsoft/sub-d4e5f6a7/virtual-machines,virtual-machines-dev,Virtual Machine,Compute,Virtual Machines,Virtual Machines,Microsoft Azure,MIC-VirtualMachi,MIC-VirtualM-eastus,sub-d4e5f6a7,assinatura-dev,Subscription,"{""OwnerTeam"": ""redes"", ""Environment"": ""dev"", ""ManagedBy"": ""manual""}"
20.5267,sub-a1b2c3d4,cloudfinops-demo,Billing Account,USD,2026-09-01T00:00:00Z,2026-10-01T00:00:00Z,Usage,,Virtual Machines - Virtual Machines,Usage-Based,2026-09-30T00:00:00Z,2026-09-30T23:59:59Z,,,,126.486,Hours,20.5267,0.162284,20.5267,Microsoft Corporation,20.5267,0.162284,Standard,126.486,Hours,eastus,East US,microsoft/sub-d4e5f6a7/virtual-machines,virtual-machines-dev,Virtual Machine,Compute,Virtual Machines,Virtual Machines,Microsoft Azure,MIC-VirtualMachi,MIC-VirtualM-eastus,sub-d4e5f6a7,assinatura-dev,Subscription,"{""OwnerTeam"": ""redes"", ""Environment"": ""dev"", ""ManagedBy"": ""serverless""}"
21.7325,sub-a1b2c3d4,cloudfinops-demo,Billing Account,USD,2026-10-01T00:00:00Z,2026-11-01T00:00:00Z,Usage,,Virtual Machines - Virtual Machines,Usage-Based,2026-10-01T00:00:00Z,2026-10-01T23:59:59Z,cd-microsoft-compute,Usage,Used,203.548,Hours,18.2553,0.106768,18.2553,Microsoft Corporation,21.7325,0.106768,Committed,203.548,Hours,eastus,East US,microsoft/sub-d4e5f6a7/virtual-machines,virtual-machines-dev,Virtual Machine,Compute,Virtual Machines,Virtual Machines,Microsoft Azure,MIC-VirtualMachi,MIC-VirtualM-eastus,sub-d4e5f6a7,assinatura-dev,Subscription,"{""OwnerTeam"": ""redes"", ""Environment"": ""dev""}"
21.47,sub-a1b2c3d4,cloudfinops-demo,Billing Account,USD,2026-10-01T00:00:00Z,2026-11-01T00:00:00Z,Usage,,Virtual Machines - Virtual Machines,Usage-Based,2026-10-02T00:00:00Z,2026-10-02T23:59:59Z,,,,692.624,Hours,21.47,0.030998,21.47,Microsoft Corporation,21.47,0.030998,Standard,692.624,Hours,eastus,East US,microsoft/sub-d4e5f6a7/virtual-machines,virtual-machines-dev,Virtual Machine,Compute,Virtual Machines,Virtual Machines,Microsoft Azure,MIC-VirtualMachi,MIC-VirtualM-eastus,sub-d4e5f6a7,assinatura-dev,Subscription,"{""OwnerTeam"": ""dados"", ""Environment"": ""dev"", ""ManagedBy"": ""cloudformation""}"
18.3013,sub-a1b2c3d4,cloudfinops-demo,Billing Account,USD,2026-10-01T00:00:00Z,2026-11-01T00:00:00Z,Usage,,Virtual Machines - Virtual Machines,Usage-Based,2026-10-03T00:00:00Z,2026-10-03T23:59:59Z,,,,84.138,Hours,18.3013,0.217515,18.3013,Microsoft Corporation,18.3013,0.217515,Standard,84.138,Hours,eastus,East US,microsoft/sub-d4e5f6a7/virtual-machines,virtual-machines-dev,Virtual Machine,Compute,Virtual Machines,Virtual Machines,Microsoft Azure,MIC-VirtualMachi,MIC-VirtualM-eastus,sub-d4e5f6a7,assinatura-dev,Subscription,"{""OwnerTeam"": ""redes"", ""Environment"": ""dev"", ""ManagedBy"": ""serverless""}"
19.6471,sub-a1b2c3d4,cloudfinops-demo,Billing Account,USD,2026-08-01T00:00:00Z,2026-09-01T00:00:00Z,Usage,,Azure SQL Database - Relational Databases,Usage-Based,2026-08-01T00:00:00Z,2026-08-01T23:59:59Z,,,,43.929,Hours,19.6471,0.447247,19.6471,Microsoft Corporation,19.6471,0.447247,Standard,43.929,Hours,eastus,East US,microsoft/sub-a1b2c3d4/azure-sql-database,azure-sql-database-prod,SQL Database,Databases,Relational Databases,Azure SQL Database,Microsoft Azure,MIC-AzureSQLData,MIC-AzureSQL-eastus,sub-a1b2c3d4,assinatura-producao,Subscription,"{""OwnerTeam"": ""backend"", ""Environment"": ""prod"", ""ManagedBy"": ""serverless""}"
19.0303,sub-a1b2c3d4,cloudfinops-demo,Billing Account,USD,2026-08-01T00:00:00Z,2026-09-01T00:00:00Z,Usage,,Azure SQL Database - Relational Databases,Usage-Based,2026-08-02T00:00:00Z,2026-08-02T23:59:59Z,,,,238.707,Hours,19.0303,0.079722,19.0303,Microsoft Corporation,19.0303,0.079722,Standard,238.707,Hours,eastus,East US,microsoft/sub-a1b2c3d4/azure-sql-database,azure-sql-database-prod,SQL Database,Databases,Relational Databases,Azure SQL Database,Microsoft Azure,MIC-AzureSQLData,MIC-AzureSQL-eastus,sub-a1b2c3d4,assinatura-producao,Subscription,"{""OwnerTeam"": ""dados"", ""Environment"": ""prod"", ""ManagedBy"": ""serverless""}"
22.4082,sub-a1b2c3d4,cloudfinops-demo,Billing Account,USD,2026-08-01T00:00:00Z,2026-09-01T00:00:00Z,Usage,,Azure SQL Database - Relational Databases,Usage-Based,2026-08-03T00:00:00Z,2026-08-03T23:59:59Z,,,,80.186,Hours,22.4082,0.279453,22.4082,Microsoft Corporation,22.4082,0.279453,Standard,80.186,Hours,eastus,East US,microsoft/sub-a1b2c3d4/azure-sql-database,azure-sql-database-prod,SQL Database,Databases,Relational Databases,Azure SQL Database,Microsoft Azure,MIC-AzureSQLData,MIC-AzureSQL-eastus,sub-a1b2c3d4,assinatura-producao,Subscription,"{""OwnerTeam"": ""dados"", ""Environment"": ""prod"", ""ManagedBy"": ""manual""}"
22.1449,sub-a1b2c3d4,cloudfinops-demo,Billing Account,USD,2026-08-01T00:00:00Z,2026-09-01T00:00:00Z,Usage,,Azure SQL Database - Relational Databases,Usage-Based,2026-08-04T00:00:00Z,2026-08-04T23:59:59Z,,,,55.397,Hours,22.1449,0.399749,22.1449,Microsoft Corporation,22.1449,0.399749,Standard,55.397,Hours,eastus,East US,microsoft/sub-a1b2c3d4/azure-sql-database,azure-sql-database-prod,SQL Database,Databases,Relational Databases,Azure SQL Database,Microsoft Azure,MIC-AzureSQLData,MIC-AzureSQL-eastus,sub-a1b2c3d4,assinatura-producao,Subscription,"{""OwnerTeam"": ""dados"", ""Environment"": ""prod"", ""ManagedBy"": ""serverless""}"
21.9383,sub-a1b2c3d4,cloudfinops-demo,Billing Account,USD,2026-08-01T00:00:00Z,2026-09-01T00:00:00Z,Usage,,Azure SQL Database - Relational Databases,Usage-Based,2026-08-05T00:00:00Z,2026-08-05T23:59:59Z,,,,161.197,Hours,21.9383,0.136096,21.9383,Microsoft Corporation,21.9383,0.136096,Standard,161.197,Hours,eastus,East US,microsoft/sub-a1b2c3d4/azure-sql-database,azure-sql-database-prod,SQL Database,Databases,Relational Databases,Azure SQL Database,Microsoft Azure,MIC-AzureSQLData,MIC-AzureSQL-eastus,sub-a1b2c3d4,assinatura-producao,Subscription,"{""OwnerTeam"": ""dados"", ""Environment"": ""prod"", ""ManagedBy"": ""manual""}"
23.4586,sub-a1b2c3d4,cloudfinops-demo,Billing Account,USD,2026-08-01T00:00:00Z,2026-09-01T00:00:00Z,Usage,,Azure SQL Database - Relational Databases,Usage-Based,2026-08-06T00:00:00Z,2026-08-06T23:59:59Z,,,,80.915,Hours,23.4586,0.289917,23.4586,Microsoft Corporation,23.4586,0.289917,Standard,80.915,Hours,eastus,East US,microsoft/sub-a1b2c3d4/azure-sql-database,azure-sql-database-prod,SQL Database,Databases,Relational Databases,Azure SQL Database,Microsoft Azure,MIC-AzureSQLData,MIC-AzureSQL-eastus,sub-a1b2c3d4,assinatura-producao,Subscription,"{""OwnerTeam"": ""plataforma"", ""Environment"": ""prod"", ""ManagedBy"": ""serverless""}"
22.9732,sub-a1b2c3d4,cloudfinops-demo,Billing Account,USD,2026-08-01T00:00:00Z,2026-09-01T00:00:00Z,Usage,,Azure SQL Database - Relational Databases,Usage-Based,2026-08-07T00:00:00Z,2026-08-07T23:59:59Z,,,,387.656,Hours,22.9732,0.059262,22.9732,Microsoft Corporation,22.9732,0.059262,Standard,387.656,Hours,eastus,East US,microsoft/sub-a1b2c3d4/azure-sql-database,azure-sql-database-prod,SQL Database,Databases,Relational Databases,Azure SQL Database,Microsoft Azure,MIC-AzureSQLData,MIC-AzureSQL-eastus,sub-a1b2c3d4,assinatura-producao,Subscription,"{""OwnerTeam"": ""dados"", ""Environment"": ""prod"", ""ManagedBy"": ""serverless""}"
19.4268,sub-a1b2c3d4,cloudfinops-demo,Billing Account,USD,2026-08-01T00:00:00Z,2026-09-01T00:00:00Z,Usage,,Azure SQL Database - Relational Databases,Usage-Based,2026-08-08T00:00:00Z,2026-08-08T23:59:59Z,,,,47.812,Hours,19.4268,0.406316,19.4268,Microsoft Corporation,19.4268,0.406316,Standard,47.812,Hours,eastus,East US,microsoft/sub-a1b2c3d4/azure-sql-database,azure-sql-database-prod,SQL Database,Databases,Relational Databases,Azure SQL Database,Microsoft Azure,MIC-AzureSQLData,MIC-AzureSQL-eastus,sub-a1b2c3d4,assinatura-producao,Subscription,"{""OwnerTeam"": ""backend"", ""Environment"": ""prod"", ""ManagedBy"": ""cloudformation""}"
18.9451,sub-a1b2c3d4,cloudfinops-demo,Billing Account,USD,2026-08-01T00:00:00Z,2026-09-01T00:00:00Z,Usage,,Azure SQL Database - Relational Databases,Usage-Based,2026-08-09T00:00:00Z,2026-08-09T23:59:59Z,,,,309.296,Hours,18.9451,0.061252,18.9451,Microsoft Corporation,18.9451,0.061252,Standard,309.296,Hours,eastus,East US,microsoft/sub-a1b2c3d4/azure-sql-database,azure-sql-database-prod,SQL Database,Databases,Relational Databases,Azure SQL Database,Microsoft Azure,MIC-AzureSQLData,MIC-AzureSQL-eastus,sub-a1b2c3d4,assinatura-producao,Subscription,"{""OwnerTeam"": ""plataforma"", ""Environment"": ""prod"", ""ManagedBy"": ""serverless""}"
23.1729,sub-a1b2c3d4,cloudfinops-demo,Billing Account,USD,2026-08-01T00:00:00Z,2026-09-01T00:00:00Z,Usage,,Azure SQL Database - Relational Databases,Usage-Based,2026-08-10T00:00:00Z,2026-08-10T23:59:59Z,,,,142.943,Hours,23.1729,0.162113,23.1729,Microsoft Corporation,23.1729,0.162113,Standard,142.943,Hours,eastus,East US,microsoft/sub-a1b2c3d4/azure-sql-database,azure-sql-database-prod,SQL Database,Databases,Relational Databases,Azure SQL Database,Microsoft Azure,MIC-AzureSQLData,MIC-AzureSQL-eastus,sub-a1b2c3d4,assinatura-producao,Subscription,"{""OwnerTeam"": ""dados"", ""Environment"": ""prod"", ""ManagedBy"": ""cloudformation""}"
22.8191,sub-a1b2c3d4,cloudfinops-demo,Billing Account,USD,2026-08-01T00:00:00Z,2026-09-01T00:00:00Z,Usage,,Azure SQL Database - Relational Databases,Usage-Based,2026-08-11T00:00:00Z,2026-08-11T23:59:59Z,,,,83.153,Hours,22.8191,0.274423,22.8191,Microsoft Corporation,22.8191,0.274423,Standard,83.153,Hours,eastus,East US,microsoft/sub-a1b2c3d4/azure-sql-database,azure-sql-database-prod,SQL Database,Databases,Relational Databases,Azure SQL Database,Microsoft Azure,MIC-AzureSQLData,MIC-AzureSQL-eastus,sub-a1b2c3d4,assinatura-producao,Subscription,"{""OwnerTeam"": ""dados"", ""Environment"": ""prod"", ""ManagedBy"": ""serverless""}"
23.0364,sub-a1b2c3d4,cloudfinops-demo,Billing Account,USD,2026-08-01T00:00:00Z,2026-09-01T00:00:00Z,Usage,,Azure SQL Database - Relational Databases,Usage-Based,2026-08-12T00:00:00Z,2026-08-12T23:59:59Z,,,,86.712,Hours,23.0364,0.265666,23.0364,Microsoft Corporation,23.0364,0.265666,Standard,86.712,Hours,eastus,East US,microsoft/sub-a1b2c3d4/azure-sql-database,azure-sql-database-prod,SQL Database,Databases,Relational Databases,Azure SQL Database,Microsoft Azure,MIC-AzureSQLData,MIC-AzureSQL-eastus,sub-a1b2c3d4,assinatura-producao,Subscription,"{""OwnerTeam"": ""redes"", ""Environment"": ""prod"", ""ManagedBy"": ""serverless""}"
23.2046,sub-a1b2c3d4,cloudfinops-demo,Billing Account,USD,2026-08-01T00:00:00Z,2026-09-01T00:00:00Z,Usage,,Azure SQL Database - Relational Databases,Usage-Based,2026-08-13T00:00:00Z,2026-08-13T23:59:59Z,,,,100.289,Hours,23.2046,0.231377,23.2046,Microsoft Corporation,23.2046,0.231377,Standard,100.289,Hours,eastus,East US,microsoft/sub-a1b2c3d4/azure-sql-database,azure-sql-database-prod,SQL Database,Databases,Relational Databases,Azure SQL Database,Microsoft Azure,MIC-AzureSQLData,MIC-AzureSQL-eastus,sub-a1b2c3d4,assinatura-producao,Subscription,"{""OwnerTeam"": ""plataforma"", ""Environment"": ""prod"", ""ManagedBy"": ""terraform""}"
23.1021,sub-a1b2c3d4,cloudfinops-demo,Billing Account,USD,2026-08-01T00:00:00Z,2026-09-01T00:00:00Z,Usage,,Azure SQL Database - Relational Databases,Usage-Based,2026-08-14T00:00:00Z,2026-08-14T23:59:59Z,,,,57.458,Hours,23.1021,0.402069,23.1021,Microsoft Corporation,23.1021,0.402069,Standard,57.458,Hours,eastus,East US,microsoft/sub-a1b2c3d4/azure-sql-database,azure-sql-database-prod,SQL Database,Databases,Relational Databases,Azure SQL Database,Microsoft Azure,MIC-AzureSQLData,MIC-AzureSQL-eastus,sub-a1b2c3d4,assinatura-producao,Subscription,"{""OwnerTeam"": ""dados"", ""Environment"": ""prod"", ""ManagedBy"": ""manual""}"
19.4972,sub-a1b2c3d4,cloudfinops-demo,Billing Account,USD,2026-08-01T00:00:00Z,2026-09-01T00:00:00Z,Usage,,Azure SQL Database - Relational Databases,Usage-Based,2026-08-15T00:00:00Z,2026-08-15T23:59:59Z,,,,53.05,Hours,19.4972,0.367525,19.4972,Microsoft Corporation,19.4972,0.367525,Standard,53.05,Hours,eastus,East US,microsoft/sub-a1b2c3d4/azure-sql-database,azure-sql-database-prod,SQL Database,Databases,Relational Databases,Azure SQL Database,Microsoft Azure,MIC-AzureSQLData,MIC-AzureSQL-eastus,sub-a1b2c3d4,assinatura-producao,Subscription,"{""OwnerTeam"": ""redes"", ""Environment"": ""prod"", ""ManagedBy"": ""serverless""}"
18.6852,sub-a1b2c3d4,cloudfinops-demo,Billing Account,USD,2026-08-01T00:00:00Z,2026-09-01T00:00:00Z,Usage,,Azure SQL Database - Relational Databases,Usage-Based,2026-08-16T00:00:00Z,2026-08-16T23:59:59Z,,,,52.254,Hours,18.6852,0.357584,18.6852,Microsoft Corporation,18.6852,0.357584,Standard,52.254,Hours,eastus,East US,microsoft/sub-a1b2c3d4/azure-sql-database,azure-sql-database-prod,SQL Database,Databases,Relational Databases,Azure SQL Database,Microsoft Azure,MIC-AzureSQLData,MIC-AzureSQL-eastus,sub-a1b2c3d4,assinatura-producao,Subscription,"{""OwnerTeam"": ""dados"", ""Environment"": ""prod"", ""ManagedBy"": ""terraform""}"
23.0886,sub-a1b2c3d4,cloudfinops-demo,Billing Account,USD,2026-08-01T00:00:00Z,2026-09-01T00:00:00Z,Usage,,Azure SQL Database - Relational Databases,Usage-Based,2026-08-17T00:00:00Z,2026-08-17T23:59:59Z,,,,99.213,Hours,23.0886,0.232717,23.0886,Microsoft Corporation,23.0886,0.232717,Standard,99.213,Hours,eastus,East US,microsoft/sub-a1b2c3d4/azure-sql-database,azure-sql-database-prod,SQL Database,Databases,Relational Databases,Azure SQL Database,Microsoft Azure,MIC-AzureSQLData,MIC-AzureSQL-eastus,sub-a1b2c3d4,assinatura-producao,Subscription,"{""OwnerTeam"": ""redes"", ""Environment"": ""prod"", ""ManagedBy"": ""serverless""}"
23.0636,sub-a1b2c3d4,cloudfinops-demo,Billing Account,USD,2026-08-01T00:00:00Z,2026-09-01T00:00:00Z,Usage,,Azure SQL Database - Relational Databases,Usage-Based,2026-08-18T00:00:00Z,2026-08-18T23:59:59Z,,,,195.477,Hours,23.0636,0.117986,23.0636,Microsoft Corporation,23.0636,0.117986,Standard,195.477,Hours,eastus,East US,microsoft/sub-a1b2c3d4/azure-sql-database,azure-sql-database-prod,SQL Database,Databases,Relational Databases,Azure SQL Database,Microsoft Azure,MIC-AzureSQLData,MIC-AzureSQL-eastus,sub-a1b2c3d4,assinatura-producao,Subscription,"{""OwnerTeam"": ""plataforma"", ""Environment"": ""prod"", ""ManagedBy"": ""serverless""}"
23.4493,sub-a1b2c3d4,cloudfinops-demo,Billing Account,USD,2026-08-01T00:00:00Z,2026-09-01T00:00:00Z,Usage,,Azure SQL Database - Relational Databases,Usage-Based,2026-08-19T00:00:00Z,2026-08-19T23:59:59Z,,,,56.432,Hours,23.4493,0.415532,23.4493,Microsoft Corporation,23.4493,0.415532,Standard,56.432,Hours,eastus,East US,microsoft/sub-a1b2c3d4/azure-sql-database,azure-sql-database-prod,SQL Database,Databases,Relational Databases,Azure SQL Database,Microsoft Azure,MIC-AzureSQLData,MIC-AzureSQL-eastus,sub-a1b2c3d4,assinatura-producao,Subscription,"{""OwnerTeam"": ""dados"", ""Environment"": ""prod"", ""ManagedBy"": ""manual""}"
22.4113,sub-a1b2c3d4,cloudfinops-demo,Billing Account,USD,2026-08-01T00:00:00Z,2026-09-01T00:00:00Z,Usage,,Azure SQL Database - Relational Databases,Usage-Based,2026-08-20T00:00:00Z,2026-08-20T23:59:59Z,,,,146.271,Hours,22.4113,0.153218,22.4113,Microsoft Corporation,22.4113,0.153218,Standard,146.271,Hours,eastus,East US,microsoft/sub-a1b2c3d4/azure-sql-database,azure-sql-database-prod,SQL Database,Databases,Relational Databases,Azure SQL Database,Microsoft Azure,MIC-AzureSQLData,MIC-AzureSQL-eastus,sub-a1b2c3d4,assinatura-producao,Subscription,"{""OwnerTeam"": ""dados"", ""Environment"": ""prod"", ""ManagedBy"": ""manual""}"
23.0777,sub-a1b2c3d4,cloudfinops-demo,Billing Account,USD,2026-08-01T00:00:00Z,2026-09-01T00:00:00Z,Usage,,Azure SQL Database - Relational Databases,Usage-Based,2026-08-21T00:00:00Z,2026-08-21T23:59:59Z,,,,62.39,Hours,23.0777,0.369894,23.0777,Microsoft Corporation,23.0777,0.369894,Standard,62.39,Hours,eastus,East US,microsoft/sub-a1b2c3d4/azure-sql-database,azure-sql-database-prod,SQL Database,Databases,Relational Databases,Azure SQL Database,Microsoft Azure,MIC-AzureSQLData,MIC-AzureSQL-eastus,sub-a1b2c3d4,assinatura-producao,Subscription,"{""OwnerTeam"": ""redes"", ""Environment"": ""prod"", ""ManagedBy"": ""cloudformation""}"
19.1603,sub-a1b2c3d4,cloudfinops-demo,Billing Account,USD,2026-08-01T00:00:00Z,2026-09-01T00:00:00Z,Usage,,Azure SQL Database - Relational Databases,Usage-Based,2026-08-22T00:00:00Z,2026-08-22T23:59:59Z,,,,60.374,Hours,19.1603,0.31736,19.1603,Microsoft Corporation,19.1603,0.31736,Standard,60.374,Hours,eastus,East US,microsoft/sub-a1b2c3d4/azure-sql-database,azure-sql-database-prod,SQL Database,Databases,Relational Databases,Azure SQL Database,Microsoft Azure,MIC-AzureSQLData,MIC-AzureSQL-eastus,sub-a1b2c3d4,assinatura-producao,Subscription,"{""OwnerTeam"": ""plataforma"", ""Environment"": ""prod"", ""ManagedBy"": ""cloudformation""}"
19.2526,sub-a1b2c3d4,cloudfinops-demo,Billing Account,USD,2026-08-01T00:00:00Z,2026-09-01T00:00:00Z,Usage,,Azure SQL Database - Relational Databases,Usage-Based,2026-08-23T00:00:00Z,2026-08-23T23:59:59Z,,,,105.4,Hours,19.2526,0.182662,19.2526,Microsoft Corporation,19.2526,0.182662,Standard,105.4,Hours,eastus,East US,microsoft/sub-a1b2c3d4/azure-sql-database,azure-sql-database-prod,SQL Database,Databases,Relational Databases,Azure SQL Database,Microsoft Azure,MIC-AzureSQLData,MIC-AzureSQL-eastus,sub-a1b2c3d4,assinatura-producao,Subscription,"{""OwnerTeam"": ""dados"", ""Environment"": ""prod"", ""ManagedBy"": ""cloudformation""}"
21.9736,sub-a1b2c3d4,cloudfinops-demo,Billing Account,USD,2026-08-01T00:00:00Z,2026-09-01T00:00:00Z,Usage,,Azure SQL Database - Relational Databases,Usage-Based,2026-08-24T00:00:00Z,2026-08-24T23:59:59Z,,,,179.644,Hours,21.9736,0.122317,21.9736,Microsoft Corporation,21.9736,0.122317,Standard,179.644,Hours,eastus,East US,microsoft/sub-a1b2c3d4/azure-sql-database,azure-sql-database-prod,SQL Database,Databases,Relational Databases,Azure SQL Database,Microsoft Azure,MIC-AzureSQLData,MIC-AzureSQL-eastus,sub-a1b2c3d4,assinatura-producao,Subscription,"{""OwnerTeam"": ""redes"", ""Environment"": ""prod"", ""ManagedBy"": ""cloudformation""}"
23.1692,sub-a1b2c3d4,cloudfinops-demo,Billing Account,USD,2026-08-01T00:00:00Z,2026-09-01T00:00:00Z,Usage,,Azure SQL Database - Relational Databases,Usage-Based,2026-08-25T00:00:00Z,2026-08-25T23:59:59Z,,,,265.027,Hours,23.1692,0.087422,23.1692,Microsoft Corporation,23.1692,0.087422,Standard,265.027,Hours,eastus,East US,microsoft/sub-a1b2c3d4/azure-sql-database,azure-sql-database-prod,SQL Database,Databases,Relational Databases,Azure SQL Database,Microsoft Azure,MIC-AzureSQLData,MIC-AzureSQL-eastus,sub-a1b2c3d4,assinatura-producao,Subscription,"{""OwnerTeam"": ""dados"", ""Environment"": ""prod"", ""ManagedBy"": ""cloudformation""}"
22.586,sub-a1b2c3d4,cloudfinops-demo,Billing Account,USD,2026-08-01T00:00:00Z,2026-09-01T00:00:00Z,Usage,,Azure SQL Database - Relational Databases,Usage-Based,2026-08-26T00:00:00Z,2026-08-26T23:59:59Z,,,,58.505,Hours,22.586,0.386052,22.586,Microsoft Corporation,22.586,0.386052,Standard,58.505,Hours,eastus,East US,microsoft/sub-a1b2c3d4/azure-sql-database,azure-sql-database-prod,SQL Database,Databases,Relational Databases,Azure SQL Database,Microsoft Azure,MIC-AzureSQLData,MIC-AzureSQL-eastus,sub-a1b2c3d4,assinatura-producao,Subscription,"{""OwnerTeam"": ""redes"", ""Environment"": ""prod"", ""ManagedBy"": ""manual""}"
23.0371,sub-a1b2c3d4,cloudfinops-demo,Billing Account,USD,2026-08-01T00:00:00Z,2026-09-01T00:00:00Z,Usage,,Azure SQL Database - Relational Databases,Usage-Based,2026-08-27T00:00:00Z,2026-08-27T23:59:59Z,,,,110.27,Hours,23.0371,0.208915,23.0371,Microsoft Corporation,23.0371,0.208915,Standard,110.27,Hours,eastus,East US,microsoft/sub-a1b2c3d4/azure-sql-database,azure-sql-database-prod,SQL Database,Databases,Relational Databases,Azure SQL Database,Microsoft Azure,MIC-AzureSQLData,MIC-AzureSQL-eastus,sub-a1b2c3d4,assinatura-producao,Subscription,"{""OwnerTeam"": ""redes"", ""Environment"": ""prod"", ""ManagedBy"": ""terraform""}"
22.28,sub-a1b2c3d4,cloudfinops-demo,Billing Account,USD,2026-08-01T00:00:00Z,2026-09-01T00:00:00Z,Usage,,Azure SQL Database - Relational Databases,Usage-Based,2026-08-28T00:00:00Z,2026-08-28T23:59:59Z,,,,181.013,Hours,22.28,0.123085,22.28,Microsoft Corporation,22.28,0.123085,Standard,181.013,Hours,eastus,East US,microsoft/sub-a1b2c3d4/azure-sql-database,azure-sql-database-prod,SQL Database,Databases,Relational Databases,Azure SQL Database,Microsoft Azure,MIC-AzureSQLData,MIC-AzureSQL-eastus,sub-a1b2c3d4,assinatura-producao,Subscription,"{""OwnerTeam"": ""backend"", ""Environment"": ""prod"", ""ManagedBy"": ""serverless""}"
19.763,sub-a1b2c3d4,cloudfinops-demo,Billing Account,USD,2026-08-01T00:00:00Z,2026-09-01T00:00:00Z,Usage,,Azure SQL Database - Relational Databases,Usage-Based,2026-08-29T00:00:00Z,2026-08-29T23:59:59Z,,,,645.472,Hours,19.763,0.030618,19.763,Microsoft Corporation,19.763,0.030618,Standard,645.472,Hours,eastus,East US,microsoft/sub-a1b2c3d4/azure-sql-database,azure-sql-database-prod,SQL Database,Databases,Relational Databases,Azure SQL Database,Microsoft Azure,MIC-AzureSQLData,MIC-AzureSQL-eastus,sub-a1b2c3d4,assinatura-producao,Subscription,"{""OwnerTeam"": ""redes"", ""Environment"": ""prod"", ""ManagedBy"": ""terraform""}"
19.2185,sub-a1b2c3d4,cloudfinops-demo,Billing Account,USD,2026-08-01T00:00:00Z,2026-09-01T00:00:00Z,Usage,,Azure SQL Database - Relational Databases,Usage-Based,2026-08-30T00:00:00Z,2026-08-30T23:59:59Z,,,,80.234,Hours,19.2185,0.239531,19.2185,Microsoft Corporation,19.2185,0.239531,Standard,80.234,Hours,eastus,East US,microsoft/sub-a1b2c3d4/azure-sql-database,azure-sql-database-prod,SQL Database,Databases,Relational Databases,Azure SQL Database,Microsoft Azure,MIC-AzureSQLData,MIC-AzureSQL-eastus,sub-a1b2c3d4,assinatura-producao,Subscription,"{""OwnerTeam"": ""plataforma"", ""Environment"": ""prod"", ""ManagedBy"": ""manual""}"
22.6065,sub-a1b2c3d4,cloudfinops-demo,Billing Account,USD,2026-08-01T00:00:00Z,2026-09-01T00:00:00Z,Usage,,Azure SQL Database - Relational Databases,Usage-Based,2026-08-31T00:00:00Z,2026-08-31T23:59:59Z,,,,107.099,Hours,22.6065,0.21108,22.6065,Microsoft Corporation,22.6065,0.21108,Standard,107.099,Hours,eastus,East US,microsoft/sub-a1b2c3d4/azure-sql-database,azure-sql-database-prod,SQL Database,Databases,Relational Databases,Azure SQL Database,Microsoft Azure,MIC-AzureSQLData,MIC-AzureSQL-eastus,sub-a1b2c3d4,assinatura-producao,Subscription,"{""OwnerTeam"": ""plataforma"", ""Environment"": ""prod"", ""ManagedBy"": ""manual""}"
24.1402,sub-a1b2c3d4,cloudfinops-demo,Billing Account,USD,2026-09-01T00:00:00Z,2026-10-01T00:00:00Z,Usage,,Azure SQL Database - Relational Databases,Usage-Based,2026-09-01T00:00:00Z,2026-09-01T23:59:59Z,,,,65.404,Hours,24.1402,0.369094,24.1402,Microsoft Corporation,24.1402,0.369094,Standard,65.404,Hours,eastus,East US,microsoft/sub-a1b2c3d4/azure-sql-database,azure-sql-database-prod,SQL Database,Databases,Relational Databases,Azure SQL Database,Microsoft Azure,MIC-AzureSQLData,MIC-AzureSQL-eastus,sub-a1b2c3d4,assinatura-producao,Subscription,"{""OwnerTeam"": ""backend"", ""Environment"": ""prod"", ""ManagedBy"": ""cloudformation""}"
23.3486,sub-a1b2c3d4,cloudfinops-demo,Billing Account,USD,2026-09-01T00:00:00Z,2026-10-01T00:00:00Z,Usage,,Azure SQL Database - Relational Databases,Usage-Based,2026-09-02T00:00:00Z,2026-09-02T23:59:59Z,,,,102.097,Hours,23.3486,0.22869,23.3486,Microsoft Corporation,23.3486,0.22869,Standard,102.097,Hours,eastus,East US,microsoft/sub-a1b2c3d4/azure-sql-database,azure-sql-database-prod,SQL Database,Databases,Relational Databases,Azure SQL Database,Microsoft Azure,MIC-AzureSQLData,MIC-AzureSQL-eastus,sub-a1b2c3d4,assinatura-producao,Subscription,"{""OwnerTeam"": ""redes"", ""Environment"": ""prod"", ""ManagedBy"": ""cloudformation""}"
24.1667,sub-a1b2c3d4,cloudfinops-demo,Billing Account,USD,2026-09-01T00:00:00Z,2026-10-01T00:00:00Z,Usage,,Azure SQL Database - Relational Databases,Usage-Based,2026-09-03T00:00:00Z,2026-09-03T23:59:59Z,,,,284.002,Hours,24.1667,0.085093,24.1667,Microsoft Corporation,24.1667,0.085093,Standard,284.002,Hours,eastus,East US,microsoft/sub-a1b2c3d4/azure-sql-database,azure-sql-database-prod,SQL Database,Databases,Relational Databases,Azure SQL Database,Microsoft Azure,MIC-AzureSQLData,MIC-AzureSQL-eastus,sub-a1b2c3d4,assinatura-producao,Subscription,"{""OwnerTeam"": ""backend"", ""Environment"": ""prod"", ""ManagedBy"": ""manual""}"
24.0657,sub-a1b2c3d4,cloudfinops-demo,Billing Account,USD,2026-09-01T00:00:00Z,2026-10-01T00:00:00Z,Usage,,Azure SQL Database - Relational Databases,Usage-Based,2026-09-04T00:00:00Z,2026-09-04T23:59:59Z,,,,90.71,Hours,24.0657,0.265304,24.0657,Microsoft Corporation,24.0657,0.265304,Standard,90.71,Hours,eastus,East US,microsoft/sub-a1b2c3d4/azure-sql-database,azure-sql-database-prod,SQL Database,Databases,Relational Databases,Azure SQL Database,Microsoft Azure,MIC-AzureSQLData,MIC-AzureSQL-eastus,sub-a1b2c3d4,assinatura-producao,Subscription,"{""OwnerTeam"": ""backend"", ""Environment"": ""prod"", ""ManagedBy"": ""cloudformation""}"
20.1035,sub-a1b2c3d4,cloudfinops-demo,Billing Account,USD,2026-09-01T00:00:00Z,2026-10-01T00:00:00Z,Usage,,Azure SQL Database - Relational Databases,Usage-Based,2026-09-05T00:00:00Z,2026-09-05T23:59:59Z,,,,46.874,Hours,20.1035,0.428884,20.1035,Microsoft Corporation,20.1035,0.428884,Standard,46.874,Hours,eastus,East US,microsoft/sub-a1b2c3d4/azure-sql-database,azure-sql-database-prod,SQL Database,Databases,Relational Databases,Azure SQL Database,Microsoft Azure,MIC-AzureSQLData,MIC-AzureSQL-eastus,sub-a1b2c3d4,assinatura-producao,Subscription,"{""OwnerTeam"": ""backend"", ""Environment"": ""prod"", ""ManagedBy"": ""terraform""}"
19.5966,sub-a1b2c3d4,cloudfinops-demo,Billing Account,USD,2026-09-01T00:00:00Z,2026-10-01T00:00:00Z,Usage,,Azure SQL Database - Relational Databases,Usage-Based,2026-09-06T00:00:00Z,2026-09-06T23:59:59Z,,,,307.6,Hours,19.5966,0.063708,19.5966,Microsoft Corporation,19.5966,0.063708,Standard,307.6,Hours,eastus,East US,microsoft/sub-a1b2c3d4/azure-sql-database,azure-sql-database-prod,SQL Database,Databases,Relational Databases,Azure SQL Database,Microsoft Azure,MIC-AzureSQLData,MIC-AzureSQL-eastus,sub-a1b2c3d4,assinatura-producao,Subscription,"{""OwnerTeam"": ""plataforma"", ""Environment"": ""prod"", ""ManagedBy"": ""terraform""}"
23.2356,sub-a1b2c3d4,cloudfinops-demo,Billing Account,USD,2026-09-01T00:00:00Z,2026-10-01T00:00:00Z,Usage,,Azure SQL Database - Relational Databases,Usage-Based,2026-09-07T00:00:00Z,2026-09-07T23:59:59Z,,,,95.25,Hours,23.2356,0.243943,23.2356,Microsoft Corporation,23.2356,0.243943,Standard,95.25,Hours,eastus,East US,microsoft/sub-a1b2c3d4/azure-sql-database,azure-sql-database-prod,SQL Database,Databases,Relational Databases,Azure SQL Database,Microsoft Azure,MIC-AzureSQLData,MIC-AzureSQL-eastus,sub-a1b2c3d4,assinatura-producao,Subscription,"{""OwnerTeam"": ""redes"", ""Environment"": ""prod"", ""ManagedBy"": ""serverless""}"
23.756,sub-a1b2c3d4,cloudfinops-demo,Billing Account,USD,2026-09-01T00:00:00Z,2026-10-01T00:00:00Z,Usage,,Azure SQL Database - Relational Databases,Usage-Based,2026-09-08T00:00:00Z,2026-09-08T23:59:59Z,,,,207.413,Hours,23.756,0.114535,23.756,Microsoft Corporation,23.756,0.114535,Standard,207.413,Hours,eastus,East US,microsoft/sub-a1b2c3d4/azure-sql-database,azure-sql-database-prod,SQL Database,Databases,Relational Databases,Azure SQL Database,Microsoft Azure,MIC-AzureSQLData,MIC-AzureSQL-eastus,sub-a1b2c3d4,assinatura-producao,Subscription,"{""OwnerTeam"": ""backend"", ""Environment"": ""prod"", ""ManagedBy"": ""manual""}"
23.7124,sub-a1b2c3d4,cloudfinops-demo,Billing Account,USD,2026-09-01T00:00:00Z,2026-10-01T00:00:00Z,Usage,,Azure SQL Database - Relational Databases,Usage-Based,2026-09-09T00:00:00Z,2026-09-09T23:59:59Z,,,,93.427,Hours,23.7124,0.253807,23.7124,Microsoft Corporation,23.7124,0.253807,Standard,93.427,Hours,eastus,East US,microsoft/sub-a1b2c3d4/azure-sql-database,azure-sql-database-prod,SQL Database,Databases,Relational Databases,Azure SQL Database,Microsoft Azure,MIC-AzureSQLData,MIC-AzureSQL-eastus,sub-a1b2c3d4,assinatura-producao,Subscription,"{""OwnerTeam"": ""dados"", ""Environment"": ""prod"", ""ManagedBy"": ""manual""}"
24.262,sub-a1b2c3d4,cloudfinops-demo,Billing Account,USD,2026-09-01T00:00:00Z,2026-10-01T00:00:00Z,Usage,,Azure SQL Database - Relational Databases,Usage-Based,2026-09-10T00:00:00Z,2026-09-10T23:59:59Z,,,,87.713,Hours,24.262,0.276607,24.262,Microsoft Corporation,24.262,0.276607,Standard,87.713,Hours,eastus,East US,microsoft/sub-a1b2c3d4/azure-sql-database,azure-sql-database-prod,SQL Database,Databases,Relational Databases,Azure SQL Database,Microsoft Azure,MIC-AzureSQLData,MIC-AzureSQL-eastus,sub-a1b2c3d4,assinatura-producao,Subscription,"{""OwnerTeam"": ""plataforma"", ""Environment"": ""prod"", ""ManagedBy"": ""terraform""}"
24.3169,sub-a1b2c3d4,cloudfinops-demo,Billing Account,USD,2026-09-01T00:00:00Z,2026-10-01T00:00:00Z,Usage,,Azure SQL Database - Relational Databases,Usage-Based,2026-09-11T00:00:00Z,2026-09-11T23:59:59Z,,,,68.64,Hours,24.3169,0.354267,24.3169,Microsoft Corporation,24.3169,0.354267,Standard,68.64,Hours,eastus,East US,microsoft/sub-a1b2c3d4/azure-sql-database,azure-sql-database-prod,SQL Database,Databases,Relational Databases,Azure SQL Database,Microsoft Azure,MIC-AzureSQLData,MIC-AzureSQL-eastus,sub-a1b2c3d4,assinatura-producao,Subscription,"{""OwnerTeam"": ""dados"", ""Environment"": ""prod"", ""ManagedBy"": ""serverless""}"
19.9046,sub-a1b2c3d4,cloudfinops-demo,Billing Account,USD,2026-09-01T00:00:00Z,2026-10-01T00:00:00Z,Usage,,Azure SQL Database - Relational Databases,Usage-Based,2026-09-12T00:00:00Z,2026-09-12T23:59:59Z,,,,214.573,Hours,19.9046,0.092764,19.9046,Microsoft Corporation,19.9046,0.092764,Standard,214.573,Hours,eastus,East US,microsoft/sub-a1b2c3d4/azure-sql-database,azure-sql-database-prod,SQL Database,Databases,Relational Databases,Azure SQL Database,Microsoft Azure,MIC-AzureSQLData,MIC-AzureSQL-eastus,sub-a1b2c3d4,assinatura-producao,Subscription,"{""OwnerTeam"": ""plataforma"", ""Environment"": ""prod"", ""ManagedBy"": ""serverless""}"
19.4864,sub-a1b2c3d4,cloudfinops-demo,Billing Account,USD,2026-09-01T00:00:00Z,2026-10-01T00:00:00Z,Usage,,Azure SQL Database - Relational Databases,Usage-Based,2026-09-13T00:00:00Z,2026-09-13T23:59:59Z,,,,282.071,Hours,19.4864,0.069083,19.4864,Microsoft Corporation,19.4864,0.069083,Standard,282.071,Hours,eastus,East US,microsoft/sub-a1b2c3d4/azure-sql-database,azure-sql-database-prod,SQL Database,Databases,Relational Databases,Azure SQL Database,Microsoft Azure,MIC-AzureSQLData,MIC-AzureSQL-eastus,sub-a1b2c3d4,assinatura-producao,Subscription,"{""OwnerTeam"": ""dados"", ""Environment"": ""prod"", ""ManagedBy"": ""cloudformation""}"
23.8068,sub-a1b2c3d4,cloudfinops-demo,Billing Account,USD,2026-09-01T00:00:00Z,2026-10-01T00:00:00Z,Usage,,Azure SQL Database - Relational Databases,Usage-Based,2026-09-14T00:00:00Z,2026-09-14T23:59:59Z,,,,435.828,Hours,23.8068,0.054624,23.8068,Microsoft Corporation,23.8068,0.054624,Standard,435.828,Hours,eastus,East US,microsoft/sub-a1b2c3d4/azure-sql-database,azure-sql-database-prod,SQL Database,Databases,Relational Databases,Azure SQL Database,Microsoft Azure,MIC-AzureSQLData,MIC-AzureSQL-eastus,sub-a1b2c3d4,assinatura-producao,Subscription,"{""OwnerTeam"": ""dados"", ""Environment"": ""prod"", ""ManagedBy"": ""cloudformation""}"
23.0927,sub-a1b2c3d4,cloudfinops-demo,Billing Account,USD,2026-09-01T00:00:00Z,2026-10-01T00:00:00Z,Usage,,Azure SQL Database - Relational Databases,Usage-Based,2026-09-15T00:00:00Z,2026-09-15T23:59:59Z,,,,717.122,Hours,23.0927,0.032202,23.0927,Microsoft Corporation,23.0927,0.032202,Standard,717.122,Hours,eastus,East US,microsoft/sub-a1b2c3d4/azure-sql-database,azure-sql-database-prod,SQL Database,Databases,Relational Databases,Azure SQL Database,Microsoft Azure,MIC-AzureSQLData,MIC-AzureSQL-eastus,sub-a1b2c3d4,assinatura-producao,Subscription,"{""OwnerTeam"": ""dados"", ""Environment"": ""prod"", ""ManagedBy"": ""manual""}"
23.8154,sub-a1b2c3d4,cloudfinops-demo,Billing Account,USD,2026-09-01T00:00:00Z,2026-10-01T00:00:00Z,Usage,,Azure SQL Database - Relational Databases,Usage-Based,2026-09-16T00:00:00Z,2026-09-16T23:59:59Z,,,,60.81,Hours,23.8154,0.391636,23.8154,Microsoft Corporation,23.8154,0.391636,Standard,60.81,Hours,eastus,East US,microsoft/sub-a1b2c3d4/azure-sql-database,azure-sql-database-prod,SQL Database,Databases,Relational Databases,Azure SQL Database,Microsoft Azure,MIC-AzureSQLData,MIC-AzureSQL-eastus,sub-a1b2c3d4,assinatura-producao,Subscription,"{""OwnerTeam"": ""dados"", ""Environment"": ""prod"", ""ManagedBy"": ""terraform""}"
24.2259,sub-a1b2c3d4,cloudfinops-demo,Billing Account,USD,2026-09-01T00:00:00Z,2026-10-01T00:00:00Z,Usage,,Azure SQL Database - Relational Databases,Usage-Based,2026-09-17T00:00:00Z,2026-09-17T23:59:59Z,,,,58.351,Hours,24.2259,0.415175,24.2259,Microsoft Corporation,24.2259,0.415175,Standard,58.351,Hours,eastus,East US,microsoft/sub-a1b2c3d4/azure-sql-database,azure-sql-database-prod,SQL Database,Databases,Relational Databases,Azure SQL Database,Microsoft Azure,MIC-AzureSQLData,MIC-AzureSQL-eastus,sub-a1b2c3d4,assinatura-producao,Subscription,"{""OwnerTeam"": ""redes"", ""Environment"": ""prod"", ""ManagedBy"": ""serverless""}"
23.5632,sub-a1b2c3d4,cloudfinops-demo,Billing Account,USD,2026-09-01T00:00:00Z,2026-10-01T00:00:00Z,Usage,,Azure SQL Database - Relational Databases,Usage-Based,2026-09-18T00:00:00Z,2026-09-18T23:59:59Z,,,,712.175,Hours,23.5632,0.033086,23.5632,Microsoft Corporation,23.5632,0.033086,Standard,712.175,Hours,eastus,East US,microsoft/sub-a1b2c3d4/azure-sql-database,azure-sql-database-prod,SQL Database,Databases,Relational Databases,Azure SQL Database,Microsoft Azure,MIC-AzureSQLData,MIC-AzureSQL-eastus,sub-a1b2c3d4,assinatura-producao,Subscription,"{""OwnerTeam"": ""redes"", ""Environment"": ""prod"", ""ManagedBy"": ""manual""}"
20.3131,sub-a1b2c3d4,cloudfinops-demo,Billing Account,USD,2026-09-01T00:00:00Z,2026-10-01T00:00:00Z,Usage,,Azure SQL Database - Relational Databases,Usage-Based,2026-09-19T00:00:00Z,2026-09-19T23:59:59Z,,,,78.137,Hours,20.3131,0.259968,20.3131,Microsoft Corporation,20.3131,0.259968,Standard,78.137,Hours,eastus,East US,microsoft/sub-a1b2c3d4/azure-sql-database,azure-sql-database-prod,SQL Database,Databases,Relational Databases,Azure SQL Database,Microsoft Azure,MIC-AzureSQLData,MIC-AzureSQL-eastus,sub-a1b2c3d4,assinatura-producao,Subscription,"{""OwnerTeam"": ""plataforma"", ""Environment"": ""prod"", ""ManagedBy"": ""serverless""}"
19.3392,sub-a1b2c3d4,cloudfinops-demo,Billing Account,USD,2026-09-01T00:00:00Z,2026-10-01T00:00:00Z,Usage,,Azure SQL Database - Relational Databases,Usage-Based,2026-09-20T00:00:00Z,2026-09-20T23:59:59Z,,,,163.048,Hours,19.3392,0.11861,19.3392,Microsoft Corporation,19.3392,0.11861,Standard,163.048,Hours,eastus,East US,microsoft/sub-a1b2c3d4/azure-sql-database,azure-sql-database-prod,SQL Database,Databases,Relational Databases,Azure SQL Database,Microsoft Azure,MIC-AzureSQLData,MIC-AzureSQL-eastus,sub-a1b2c3d4,assinatura-producao,Subscription,"{""OwnerTeam"": ""backend"", ""Environment"": ""prod"", ""ManagedBy"": ""cloudformation""}"
23.5399,sub-a1b2c3d4,cloudfinops-demo,Billing Account,USD,2026-09-01T00:00:00Z,2026-10-01T00:00:00Z,Usage,,Azure SQL Database - Relational Databases,Usage-Based,2026-09-21T00:00:00Z,2026-09-21T23:59:59Z,,,,366.363,Hours,23.5399,0.064253,23.5399,Microsoft Corporation,23.5399,0.064253,Standard,366.363,Hours,eastus,East US,microsoft/sub-a1b2c3d4/azure-sql-database,azure-sql-database-prod,SQL Database,Databases,Relational Databases,Azure SQL Database,Microsoft Azure,MIC-AzureSQLData,MIC-AzureSQL-eastus,sub-a1b2c3d4,assinatura-producao,Subscription,"{""OwnerTeam"": ""dados"", ""Environment"": ""prod"", ""ManagedBy"": ""serverless""}"
23.7854,sub-a1b2c3d4,cloudfinops-demo,Billing Account,USD,2026-09-01T00:00:00Z,2026-10-01T00:00:00Z,Usage,,Azure SQL Database - Relational Databases,Usage-Based,2026-09-22T00:00:00Z,2026-09-22T23:59:59Z,,,,274.85,Hours,23.7854,0.08654,23.7854,Microsoft Corporation,23.7854,0.08654,Standard,274.85,Hours,eastus,East US,microsoft/sub-a1b2c3d4/azure-sql-database,azure-sql-database-prod,SQL Database,Databases,Relational Databases,Azure SQL Database,Microsoft Azure,MIC-AzureSQLData,MIC-AzureSQL-eastus,sub-a1b2c3d4,assinatura-producao,Subscription,"{""OwnerTeam"": ""backend"", ""Environment"": ""prod"", ""ManagedBy"": ""manual""}"
24.0553,sub-a1b2c3d4,cloudfinops-demo,Billing Account,USD,2026-09-01T00:00:00Z,2026-10-01T00:00:00Z,Usage,,Azure SQL Database - Relational Databases,Usage-Based,2026-09-23T00:00:00Z,2026-09-23T23:59:59Z,,,,63.75,Hours,24.0553,0.377338,24.0553,Microsoft Corporation,24.0553,0.377338,Standard,63.75,Hours,eastus,East US,microsoft/sub-a1b2c3d4/azure-sql-database,azure-sql-database-prod,SQL Database,Databases,Relational Databases,Azure SQL Database,Microsoft Azure,MIC-AzureSQLData,MIC-AzureSQL-eastus,sub-a1b2c3d4,assinatura-producao,Subscription,"{""OwnerTeam"": ""backend"", ""Environment"": ""prod"", ""ManagedBy"": ""cloudformation""}"
23.752,sub-a1b2c3d4,cloudfinops-demo,Billing Account,USD,2026-09-01T00:00:00Z,2026-10-01T00:00:00Z,Usage,,Azure SQL Database - Relational Databases,Usage-Based,2026-09-24T00:00:00Z,2026-09-24T23:59:59Z,,,,75.638,Hours,23.752,0.314022,23.752,Microsoft Corporation,23.752,0.314022,Standard,75.638,Hours,eastus,East US,microsoft/sub-a1b2c3d4/azure-sql-database,azure-sql-database-prod,SQL Database,Databases,Relational Databases,Azure SQL Database,Microsoft Azure,MIC-AzureSQLData,MIC-AzureSQL-eastus,sub-a1b2c3d4,assinatura-producao,Subscription,"{""OwnerTeam"": ""backend"", ""Environment"": ""prod"", ""ManagedBy"": ""terraform""}"
24.3973,sub-a1b2c3d4,cloudfinops-demo,Billing Account,USD,2026-09-01T00:00:00Z,2026-10-01T00:00:00Z,Usage,,Azure SQL Database - Relational Databases,Usage-Based,2026-09-25T00:00:00Z,2026-09-25T23:59:59Z,,,,113.355,Hours,24.3973,0.215229,24.3973,Microsoft Corporation,24.3973,0.215229,Standard,113.355,Hours,eastus,East US,microsoft/sub-a1b2c3d4/azure-sql-database,azure-sql-database-prod,SQL Database,Databases,Relational Databases,Azure SQL Database,Microsoft Azure,MIC-AzureSQLData,MIC-AzureSQL-eastus,sub-a1b2c3d4,assinatura-producao,Subscription,"{""OwnerTeam"": ""dados"", ""Environment"": ""prod"", ""ManagedBy"": ""cloudformation""}"
19.85,sub-a1b2c3d4,cloudfinops-demo,Billing Account,USD,2026-09-01T00:00:00Z,2026-10-01T00:00:00Z,Usage,,Azure SQL Database - Relational Databases,Usage-Based,2026-09-26T00:00:00Z,2026-09-26T23:59:59Z,,,,56.328,Hours,19.85,0.3524,19.85,Microsoft Corporation,19.85,0.3524,Standard,56.328,Hours,eastus,East US,microsoft/sub-a1b2c3d4/azure-sql-database,azure-sql-database-prod,SQL Database,Databases,Relational Databases,Azure SQL Database,Microsoft Azure,MIC-AzureSQLData,MIC-AzureSQL-eastus,sub-a1b2c3d4,assinatura-producao,Subscription,"{""OwnerTeam"": ""plataforma"", ""Environment"": ""prod"", ""ManagedBy"": ""cloudformation""}"
20.4186,sub-a1b2c3d4,cloudfinops-demo,Billing Account,USD,2026-09-01T00:00:00Z,2026-10-01T00:00:00Z,Usage,,Azure SQL Database - Relational Databases,Usage-Based,2026-09-27T00:00:00Z,2026-09-27T23:59:59Z,,,,45.892,Hours,20.4186,0.444927,20.4186,Microsoft Corporation,20.4186,0.444927,Standard,45.892,Hours,eastus,East US,microsoft/sub-a1b2c3d4/azure-sql-database,azure-sql-database-prod,SQL Database,Databases,Relational Databases,Azure SQL Database,Microsoft Azure,MIC-AzureSQLData,MIC-AzureSQL-eastus,sub-a1b2c3d4,assinatura-producao,Subscription,"{""OwnerTeam"": ""backend"", ""Environment"": ""prod"", ""ManagedBy"": ""terraform""}"
23.9771,sub-a1b2c3d4,cloudfinops-demo,Billing Account,USD,2026-09-01T00:00:00Z,2026-10-01T00:00:00Z,Usage,,Azure SQL Database - Relational Databases,Usage-Based,2026-09-28T00:00:00Z,2026-09-28T23:59:59Z,,,,1006.278,Hours,23.9771,0.023828,23.9771,Microsoft Corporation,23.9771,0.023828,Standard,1006.278,Hours,eastus,East US,microsoft/sub-a1b2c3d4/azure-sql-database,azure-sql-database-prod,SQL Database,Databases,Relational Databases,Azure SQL Database,Microsoft Azure,MIC-AzureSQLData,MIC-AzureSQL-eastus,sub-a1b2c3d4,assinatura-producao,Subscription,"{""OwnerTeam"": ""redes"", ""Environment"": ""prod"", ""ManagedBy"": ""cloudformation""}"
23.275,sub-a1b2c3d4,cloudfinops-demo,Billing Account,USD,2026-09-01T00:00:00Z,2026-10-01T00:00:00Z,Usage,,Azure SQL Database - Relational Databases,Usage-Based,2026-09-29T00:00:00Z,2026-09-29T23:59:59Z,,,,104.314,Hours,23.275,0.223124,23.275,Microsoft Corporation,23.275,0.223124,Standard,104.314,Hours,eastus,East US,microsoft/sub-a1b2c3d4/azure-sql-database,azure-sql-database-prod,SQL Database,Databases,Relational Databases,Azure SQL Database,Microsoft Azure,MIC-AzureSQLData,MIC-AzureSQL-eastus,sub-a1b2c3d4,assinatura-producao,Subscription,"{""OwnerTeam"": ""dados"", ""Environment"": ""prod"", ""ManagedBy"": ""cloudformation""}"
23.9565,sub-a1b2c3d4,cloudfinops-demo,Billing Account,USD,2026-09-01T00:00:00Z,2026-10-01T00:00:00Z,Usage,,Azure SQL Database - Relational Databases,Usage-Based,2026-09-30T00:00:00Z,2026-09-30T23:59:59Z,,,,57.671,Hours,23.9565,0.415399,23.9565,Microsoft Corporation,23.9565,0.415399,Standard,57.671,Hours,eastus,East US,microsoft/sub-a1b2c3d4/azure-sql-database,azure-sql-database-prod,SQL Database,Databases,Relational Databases,Azure SQL Database,Microsoft Azure,MIC-AzureSQLData,MIC-AzureSQL-eastus,sub-a1b2c3d4,assinatura-producao,Subscription,"{""OwnerTeam"": ""dados"", ""Environment"": ""prod"", ""ManagedBy"": ""serverless""}"
25.4305,sub-a1b2c3d4,cloudfinops-demo,Billing Account,USD,2026-10-01T00:00:00Z,2026-11-01T00:00:00Z,Usage,,Azure SQL Database - Relational Databases,Usage-Based,2026-10-01T00:00:00Z,2026-10-01T23:59:59Z,,,,61.7,Hours,25.4305,0.412164,25.4305,Microsoft Corporation,25.4305,0.412164,Standard,61.7,Hours,eastus,East US,microsoft/sub-a1b2c3d4/azure-sql-database,azure-sql-database-prod,SQL Database,Databases,Relational Databases,Azure SQL Database,Microsoft Azure,MIC-AzureSQLData,MIC-AzureSQL-eastus,sub-a1b2c3d4,assinatura-producao,Subscription,"{""OwnerTeam"": ""backend"", ""Environment"": ""prod"", ""ManagedBy"": ""serverless""}"
24.4172,sub-a1b2c3d4,cloudfinops-demo,Billing Account,USD,2026-10-01T00:00:00Z,2026-11-01T00:00:00Z,Usage,,Azure SQL Database - Relational Databases,Usage-Based,2026-10-02T00:00:00Z,2026-10-02T23:59:59Z,,,,62.819,Hours,24.4172,0.388691,24.4172,Microsoft Corporation,24.4172,0.388691,Standard,62.819,Hours,eastus,East US,microsoft/sub-a1b2c3d4/azure-sql-database,azure-sql-database-prod,SQL Database,Databases,Relational Databases,Azure SQL Database,Microsoft Azure,MIC-AzureSQLData,MIC-AzureSQL-eastus,sub-a1b2c3d4,assinatura-producao,Subscription,"{""OwnerTeam"": ""dados"", ""Environment"": ""prod"", ""ManagedBy"": ""manual""}"
20.3103,sub-a1b2c3d4,cloudfinops-demo,Billing Account,USD,2026-10-01T00:00:00Z,2026-11-01T00:00:00Z,Usage,,Azure SQL Database - Relational Databases,Usage-Based,2026-10-03T00:00:00Z,2026-10-03T23:59:59Z,,,,121.828,Hours,20.3103,0.166713,20.3103,Microsoft Corporation,20.3103,0.166713,Standard,121.828,Hours,eastus,East US,microsoft/sub-a1b2c3d4/azure-sql-database,azure-sql-database-prod,SQL Database,Databases,Relational Databases,Azure SQL Database,Microsoft Azure,MIC-AzureSQLData,MIC-AzureSQL-eastus,sub-a1b2c3d4,assinatura-producao,Subscription,"{""OwnerTeam"": ""backend"", ""Environment"": ""prod"", ""ManagedBy"": ""cloudformation""}"
7.4147,sub-a1b2c3d4,cloudfinops-demo,Billing Account,USD,2026-08-01T00:00:00Z,2026-09-01T00:00:00Z,Usage,,Azure SQL Database - Relational Databases,Usage-Based,2026-08-01T00:00:00Z,2026-08-01T23:59:59Z,,,,97.818,Hours,7.4147,0.075801,7.4147,Microsoft Corporation,7.4147,0.075801,Standard,97.818,Hours,eastus,East US,microsoft/sub-d4e5f6a7/azure-sql-database,azure-sql-database-dev,SQL Database,Databases,Relational Databases,Azure SQL Database,Microsoft Azure,MIC-AzureSQLData,MIC-AzureSQL-eastus,sub-d4e5f6a7,assinatura-dev,Subscription,"{""OwnerTeam"": ""backend"", ""Environment"": ""dev"", ""ManagedBy"": ""terraform""}"
7.4543,sub-a1b2c3d4,cloudfinops-demo,Billing Account,USD,2026-08-01T00:00:00Z,2026-09-01T00:00:00Z,Usage,,Azure SQL Database - Relational Databases,Usage-Based,2026-08-02T00:00:00Z,2026-08-02T23:59:59Z,,,,18.204,Hours,7.4543,0.409487,7.4543,Microsoft Corporation,7.4543,0.409487,Standard,18.204,Hours,eastus,East US,microsoft/sub-d4e5f6a7/azure-sql-database,azure-sql-database-dev,SQL Database,Databases,Relational Databases,Azure SQL Database,Microsoft Azure,MIC-AzureSQLData,MIC-AzureSQL-eastus,sub-d4e5f6a7,assinatura-dev,Subscription,"{""OwnerTeam"": ""backend"", ""Environment"": ""dev"", ""ManagedBy"": ""cloudformation""}"
8.6439,sub-a1b2c3d4,cloudfinops-demo,Billing Account,USD,2026-08-01T00:00:00Z,2026-09-01T00:00:00Z,Usage,,Azure SQL Database - Relational Databases,Usage-Based,2026-08-03T00:00:00Z,2026-08-03T23:59:59Z,,,,25.866,Hours,8.6439,0.33418,8.6439,Microsoft Corporation,8.6439,0.33418,Standard,25.866,Hours,eastus,East US,microsoft/sub-d4e5f6a7/azure-sql-database,azure-sql-database-dev,SQL Database,Databases,Relational Databases,Azure SQL Database,Microsoft Azure,MIC-AzureSQLData,MIC-AzureSQL-eastus,sub-d4e5f6a7,assinatura-dev,Subscription,"{""OwnerTeam"": ""redes"", ""Environment"": ""dev"", ""ManagedBy"": ""manual""}"
8.8931,sub-a1b2c3d4,cloudfinops-demo,Billing Account,USD,2026-08-01T00:00:00Z,2026-09-01T00:00:00Z,Usage,,Azure SQL Database - Relational Databases,Usage-Based,2026-08-04T00:00:00Z,2026-08-04T23:59:59Z,,,,22.773,Hours,8.8931,0.390511,8.8931,Microsoft Corporation,8.8931,0.390511,Standard,22.773,Hours,eastus,East US,microsoft/sub-d4e5f6a7/azure-sql-database,azure-sql-database-dev,SQL Database,Databases,Relational Databases,Azure SQL Database,Microsoft Azure,MIC-AzureSQLData,MIC-AzureSQL-eastus,sub-d4e5f6a7,assinatura-dev,Subscription,"{""OwnerTeam"": ""redes"", ""Environment"": ""dev"", ""ManagedBy"": ""terraform""}"
8.8339,sub-a1b2c3d4,cloudfinops-demo,Billing Account,USD,2026-08-01T00:00:00Z,2026-09-01T00:00:00Z,Usage,,Azure SQL Database - Relational Databases,Usage-Based,2026-08-05T00:00:00Z,2026-08-05T23:59:59Z,,,,46.471,Hours,8.8339,0.190095,8.8339,Microsoft Corporation,8.8339,0.190095,Standard,46.471,Hours,eastus,East US,microsoft/sub-d4e5f6a7/azure-sql-database,azure-sql-database-dev,SQL Database,Databases,Relational Databases,Azure SQL Database,Microsoft Azure,MIC-AzureSQLData,MIC-AzureSQL-eastus,sub-d4e5f6a7,assinatura-dev,Subscription,"{""OwnerTeam"": ""backend"", ""Environment"": ""dev"", ""ManagedBy"": ""serverless""}"
8.5705,sub-a1b2c3d4,cloudfinops-demo,Billing Account,USD,2026-08-01T00:00:00Z,2026-09-01T00:00:00Z,Usage,,Azure SQL Database - Relational Databases,Usage-Based,2026-08-06T00:00:00Z,2026-08-06T23:59:59Z,,,,21.765,Hours,8.5705,0.393774,8.5705,Microsoft Corporation,8.5705,0.393774,Standard,21.765,Hours,eastus,East US,microsoft/sub-d4e5f6a7/azure-sql-database,azure-sql-database-dev,SQL Database,Databases,Relational Databases,Azure SQL Database,Microsoft Azure,MIC-AzureSQLData,MIC-AzureSQL-eastus,sub-d4e5f6a7,assinatura-dev,Subscription,"{""OwnerTeam"": ""redes"", ""Environment"": ""dev"", ""ManagedBy"": ""manual""}"
9.0034,sub-a1b2c3d4,cloudfinops-demo,Billing Account,USD,2026-08-01T00:00:00Z,2026-09-01T00:00:00Z,Usage,,Azure SQL Database - Relational Databases,Usage-Based,2026-08-07T00:00:00Z,2026-08-07T23:59:59Z,,,,177.89,Hours,9.0034,0.050612,9.0034,Microsoft Corporation,9.0034,0.050612,Standard,177.89,Hours,eastus,East US,microsoft/sub-d4e5f6a7/azure-sql-database,azure-sql-database-dev,SQL Database,Databases,Relational Databases,Azure SQL Database,Microsoft Azure,MIC-AzureSQLData,MIC-AzureSQL-eastus,sub-d4e5f6a7,assinatura-dev,Subscription,"{""OwnerTeam"": ""backend"", ""Environment"": ""dev"", ""ManagedBy"": ""serverless""}"
7.2263,sub-a1b2c3d4,cloudfinops-demo,Billing Account,USD,2026-08-01T00:00:00Z,2026-09-01T00:00:00Z,Usage,,Azure SQL Database - Relational Databases,Usage-Based,2026-08-08T00:00:00Z,2026-08-08T23:59:59Z,,,,79.744,Hours,7.2263,0.090619,7.2263,Microsoft Corporation,7.2263,0.090619,Standard,79.744,Hours,eastus,East US,microsoft/sub-d4e5f6a7/azure-sql-database,azure-sql-database-dev,SQL Database,Databases,Relational Databases,Azure SQL Database,Microsoft Azure,MIC-AzureSQLData,MIC-AzureSQL-eastus,sub-d4e5f6a7,assinatura-dev,Subscription,"{""OwnerTeam"": ""plataforma"", ""Environment"": ""dev"", ""ManagedBy"": ""manual""}"
7.4636,sub-a1b2c3d4,cloudfinops-demo,Billing Account,USD,2026-08-01T00:00:00Z,2026-09-01T00:00:00Z,Usage,,Azure SQL Database - Relational Databases,Usage-Based,2026-08-09T00:00:00Z,2026-08-09T23:59:59Z,,,,53.508,Hours,7.4636,0.139486,7.4636,Microsoft Corporation,7.4636,0.139486,Standard,53.508,Hours,eastus,East US,microsoft/sub-d4e5f6a7/azure-sql-database,azure-sql-database-dev,SQL Database,Databases,Relational Databases,Azure SQL Database,Microsoft Azure,MIC-AzureSQLData,MIC-AzureSQL-eastus,sub-d4e5f6a7,assinatura-dev,Subscription,"{""OwnerTeam"": ""backend"", ""Environment"": ""dev"", ""ManagedBy"": ""manual""}"
8.9922,sub-a1b2c3d4,cloudfinops-demo,Billing Account,USD,2026-08-01T00:00:00Z,2026-09-01T00:00:00Z,Usage,,Azure SQL Database - Relational Databases,Usage-Based,2026-08-10T00:00:00Z,2026-08-10T23:59:59Z,,,,27.531,Hours,8.9922,0.326621,8.9922,Microsoft Corporation,8.9922,0.326621,Standard,27.531,Hours,eastus,East US,microsoft/sub-d4e5f6a7/azure-sql-database,azure-sql-database-dev,SQL Database,Databases,Relational Databases,Azure SQL Database,Microsoft Azure,MIC-AzureSQLData,MIC-AzureSQL-eastus,sub-d4e5f6a7,assinatura-dev,Subscription,"{""OwnerTeam"": ""dados"", ""Environment"": ""dev"", ""ManagedBy"": ""serverless""}"
8.5328,sub-a1b2c3d4,cloudfinops-demo,Billing Account,USD,2026-08-01T00:00:00Z,2026-09-01T00:00:00Z,Usage,,Azure SQL Database - Relational Databases,Usage-Based,2026-08-11T00:00:00Z,2026-08-11T23:59:59Z,,,,127.512,Hours,8.5328,0.066918,8.5328,Microsoft Corporation,8.5328,0.066918,Standard,127.512,Hours,eastus,East US,microsoft/sub-d4e5f6a7/azure-sql-database,azure-sql-database-dev,SQL Database,Databases,Relational Databases,Azure SQL Database,Microsoft Azure,MIC-AzureSQLData,MIC-AzureSQL-eastus,sub-d4e5f6a7,assinatura-dev,Subscription,"{""OwnerTeam"": ""backend"", ""Environment"": ""dev"", ""ManagedBy"": ""manual""}"
8.7309,sub-a1b2c3d4,cloudfinops-demo,Billing Account,USD,2026-08-01T00:00:00Z,2026-09-01T00:00:00Z,Usage,,Azure SQL Database - Relational Databases,Usage-Based,2026-08-12T00:00:00Z,2026-08-12T23:59:59Z,,,,26.444,Hours,8.7309,0.330166,8.7309,Microsoft Corporation,8.7309,0.330166,Standard,26.444,Hours,eastus,East US,microsoft/sub-d4e5f6a7/azure-sql-database,azure-sql-database-dev,SQL Database,Databases,Relational Databases,Azure SQL Database,Microsoft Azure,MIC-AzureSQLData,MIC-AzureSQL-eastus,sub-d4e5f6a7,assinatura-dev,Subscription,"{""OwnerTeam"": ""dados"", ""Environment"": ""dev"", ""ManagedBy"": ""serverless""}"
8.8139,sub-a1b2c3d4,cloudfinops-demo,Billing Account,USD,2026-08-01T00:00:00Z,2026-09-01T00:00:00Z,Usage,,Azure SQL Database - Relational Databases,Usage-Based,2026-08-13T00:00:00Z,2026-08-13T23:59:59Z,,,,46.359,Hours,8.8139,0.190123,8.8139,Microsoft Corporation,8.8139,0.190123,Standard,46.359,Hours,eastus,East US,microsoft/sub-d4e5f6a7/azure-sql-database,azure-sql-database-dev,SQL Database,Databases,Relational Databases,Azure SQL Database,Microsoft Azure,MIC-AzureSQLData,MIC-AzureSQL-eastus,sub-d4e5f6a7,assinatura-dev,Subscription,"{""OwnerTeam"": ""backend"", ""Environment"": ""dev"", ""ManagedBy"": ""manual""}"
8.8747,sub-a1b2c3d4,cloudfinops-demo,Billing Account,USD,2026-08-01T00:00:00Z,2026-09-01T00:00:00Z,Usage,,Azure SQL Database - Relational Databases,Usage-Based,2026-08-14T00:00:00Z,2026-08-14T23:59:59Z,,,,33.985,Hours,8.8747,0.261136,8.8747,Microsoft Corporation,8.8747,0.261136,Standard,33.985,Hours,eastus,East US,microsoft/sub-d4e5f6a7/azure-sql-database,azure-sql-database-dev,SQL Database,Databases,Relational Databases,Azure SQL Database,Microsoft Azure,MIC-AzureSQLData,MIC-AzureSQL-eastus,sub-d4e5f6a7,assinatura-dev,Subscription,"{""OwnerTeam"": ""redes"", ""Environment"": ""dev"", ""ManagedBy"": ""cloudformation""}"
7.3025,sub-a1b2c3d4,cloudfinops-demo,Billing Account,USD,2026-08-01T00:00:00Z,2026-09-01T00:00:00Z,Usage,,Azure SQL Database - Relational Databases,Usage-Based,2026-08-15T00:00:00Z,2026-08-15T23:59:59Z,,,,21.799,Hours,7.3025,0.334992,7.3025,Microsoft Corporation,7.3025,0.334992,Standard,21.799,Hours,eastus,East US,microsoft/sub-d4e5f6a7/azure-sql-database,azure-sql-database-dev,SQL Database,Databases,Relational Databases,Azure SQL Database,Microsoft Azure,MIC-AzureSQLData,MIC-AzureSQL-eastus,sub-d4e5f6a7,assinatura-dev,Subscription,"{""OwnerTeam"": ""redes"", ""Environment"": ""dev"", ""ManagedBy"": ""cloudformation""}"
7.278,sub-a1b2c3d4,cloudfinops-demo,Billing Account,USD,2026-08-01T00:00:00Z,2026-09-01T00:00:00Z,Usage,,Azure SQL Database - Relational Databases,Usage-Based,2026-08-16T00:00:00Z,2026-08-16T23:59:59Z,,,,60.347,Hours,7.278,0.120603,7.278,Microsoft Corporation,7.278,0.120603,Standard,60.347,Hours,eastus,East US,microsoft/sub-d4e5f6a7/azure-sql-database,azure-sql-database-dev,SQL Database,Databases,Relational Databases,Azure SQL Database,Microsoft Azure,MIC-AzureSQLData,MIC-AzureSQL-eastus,sub-d4e5f6a7,assinatura-dev,Subscription,"{""OwnerTeam"": ""redes"", ""Environment"": ""dev"", ""ManagedBy"": ""serverless""}"
9.0104,sub-a1b2c3d4,cloudfinops-demo,Billing Account,USD,2026-08-01T00:00:00Z,2026-09-01T00:00:00Z,Usage,,Azure SQL Database - Relational Databases,Usage-Based,2026-08-17T00:00:00Z,2026-08-17T23:59:59Z,,,,23.168,Hours,9.0104,0.388916,9.0104,Microsoft Corporation,9.0104,0.388916,Standard,23.168,Hours,eastus,East US,microsoft/sub-d4e5f6a7/azure-sql-database,azure-sql-database-dev,SQL Database,Databases,Relational Databases,Azure SQL Database,Microsoft Azure,MIC-AzureSQLData,MIC-AzureSQL-eastus,sub-d4e5f6a7,assinatura-dev,Subscription,"{""OwnerTeam"": ""redes"", ""Environment"": ""dev"", ""ManagedBy"": ""cloudformation""}"
8.9355,sub-a1b2c3d4,cloudfinops-demo,Billing Account,USD,2026-08-01T00:00:00Z,2026-09-01T00:00:00Z,Usage,,Azure SQL Database - Relational Databases,Usage-Based,2026-08-18T00:00:00Z,2026-08-18T23:59:59Z,,,,36.046,Hours,8.9355,0.247892,8.9355,Microsoft Corporation,8.9355,0.247892,Standard,36.046,Hours,eastus,East US,microsoft/sub-d4e5f6a7/azure-sql-database,azure-sql-database-dev,SQL Database,Databases,Relational Databases,Azure SQL Database,Microsoft Azure,MIC-AzureSQLData,MIC-AzureSQL-eastus,sub-d4e5f6a7,assinatura-dev,Subscription,"{""OwnerTeam"": ""dados"", ""Environment"": ""dev"", ""ManagedBy"": ""serverless""}"
9.0016,sub-a1b2c3d4,cloudfinops-demo,Billing Account,USD,2026-08-01T00:00:00Z,2026-09-01T00:00:00Z,Usage,,Azure SQL Database - Relational Databases,Usage-Based,2026-08-19T00:00:00Z,2026-08-19T23:59:59Z,,,,266.213,Hours,9.0016,0.033814,9.0016,Microsoft Corporation,9.0016,0.033814,Standard,266.213,Hours,eastus,East US,microsoft/sub-d4e5f6a7/azure-sql-database,azure-sql-database-dev,SQL Database,Databases,Relational Databases,Azure SQL Database,Microsoft Azure,MIC-AzureSQLData,MIC-AzureSQL-eastus,sub-d4e5f6a7,assinatura-dev,Subscription,"{""OwnerTeam"": ""backend"", ""Environment"": ""dev"", ""ManagedBy"": ""serverless""}"
9.0946,sub-a1b2c3d4,cloudfinops-demo,Billing Account,USD,2026-08-01T00:00:00Z,2026-09-01T00:00:00Z,Usage,,Azure SQL Database - Relational Databases,Usage-Based,2026-08-20T00:00:00Z,2026-08-20T23:59:59Z,,,,46.609,Hours,9.0946,0.195125,9.0946,Microsoft Corporation,9.0946,0.195125,Standard,46.609,Hours,eastus,East US,microsoft/sub-d4e5f6a7/azure-sql-database,azure-sql-database-dev,SQL Database,Databases,Relational Databases,Azure SQL Database,Microsoft Azure,MIC-AzureSQLData,MIC-AzureSQL-eastus,sub-d4e5f6a7,assinatura-dev,Subscription,"{""OwnerTeam"": ""backend"", ""Environment"": ""dev"", ""ManagedBy"": ""terraform""}"
9.0881,sub-a1b2c3d4,cloudfinops-demo,Billing Account,USD,2026-08-01T00:00:00Z,2026-09-01T00:00:00Z,Usage,,Azure SQL Database - Relational Databases,Usage-Based,2026-08-21T00:00:00Z,2026-08-21T23:59:59Z,,,,147.273,Hours,9.0881,0.061709,9.0881,Microsoft Corporation,9.0881,0.061709,Standard,147.273,Hours,eastus,East US,microsoft/sub-d4e5f6a7/azure-sql-database,azure-sql-database-dev,SQL Database,Databases,Relational Databases,Azure SQL Database,Microsoft Azure,MIC-AzureSQLData,MIC-AzureSQL-eastus,sub-d4e5f6a7,assinatura-dev,Subscription,"{""OwnerTeam"": ""backend"", ""Environment"": ""dev"", ""ManagedBy"": ""serverless""}"
7.2021,sub-a1b2c3d4,cloudfinops-demo,Billing Account,USD,2026-08-01T00:00:00Z,2026-09-01T00:00:00Z,Usage,,Azure SQL Database - Relational Databases,Usage-Based,2026-08-22T00:00:00Z,2026-08-22T23:59:59Z,,,,70.946,Hours,7.2021,0.101515,7.2021,Microsoft Corporation,7.2021,0.101515,Standard,70.946,Hours,eastus,East US,microsoft/sub-d4e5f6a7/azure-sql-database,azure-sql-database-dev,SQL Database,Databases,Relational Databases,Azure SQL Database,Microsoft Azure,MIC-AzureSQLData,MIC-AzureSQL-eastus,sub-d4e5f6a7,assinatura-dev,Subscription,"{""OwnerTeam"": ""redes"", ""Environment"": ""dev"", ""ManagedBy"": ""terraform""}"
7.344,sub-a1b2c3d4,cloudfinops-demo,Billing Account,USD,2026-08-01T00:00:00Z,2026-09-01T00:00:00Z,Usage,,Azure SQL Database - Relational Databases,Usage-Based,2026-08-23T00:00:00Z,2026-08-23T23:59:59Z,,,,22.632,Hours,7.344,0.324496,7.344,Microsoft Corporation,7.344,0.324496,Standard,22.632,Hours,eastus,East US,microsoft/sub-d4e5f6a7/azure-sql-database,azure-sql-database-dev,SQL Database,Databases,Relational Databases,Azure SQL Database,Microsoft Azure,MIC-AzureSQLData,MIC-AzureSQL-eastus,sub-d4e5f6a7,assinatura-dev,Subscription,"{""OwnerTeam"": ""dados"", ""Environment"": ""dev"", ""ManagedBy"": ""cloudformation""}"
8.5963,sub-a1b2c3d4,cloudfinops-demo,Billing Account,USD,2026-08-01T00:00:00Z,2026-09-01T00:00:00Z,Usage,,Azure SQL Database - Relational Databases,Usage-Based,2026-08-24T00:00:00Z,2026-08-24T23:59:59Z,,,,43.23,Hours,8.5963,0.19885,8.5963,Microsoft Corporation,8.5963,0.19885,Standard,43.23,Hours,eastus,East US,microsoft/sub-d4e5f6a7/azure-sql-database,azure-sql-database-dev,SQL Database,Databases,Relational Databases,Azure SQL Database,Microsoft Azure,MIC-AzureSQLData,MIC-AzureSQL-eastus,sub-d4e5f6a7,assinatura-dev,Subscription,"{""OwnerTeam"": ""backend"", ""Environment"": ""dev"", ""ManagedBy"": ""cloudformation""}"
8.635,sub-a1b2c3d4,cloudfinops-demo,Billing Account,USD,2026-08-01T00:00:00Z,2026-09-01T00:00:00Z,Usage,,Azure SQL Database - Relational Databases,Usage-Based,2026-08-25T00:00:00Z,2026-08-25T23:59:59Z,,,,27.145,Hours,8.635,0.318106,8.635,Microsoft Corporation,8.635,0.318106,Standard,27.145,Hours,eastus,East US,microsoft/sub-d4e5f6a7/azure-sql-database,azure-sql-database-dev,SQL Database,Databases,Relational Databases,Azure SQL Database,Microsoft Azure,MIC-AzureSQLData,MIC-AzureSQL-eastus,sub-d4e5f6a7,assinatura-dev,Subscription,"{""OwnerTeam"": ""backend"", ""Environment"": ""dev"", ""ManagedBy"": ""cloudformation""}"
8.971,sub-a1b2c3d4,cloudfinops-demo,Billing Account,USD,2026-08-01T00:00:00Z,2026-09-01T00:00:00Z,Usage,,Azure SQL Database - Relational Databases,Usage-Based,2026-08-26T00:00:00Z,2026-08-26T23:59:59Z,,,,22.304,Hours,8.971,0.402215,8.971,Microsoft Corporation,8.971,0.402215,Standard,22.304,Hours,eastus,East US,microsoft/sub-d4e5f6a7/azure-sql-database,azure-sql-database-dev,SQL Database,Databases,Relational Databases,Azure SQL Database,Microsoft Azure,MIC-AzureSQLData,MIC-AzureSQL-eastus,sub-d4e5f6a7,assinatura-dev,Subscription,"{""OwnerTeam"": ""plataforma"", ""Environment"": ""dev"", ""ManagedBy"": ""serverless""}"
8.612,sub-a1b2c3d4,cloudfinops-demo,Billing Account,USD,2026-08-01T00:00:00Z,2026-09-01T00:00:00Z,Usage,,Azure SQL Database - Relational Databases,Usage-Based,2026-08-27T00:00:00Z,2026-08-27T23:59:59Z,,,,36.74,Hours,8.612,0.234404,8.612,Microsoft Corporation,8.612,0.234404,Standard,36.74,Hours,eastus,East US,microsoft/sub-d4e5f6a7/azure-sql-database,azure-sql-database-dev,SQL Database,Databases,Relational Databases,Azure SQL Database,Microsoft Azure,MIC-AzureSQLData,MIC-AzureSQL-eastus,sub-d4e5f6a7,assinatura-dev,Subscription,"{""OwnerTeam"": ""backend"", ""Environment"": ""dev"", ""ManagedBy"": ""cloudformation""}"
8.7891,sub-a1b2c3d4,cloudfinops-demo,Billing Account,USD,2026-08-01T00:00:00Z,2026-09-01T00:00:00Z,Usage,,Azure SQL Database - Relational Databases,Usage-Based,2026-08-28T00:00:00Z,2026-08-28T23:59:59Z,,,,27.576,Hours,8.7891,0.318723,8.7891,Microsoft Corporation,8.7891,0.318723,Standard,27.576,Hours,eastus,East US,microsoft/sub-d4e5f6a7/azure-sql-database,azure-sql-database-dev,SQL Database,Databases,Relational Databases,Azure SQL Database,Microsoft Azure,MIC-AzureSQLData,MIC-AzureSQL-eastus,sub-d4e5f6a7,assinatura-dev,Subscription,"{""OwnerTeam"": ""backend"", ""Environment"": ""dev"", ""ManagedBy"": ""serverless""}"
7.6362,sub-a1b2c3d4,cloudfinops-demo,Billing Account,USD,2026-08-01T00:00:00Z,2026-09-01T00:00:00Z,Usage,,Azure SQL Database - Relational Databases,Usage-Based,2026-08-29T00:00:00Z,2026-08-29T23:59:59Z,,,,23.572,Hours,7.6362,0.323952,7.6362,Microsoft Corporation,7.6362,0.323952,Standard,23.572,Hours,eastus,East US,microsoft/sub-d4e5f6a7/azure-sql-database,azure-sql-database-dev,SQL Database,Databases,Relational Databases,Azure SQL Database,Microsoft Azure,MIC-AzureSQLData,MIC-AzureSQL-eastus,sub-d4e5f6a7,assinatura-dev,Subscription,"{""OwnerTeam"": ""redes"", ""Environment"": ""dev"", ""ManagedBy"": ""manual""}"
7.5544,sub-a1b2c3d4,cloudfinops-demo,Billing Account,USD,2026-08-01T00:00:00Z,2026-09-01T00:00:00Z,Usage,,Azure SQL Database - Relational Databases,Usage-Based,2026-08-30T00:00:00Z,2026-08-30T23:59:59Z,,,,29.16,Hours,7.5544,0.259067,7.5544,Microsoft Corporation,7.5544,0.259067,Standard,29.16,Hours,eastus,East US,microsoft/sub-d4e5f6a7/azure-sql-database,azure-sql-database-dev,SQL Database,Databases,Relational Databases,Azure SQL Database,Microsoft Azure,MIC-AzureSQLData,MIC-AzureSQL-eastus,sub-d4e5f6a7,assinatura-dev,Subscription,"{""OwnerTeam"": ""backend"", ""Environment"": ""dev"", ""ManagedBy"": ""cloudformation""}"
8.5335,sub-a1b2c3d4,cloudfinops-demo,Billing Account,USD,2026-08-01T00:00:00Z,2026-09-01T00:00:00Z,Usage,,Azure SQL Database - Relational Databases,Usage-Based,2026-08-31T00:00:00Z,2026-08-31T23:59:59Z,,,,41.705,Hours,8.5335,0.204616,8.5335,Microsoft Corporation,8.5335,0.204616,Standard,41.705,Hours,eastus,East US,microsoft/sub-d4e5f6a7/azure-sql-database,azure-sql-database-dev,SQL Database,Databases,Relational Databases,Azure SQL Database,Microsoft Azure,MIC-AzureSQLData,MIC-AzureSQL-eastus,sub-d4e5f6a7,assinatura-dev,Subscription,"{""OwnerTeam"": ""dados"", ""Environment"": ""dev"", ""ManagedBy"": ""serverless""}"
9.0072,sub-a1b2c3d4,cloudfinops-demo,Billing Account,USD,2026-09-01T00:00:00Z,2026-10-01T00:00:00Z,Usage,,Azure SQL Database - Relational Databases,Usage-Based,2026-09-01T00:00:00Z,2026-09-01T23:59:59Z,,,,43.132,Hours,9.0072,0.208829,9.0072,Microsoft Corporation,9.0072,0.208829,Standard,43.132,Hours,eastus,East US,microsoft/sub-d4e5f6a7/azure-sql-database,azure-sql-database-dev,SQL Database,Databases,Relational Databases,Azure SQL Database,Microsoft Azure,MIC-AzureSQLData,MIC-AzureSQL-eastus,sub-d4e5f6a7,assinatura-dev,Subscription,"{""OwnerTeam"": ""redes"", ""Environment"": ""dev"", ""ManagedBy"": ""serverless""}"
9.214,sub-a1b2c3d4,cloudfinops-demo,Billing Account,USD,2026-09-01T00:00:00Z,2026-10-01T00:00:00Z,Usage,,Azure SQL Database - Relational Databases,Usage-Based,2026-09-02T00:00:00Z,2026-09-02T23:59:59Z,,,,21.679,Hours,9.214,0.42502,9.214,Microsoft Corporation,9.214,0.42502,Standard,21.679,Hours,eastus,East US,microsoft/sub-d4e5f6a7/azure-sql-database,azure-sql-database-dev,SQL Database,Databases,Relational Databases,Azure SQL Database,Microsoft Azure,MIC-AzureSQLData,MIC-AzureSQL-eastus,sub-d4e5f6a7,assinatura-dev,Subscription,"{""OwnerTeam"": ""dados"", ""Environment"": ""dev"", ""ManagedBy"": ""serverless""}"
8.9882,sub-a1b2c3d4,cloudfinops-demo,Billing Account,USD,2026-09-01T00:00:00Z,2026-10-01T00:00:00Z,Usage,,Azure SQL Database - Relational Databases,Usage-Based,2026-09-03T00:00:00Z,2026-09-03T23:59:59Z,,,,150.506,Hours,8.9882,0.05972,8.9882,Microsoft Corporation,8.9882,0.05972,Standard,150.506,Hours,eastus,East US,microsoft/sub-d4e5f6a7/azure-sql-database,azure-sql-database-dev,SQL Database,Databases,Relational Databases,Azure SQL Database,Microsoft Azure,MIC-AzureSQLData,MIC-AzureSQL-eastus,sub-d4e5f6a7,assinatura-dev,Subscription,"{""OwnerTeam"": ""dados"", ""Environment"": ""dev"", ""ManagedBy"": ""terraform""}"
9.4828,sub-a1b2c3d4,cloudfinops-demo,Billing Account,USD,2026-09-01T00:00:00Z,2026-10-01T00:00:00Z,Usage,,Azure SQL Database - Relational Databases,Usage-Based,2026-09-04T00:00:00Z,2026-09-04T23:59:59Z,,,,190.445,Hours,9.4828,0.049793,9.4828,Microsoft Corporation,9.4828,0.049793,Standard,190.445,Hours,eastus,East US,microsoft/sub-d4e5f6a7/azure-sql-database,azure-sql-database-dev,SQL Database,Databases,Relational Databases,Azure SQL Database,Microsoft Azure,MIC-AzureSQLData,MIC-AzureSQL-eastus,sub-d4e5f6a7,assinatura-dev,Subscription,"{""OwnerTeam"": ""dados"", ""Environment"": ""dev"", ""ManagedBy"": ""manual""}"
7.7121,sub-a1b2c3d4,cloudfinops-demo,Billing Account,USD,2026-09-01T00:00:00Z,2026-10-01T00:00:00Z,Usage,,Azure SQL Database - Relational Databases,Usage-Based,2026-09-05T00:00:00Z,2026-09-05T23:59:59Z,,,,29.66,Hours,7.7121,0.260017,7.7121,Microsoft Corporation,7.7121,0.260017,Standard,29.66,Hours,eastus,East US,microsoft/sub-d4e5f6a7/azure-sql-database,azure-sql-database-dev,SQL Database,Databases,Relational Databases,Azure SQL Database,Microsoft Azure,MIC-AzureSQLData,MIC-AzureSQL-eastus,sub-d4e5f6a7,assinatura-dev,Subscription,"{""OwnerTeam"": ""dados"", ""Environment"": ""dev"", ""ManagedBy"": ""serverless""}"
7.9727,sub-a1b2c3d4,cloudfinops-demo,Billing Account,USD,2026-09-01T00:00:00Z,2026-10-01T00:00:00Z,Usage,,Azure SQL Database - Relational Databases,Usage-Based,2026-09-06T00:00:00Z,2026-09-06T23:59:59Z,,,,24.053,Hours,7.9727,0.331464,7.9727,Microsoft Corporation,7.9727,0.331464,Standard,24.053,Hours,eastus,East US,microsoft/sub-d4e5f6a7/azure-sql-database,azure-sql-database-dev,SQL Database,Databases,Relational Databases,Azure SQL Database,Microsoft Azure,MIC-AzureSQLData,MIC-AzureSQL-eastus,sub-d4e5f6a7,assinatura-dev,Subscription,"{""OwnerTeam"": ""backend"", ""Environment"": ""dev"", ""ManagedBy"": ""manual""}"
9.293,sub-a1b2c3d4,cloudfinops-demo,Billing Account,USD,2026-09-01T00:00:00Z,2026-10-01T00:00:00Z,Usage,,Azure SQL Database - Relational Databases,Usage-Based,2026-09-07T00:00:00Z,2026-09-07T23:59:59Z,,,,334.761,Hours,9.293,0.02776,9.293,Microsoft Corporation,9.293,0.02776,Standard,334.761,Hours,eastus,East US,microsoft/sub-d4e5f6a7/azure-sql-database,azure-sql-database-dev,SQL Database,Databases,Relational Databases,Azure SQL Database,Microsoft Azure,MIC-AzureSQLData,MIC-AzureSQL-eastus,sub-d4e5f6a7,assinatura-dev,Subscription,"{""OwnerTeam"": ""dados"", ""Environment"": ""dev"", ""ManagedBy"": ""cloudformation""}"
9.0887,sub-a1b2c3d4,cloudfinops-demo,Billing Account,USD,2026-09-01T00:00:00Z,2026-10-01T00:00:00Z,Usage,,Azure SQL Database - Relational Databases,Usage-Based,2026-09-08T00:00:00Z,2026-09-08T23:59:59Z,,,,20.826,Hours,9.0887,0.436411,9.0887,Microsoft Corporation,9.0887,0.436411,Standard,20.826,Hours,eastus,East US,microsoft/sub-d4e5f6a7/azure-sql-database,azure-sql-database-dev,SQL Database,Databases,Relational Databases,Azure SQL Database,Microsoft Azure,MIC-AzureSQLData,MIC-AzureSQL-eastus,sub-d4e5f6a7,assinatura-dev,Subscription,"{""OwnerTeam"": ""redes"", ""Environment"": ""dev"", ""ManagedBy"": ""terraform""}"
8.9638,sub-a1b2c3d4,cloudfinops-demo,Billing Account,USD,2026-09-01T00:00:00Z,2026-10-01T00:00:00Z,Usage,,Azure SQL Database - Relational Databases,Usage-Based,2026-09-09T00:00:00Z,2026-09-09T23:59:59Z,,,,127.774,Hours,8.9638,0.070154,8.9638,Microsoft Corporation,8.9638,0.070154,Standard,127.774,Hours,eastus,East US,microsoft/sub-d4e5f6a7/azure-sql-database,azure-sql-database-dev,SQL Database,Databases,Relational Databases,Azure SQL Database,Microsoft Azure,MIC-AzureSQLData,MIC-AzureSQL-eastus,sub-d4e5f6a7,assinatura-dev,Subscription,"{""OwnerTeam"": ""redes"", ""Environment"": ""dev"", ""ManagedBy"": ""terraform""}"
9.5735,sub-a1b2c3d4,cloudfinops-demo,Billing Account,USD,2026-09-01T00:00:00Z,2026-10-01T00:00:00Z,Usage,,Azure SQL Database - Relational Databases,Usage-Based,2026-09-10T00:00:00Z,2026-09-10T23:59:59Z,,,,262.348,Hours,9.5735,0.036492,9.5735,Microsoft Corporation,9.5735,0.036492,Standard,262.348,Hours,eastus,East US,microsoft/sub-d4e5f6a7/azure-sql-database,azure-sql-database-dev,SQL Database,Databases,Relational Databases,Azure SQL Database,Microsoft Azure,MIC-AzureSQLData,MIC-AzureSQL-eastus,sub-d4e5f6a7,assinatura-dev,Subscription,"{""OwnerTeam"": ""redes"", ""Environment"": ""dev"", ""ManagedBy"": ""serverless""}"
9.3782,sub-a1b2c3d4,cloudfinops-demo,Billing Account,USD,2026-09-01T00:00:00Z,2026-10-01T00:00:00Z,Usage,,Azure SQL Database - Relational Databases,Usage-Based,2026-09-11T00:00:00Z,2026-09-11T23:59:59Z,,,,40.793,Hours,9.3782,0.229897,9.3782,Microsoft Corporation,9.3782,0.229897,Standard,40.793,Hours,eastus,East US,microsoft/sub-d4e5f6a7/azure-sql-database,azure-sql-database-dev,SQL Database,Databases,Relational Databases,Azure SQL Database,Microsoft Azure,MIC-AzureSQLData,MIC-AzureSQL-eastus,sub-d4e5f6a7,assinatura-dev,Subscription,"{""OwnerTeam"": ""backend"", ""Environment"": ""dev"", ""ManagedBy"": ""manual""}"
7.6288,sub-a1b2c3d4,cloudfinops-demo,Billing Account,USD,2026-09-01T00:00:00Z,2026-10-01T00:00:00Z,Usage,,Azure SQL Database - Relational Databases,Usage-Based,2026-09-12T00:00:00Z,2026-09-12T23:59:59Z,,,,55.464,Hours,7.6288,0.137545,7.6288,Microsoft Corporation,7.6288,0.137545,Standard,55.464,Hours,eastus,East US,microsoft/sub-d4e5f6a7/azure-sql-database,azure-sql-database-dev,SQL Database,Databases,Relational Databases,Azure SQL Database,Microsoft Azure,MIC-AzureSQLData,MIC-AzureSQL-eastus,sub-d4e5f6a7,assinatura-dev,Subscription,"{""OwnerTeam"": ""dados"", ""Environment"": ""dev"", ""ManagedBy"": ""serverless""}"
7.6373,sub-a1b2c3d4,cloudfinops-demo,Billing Account,USD,2026-09-01T00:00:00Z,2026-10-01T00:00:00Z,Usage,,Azure SQL Database - Relational Databases,Usage-Based,2026-09-13T00:00:00Z,2026-09-13T23:59:59Z,,,,115.498,Hours,7.6373,0.066125,7.6373,Microsoft Corporation,7.6373,0.066125,Standard,115.498,Hours,eastus,East US,microsoft/sub-d4e5f6a7/azure-sql-database,azure-sql-database-dev,SQL Database,Databases,Relational Databases,Azure SQL Database,Microsoft Azure,MIC-AzureSQLData,MIC-AzureSQL-eastus,sub-d4e5f6a7,assinatura-dev,Subscription,"{""OwnerTeam"": ""plataforma"", ""Environment"": ""dev"", ""ManagedBy"": ""serverless""}"
9.1167,sub-a1b2c3d4,cloudfinops-demo,Billing Account,USD,2026-09-01T00:00:00Z,2026-10-01T00:00:00Z,Usage,,Azure SQL Database - Relational Databases,Usage-Based,2026-09-14T00:00:00Z,2026-09-14T23:59:59Z,,,,365.752,Hours,9.1167,0.024926,9.1167,Microsoft Corporation,9.1167,0.024926,Standard,365.752,Hours,eastus,East US,microsoft/sub-d4e5f6a7/azure-sql-database,azure-sql-database-dev,SQL Database,Databases,Relational Databases,Azure SQL Database,Microsoft Azure,MIC-AzureSQLData,MIC-AzureSQL-eastus,sub-d4e5f6a7,assinatura-dev,Subscription,"{""OwnerTeam"": ""dados"", ""Environment"": ""dev"", ""ManagedBy"": ""cloudformation""}"
9.4472,sub-a1b2c3d4,cloudfinops-demo,Billing Account,USD,2026-09-01T00:00:00Z,2026-10-01T00:00:00Z,Usage,,Azure SQL Database - Relational Databases,Usage-Based,2026-09-15T00:00:00Z,2026-09-15T23:59:59Z,,,,29.018,Hours,9.4472,0.325563,9.4472,Microsoft Corporation,9.4472,0.325563,Standard,29.018,Hours,eastus,East US,microsoft/sub-d4e5f6a7/azure-sql-database,azure-sql-database-dev,SQL Database,Databases,Relational Databases,Azure SQL Database,Microsoft Azure,MIC-AzureSQLData,MIC-AzureSQL-eastus,sub-d4e5f6a7,assinatura-dev,Subscription,"{""OwnerTeam"": ""plataforma"", ""Environment"": ""dev"", ""ManagedBy"": ""manual""}"
9.2565,sub-a1b2c3d4,cloudfinops-demo,Billing Account,USD,2026-09-01T00:00:00Z,2026-10-01T00:00:00Z,Usage,,Azure SQL Database - Relational Databases,Usage-Based,2026-09-16T00:00:00Z,2026-09-16T23:59:59Z,,,,22.118,Hours,9.2565,0.418505,9.2565,Microsoft Corporation,9.2565,0.418505,Standard,22.118,Hours,eastus,East US,microsoft/sub-d4e5f6a7/azure-sql-database,azure-sql-database-dev,SQL Database,Databases,Relational Databases,Azure SQL Database,Microsoft Azure,MIC-AzureSQLData,MIC-AzureSQL-eastus,sub-d4e5f6a7,assinatura-dev,Subscription,"{""OwnerTeam"": ""dados"", ""Environment"": ""dev"", ""ManagedBy"": ""terraform""}"
9.2726,sub-a1b2c3d4,cloudfinops-demo,Billing Account,USD,2026-09-01T00:00:00Z,2026-10-01T00:00:00Z,Usage,,Azure SQL Database - Relational Databases,Usage-Based,2026-09-17T00:00:00Z,2026-09-17T23:59:59Z,,,,59.065,Hours,9.2726,0.15699,9.2726,Microsoft Corporation,9.2726,0.15699,Standard,59.065,Hours,eastus,East US,microsoft/sub-d4e5f6a7/azure-sql-database,azure-sql-database-dev,SQL Database,Databases,Relational Databases,Azure SQL Database,Microsoft Azure,MIC-AzureSQLData,MIC-AzureSQL-eastus,sub-d4e5f6a7,assinatura-dev,Subscription,"{""OwnerTeam"": ""backend"", ""Environment"": ""dev"", ""ManagedBy"": ""terraform""}"
9.019,sub-a1b2c3d4,cloudfinops-demo,Billing Account,USD,2026-09-01T00:00:00Z,2026-10-01T00:00:00Z,Usage,,Azure SQL Database - Relational Databases,Usage-Based,2026-09-18T00:00:00Z,2026-09-18T23:59:59Z,,,,139.399,Hours,9.019,0.064699,9.019,Microsoft Corporation,9.019,0.064699,Standard,139.399,Hours,eastus,East US,microsoft/sub-d4e5f6a7/azure-sql-database,azure-sql-database-dev,SQL Database,Databases,Relational Databases,Azure SQL Database,Microsoft Azure,MIC-AzureSQLData,MIC-AzureSQL-eastus,sub-d4e5f6a7,assinatura-dev,Subscription,"{""OwnerTeam"": ""dados"", ""Environment"": ""dev"", ""ManagedBy"": ""manual""}"
7.5281,sub-a1b2c3d4,cloudfinops-demo,Billing Account,USD,2026-09-01T00:00:00Z,2026-10-01T00:00:00Z,Usage,,Azure SQL Database - Relational Databases,Usage-Based,2026-09-19T00:00:00Z,2026-09-19T23:59:59Z,,,,17.677,Hours,7.5281,0.42587,7.5281,Microsoft Corporation,7.5281,0.42587,Standard,17.677,Hours,eastus,East US,microsoft/sub-d4e5f6a7/azure-sql-database,azure-sql-database-dev,SQL Database,Databases,Relational Databases,Azure SQL Database,Microsoft Azure,MIC-AzureSQLData,MIC-AzureSQL-eastus,sub-d4e5f6a7,assinatura-dev,Subscription,"{""OwnerTeam"": ""plataforma"", ""Environment"": ""dev"", ""ManagedBy"": ""manual""}"
7.7909,sub-a1b2c3d4,cloudfinops-demo,Billing Account,USD,2026-09-01T00:00:00Z,2026-10-01T00:00:00Z,Usage,,Azure SQL Database - Relational Databases,Usage-Based,2026-09-20T00:00:00Z,2026-09-20T23:59:59Z,,,,26.358,Hours,7.7909,0.29558,7.7909,Microsoft Corporation,7.7909,0.29558,Standard,26.358,Hours,eastus,East US,microsoft/sub-d4e5f6a7/azure-sql-database,azure-sql-database-dev,SQL Database,Databases,Relational Databases,Azure SQL Database,Microsoft Azure,MIC-AzureSQLData,MIC-AzureSQL-eastus,sub-d4e5f6a7,assinatura-dev,Subscription,"{""OwnerTeam"": ""dados"", ""Environment"": ""dev"", ""ManagedBy"": ""serverless""}"
9.5688,sub-a1b2c3d4,cloudfinops-demo,Billing Account,USD,2026-09-01T00:00:00Z,2026-10-01T00:00:00Z,Usage,,Azure SQL Database - Relational Databases,Usage-Based,2026-09-21T00:00:00Z,2026-09-21T23:59:59Z,,,,122.564,Hours,9.5688,0.078072,9.5688,Microsoft Corporation,9.5688,0.078072,Standard,122.564,Hours,eastus,East US,microsoft/sub-d4e5f6a7/azure-sql-database,azure-sql-database-dev,SQL Database,Databases,Relational Databases,Azure SQL Database,Microsoft Azure,MIC-AzureSQLData,MIC-AzureSQL-eastus,sub-d4e5f6a7,assinatura-dev,Subscription,"{""OwnerTeam"": ""plataforma"", ""Environment"": ""dev"", ""ManagedBy"": ""manual""}"
9.3769,sub-a1b2c3d4,cloudfinops-demo,Billing Account,USD,2026-09-01T00:00:00Z,2026-10-01T00:00:00Z,Usage,,Azure SQL Database - Relational Databases,Usage-Based,2026-09-22T00:00:00Z,2026-09-22T23:59:59Z,,,,23.732,Hours,9.3769,0.395116,9.3769,Microsoft Corporation,9.3769,0.395116,Standard,23.732,Hours,eastus,East US,microsoft/sub-d4e5f6a7/azure-sql-database,azure-sql-database-dev,SQL Database,Databases,Relational Databases,Azure SQL Database,Microsoft Azure,MIC-AzureSQLData,MIC-AzureSQL-eastus,sub-d4e5f6a7,assinatura-dev,Subscription,"{""OwnerTeam"": ""redes"", ""Environment"": ""dev"", ""ManagedBy"": ""serverless""}"
8.9802,sub-a1b2c3d4,cloudfinops-demo,Billing Account,USD,2026-09-01T00:00:00Z,2026-10-01T00:00:00Z,Usage,,Azure SQL Database - Relational Databases,Usage-Based,2026-09-23T00:00:00Z,2026-09-23T23:59:59Z,,,,60.452,Hours,8.9802,0.148551,8.9802,Microsoft Corporation,8.9802,0.148551,Standard,60.452,Hours,eastus,East US,microsoft/sub-d4e5f6a7/azure-sql-database,azure-sql-database-dev,SQL Database,Databases,Relational Databases,Azure SQL Database,Microsoft Azure,MIC-AzureSQLData,MIC-AzureSQL-eastus,sub-d4e5f6a7,assinatura-dev,Subscription,"{""OwnerTeam"": ""dados"", ""Environment"": ""dev"", ""ManagedBy"": ""cloudformation""}"
9.5734,sub-a1b2c3d4,cloudfinops-demo,Billing Account,USD,2026-09-01T00:00:00Z,2026-10-01T00:00:00Z,Usage,,Azure SQL Database - Relational Databases,Usage-Based,2026-09-24T00:00:00Z,2026-09-24T23:59:59Z,,,,24.008,Hours,9.5734,0.398759,9.5734,Microsoft Corporation,9.5734,0.398759,Standard,24.008,Hours,eastus,East US,microsoft/sub-d4e5f6a7/azure-sql-database,azure-sql-database-dev,SQL Database,Databases,Relational Databases,Azure SQL Database,Microsoft Azure,MIC-AzureSQLData,MIC-AzureSQL-eastus,sub-d4e5f6a7,assinatura-dev,Subscription,"{""OwnerTeam"": ""redes"", ""Environment"": ""dev"", ""ManagedBy"": ""terraform""}"
9.511,sub-a1b2c3d4,cloudfinops-demo,Billing Account,USD,2026-09-01T00:00:00Z,2026-10-01T00:00:00Z,Usage,,Azure SQL Database - Relational Databases,Usage-Based,2026-09-25T00:00:00Z,2026-09-25T23:59:59Z,,,,26.359,Hours,9.511,0.360826,9.511,Microsoft Corporation,9.511,0.360826,Standard,26.359,Hours,eastus,East US,microsoft/sub-d4e5f6a7/azure-sql-database,azure-sql-database-dev,SQL Database,Databases,Relational Databases,Azure SQL Database,Microsoft Azure,MIC-AzureSQLData,MIC-AzureSQL-eastus,sub-d4e5f6a7,assinatura-dev,Subscription,"{""OwnerTeam"": ""redes"", ""Environment"": ""dev"", ""ManagedBy"": ""serverless""}"
7.7149,sub-a1b2c3d4,cloudfinops-demo,Billing Account,USD,2026-09-01T00:00:00Z,2026-10-01T00:00:00Z,Usage,,Azure SQL Database - Relational Databases,Usage-Based,2026-09-26T00:00:00Z,2026-09-26T23:59:59Z,,,,47.61,Hours,7.7149,0.162044,7.7149,Microsoft Corporation,7.7149,0.162044,Standard,47.61,Hours,eastus,East US,microsoft/sub-d4e5f6a7/azure-sql-database,azure-sql-database-dev,SQL Database,Databases,Relational Databases,Azure SQL Database,Microsoft Azure,MIC-AzureSQLData,MIC-AzureSQL-eastus,sub-d4e5f6a7,assinatura-dev,Subscription,"{""OwnerTeam"": ""dados"", ""Environment"": ""dev"", ""ManagedBy"": ""cloudformation""}"
7.7809,sub-a1b2c3d4,cloudfinops-demo,Billing Account,USD,2026-09-01T00:00:00Z,2026-10-01T00:00:00Z,Usage,,Azure SQL Database - Relational Databases,Usage-Based,2026-09-27T00:00:00Z,2026-09-27T23:59:59Z,,,,59.809,Hours,7.7809,0.130096,7.7809,Microsoft Corporation,7.7809,0.130096,Standard,59.809,Hours,eastus,East US,microsoft/sub-d4e5f6a7/azure-sql-database,azure-sql-database-dev,SQL Database,Databases,Relational Databases,Azure SQL Database,Microsoft Azure,MIC-AzureSQLData,MIC-AzureSQL-eastus,sub-d4e5f6a7,assinatura-dev,Subscription,"{""OwnerTeam"": ""dados"", ""Environment"": ""dev"", ""ManagedBy"": ""serverless""}"
9.2646,sub-a1b2c3d4,cloudfinops-demo,Billing Account,USD,2026-09-01T00:00:00Z,2026-10-01T00:00:00Z,Usage,,Azure SQL Database - Relational Databases,Usage-Based,2026-09-28T00:00:00Z,2026-09-28T23:59:59Z,,,,119.751,Hours,9.2646,0.077366,9.2646,Microsoft Corporation,9.2646,0.077366,Standard,119.751,Hours,eastus,East US,microsoft/sub-d4e5f6a7/azure-sql-database,azure-sql-database-dev,SQL Database,Databases,Relational Databases,Azure SQL Database,Microsoft Azure,MIC-AzureSQLData,MIC-AzureSQL-eastus,sub-d4e5f6a7,assinatura-dev,Subscription,"{""OwnerTeam"": ""backend"", ""Environment"": ""dev"", ""ManagedBy"": ""serverless""}"
9.0084,sub-a1b2c3d4,cloudfinops-demo,Billing Account,USD,2026-09-01T00:00:00Z,2026-10-01T00:00:00Z,Usage,,Azure SQL Database - Relational Databases,Usage-Based,2026-09-29T00:00:00Z,2026-09-29T23:59:59Z,,,,20.446,Hours,9.0084,0.440595,9.0084,Microsoft Corporation,9.0084,0.440595,Standard,20.446,Hours,eastus,East US,microsoft/sub-d4e5f6a7/azure-sql-database,azure-sql-database-dev,SQL Database,Databases,Relational Databases,Azure SQL Database,Microsoft Azure,MIC-AzureSQLData,MIC-AzureSQL-eastus,sub-d4e5f6a7,assinatura-dev,Subscription,"{""OwnerTeam"": ""plataforma"", ""Environment"": ""dev"", ""ManagedBy"": ""manual""}"
9.0967,sub-a1b2c3d4,cloudfinops-demo,Billing Account,USD,2026-09-01T00:00:00Z,2026-10-01T00:00:00Z,Usage,,Azure SQL Database - Relational Databases,Usage-Based,2026-09-30T00:00:00Z,2026-09-30T23:59:59Z,,,,25.791,Hours,9.0967,0.352708,9.0967,Microsoft Corporation,9.0967,0.352708,Standard,25.791,Hours,eastus,East US,microsoft/sub-d4e5f6a7/azure-sql-database,azure-sql-database-dev,SQL Database,Databases,Relational Databases,Azure SQL Database,Microsoft Azure,MIC-AzureSQLData,MIC-AzureSQL-eastus,sub-d4e5f6a7,assinatura-dev,Subscription,"{""OwnerTeam"": ""backend"", ""Environment"": ""dev"", ""ManagedBy"": ""cloudformation""}"
9.5656,sub-a1b2c3d4,cloudfinops-demo,Billing Account,USD,2026-10-01T00:00:00Z,2026-11-01T00:00:00Z,Usage,,Azure SQL Database - Relational Databases,Usage-Based,2026-10-01T00:00:00Z,2026-10-01T23:59:59Z,,,,32.421,Hours,9.5656,0.295043,9.5656,Microsoft Corporation,9.5656,0.295043,Standard,32.421,Hours,eastus,East US,microsoft/sub-d4e5f6a7/azure-sql-database,azure-sql-database-dev,SQL Database,Databases,Relational Databases,Azure SQL Database,Microsoft Azure,MIC-AzureSQLData,MIC-AzureSQL-eastus,sub-d4e5f6a7,assinatura-dev,Subscription,"{""OwnerTeam"": ""backend"", ""Environment"": ""dev"", ""ManagedBy"": ""manual""}"
9.3827,sub-a1b2c3d4,cloudfinops-demo,Billing Account,USD,2026-10-01T00:00:00Z,2026-11-01T00:00:00Z,Usage,,Azure SQL Database - Relational Databases,Usage-Based,2026-10-02T00:00:00Z,2026-10-02T23:59:59Z,,,,23.314,Hours,9.3827,0.402449,9.3827,Microsoft Corporation,9.3827,0.402449,Standard,23.314,Hours,eastus,East US,microsoft/sub-d4e5f6a7/azure-sql-database,azure-sql-database-dev,SQL Database,Databases,Relational Databases,Azure SQL Database,Microsoft Azure,MIC-AzureSQLData,MIC-AzureSQL-eastus,sub-d4e5f6a7,assinatura-dev,Subscription,"{""OwnerTeam"": ""backend"", ""Environment"": ""dev"", ""ManagedBy"": ""terraform""}"
7.9259,sub-a1b2c3d4,cloudfinops-demo,Billing Account,USD,2026-10-01T00:00:00Z,2026-11-01T00:00:00Z,Usage,,Azure SQL Database - Relational Databases,Usage-Based,2026-10-03T00:00:00Z,2026-10-03T23:59:59Z,,,,20.662,Hours,7.9259,0.383598,7.9259,Microsoft Corporation,7.9259,0.383598,Standard,20.662,Hours,eastus,East US,microsoft/sub-d4e5f6a7/azure-sql-database,azure-sql-database-dev,SQL Database,Databases,Relational Databases,Azure SQL Database,Microsoft Azure,MIC-AzureSQLData,MIC-AzureSQL-eastus,sub-d4e5f6a7,assinatura-dev,Subscription,"{""OwnerTeam"": ""redes"", ""Environment"": ""dev"", ""ManagedBy"": ""manual""}"
9.8056,sub-a1b2c3d4,cloudfinops-demo,Billing Account,USD,2026-08-01T00:00:00Z,2026-09-01T00:00:00Z,Usage,,Azure Blob Storage - Object Storage,Usage-Based,2026-08-01T00:00:00Z,2026-08-01T23:59:59Z,,,,97.547,GB-Month,9.8056,0.100522,9.8056,Microsoft Corporation,9.8056,0.100522,Standard,97.547,GB-Month,eastus,East US,microsoft/sub-a1b2c3d4/azure-blob-storage,azure-blob-storage-prod,Storage Account,Storage,Object Storage,Azure Blob Storage,Microsoft Azure,MIC-AzureBlobSto,MIC-AzureBlo-eastus,sub-a1b2c3d4,assinatura-producao,Subscription,"{""OwnerTeam"": ""redes"", ""Environment"": ""prod"", ""ManagedBy"": ""manual""}"
9.9782,sub-a1b2c3d4,cloudfinops-demo,Billing Account,USD,2026-08-01T00:00:00Z,2026-09-01T00:00:00Z,Usage,,Azure Blob Storage - Object Storage,Usage-Based,2026-08-02T00:00:00Z,2026-08-02T23:59:59Z,,,,36.414,GB-Month,9.9782,0.274021,9.9782,Microsoft Corporation,9.9782,0.274021,Standard,36.414,GB-Month,eastus,East US,microsoft/sub-a1b2c3d4/azure-blob-storage,azure-blob-storage-prod,Storage Account,Storage,Object Storage,Azure Blob Storage,Microsoft Azure,MIC-AzureBlobSto,MIC-AzureBlo-eastus,sub-a1b2c3d4,assinatura-producao,Subscription,"{""OwnerTeam"": ""plataforma"", ""Environment"": ""prod"", ""ManagedBy"": ""serverless""}"
12.1168,sub-a1b2c3d4,cloudfinops-demo,Billing Account,USD,2026-08-01T00:00:00Z,2026-09-01T00:00:00Z,Usage,,Azure Blob Storage - Object Storage,Usage-Based,2026-08-03T00:00:00Z,2026-08-03T23:59:59Z,,,,64.35,GB-Month,12.1168,0.188295,12.1168,Microsoft Corporation,12.1168,0.188295,Standard,64.35,GB-Month,eastus,East US,microsoft/sub-a1b2c3d4/azure-blob-storage,azure-blob-storage-prod,Storage Account,Storage,Object Storage,Azure Blob Storage,Microsoft Azure,MIC-AzureBlobSto,MIC-AzureBlo-eastus,sub-a1b2c3d4,assinatura-producao,Subscription,"{""OwnerTeam"": ""dados"", ""Environment"": ""prod"", ""ManagedBy"": ""manual""}"
12.0983,sub-a1b2c3d4,cloudfinops-demo,Billing Account,USD,2026-08-01T00:00:00Z,2026-09-01T00:00:00Z,Usage,,Azure Blob Storage - Object Storage,Usage-Based,2026-08-04T00:00:00Z,2026-08-04T23:59:59Z,,,,114.435,GB-Month,12.0983,0.105722,12.0983,Microsoft Corporation,12.0983,0.105722,Standard,114.435,GB-Month,eastus,East US,microsoft/sub-a1b2c3d4/azure-blob-storage,azure-blob-storage-prod,Storage Account,Storage,Object Storage,Azure Blob Storage,Microsoft Azure,MIC-AzureBlobSto,MIC-AzureBlo-eastus,sub-a1b2c3d4,assinatura-producao,Subscription,"{""OwnerTeam"": ""plataforma"", ""Environment"": ""prod"", ""ManagedBy"": ""serverless""}"
12.0634,sub-a1b2c3d4,cloudfinops-demo,Billing Account,USD,2026-08-01T00:00:00Z,2026-09-01T00:00:00Z,Usage,,Azure Blob Storage - Object Storage,Usage-Based,2026-08-05T00:00:00Z,2026-08-05T23:59:59Z,,,,32.361,GB-Month,12.0634,0.372776,12.0634,Microsoft Corporation,12.0634,0.372776,Standard,32.361,GB-Month,eastus,East US,microsoft/sub-a1b2c3d4/azure-blob-storage,azure-blob-storage-prod,Storage Account,Storage,Object Storage,Azure Blob Storage,Microsoft Azure,MIC-AzureBlobSto,MIC-AzureBlo-eastus,sub-a1b2c3d4,assinatura-producao,Subscription,"{""OwnerTeam"": ""plataforma"", ""Environment"": ""prod"", ""ManagedBy"": ""serverless""}"
11.8698,sub-a1b2c3d4,cloudfinops-demo,Billing Account,USD,2026-08-01T00:00:00Z,2026-09-01T00:00:00Z,Usage,,Azure Blob Storage - Object Storage,Usage-Based,2026-08-06T00:00:00Z,2026-08-06T23:59:59Z,,,,60.989,GB-Month,11.8698,0.194622,11.8698,Microsoft Corporation,11.8698,0.194622,Standard,60.989,GB-Month,eastus,East US,microsoft/sub-a1b2c3d4/azure-blob-storage,azure-blob-storage-prod,Storage Account,Storage,Object Storage,Azure Blob Storage,Microsoft Azure,MIC-AzureBlobSto,MIC-AzureBlo-eastus,sub-a1b2c3d4,assinatura-producao,Subscription,"{""OwnerTeam"": ""dados"", ""Environment"": ""prod"", ""ManagedBy"": ""cloudformation""}"
11.9489,sub-a1b2c3d4,cloudfinops-demo,Billing Account,USD,2026-08-01T00:00:00Z,2026-09-01T00:00:00Z,Usage,,Azure Blob Storage - Object Storage,Usage-Based,2026-08-07T00:00:00Z,2026-08-07T23:59:59Z,,,,32.998,GB-Month,11.9489,0.36211,11.9489,Microsoft Corporation,11.9489,0.36211,Standard,32.998,GB-Month,eastus,East US,microsoft/sub-a1b2c3d4/azure-blob-storage,azure-blob-storage-prod,Storage Account,Storage,Object Storage,Azure Blob Storage,Microsoft Azure,MIC-AzureBlobSto,MIC-AzureBlo-eastus,sub-a1b2c3d4,assinatura-producao,Subscription,"{""OwnerTeam"": ""dados"", ""Environment"": ""prod"", ""ManagedBy"": ""serverless""}"
10.1757,sub-a1b2c3d4,cloudfinops-demo,Billing Account,USD,2026-08-01T00:00:00Z,2026-09-01T00:00:00Z,Usage,,Azure Blob Storage - Object Storage,Usage-Based,2026-08-08T00:00:00Z,2026-08-08T23:59:59Z,,,,34.777,GB-Month,10.1757,0.292599,10.1757,Microsoft Corporation,10.1757,0.292599,Standard,34.777,GB-Month,eastus,East US,microsoft/sub-a1b2c3d4/azure-blob-storage,azure-blob-storage-prod,Storage Account,Storage,Object Storage,Azure Blob Storage,Microsoft Azure,MIC-AzureBlobSto,MIC-AzureBlo-eastus,sub-a1b2c3d4,assinatura-producao,Subscription,"{""OwnerTeam"": ""redes"", ""Environment"": ""prod"", ""ManagedBy"": ""serverless""}"
10.4775,sub-a1b2c3d4,cloudfinops-demo,Billing Account,USD,2026-08-01T00:00:00Z,2026-09-01T00:00:00Z,Usage,,Azure Blob Storage - Object Storage,Usage-Based,2026-08-09T00:00:00Z,2026-08-09T23:59:59Z,,,,24.306,GB-Month,10.4775,0.431066,10.4775,Microsoft Corporation,10.4775,0.431066,Standard,24.306,GB-Month,eastus,East US,microsoft/sub-a1b2c3d4/azure-blob-storage,azure-blob-storage-prod,Storage Account,Storage,Object Storage,Azure Blob Storage,Microsoft Azure,MIC-AzureBlobSto,MIC-AzureBlo-eastus,sub-a1b2c3d4,assinatura-producao,Subscription,"{""OwnerTeam"": ""redes"", ""Environment"": ""prod"", ""ManagedBy"": ""serverless""}"
12.1801,sub-a1b2c3d4,cloudfinops-demo,Billing Account,USD,2026-08-01T00:00:00Z,2026-09-01T00:00:00Z,Usage,,Azure Blob Storage - Object Storage,Usage-Based,2026-08-10T00:00:00Z,2026-08-10T23:59:59Z,,,,31.652,GB-Month,12.1801,0.384813,12.1801,Microsoft Corporation,12.1801,0.384813,Standard,31.652,GB-Month,eastus,East US,microsoft/sub-a1b2c3d4/azure-blob-storage,azure-blob-storage-prod,Storage Account,Storage,Object Storage,Azure Blob Storage,Microsoft Azure,MIC-AzureBlobSto,MIC-AzureBlo-eastus,sub-a1b2c3d4,assinatura-producao,Subscription,"{""OwnerTeam"": ""backend"", ""Environment"": ""prod"", ""ManagedBy"": ""manual""}"
11.7978,sub-a1b2c3d4,cloudfinops-demo,Billing Account,USD,2026-08-01T00:00:00Z,2026-09-01T00:00:00Z,Usage,,Azure Blob Storage - Object Storage,Usage-Based,2026-08-11T00:00:00Z,2026-08-11T23:59:59Z,,,,505.459,GB-Month,11.7978,0.023341,11.7978,Microsoft Corporation,11.7978,0.023341,Standard,505.459,GB-Month,eastus,East US,microsoft/sub-a1b2c3d4/azure-blob-storage,azure-blob-storage-prod,Storage Account,Storage,Object Storage,Azure Blob Storage,Microsoft Azure,MIC-AzureBlobSto,MIC-AzureBlo-eastus,sub-a1b2c3d4,assinatura-producao,Subscription,"{""OwnerTeam"": ""backend"", ""Environment"": ""prod"", ""ManagedBy"": ""manual""}"
12.1299,sub-a1b2c3d4,cloudfinops-demo,Billing Account,USD,2026-08-01T00:00:00Z,2026-09-01T00:00:00Z,Usage,,Azure Blob Storage - Object Storage,Usage-Based,2026-08-12T00:00:00Z,2026-08-12T23:59:59Z,,,,35.884,GB-Month,12.1299,0.338031,12.1299,Microsoft Corporation,12.1299,0.338031,Standard,35.884,GB-Month,eastus,East US,microsoft/sub-a1b2c3d4/azure-blob-storage,azure-blob-storage-prod,Storage Account,Storage,Object Storage,Azure Blob Storage,Microsoft Azure,MIC-AzureBlobSto,MIC-AzureBlo-eastus,sub-a1b2c3d4,assinatura-producao,Subscription,"{""OwnerTeam"": ""dados"", ""Environment"": ""prod"", ""ManagedBy"": ""terraform""}"
12.2664,sub-a1b2c3d4,cloudfinops-demo,Billing Account,USD,2026-08-01T00:00:00Z,2026-09-01T00:00:00Z,Usage,,Azure Blob Storage - Object Storage,Usage-Based,2026-08-13T00:00:00Z,2026-08-13T23:59:59Z,,,,98.097,GB-Month,12.2664,0.125044,12.2664,Microsoft Corporation,12.2664,0.125044,Standard,98.097,GB-Month,eastus,East US,microsoft/sub-a1b2c3d4/azure-blob-storage,azure-blob-storage-prod,Storage Account,Storage,Object Storage,Azure Blob Storage,Microsoft Azure,MIC-AzureBlobSto,MIC-AzureBlo-eastus,sub-a1b2c3d4,assinatura-producao,Subscription,"{""OwnerTeam"": ""dados"", ""Environment"": ""prod"", ""ManagedBy"": ""terraform""}"
11.7776,sub-a1b2c3d4,cloudfinops-demo,Billing Account,USD,2026-08-01T00:00:00Z,2026-09-01T00:00:00Z,Usage,,Azure Blob Storage - Object Storage,Usage-Based,2026-08-14T00:00:00Z,2026-08-14T23:59:59Z,,,,42.167,GB-Month,11.7776,0.279308,11.7776,Microsoft Corporation,11.7776,0.279308,Standard,42.167,GB-Month,eastus,East US,microsoft/sub-a1b2c3d4/azure-blob-storage,azure-blob-storage-prod,Storage Account,Storage,Object Storage,Azure Blob Storage,Microsoft Azure,MIC-AzureBlobSto,MIC-AzureBlo-eastus,sub-a1b2c3d4,assinatura-producao,Subscription,"{""OwnerTeam"": ""dados"", ""Environment"": ""prod"", ""ManagedBy"": ""cloudformation""}"
10.0019,sub-a1b2c3d4,cloudfinops-demo,Billing Account,USD,2026-08-01T00:00:00Z,2026-09-01T00:00:00Z,Usage,,Azure Blob Storage - Object Storage,Usage-Based,2026-08-15T00:00:00Z,2026-08-15T23:59:59Z,,,,22.396,GB-Month,10.0019,0.446593,10.0019,Microsoft Corporation,10.0019,0.446593,Standard,22.396,GB-Month,eastus,East US,microsoft/sub-a1b2c3d4/azure-blob-storage,azure-blob-storage-prod,Storage Account,Storage,Object Storage,Azure Blob Storage,Microsoft Azure,MIC-AzureBlobSto,MIC-AzureBlo-eastus,sub-a1b2c3d4,assinatura-producao,Subscription,"{""OwnerTeam"": ""plataforma"", ""Environment"": ""prod"", ""ManagedBy"": ""serverless""}"
10.296,sub-a1b2c3d4,cloudfinops-demo,Billing Account,USD,2026-08-01T00:00:00Z,2026-09-01T00:00:00Z,Usage,,Azure Blob Storage - Object Storage,Usage-Based,2026-08-16T00:00:00Z,2026-08-16T23:59:59Z,,,,36.42,GB-Month,10.296,0.282702,10.296,Microsoft Corporation,10.296,0.282702,Standard,36.42,GB-Month,eastus,East US,microsoft/sub-a1b2c3d4/azure-blob-storage,azure-blob-storage-prod,Storage Account,Storage,Object Storage,Azure Blob Storage,Microsoft Azure,MIC-AzureBlobSto,MIC-AzureBlo-eastus,sub-a1b2c3d4,assinatura-producao,Subscription,"{""OwnerTeam"": ""plataforma"", ""Environment"": ""prod"", ""ManagedBy"": ""terraform""}"
12.3564,sub-a1b2c3d4,cloudfinops-demo,Billing Account,USD,2026-08-01T00:00:00Z,2026-09-01T00:00:00Z,Usage,,Azure Blob Storage - Object Storage,Usage-Based,2026-08-17T00:00:00Z,2026-08-17T23:59:59Z,,,,33.306,GB-Month,12.3564,0.370996,12.3564,Microsoft Corporation,12.3564,0.370996,Standard,33.306,GB-Month,eastus,East US,microsoft/sub-a1b2c3d4/azure-blob-storage,azure-blob-storage-prod,Storage Account,Storage,Object Storage,Azure Blob Storage,Microsoft Azure,MIC-AzureBlobSto,MIC-AzureBlo-eastus,sub-a1b2c3d4,assinatura-producao,Subscription,"{""OwnerTeam"": ""redes"", ""Environment"": ""prod"", ""ManagedBy"": ""cloudformation""}"
12.3502,sub-a1b2c3d4,cloudfinops-demo,Billing Account,USD,2026-08-01T00:00:00Z,2026-09-01T00:00:00Z,Usage,,Azure Blob Storage - Object Storage,Usage-Based,2026-08-18T00:00:00Z,2026-08-18T23:59:59Z,,,,254.345,GB-Month,12.3502,0.048557,12.3502,Microsoft Corporation,12.3502,0.048557,Standard,254.345,GB-Month,eastus,East US,microsoft/sub-a1b2c3d4/azure-blob-storage,azure-blob-storage-prod,Storage Account,Storage,Object Storage,Azure Blob Storage,Microsoft Azure,MIC-AzureBlobSto,MIC-AzureBlo-eastus,sub-a1b2c3d4,assinatura-producao,Subscription,"{""OwnerTeam"": ""plataforma"", ""Environment"": ""prod"", ""ManagedBy"": ""manual""}"
12.139,sub-a1b2c3d4,cloudfinops-demo,Billing Account,USD,2026-08-01T00:00:00Z,2026-09-01T00:00:00Z,Usage,,Azure Blob Storage - Object Storage,Usage-Based,2026-08-19T00:00:00Z,2026-08-19T23:59:59Z,,,,38.855,GB-Month,12.139,0.312418,12.139,Microsoft Corporation,12.139,0.312418,Standard,38.855,GB-Month,eastus,East US,microsoft/sub-a1b2c3d4/azure-blob-storage,azure-blob-storage-prod,Storage Account,Storage,Object Storage,Azure Blob Storage,Microsoft Azure,MIC-AzureBlobSto,MIC-AzureBlo-eastus,sub-a1b2c3d4,assinatura-producao,Subscription,"{""OwnerTeam"": ""plataforma"", ""Environment"": ""prod"", ""ManagedBy"": ""terraform""}"
12.1233,sub-a1b2c3d4,cloudfinops-demo,Billing Account,USD,2026-08-01T00:00:00Z,2026-09-01T00:00:00Z,Usage,,Azure Blob Storage - Object Storage,Usage-Based,2026-08-20T00:00:00Z,2026-08-20T23:59:59Z,,,,28.654,GB-Month,12.1233,0.423093,12.1233,Microsoft Corporation,12.1233,0.423093,Standard,28.654,GB-Month,eastus,East US,microsoft/sub-a1b2c3d4/azure-blob-storage,azure-blob-storage-prod,Storage Account,Storage,Object Storage,Azure Blob Storage,Microsoft Azure,MIC-AzureBlobSto,MIC-AzureBlo-eastus,sub-a1b2c3d4,assinatura-producao,Subscription,"{""OwnerTeam"": ""backend"", ""Environment"": ""prod"", ""ManagedBy"": ""manual""}"
12.0697,sub-a1b2c3d4,cloudfinops-demo,Billing Account,USD,2026-08-01T00:00:00Z,2026-09-01T00:00:00Z,Usage,,Azure Blob Storage - Object Storage,Usage-Based,2026-08-21T00:00:00Z,2026-08-21T23:59:59Z,,,,47.848,GB-Month,12.0697,0.252251,12.0697,Microsoft Corporation,12.0697,0.252251,Standard,47.848,GB-Month,eastus,East US,microsoft/sub-a1b2c3d4/azure-blob-storage,azure-blob-storage-prod,Storage Account,Storage,Object Storage,Azure Blob Storage,Microsoft Azure,MIC-AzureBlobSto,MIC-AzureBlo-eastus,sub-a1b2c3d4,assinatura-producao,Subscription,"{""OwnerTeam"": ""redes"", ""Environment"": ""prod"", ""ManagedBy"": ""serverless""}"
10.4881,sub-a1b2c3d4,cloudfinops-demo,Billing Account,USD,2026-08-01T00:00:00Z,2026-09-01T00:00:00Z,Usage,,Azure Blob Storage - Object Storage,Usage-Based,2026-08-22T00:00:00Z,2026-08-22T23:59:59Z,,,,36.505,GB-Month,10.4881,0.287306,10.4881,Microsoft Corporation,10.4881,0.287306,Standard,36.505,GB-Month,eastus,East US,microsoft/sub-a1b2c3d4/azure-blob-storage,azure-blob-storage-prod,Storage Account,Storage,Object Storage,Azure Blob Storage,Microsoft Azure,MIC-AzureBlobSto,MIC-AzureBlo-eastus,sub-a1b2c3d4,assinatura-producao,Subscription,"{""OwnerTeam"": ""redes"", ""Environment"": ""prod"", ""ManagedBy"": ""manual""}"
9.9778,sub-a1b2c3d4,cloudfinops-demo,Billing Account,USD,2026-08-01T00:00:00Z,2026-09-01T00:00:00Z,Usage,,Azure Blob Storage - Object Storage,Usage-Based,2026-08-23T00:00:00Z,2026-08-23T23:59:59Z,,,,60.909,GB-Month,9.9778,0.163815,9.9778,Microsoft Corporation,9.9778,0.163815,Standard,60.909,GB-Month,eastus,East US,microsoft/sub-a1b2c3d4/azure-blob-storage,azure-blob-storage-prod,Storage Account,Storage,Object Storage,Azure Blob Storage,Microsoft Azure,MIC-AzureBlobSto,MIC-AzureBlo-eastus,sub-a1b2c3d4,assinatura-producao,Subscription,"{""OwnerTeam"": ""backend"", ""Environment"": ""prod"", ""ManagedBy"": ""terraform""}"
11.7529,sub-a1b2c3d4,cloudfinops-demo,Billing Account,USD,2026-08-01T00:00:00Z,2026-09-01T00:00:00Z,Usage,,Azure Blob Storage - Object Storage,Usage-Based,2026-08-24T00:00:00Z,2026-08-24T23:59:59Z,,,,40.238,GB-Month,11.7529,0.292085,11.7529,Microsoft Corporation,11.7529,0.292085,Standard,40.238,GB-Month,eastus,East US,microsoft/sub-a1b2c3d4/azure-blob-storage,azure-blob-storage-prod,Storage Account,Storage,Object Storage,Azure Blob Storage,Microsoft Azure,MIC-AzureBlobSto,MIC-AzureBlo-eastus,sub-a1b2c3d4,assinatura-producao,Subscription,"{""OwnerTeam"": ""dados"", ""Environment"": ""prod"", ""ManagedBy"": ""terraform""}"
11.7386,sub-a1b2c3d4,cloudfinops-demo,Billing Account,USD,2026-08-01T00:00:00Z,2026-09-01T00:00:00Z,Usage,,Azure Blob Storage - Object Storage,Usage-Based,2026-08-25T00:00:00Z,2026-08-25T23:59:59Z,,,,59.565,GB-Month,11.7386,0.197072,11.7386,Microsoft Corporation,11.7386,0.197072,Standard,59.565,GB-Month,eastus,East US,microsoft/sub-a1b2c3d4/azure-blob-storage,azure-blob-storage-prod,Storage Account,Storage,Object Storage,Azure Blob Storage,Microsoft Azure,MIC-AzureBlobSto,MIC-AzureBlo-eastus,sub-a1b2c3d4,assinatura-producao,Subscription,"{""OwnerTeam"": ""dados"", ""Environment"": ""prod"", ""ManagedBy"": ""cloudformation""}"
12.077,sub-a1b2c3d4,cloudfinops-demo,Billing Account,USD,2026-08-01T00:00:00Z,2026-09-01T00:00:00Z,Usage,,Azure Blob Storage - Object Storage,Usage-Based,2026-08-26T00:00:00Z,2026-08-26T23:59:59Z,,,,246.828,GB-Month,12.077,0.048929,12.077,Microsoft Corporation,12.077,0.048929,Standard,246.828,GB-Month,eastus,East US,microsoft/sub-a1b2c3d4/azure-blob-storage,azure-blob-storage-prod,Storage Account,Storage,Object Storage,Azure Blob Storage,Microsoft Azure,MIC-AzureBlobSto,MIC-AzureBlo-eastus,sub-a1b2c3d4,assinatura-producao,Subscription,"{""OwnerTeam"": ""backend"", ""Environment"": ""prod"", ""ManagedBy"": ""manual""}"
12.3664,sub-a1b2c3d4,cloudfinops-demo,Billing Account,USD,2026-08-01T00:00:00Z,2026-09-01T00:00:00Z,Usage,,Azure Blob Storage - Object Storage,Usage-Based,2026-08-27T00:00:00Z,2026-08-27T23:59:59Z,,,,117.559,GB-Month,12.3664,0.105193,12.3664,Microsoft Corporation,12.3664,0.105193,Standard,117.559,GB-Month,eastus,East US,microsoft/sub-a1b2c3d4/azure-blob-storage,azure-blob-storage-prod,Storage Account,Storage,Object Storage,Azure Blob Storage,Microsoft Azure,MIC-AzureBlobSto,MIC-AzureBlo-eastus,sub-a1b2c3d4,assinatura-producao,Subscription,"{""OwnerTeam"": ""dados"", ""Environment"": ""prod"", ""ManagedBy"": ""cloudformation""}"
12.4014,sub-a1b2c3d4,cloudfinops-demo,Billing Account,USD,2026-08-01T00:00:00Z,2026-09-01T00:00:00Z,Usage,,Azure Blob Storage - Object Storage,Usage-Based,2026-08-28T00:00:00Z,2026-08-28T23:59:59Z,,,,105.974,GB-Month,12.4014,0.117023,12.4014,Microsoft Corporation,12.4014,0.117023,Standard,105.974,GB-Month,eastus,East US,microsoft/sub-a1b2c3d4/azure-blob-storage,azure-blob-storage-prod,Storage Account,Storage,Object Storage,Azure Blob Storage,Microsoft Azure,MIC-AzureBlobSto,MIC-AzureBlo-eastus,sub-a1b2c3d4,assinatura-producao,Subscription,"{""OwnerTeam"": ""dados"", ""Environment"": ""prod"", ""ManagedBy"": ""terraform""}"
10.3863,sub-a1b2c3d4,cloudfinops-demo,Billing Account,USD,2026-08-01T00:00:00Z,2026-09-01T00:00:00Z,Usage,,Azure Blob Storage - Object Storage,Usage-Based,2026-08-29T00:00:00Z,2026-08-29T23:59:59Z,,,,32.458,GB-Month,10.3863,0.319992,10.3863,Microsoft Corporation,10.3863,0.319992,Standard,32.458,GB-Month,eastus,East US,microsoft/sub-a1b2c3d4/azure-blob-storage,azure-blob-storage-prod,Storage Account,Storage,Object Storage,Azure Blob Storage,Microsoft Azure,MIC-AzureBlobSto,MIC-AzureBlo-eastus,sub-a1b2c3d4,assinatura-producao,Subscription,"{""OwnerTeam"": ""redes"", ""Environment"": ""prod"", ""ManagedBy"": ""serverless""}"
9.8311,sub-a1b2c3d4,cloudfinops-demo,Billing Account,USD,2026-08-01T00:00:00Z,2026-09-01T00:00:00Z,Usage,,Azure Blob Storage - Object Storage,Usage-Based,2026-08-30T00:00:00Z,2026-08-30T23:59:59Z,,,,24.69,GB-Month,9.8311,0.398181,9.8311,Microsoft Corporation,9.8311,0.398181,Standard,24.69,GB-Month,eastus,East US,microsoft/sub-a1b2c3d4/azure-blob-storage,azure-blob-storage-prod,Storage Account,Storage,Object Storage,Azure Blob Storage,Microsoft Azure,MIC-AzureBlobSto,MIC-AzureBlo-eastus,sub-a1b2c3d4,assinatura-producao,Subscription,"{""OwnerTeam"": ""backend"", ""Environment"": ""prod"", ""ManagedBy"": ""cloudformation""}"
11.8642,sub-a1b2c3d4,cloudfinops-demo,Billing Account,USD,2026-08-01T00:00:00Z,2026-09-01T00:00:00Z,Usage,,Azure Blob Storage - Object Storage,Usage-Based,2026-08-31T00:00:00Z,2026-08-31T23:59:59Z,,,,31.232,GB-Month,11.8642,0.379873,11.8642,Microsoft Corporation,11.8642,0.379873,Standard,31.232,GB-Month,eastus,East US,microsoft/sub-a1b2c3d4/azure-blob-storage,azure-blob-storage-prod,Storage Account,Storage,Object Storage,Azure Blob Storage,Microsoft Azure,MIC-AzureBlobSto,MIC-AzureBlo-eastus,sub-a1b2c3d4,assinatura-producao,Subscription,"{""OwnerTeam"": ""backend"", ""Environment"": ""prod"", ""ManagedBy"": ""serverless""}"
12.6809,sub-a1b2c3d4,cloudfinops-demo,Billing Account,USD,2026-09-01T00:00:00Z,2026-10-01T00:00:00Z,Usage,,Azure Blob Storage - Object Storage,Usage-Based,2026-09-01T00:00:00Z,2026-09-01T23:59:59Z,,,,129.488,GB-Month,12.6809,0.097931,12.6809,Microsoft Corporation,12.6809,0.097931,Standard,129.488,GB-Month,eastus,East US,microsoft/sub-a1b2c3d4/azure-blob-storage,azure-blob-storage-prod,Storage Account,Storage,Object Storage,Azure Blob Storage,Microsoft Azure,MIC-AzureBlobSto,MIC-AzureBlo-eastus,sub-a1b2c3d4,assinatura-producao,Subscription,"{""OwnerTeam"": ""backend"", ""Environment"": ""prod"", ""ManagedBy"": ""manual""}"
12.6482,sub-a1b2c3d4,cloudfinops-demo,Billing Account,USD,2026-09-01T00:00:00Z,2026-10-01T00:00:00Z,Usage,,Azure Blob Storage - Object Storage,Usage-Based,2026-09-02T00:00:00Z,2026-09-02T23:59:59Z,,,,239.741,GB-Month,12.6482,0.052758,12.6482,Microsoft Corporation,12.6482,0.052758,Standard,239.741,GB-Month,eastus,East US,microsoft/sub-a1b2c3d4/azure-blob-storage,azure-blob-storage-prod,Storage Account,Storage,Object Storage,Azure Blob Storage,Microsoft Azure,MIC-AzureBlobSto,MIC-AzureBlo-eastus,sub-a1b2c3d4,assinatura-producao,Subscription,"{""OwnerTeam"": ""backend"", ""Environment"": ""prod"", ""ManagedBy"": ""serverless""}"
13.002,sub-a1b2c3d4,cloudfinops-demo,Billing Account,USD,2026-09-01T00:00:00Z,2026-10-01T00:00:00Z,Usage,,Azure Blob Storage - Object Storage,Usage-Based,2026-09-03T00:00:00Z,2026-09-03T23:59:59Z,,,,40.392,GB-Month,13.002,0.321895,13.002,Microsoft Corporation,13.002,0.321895,Standard,40.392,GB-Month,eastus,East US,microsoft/sub-a1b2c3d4/azure-blob-storage,azure-blob-storage-prod,Storage Account,Storage,Object Storage,Azure Blob Storage,Microsoft Azure,MIC-AzureBlobSto,MIC-AzureBlo-eastus,sub-a1b2c3d4,assinatura-producao,Subscription,"{""OwnerTeam"": ""redes"", ""Environment"": ""prod"", ""ManagedBy"": ""serverless""}"
12.6584,sub-a1b2c3d4,cloudfinops-demo,Billing Account,USD,2026-09-01T00:00:00Z,2026-10-01T00:00:00Z,Usage,,Azure Blob Storage - Object Storage,Usage-Based,2026-09-04T00:00:00Z,2026-09-04T23:59:59Z,,,,323.742,GB-Month,12.6584,0.0391,12.6584,Microsoft Corporation,12.6584,0.0391,Standard,323.742,GB-Month,eastus,East US,microsoft/sub-a1b2c3d4/azure-blob-storage,azure-blob-storage-prod,Storage Account,Storage,Object Storage,Azure Blob Storage,Microsoft Azure,MIC-AzureBlobSto,MIC-AzureBlo-eastus,sub-a1b2c3d4,assinatura-producao,Subscription,"{""OwnerTeam"": ""plataforma"", ""Environment"": ""prod"", ""ManagedBy"": ""cloudformation""}"
10.8594,sub-a1b2c3d4,cloudfinops-demo,Billing Account,USD,2026-09-01T00:00:00Z,2026-10-01T00:00:00Z,Usage,,Azure Blob Storage - Object Storage,Usage-Based,2026-09-05T00:00:00Z,2026-09-05T23:59:59Z,,,,40.436,GB-Month,10.8594,0.268558,10.8594,Microsoft Corporation,10.8594,0.268558,Standard,40.436,GB-Month,eastus,East US,microsoft/sub-a1b2c3d4/azure-blob-storage,azure-blob-storage-prod,Storage Account,Storage,Object Storage,Azure Blob Storage,Microsoft Azure,MIC-AzureBlobSto,MIC-AzureBlo-eastus,sub-a1b2c3d4,assinatura-producao,Subscription,"{""OwnerTeam"": ""dados"", ""Environment"": ""prod"", ""ManagedBy"": ""serverless""}"
10.5654,sub-a1b2c3d4,cloudfinops-demo,Billing Account,USD,2026-09-01T00:00:00Z,2026-10-01T00:00:00Z,Usage,,Azure Blob Storage - Object Storage,Usage-Based,2026-09-06T00:00:00Z,2026-09-06T23:59:59Z,,,,28.609,GB-Month,10.5654,0.369303,10.5654,Microsoft Corporation,10.5654,0.369303,Standard,28.609,GB-Month,eastus,East US,microsoft/sub-a1b2c3d4/azure-blob-storage,azure-blob-storage-prod,Storage Account,Storage,Object Storage,Azure Blob Storage,Microsoft Azure,MIC-AzureBlobSto,MIC-AzureBlo-eastus,sub-a1b2c3d4,assinatura-producao,Subscription,"{""OwnerTeam"": ""redes"", ""Environment"": ""prod"", ""ManagedBy"": ""serverless""}"
12.2743,sub-a1b2c3d4,cloudfinops-demo,Billing Account,USD,2026-09-01T00:00:00Z,2026-10-01T00:00:00Z,Usage,,Azure Blob Storage - Object Storage,Usage-Based,2026-09-07T00:00:00Z,2026-09-07T23:59:59Z,,,,69.41,GB-Month,12.2743,0.176838,12.2743,Microsoft Corporation,12.2743,0.176838,Standard,69.41,GB-Month,eastus,East US,microsoft/sub-a1b2c3d4/azure-blob-storage,azure-blob-storage-prod,Storage Account,Storage,Object Storage,Azure Blob Storage,Microsoft Azure,MIC-AzureBlobSto,MIC-AzureBlo-eastus,sub-a1b2c3d4,assinatura-producao,Subscription,"{""OwnerTeam"": ""backend"", ""Environment"": ""prod"", ""ManagedBy"": ""serverless""}"
12.7257,sub-a1b2c3d4,cloudfinops-demo,Billing Account,USD,2026-09-01T00:00:00Z,2026-10-01T00:00:00Z,Usage,,Azure Blob Storage - Object Storage,Usage-Based,2026-09-08T00:00:00Z,2026-09-08T23:59:59Z,,,,46.507,GB-Month,12.7257,0.27363,12.7257,Microsoft Corporation,12.7257,0.27363,Standard,46.507,GB-Month,eastus,East US,microsoft/sub-a1b2c3d4/azure-blob-storage,azure-blob-storage-prod,Storage Account,Storage,Object Storage,Azure Blob Storage,Microsoft Azure,MIC-AzureBlobSto,MIC-AzureBlo-eastus,sub-a1b2c3d4,assinatura-producao,Subscription,"{""OwnerTeam"": ""redes"", ""Environment"": ""prod"", ""ManagedBy"": ""manual""}"
12.8516,sub-a1b2c3d4,cloudfinops-demo,Billing Account,USD,2026-09-01T00:00:00Z,2026-10-01T00:00:00Z,Usage,,Azure Blob Storage - Object Storage,Usage-Based,2026-09-09T00:00:00Z,2026-09-09T23:59:59Z,,,,54.078,GB-Month,12.8516,0.237649,12.8516,Microsoft Corporation,12.8516,0.237649,Standard,54.078,GB-Month,eastus,East US,microsoft/sub-a1b2c3d4/azure-blob-storage,azure-blob-storage-prod,Storage Account,Storage,Object Storage,Azure Blob Storage,Microsoft Azure,MIC-AzureBlobSto,MIC-AzureBlo-eastus,sub-a1b2c3d4,assinatura-producao,Subscription,"{""OwnerTeam"": ""backend"", ""Environment"": ""prod"", ""ManagedBy"": ""cloudformation""}"
12.2599,sub-a1b2c3d4,cloudfinops-demo,Billing Account,USD,2026-09-01T00:00:00Z,2026-10-01T00:00:00Z,Usage,,Azure Blob Storage - Object Storage,Usage-Based,2026-09-10T00:00:00Z,2026-09-10T23:59:59Z,,,,69.035,GB-Month,12.2599,0.17759,12.2599,Microsoft Corporation,12.2599,0.17759,Standard,69.035,GB-Month,eastus,East US,microsoft/sub-a1b2c3d4/azure-blob-storage,azure-blob-storage-prod,Storage Account,Storage,Object Storage,Azure Blob Storage,Microsoft Azure,MIC-AzureBlobSto,MIC-AzureBlo-eastus,sub-a1b2c3d4,assinatura-producao,Subscription,"{""OwnerTeam"": ""backend"", ""Environment"": ""prod"", ""ManagedBy"": ""cloudformation""}"
12.1827,sub-a1b2c3d4,cloudfinops-demo,Billing Account,USD,2026-09-01T00:00:00Z,2026-10-01T00:00:00Z,Usage,,Azure Blob Storage - Object Storage,Usage-Based,2026-09-11T00:00:00Z,2026-09-11T23:59:59Z,,,,115.833,GB-Month,12.1827,0.105175,12.1827,Microsoft Corporation,12.1827,0.105175,Standard,115.833,GB-Month,eastus,East US,microsoft/sub-a1b2c3d4/azure-blob-storage,azure-blob-storage-prod,Storage Account,Storage,Object Storage,Azure Blob Storage,Microsoft Azure,MIC-AzureBlobSto,MIC-AzureBlo-eastus,sub-a1b2c3d4,assinatura-producao,Subscription,"{""OwnerTeam"": ""backend"", ""Environment"": ""prod"", ""ManagedBy"": ""cloudformation""}"
10.6304,sub-a1b2c3d4,cloudfinops-demo,Billing Account,USD,2026-09-01T00:00:00Z,2026-10-01T00:00:00Z,Usage,,Azure Blob Storage - Object Storage,Usage-Based,2026-09-12T00:00:00Z,2026-09-12T23:59:59Z,,,,38.951,GB-Month,10.6304,0.272917,10.6304,Microsoft Corporation,10.6304,0.272917,Standard,38.951,GB-Month,eastus,East US,microsoft/sub-a1b2c3d4/azure-blob-storage,azure-blob-storage-prod,Storage Account,Storage,Object Storage,Azure Blob Storage,Microsoft Azure,MIC-AzureBlobSto,MIC-AzureBlo-eastus,sub-a1b2c3d4,assinatura-producao,Subscription,"{""OwnerTeam"": ""plataforma"", ""Environment"": ""prod"", ""ManagedBy"": ""cloudformation""}"
10.746,sub-a1b2c3d4,cloudfinops-demo,Billing Account,USD,2026-09-01T00:00:00Z,2026-10-01T00:00:00Z,Usage,,Azure Blob Storage - Object Storage,Usage-Based,2026-09-13T00:00:00Z,2026-09-13T23:59:59Z,,,,40.813,GB-Month,10.746,0.263298,10.746,Microsoft Corporation,10.746,0.263298,Standard,40.813,GB-Month,eastus,East US,microsoft/sub-a1b2c3d4/azure-blob-storage,azure-blob-storage-prod,Storage Account,Storage,Object Storage,Azure Blob Storage,Microsoft Azure,MIC-AzureBlobSto,MIC-AzureBlo-eastus,sub-a1b2c3d4,assinatura-producao,Subscription,"{""OwnerTeam"": ""backend"", ""Environment"": ""prod"", ""ManagedBy"": ""cloudformation""}"
12.6937,sub-a1b2c3d4,cloudfinops-demo,Billing Account,USD,2026-09-01T00:00:00Z,2026-10-01T00:00:00Z,Usage,,Azure Blob Storage - Object Storage,Usage-Based,2026-09-14T00:00:00Z,2026-09-14T23:59:59Z,,,,31.289,GB-Month,12.6937,0.405692,12.6937,Microsoft Corporation,12.6937,0.405692,Standard,31.289,GB-Month,eastus,East US,microsoft/sub-a1b2c3d4/azure-blob-storage,azure-blob-storage-prod,Storage Account,Storage,Object Storage,Azure Blob Storage,Microsoft Azure,MIC-AzureBlobSto,MIC-AzureBlo-eastus,sub-a1b2c3d4,assinatura-producao,Subscription,"{""OwnerTeam"": ""dados"", ""Environment"": ""prod"", ""ManagedBy"": ""terraform""}"
12.6666,sub-a1b2c3d4,cloudfinops-demo,Billing Account,USD,2026-09-01T00:00:00Z,2026-10-01T00:00:00Z,Usage,,Azure Blob Storage - Object Storage,Usage-Based,2026-09-15T00:00:00Z,2026-09-15T23:59:59Z,,,,54.987,GB-Month,12.6666,0.230356,12.6666,Microsoft Corporation,12.6666,0.230356,Standard,54.987,GB-Month,eastus,East US,microsoft/sub-a1b2c3d4/azure-blob-storage,azure-blob-storage-prod,Storage Account,Storage,Object Storage,Azure Blob Storage,Microsoft Azure,MIC-AzureBlobSto,MIC-AzureBlo-eastus,sub-a1b2c3d4,assinatura-producao,Subscription,"{""OwnerTeam"": ""plataforma"", ""Environment"": ""prod"", ""ManagedBy"": ""terraform""}"
12.291,sub-a1b2c3d4,cloudfinops-demo,Billing Account,USD,2026-09-01T00:00:00Z,2026-10-01T00:00:00Z,Usage,,Azure Blob Storage - Object Storage,Usage-Based,2026-09-16T00:00:00Z,2026-09-16T23:59:59Z,,,,32.152,GB-Month,12.291,0.382278,12.291,Microsoft Corporation,12.291,0.382278,Standard,32.152,GB-Month,eastus,East US,microsoft/sub-a1b2c3d4/azure-blob-storage,azure-blob-storage-prod,Storage Account,Storage,Object Storage,Azure Blob Storage,Microsoft Azure,MIC-AzureBlobSto,MIC-AzureBlo-eastus,sub-a1b2c3d4,assinatura-producao,Subscription,"{""OwnerTeam"": ""plataforma"", ""Environment"": ""prod"", ""ManagedBy"": ""serverless""}"
12.8102,sub-a1b2c3d4,cloudfinops-demo,Billing Account,USD,2026-09-01T00:00:00Z,2026-10-01T00:00:00Z,Usage,,Azure Blob Storage - Object Storage,Usage-Based,2026-09-17T00:00:00Z,2026-09-17T23:59:59Z,,,,110.961,GB-Month,12.8102,0.115448,12.8102,Microsoft Corporation,12.8102,0.115448,Standard,110.961,GB-Month,eastus,East US,microsoft/sub-a1b2c3d4/azure-blob-storage,azure-blob-storage-prod,Storage Account,Storage,Object Storage,Azure Blob Storage,Microsoft Azure,MIC-AzureBlobSto,MIC-AzureBlo-eastus,sub-a1b2c3d4,assinatura-producao,Subscription,"{""OwnerTeam"": ""plataforma"", ""Environment"": ""prod"", ""ManagedBy"": ""cloudformation""}"
12.4226,sub-a1b2c3d4,cloudfinops-demo,Billing Account,USD,2026-09-01T00:00:00Z,2026-10-01T00:00:00Z,Usage,,Azure Blob Storage - Object Storage,Usage-Based,2026-09-18T00:00:00Z,2026-09-18T23:59:59Z,,,,167.435,GB-Month,12.4226,0.074194,12.4226,Microsoft Corporation,12.4226,0.074194,Standard,167.435,GB-Month,eastus,East US,microsoft/sub-a1b2c3d4/azure-blob-storage,azure-blob-storage-prod,Storage Account,Storage,Object Storage,Azure Blob Storage,Microsoft Azure,MIC-AzureBlobSto,MIC-AzureBlo-eastus,sub-a1b2c3d4,assinatura-producao,Subscription,"{""OwnerTeam"": ""plataforma"", ""Environment"": ""prod"", ""ManagedBy"": ""cloudformation""}"
10.4374,sub-a1b2c3d4,cloudfinops-demo,Billing Account,USD,2026-09-01T00:00:00Z,2026-10-01T00:00:00Z,Usage,,Azure Blob Storage - Object Storage,Usage-Based,2026-09-19T00:00:00Z,2026-09-19T23:59:59Z,,,,58.005,GB-Month,10.4374,0.17994,10.4374,Microsoft Corporation,10.4374,0.17994,Standard,58.005,GB-Month,eastus,East US,microsoft/sub-a1b2c3d4/azure-blob-storage,azure-blob-storage-prod,Storage Account,Storage,Object Storage,Azure Blob Storage,Microsoft Azure,MIC-AzureBlobSto,MIC-AzureBlo-eastus,sub-a1b2c3d4,assinatura-producao,Subscription,"{""OwnerTeam"": ""backend"", ""Environment"": ""prod"", ""ManagedBy"": ""manual""}"
10.6974,sub-a1b2c3d4,cloudfinops-demo,Billing Account,USD,2026-09-01T00:00:00Z,2026-10-01T00:00:00Z,Usage,,Azure Blob Storage - Object Storage,Usage-Based,2026-09-20T00:00:00Z,2026-09-20T23:59:59Z,,,,24.394,GB-Month,10.6974,0.438526,10.6974,Microsoft Corporation,10.6974,0.438526,Standard,24.394,GB-Month,eastus,East US,microsoft/sub-a1b2c3d4/azure-blob-storage,azure-blob-storage-prod,Storage Account,Storage,Object Storage,Azure Blob Storage,Microsoft Azure,MIC-AzureBlobSto,MIC-AzureBlo-eastus,sub-a1b2c3d4,assinatura-producao,Subscription,"{""OwnerTeam"": ""dados"", ""Environment"": ""prod"", ""ManagedBy"": ""manual""}"
12.363,sub-a1b2c3d4,cloudfinops-demo,Billing Account,USD,2026-09-01T00:00:00Z,2026-10-01T00:00:00Z,Usage,,Azure Blob Storage - Object Storage,Usage-Based,2026-09-21T00:00:00Z,2026-09-21T23:59:59Z,,,,32.83,GB-Month,12.363,0.376576,12.363,Microsoft Corporation,12.363,0.376576,Standard,32.83,GB-Month,eastus,East US,microsoft/sub-a1b2c3d4/azure-blob-storage,azure-blob-storage-prod,Storage Account,Storage,Object Storage,Azure Blob Storage,Microsoft Azure,MIC-AzureBlobSto,MIC-AzureBlo-eastus,sub-a1b2c3d4,assinatura-producao,Subscription,"{""OwnerTeam"": ""plataforma"", ""Environment"": ""prod"", ""ManagedBy"": ""cloudformation""}"
12.4379,sub-a1b2c3d4,cloudfinops-demo,Billing Account,USD,2026-09-01T00:00:00Z,2026-10-01T00:00:00Z,Usage,,Azure Blob Storage - Object Storage,Usage-Based,2026-09-22T00:00:00Z,2026-09-22T23:59:59Z,,,,152.232,GB-Month,12.4379,0.081704,12.4379,Microsoft Corporation,12.4379,0.081704,Standard,152.232,GB-Month,eastus,East US,microsoft/sub-a1b2c3d4/azure-blob-storage,azure-blob-storage-prod,Storage Account,Storage,Object Storage,Azure Blob Storage,Microsoft Azure,MIC-AzureBlobSto,MIC-AzureBlo-eastus,sub-a1b2c3d4,assinatura-producao,Subscription,"{""OwnerTeam"": ""dados"", ""Environment"": ""prod"", ""ManagedBy"": ""serverless""}"
13.0361,sub-a1b2c3d4,cloudfinops-demo,Billing Account,USD,2026-09-01T00:00:00Z,2026-10-01T00:00:00Z,Usage,,Azure Blob Storage - Object Storage,Usage-Based,2026-09-23T00:00:00Z,2026-09-23T23:59:59Z,,,,92.444,GB-Month,13.0361,0.141016,13.0361,Microsoft Corporation,13.0361,0.141016,Standard,92.444,GB-Month,eastus,East US,microsoft/sub-a1b2c3d4/azure-blob-storage,azure-blob-storage-prod,Storage Account,Storage,Object Storage,Azure Blob Storage,Microsoft Azure,MIC-AzureBlobSto,MIC-AzureBlo-eastus,sub-a1b2c3d4,assinatura-producao,Subscription,"{""OwnerTeam"": ""backend"", ""Environment"": ""prod"", ""ManagedBy"": ""serverless""}"
12.7798,sub-a1b2c3d4,cloudfinops-demo,Billing Account,USD,2026-09-01T00:00:00Z,2026-10-01T00:00:00Z,Usage,,Azure Blob Storage - Object Storage,Usage-Based,2026-09-24T00:00:00Z,2026-09-24T23:59:59Z,,,,74.454,GB-Month,12.7798,0.171647,12.7798,Microsoft Corporation,12.7798,0.171647,Standard,74.454,GB-Month,eastus,East US,microsoft/sub-a1b2c3d4/azure-blob-storage,azure-blob-storage-prod,Storage Account,Storage,Object Storage,Azure Blob Storage,Microsoft Azure,MIC-AzureBlobSto,MIC-AzureBlo-eastus,sub-a1b2c3d4,assinatura-producao,Subscription,"{""OwnerTeam"": ""dados"", ""Environment"": ""prod"", ""ManagedBy"": ""cloudformation""}"
12.2457,sub-a1b2c3d4,cloudfinops-demo,Billing Account,USD,2026-09-01T00:00:00Z,2026-10-01T00:00:00Z,Usage,,Azure Blob Storage - Object Storage,Usage-Based,2026-09-25T00:00:00Z,2026-09-25T23:59:59Z,,,,281.57,GB-Month,12.2457,0.043491,12.2457,Microsoft Corporation,12.2457,0.043491,Standard,281.57,GB-Month,eastus,East US,microsoft/sub-a1b2c3d4/azure-blob-storage,azure-blob-storage-prod,Storage Account,Storage,Object Storage,Azure Blob Storage,Microsoft Azure,MIC-AzureBlobSto,MIC-AzureBlo-eastus,sub-a1b2c3d4,assinatura-producao,Subscription,"{""OwnerTeam"": ""dados"", ""Environment"": ""prod"", ""ManagedBy"": ""cloudformation""}"
10.6355,sub-a1b2c3d4,cloudfinops-demo,Billing Account,USD,2026-09-01T00:00:00Z,2026-10-01T00:00:00Z,Usage,,Azure Blob Storage - Object Storage,Usage-Based,2026-09-26T00:00:00Z,2026-09-26T23:59:59Z,,,,210.053,GB-Month,10.6355,0.050632,10.6355,Microsoft Corporation,10.6355,0.050632,Standard,210.053,GB-Month,eastus,East US,microsoft/sub-a1b2c3d4/azure-blob-storage,azure-blob-storage-prod,Storage Account,Storage,Object Storage,Azure Blob Storage,Microsoft Azure,MIC-AzureBlobSto,MIC-AzureBlo-eastus,sub-a1b2c3d4,assinatura-producao,Subscription,"{""OwnerTeam"": ""backend"", ""Environment"": ""prod"", ""ManagedBy"": ""serverless""}"
10.9395,sub-a1b2c3d4,cloudfinops-demo,Billing Account,USD,2026-09-01T00:00:00Z,2026-10-01T00:00:00Z,Usage,,Azure Blob Storage - Object Storage,Usage-Based,2026-09-27T00:00:00Z,2026-09-27T23:59:59Z,,,,43.023,GB-Month,10.9395,0.254271,10.9395,Microsoft Corporation,10.9395,0.254271,Standard,43.023,GB-Month,eastus,East US,microsoft/sub-a1b2c3d4/azure-blob-storage,azure-blob-storage-prod,Storage Account,Storage,Object Storage,Azure Blob Storage,Microsoft Azure,MIC-AzureBlobSto,MIC-AzureBlo-eastus,sub-a1b2c3d4,assinatura-producao,Subscription,"{""OwnerTeam"": ""plataforma"", ""Environment"": ""prod"", ""ManagedBy"": ""serverless""}"
13.0011,sub-a1b2c3d4,cloudfinops-demo,Billing Account,USD,2026-09-01T00:00:00Z,2026-10-01T00:00:00Z,Usage,,Azure Blob Storage - Object Storage,Usage-Based,2026-09-28T00:00:00Z,2026-09-28T23:59:59Z,,,,29.132,GB-Month,13.0011,0.446282,13.0011,Microsoft Corporation,13.0011,0.446282,Standard,29.132,GB-Month,eastus,East US,microsoft/sub-a1b2c3d4/azure-blob-storage,azure-blob-storage-prod,Storage Account,Storage,Object Storage,Azure Blob Storage,Microsoft Azure,MIC-AzureBlobSto,MIC-AzureBlo-eastus,sub-a1b2c3d4,assinatura-producao,Subscription,"{""OwnerTeam"": ""dados"", ""Environment"": ""prod"", ""ManagedBy"": ""cloudformation""}"
12.8234,sub-a1b2c3d4,cloudfinops-demo,Billing Account,USD,2026-09-01T00:00:00Z,2026-10-01T00:00:00Z,Usage,,Azure Blob Storage - Object Storage,Usage-Based,2026-09-29T00:00:00Z,2026-09-29T23:59:59Z,,,,206.03,GB-Month,12.8234,0.06224,12.8234,Microsoft Corporation,12.8234,0.06224,Standard,206.03,GB-Month,eastus,East US,microsoft/sub-a1b2c3d4/azure-blob-storage,azure-blob-storage-prod,Storage Account,Storage,Object Storage,Azure Blob Storage,Microsoft Azure,MIC-AzureBlobSto,MIC-AzureBlo-eastus,sub-a1b2c3d4,assinatura-producao,Subscription,"{""OwnerTeam"": ""redes"", ""Environment"": ""prod"", ""ManagedBy"": ""cloudformation""}"
12.6802,sub-a1b2c3d4,cloudfinops-demo,Billing Account,USD,2026-09-01T00:00:00Z,2026-10-01T00:00:00Z,Usage,,Azure Blob Storage - Object Storage,Usage-Based,2026-09-30T00:00:00Z,2026-09-30T23:59:59Z,,,,54.676,GB-Month,12.6802,0.231915,12.6802,Microsoft Corporation,12.6802,0.231915,Standard,54.676,GB-Month,eastus,East US,microsoft/sub-a1b2c3d4/azure-blob-storage,azure-blob-storage-prod,Storage Account,Storage,Object Storage,Azure Blob Storage,Microsoft Azure,MIC-AzureBlobSto,MIC-AzureBlo-eastus,sub-a1b2c3d4,assinatura-producao,Subscription,"{""OwnerTeam"": ""backend"", ""Environment"": ""prod"", ""ManagedBy"": ""manual""}"
12.9663,sub-a1b2c3d4,cloudfinops-demo,Billing Account,USD,2026-10-01T00:00:00Z,2026-11-01T00:00:00Z,Usage,,Azure Blob Storage - Object Storage,Usage-Based,2026-10-01T00:00:00Z,2026-10-01T23:59:59Z,,,,42.173,GB-Month,12.9663,0.307455,12.9663,Microsoft Corporation,12.9663,0.307455,Standard,42.173,GB-Month,eastus,East US,microsoft/sub-a1b2c3d4/azure-blob-storage,azure-blob-storage-prod,Storage Account,Storage,Object Storage,Azure Blob Storage,Microsoft Azure,MIC-AzureBlobSto,MIC-AzureBlo-eastus,sub-a1b2c3d4,assinatura-producao,Subscription,"{""OwnerTeam"": ""backend"", ""Environment"": ""prod"", ""ManagedBy"": ""cloudformation""}"
13.4175,sub-a1b2c3d4,cloudfinops-demo,Billing Account,USD,2026-10-01T00:00:00Z,2026-11-01T00:00:00Z,Usage,,Azure Blob Storage - Object Storage,Usage-Based,2026-10-02T00:00:00Z,2026-10-02T23:59:59Z,,,,660.295,GB-Month,13.4175,0.02032,13.4175,Microsoft Corporation,13.4175,0.02032,Standard,660.295,GB-Month,eastus,East US,microsoft/sub-a1b2c3d4/azure-blob-storage,azure-blob-storage-prod,Storage Account,Storage,Object Storage,Azure Blob Storage,Microsoft Azure,MIC-AzureBlobSto,MIC-AzureBlo-eastus,sub-a1b2c3d4,assinatura-producao,Subscription,"{""OwnerTeam"": ""redes"", ""Environment"": ""prod"", ""ManagedBy"": ""terraform""}"
10.8525,sub-a1b2c3d4,cloudfinops-demo,Billing Account,USD,2026-10-01T00:00:00Z,2026-11-01T00:00:00Z,Usage,,Azure Blob Storage - Object Storage,Usage-Based,2026-10-03T00:00:00Z,2026-10-03T23:59:59Z,,,,33.752,GB-Month,10.8525,0.321537,10.8525,Microsoft Corporation,10.8525,0.321537,Standard,33.752,GB-Month,eastus,East US,microsoft/sub-a1b2c3d4/azure-blob-storage,azure-blob-storage-prod,Storage Account,Storage,Object Storage,Azure Blob Storage,Microsoft Azure,MIC-AzureBlobSto,MIC-AzureBlo-eastus,sub-a1b2c3d4,assinatura-producao,Subscription,"{""OwnerTeam"": ""dados"", ""Environment"": ""prod"", ""ManagedBy"": ""terraform""}"
3.9105,sub-a1b2c3d4,cloudfinops-demo,Billing Account,USD,2026-08-01T00:00:00Z,2026-09-01T00:00:00Z,Usage,,Azure Blob Storage - Object Storage,Usage-Based,2026-08-01T00:00:00Z,2026-08-01T23:59:59Z,,,,10.825,GB-Month,3.9105,0.361247,3.9105,Microsoft Corporation,3.9105,0.361247,Standard,10.825,GB-Month,eastus,East US,microsoft/sub-d4e5f6a7/azure-blob-storage,azure-blob-storage-dev,Storage Account,Storage,Object Storage,Azure Blob Storage,Microsoft Azure,MIC-AzureBlobSto,MIC-AzureBlo-eastus,sub-d4e5f6a7,assinatura-dev,Subscription,"{""OwnerTeam"": ""plataforma"", ""Environment"": ""dev"", ""ManagedBy"": ""cloudformation""}"
3.8182,sub-a1b2c3d4,cloudfinops-demo,Billing Account,USD,2026-08-01T00:00:00Z,2026-09-01T00:00:00Z,Usage,,Azure Blob Storage - Object Storage,Usage-Based,2026-08-02T00:00:00Z,2026-08-02T23:59:59Z,,,,31.8,GB-Month,3.8182,0.120069,3.8182,Microsoft Corporation,3.8182,0.120069,Standard,31.8,GB-Month,eastus,East US,microsoft/sub-d4e5f6a7/azure-blob-storage,azure-blob-storage-dev,Storage Account,Storage,Object Storage,Azure Blob Storage,Microsoft Azure,MIC-AzureBlobSto,MIC-AzureBlo-eastus,sub-d4e5f6a7,assinatura-dev,Subscription,"{""OwnerTeam"": ""backend"", ""Environment"": ""dev"", ""ManagedBy"": ""manual""}"
4.8498,sub-a1b2c3d4,cloudfinops-demo,Billing Account,USD,2026-08-01T00:00:00Z,2026-09-01T00:00:00Z,Usage,,Azure Blob Storage - Object Storage,Usage-Based,2026-08-03T00:00:00Z,2026-08-03T23:59:59Z,,,,16.652,GB-Month,4.8498,0.291244,4.8498,Microsoft Corporation,4.8498,0.291244,Standard,16.652,GB-Month,eastus,East US,microsoft/sub-d4e5f6a7/azure-blob-storage,azure-blob-storage-dev,Storage Account,Storage,Object Storage,Azure Blob Storage,Microsoft Azure,MIC-AzureBlobSto,MIC-AzureBlo-eastus,sub-d4e5f6a7,assinatura-dev,Subscription,"{""OwnerTeam"": ""plataforma"", ""Environment"": ""dev"", ""ManagedBy"": ""manual""}"
4.6795,sub-a1b2c3d4,cloudfinops-demo,Billing Account,USD,2026-08-01T00:00:00Z,2026-09-01T00:00:00Z,Usage,,Azure Blob Storage - Object Storage,Usage-Based,2026-08-04T00:00:00Z,2026-08-04T23:59:59Z,,,,13.274,GB-Month,4.6795,0.352531,4.6795,Microsoft Corporation,4.6795,0.352531,Standard,13.274,GB-Month,eastus,East US,microsoft/sub-d4e5f6a7/azure-blob-storage,azure-blob-storage-dev,Storage Account,Storage,Object Storage,Azure Blob Storage,Microsoft Azure,MIC-AzureBlobSto,MIC-AzureBlo-eastus,sub-d4e5f6a7,assinatura-dev,Subscription,"{""OwnerTeam"": ""dados"", ""Environment"": ""dev"", ""ManagedBy"": ""cloudformation""}"
4.5629,sub-a1b2c3d4,cloudfinops-demo,Billing Account,USD,2026-08-01T00:00:00Z,2026-09-01T00:00:00Z,Usage,,Azure Blob Storage - Object Storage,Usage-Based,2026-08-05T00:00:00Z,2026-08-05T23:59:59Z,,,,103.282,GB-Month,4.5629,0.044179,4.5629,Microsoft Corporation,4.5629,0.044179,Standard,103.282,GB-Month,eastus,East US,microsoft/sub-d4e5f6a7/azure-blob-storage,azure-blob-storage-dev,Storage Account,Storage,Object Storage,Azure Blob Storage,Microsoft Azure,MIC-AzureBlobSto,MIC-AzureBlo-eastus,sub-d4e5f6a7,assinatura-dev,Subscription,"{""OwnerTeam"": ""redes"", ""Environment"": ""dev"", ""ManagedBy"": ""manual""}"
4.5248,sub-a1b2c3d4,cloudfinops-demo,Billing Account,USD,2026-08-01T00:00:00Z,2026-09-01T00:00:00Z,Usage,,Azure Blob Storage - Object Storage,Usage-Based,2026-08-06T00:00:00Z,2026-08-06T23:59:59Z,,,,28.135,GB-Month,4.5248,0.160825,4.5248,Microsoft Corporation,4.5248,0.160825,Standard,28.135,GB-Month,eastus,East US,microsoft/sub-d4e5f6a7/azure-blob-storage,azure-blob-storage-dev,Storage Account,Storage,Object Storage,Azure Blob Storage,Microsoft Azure,MIC-AzureBlobSto,MIC-AzureBlo-eastus,sub-d4e5f6a7,assinatura-dev,Subscription,"{""OwnerTeam"": ""plataforma"", ""Environment"": ""dev"", ""ManagedBy"": ""serverless""}"
4.5369,sub-a1b2c3d4,cloudfinops-demo,Billing Account,USD,2026-08-01T00:00:00Z,2026-09-01T00:00:00Z,Usage,,Azure Blob Storage - Object Storage,Usage-Based,2026-08-07T00:00:00Z,2026-08-07T23:59:59Z,,,,226.411,GB-Month,4.5369,0.020038,4.5369,Microsoft Corporation,4.5369,0.020038,Standard,226.411,GB-Month,eastus,East US,microsoft/sub-d4e5f6a7/azure-blob-storage,azure-blob-storage-dev,Storage Account,Storage,Object Storage,Azure Blob Storage,Microsoft Azure,MIC-AzureBlobSto,MIC-AzureBlo-eastus,sub-d4e5f6a7,assinatura-dev,Subscription,"{""OwnerTeam"": ""backend"", ""Environment"": ""dev"", ""ManagedBy"": ""manual""}"
3.9616,sub-a1b2c3d4,cloudfinops-demo,Billing Account,USD,2026-08-01T00:00:00Z,2026-09-01T00:00:00Z,Usage,,Azure Blob Storage - Object Storage,Usage-Based,2026-08-08T00:00:00Z,2026-08-08T23:59:59Z,,,,49.254,GB-Month,3.9616,0.080432,3.9616,Microsoft Corporation,3.9616,0.080432,Standard,49.254,GB-Month,eastus,East US,microsoft/sub-d4e5f6a7/azure-blob-storage,azure-blob-storage-dev,Storage Account,Storage,Object Storage,Azure Blob Storage,Microsoft Azure,MIC-AzureBlobSto,MIC-AzureBlo-eastus,sub-d4e5f6a7,assinatura-dev,Subscription,"{""OwnerTeam"": ""redes"", ""Environment"": ""dev"", ""ManagedBy"": ""manual""}"
3.9762,sub-a1b2c3d4,cloudfinops-demo,Billing Account,USD,2026-08-01T00:00:00Z,2026-09-01T00:00:00Z,Usage,,Azure Blob Storage - Object Storage,Usage-Based,2026-08-09T00:00:00Z,2026-08-09T23:59:59Z,,,,14.361,GB-Month,3.9762,0.276875,3.9762,Microsoft Corporation,3.9762,0.276875,Standard,14.361,GB-Month,eastus,East US,microsoft/sub-d4e5f6a7/azure-blob-storage,azure-blob-storage-dev,Storage Account,Storage,Object Storage,Azure Blob Storage,Microsoft Azure,MIC-AzureBlobSto,MIC-AzureBlo-eastus,sub-d4e5f6a7,assinatura-dev,Subscription,"{""OwnerTeam"": ""redes"", ""Environment"": ""dev"", ""ManagedBy"": ""serverless""}"
4.6,sub-a1b2c3d4,cloudfinops-demo,Billing Account,USD,2026-08-01T00:00:00Z,2026-09-01T00:00:00Z,Usage,,Azure Blob Storage - Object Storage,Usage-Based,2026-08-10T00:00:00Z,2026-08-10T23:59:59Z,,,,10.622,GB-Month,4.6,0.433063,4.6,Microsoft Corporation,4.6,0.433063,Standard,10.622,GB-Month,eastus,East US,microsoft/sub-d4e5f6a7/azure-blob-storage,azure-blob-storage-dev,Storage Account,Storage,Object Storage,Azure Blob Storage,Microsoft Azure,MIC-AzureBlobSto,MIC-AzureBlo-eastus,sub-d4e5f6a7,assinatura-dev,Subscription,"{""OwnerTeam"": ""dados"", ""Environment"": ""dev"", ""ManagedBy"": ""terraform""}"
4.6449,sub-a1b2c3d4,cloudfinops-demo,Billing Account,USD,2026-08-01T00:00:00Z,2026-09-01T00:00:00Z,Usage,,Azure Blob Storage - Object Storage,Usage-Based,2026-08-11T00:00:00Z,2026-08-11T23:59:59Z,,,,25.554,GB-Month,4.6449,0.181768,4.6449,Microsoft Corporation,4.6449,0.181768,Standard,25.554,GB-Month,eastus,East US,microsoft/sub-d4e5f6a7/azure-blob-storage,azure-blob-storage-dev,Storage Account,Storage,Object Storage,Azure Blob Storage,Microsoft Azure,MIC-AzureBlobSto,MIC-AzureBlo-eastus,sub-d4e5f6a7,assinatura-dev,Subscription,"{""OwnerTeam"": ""redes"", ""Environment"": ""dev"", ""ManagedBy"": ""terraform""}"
4.6303,sub-a1b2c3d4,cloudfinops-demo,Billing Account,USD,2026-08-01T00:00:00Z,2026-09-01T00:00:00Z,Usage,,Azure Blob Storage - Object Storage,Usage-Based,2026-08-12T00:00:00Z,2026-08-12T23:59:59Z,,,,12.342,GB-Month,4.6303,0.375166,4.6303,Microsoft Corporation,4.6303,0.375166,Standard,12.342,GB-Month,eastus,East US,microsoft/sub-d4e5f6a7/azure-blob-storage,azure-blob-storage-dev,Storage Account,Storage,Object Storage,Azure Blob Storage,Microsoft Azure,MIC-AzureBlobSto,MIC-AzureBlo-eastus,sub-d4e5f6a7,assinatura-dev,Subscription,"{""OwnerTeam"": ""redes"", ""Environment"": ""dev"", ""ManagedBy"": ""manual""}"
4.5379,sub-a1b2c3d4,cloudfinops-demo,Billing Account,USD,2026-08-01T00:00:00Z,2026-09-01T00:00:00Z,Usage,,Azure Blob Storage - Object Storage,Usage-Based,2026-08-13T00:00:00Z,2026-08-13T23:59:59Z,,,,122.481,GB-Month,4.5379,0.03705,4.5379,Microsoft Corporation,4.5379,0.03705,Standard,122.481,GB-Month,eastus,East US,microsoft/sub-d4e5f6a7/azure-blob-storage,azure-blob-storage-dev,Storage Account,Storage,Object Storage,Azure Blob Storage,Microsoft Azure,MIC-AzureBlobSto,MIC-AzureBlo-eastus,sub-d4e5f6a7,assinatura-dev,Subscription,"{""OwnerTeam"": ""plataforma"", ""Environment"": ""dev"", ""ManagedBy"": ""serverless""}"
4.679,sub-a1b2c3d4,cloudfinops-demo,Billing Account,USD,2026-08-01T00:00:00Z,2026-09-01T00:00:00Z,Usage,,Azure Blob Storage - Object Storage,Usage-Based,2026-08-14T00:00:00Z,2026-08-14T23:59:59Z,,,,44.19,GB-Month,4.679,0.105884,4.679,Microsoft Corporation,4.679,0.105884,Standard,44.19,GB-Month,eastus,East US,microsoft/sub-d4e5f6a7/azure-blob-storage,azure-blob-storage-dev,Storage Account,Storage,Object Storage,Azure Blob Storage,Microsoft Azure,MIC-AzureBlobSto,MIC-AzureBlo-eastus,sub-d4e5f6a7,assinatura-dev,Subscription,"{""OwnerTeam"": ""dados"", ""Environment"": ""dev"", ""ManagedBy"": ""manual""}"
4.0688,sub-a1b2c3d4,cloudfinops-demo,Billing Account,USD,2026-08-01T00:00:00Z,2026-09-01T00:00:00Z,Usage,,Azure Blob Storage - Object Storage,Usage-Based,2026-08-15T00:00:00Z,2026-08-15T23:59:59Z,,,,10.593,GB-Month,4.0688,0.384103,4.0688,Microsoft Corporation,4.0688,0.384103,Standard,10.593,GB-Month,eastus,East US,microsoft/sub-d4e5f6a7/azure-blob-storage,azure-blob-storage-dev,Storage Account,Storage,Object Storage,Azure Blob Storage,Microsoft Azure,MIC-AzureBlobSto,MIC-AzureBlo-eastus,sub-d4e5f6a7,assinatura-dev,Subscription,"{""OwnerTeam"": ""backend"", ""Environment"": ""dev"", ""ManagedBy"": ""serverless""}"
3.8242,sub-a1b2c3d4,cloudfinops-demo,Billing Account,USD,2026-08-01T00:00:00Z,2026-09-01T00:00:00Z,Usage,,Azure Blob Storage - Object Storage,Usage-Based,2026-08-16T00:00:00Z,2026-08-16T23:59:59Z,,,,10.842,GB-Month,3.8242,0.352721,3.8242,Microsoft Corporation,3.8242,0.352721,Standard,10.842,GB-Month,eastus,East US,microsoft/sub-d4e5f6a7/azure-blob-storage,azure-blob-storage-dev,Storage Account,Storage,Object Storage,Azure Blob Storage,Microsoft Azure,MIC-AzureBlobSto,MIC-AzureBlo-eastus,sub-d4e5f6a7,assinatura-dev,Subscription,"{""OwnerTeam"": ""plataforma"", ""Environment"": ""dev"", ""ManagedBy"": ""serverless""}"
4.7352,sub-a1b2c3d4,cloudfinops-demo,Billing Account,USD,2026-08-01T00:00:00Z,2026-09-01T00:00:00Z,Usage,,Azure Blob Storage - Object Storage,Usage-Based,2026-08-17T00:00:00Z,2026-08-17T23:59:59Z,,,,76.135,GB-Month,4.7352,0.062195,4.7352,Microsoft Corporation,4.7352,0.062195,Standard,76.135,GB-Month,eastus,East US,microsoft/sub-d4e5f6a7/azure-blob-storage,azure-blob-storage-dev,Storage Account,Storage,Object Storage,Azure Blob Storage,Microsoft Azure,MIC-AzureBlobSto,MIC-AzureBlo-eastus,sub-d4e5f6a7,assinatura-dev,Subscription,"{""OwnerTeam"": ""plataforma"", ""Environment"": ""dev"", ""ManagedBy"": ""manual""}"
4.8065,sub-a1b2c3d4,cloudfinops-demo,Billing Account,USD,2026-08-01T00:00:00Z,2026-09-01T00:00:00Z,Usage,,Azure Blob Storage - Object Storage,Usage-Based,2026-08-18T00:00:00Z,2026-08-18T23:59:59Z,,,,13.665,GB-Month,4.8065,0.351738,4.8065,Microsoft Corporation,4.8065,0.351738,Standard,13.665,GB-Month,eastus,East US,microsoft/sub-d4e5f6a7/azure-blob-storage,azure-blob-storage-dev,Storage Account,Storage,Object Storage,Azure Blob Storage,Microsoft Azure,MIC-AzureBlobSto,MIC-AzureBlo-eastus,sub-d4e5f6a7,assinatura-dev,Subscription,"{""OwnerTeam"": ""dados"", ""Environment"": ""dev"", ""ManagedBy"": ""serverless""}"
4.6485,sub-a1b2c3d4,cloudfinops-demo,Billing Account,USD,2026-08-01T00:00:00Z,2026-09-01T00:00:00Z,Usage,,Azure Blob Storage - Object Storage,Usage-Based,2026-08-19T00:00:00Z,2026-08-19T23:59:59Z,,,,35.257,GB-Month,4.6485,0.131846,4.6485,Microsoft Corporation,4.6485,0.131846,Standard,35.257,GB-Month,eastus,East US,microsoft/sub-d4e5f6a7/azure-blob-storage,azure-blob-storage-dev,Storage Account,Storage,Object Storage,Azure Blob Storage,Microsoft Azure,MIC-AzureBlobSto,MIC-AzureBlo-eastus,sub-d4e5f6a7,assinatura-dev,Subscription,"{""OwnerTeam"": ""plataforma"", ""Environment"": ""dev"", ""ManagedBy"": ""cloudformation""}"
4.6519,sub-a1b2c3d4,cloudfinops-demo,Billing Account,USD,2026-08-01T00:00:00Z,2026-09-01T00:00:00Z,Usage,,Azure Blob Storage - Object Storage,Usage-Based,2026-08-20T00:00:00Z,2026-08-20T23:59:59Z,,,,28.228,GB-Month,4.6519,0.164797,4.6519,Microsoft Corporation,4.6519,0.164797,Standard,28.228,GB-Month,eastus,East US,microsoft/sub-d4e5f6a7/azure-blob-storage,azure-blob-storage-dev,Storage Account,Storage,Object Storage,Azure Blob Storage,Microsoft Azure,MIC-AzureBlobSto,MIC-AzureBlo-eastus,sub-d4e5f6a7,assinatura-dev,Subscription,"{""OwnerTeam"": ""dados"", ""Environment"": ""dev"", ""ManagedBy"": ""serverless""}"
4.5938,sub-a1b2c3d4,cloudfinops-demo,Billing Account,USD,2026-08-01T00:00:00Z,2026-09-01T00:00:00Z,Usage,,Azure Blob Storage - Object Storage,Usage-Based,2026-08-21T00:00:00Z,2026-08-21T23:59:59Z,,,,29.703,GB-Month,4.5938,0.154658,4.5938,Microsoft Corporation,4.5938,0.154658,Standard,29.703,GB-Month,eastus,East US,microsoft/sub-d4e5f6a7/azure-blob-storage,azure-blob-storage-dev,Storage Account,Storage,Object Storage,Azure Blob Storage,Microsoft Azure,MIC-AzureBlobSto,MIC-AzureBlo-eastus,sub-d4e5f6a7,assinatura-dev,Subscription,"{""OwnerTeam"": ""backend"", ""Environment"": ""dev"", ""ManagedBy"": ""serverless""}"
4.0491,sub-a1b2c3d4,cloudfinops-demo,Billing Account,USD,2026-08-01T00:00:00Z,2026-09-01T00:00:00Z,Usage,,Azure Blob Storage - Object Storage,Usage-Based,2026-08-22T00:00:00Z,2026-08-22T23:59:59Z,,,,59.637,GB-Month,4.0491,0.067896,4.0491,Microsoft Corporation,4.0491,0.067896,Standard,59.637,GB-Month,eastus,East US,microsoft/sub-d4e5f6a7/azure-blob-storage,azure-blob-storage-dev,Storage Account,Storage,Object Storage,Azure Blob Storage,Microsoft Azure,MIC-AzureBlobSto,MIC-AzureBlo-eastus,sub-d4e5f6a7,assinatura-dev,Subscription,"{""OwnerTeam"": ""plataforma"", ""Environment"": ""dev"", ""ManagedBy"": ""manual""}"
3.8985,sub-a1b2c3d4,cloudfinops-demo,Billing Account,USD,2026-08-01T00:00:00Z,2026-09-01T00:00:00Z,Usage,,Azure Blob Storage - Object Storage,Usage-Based,2026-08-23T00:00:00Z,2026-08-23T23:59:59Z,,,,12.289,GB-Month,3.8985,0.317235,3.8985,Microsoft Corporation,3.8985,0.317235,Standard,12.289,GB-Month,eastus,East US,microsoft/sub-d4e5f6a7/azure-blob-storage,azure-blob-storage-dev,Storage Account,Storage,Object Storage,Azure Blob Storage,Microsoft Azure,MIC-AzureBlobSto,MIC-AzureBlo-eastus,sub-d4e5f6a7,assinatura-dev,Subscription,"{""OwnerTeam"": ""plataforma"", ""Environment"": ""dev"", ""ManagedBy"": ""terraform""}"
4.5489,sub-a1b2c3d4,cloudfinops-demo,Billing Account,USD,2026-08-01T00:00:00Z,2026-09-01T00:00:00Z,Usage,,Azure Blob Storage - Object Storage,Usage-Based,2026-08-24T00:00:00Z,2026-08-24T23:59:59Z,,,,13.214,GB-Month,4.5489,0.344249,4.5489,Microsoft Corporation,4.5489,0.344249,Standard,13.214,GB-Month,eastus,East US,microsoft/sub-d4e5f6a7/azure-blob-storage,azure-blob-storage-dev,Storage Account,Storage,Object Storage,Azure Blob Storage,Microsoft Azure,MIC-AzureBlobSto,MIC-AzureBlo-eastus,sub-d4e5f6a7,assinatura-dev,Subscription,"{""OwnerTeam"": ""backend"", ""Environment"": ""dev"", ""ManagedBy"": ""terraform""}"
4.7957,sub-a1b2c3d4,cloudfinops-demo,Billing Account,USD,2026-08-01T00:00:00Z,2026-09-01T00:00:00Z,Usage,,Azure Blob Storage - Object Storage,Usage-Based,2026-08-25T00:00:00Z,2026-08-25T23:59:59Z,,,,19.447,GB-Month,4.7957,0.246604,4.7957,Microsoft Corporation,4.7957,0.246604,Standard,19.447,GB-Month,eastus,East US,microsoft/sub-d4e5f6a7/azure-blob-storage,azure-blob-storage-dev,Storage Account,Storage,Object Storage,Azure Blob Storage,Microsoft Azure,MIC-AzureBlobSto,MIC-AzureBlo-eastus,sub-d4e5f6a7,assinatura-dev,Subscription,"{""OwnerTeam"": ""dados"", ""Environment"": ""dev"", ""ManagedBy"": ""cloudformation""}"
4.7066,sub-a1b2c3d4,cloudfinops-demo,Billing Account,USD,2026-08-01T00:00:00Z,2026-09-01T00:00:00Z,Usage,,Azure Blob Storage - Object Storage,Usage-Based,2026-08-26T00:00:00Z,2026-08-26T23:59:59Z,,,,19.811,GB-Month,4.7066,0.237575,4.7066,Microsoft Corporation,4.7066,0.237575,Standard,19.811,GB-Month,eastus,East US,microsoft/sub-d4e5f6a7/azure-blob-storage,azure-blob-storage-dev,Storage Account,Storage,Object Storage,Azure Blob Storage,Microsoft Azure,MIC-AzureBlobSto,MIC-AzureBlo-eastus,sub-d4e5f6a7,assinatura-dev,Subscription,"{""OwnerTeam"": ""plataforma"", ""Environment"": ""dev"", ""ManagedBy"": ""terraform""}"
4.7655,sub-a1b2c3d4,cloudfinops-demo,Billing Account,USD,2026-08-01T00:00:00Z,2026-09-01T00:00:00Z,Usage,,Azure Blob Storage - Object Storage,Usage-Based,2026-08-27T00:00:00Z,2026-08-27T23:59:59Z,,,,15.23,GB-Month,4.7655,0.312902,4.7655,Microsoft Corporation,4.7655,0.312902,Standard,15.23,GB-Month,eastus,East US,microsoft/sub-d4e5f6a7/azure-blob-storage,azure-blob-storage-dev,Storage Account,Storage,Object Storage,Azure Blob Storage,Microsoft Azure,MIC-AzureBlobSto,MIC-AzureBlo-eastus,sub-d4e5f6a7,assinatura-dev,Subscription,"{""OwnerTeam"": ""dados"", ""Environment"": ""dev"", ""ManagedBy"": ""cloudformation""}"
4.7689,sub-a1b2c3d4,cloudfinops-demo,Billing Account,USD,2026-08-01T00:00:00Z,2026-09-01T00:00:00Z,Usage,,Azure Blob Storage - Object Storage,Usage-Based,2026-08-28T00:00:00Z,2026-08-28T23:59:59Z,,,,20.325,GB-Month,4.7689,0.234632,4.7689,Microsoft Corporation,4.7689,0.234632,Standard,20.325,GB-Month,eastus,East US,microsoft/sub-d4e5f6a7/azure-blob-storage,azure-blob-storage-dev,Storage Account,Storage,Object Storage,Azure Blob Storage,Microsoft Azure,MIC-AzureBlobSto,MIC-AzureBlo-eastus,sub-d4e5f6a7,assinatura-dev,Subscription,"{""OwnerTeam"": ""plataforma"", ""Environment"": ""dev"", ""ManagedBy"": ""serverless""}"
4.0734,sub-a1b2c3d4,cloudfinops-demo,Billing Account,USD,2026-08-01T00:00:00Z,2026-09-01T00:00:00Z,Usage,,Azure Blob Storage - Object Storage,Usage-Based,2026-08-29T00:00:00Z,2026-08-29T23:59:59Z,,,,41.223,GB-Month,4.0734,0.098814,4.0734,Microsoft Corporation,4.0734,0.098814,Standard,41.223,GB-Month,eastus,East US,microsoft/sub-d4e5f6a7/azure-blob-storage,azure-blob-storage-dev,Storage Account,Storage,Object Storage,Azure Blob Storage,Microsoft Azure,MIC-AzureBlobSto,MIC-AzureBlo-eastus,sub-d4e5f6a7,assinatura-dev,Subscription,"{""OwnerTeam"": ""plataforma"", ""Environment"": ""dev"", ""ManagedBy"": ""manual""}"
4.0139,sub-a1b2c3d4,cloudfinops-demo,Billing Account,USD,2026-08-01T00:00:00Z,2026-09-01T00:00:00Z,Usage,,Azure Blob Storage - Object Storage,Usage-Based,2026-08-30T00:00:00Z,2026-08-30T23:59:59Z,,,,10.336,GB-Month,4.0139,0.388342,4.0139,Microsoft Corporation,4.0139,0.388342,Standard,10.336,GB-Month,eastus,East US,microsoft/sub-d4e5f6a7/azure-blob-storage,azure-blob-storage-dev,Storage Account,Storage,Object Storage,Azure Blob Storage,Microsoft Azure,MIC-AzureBlobSto,MIC-AzureBlo-eastus,sub-d4e5f6a7,assinatura-dev,Subscription,"{""OwnerTeam"": ""redes"", ""Environment"": ""dev"", ""ManagedBy"": ""cloudformation""}"
4.7724,sub-a1b2c3d4,cloudfinops-demo,Billing Account,USD,2026-08-01T00:00:00Z,2026-09-01T00:00:00Z,Usage,,Azure Blob Storage - Object Storage,Usage-Based,2026-08-31T00:00:00Z,2026-08-31T23:59:59Z,,,,15.404,GB-Month,4.7724,0.309816,4.7724,Microsoft Corporation,4.7724,0.309816,Standard,15.404,GB-Month,eastus,East US,microsoft/sub-d4e5f6a7/azure-blob-storage,azure-blob-storage-dev,Storage Account,Storage,Object Storage,Azure Blob Storage,Microsoft Azure,MIC-AzureBlobSto,MIC-AzureBlo-eastus,sub-d4e5f6a7,assinatura-dev,Subscription,"{""OwnerTeam"": ""dados"", ""Environment"": ""dev"", ""ManagedBy"": ""terraform""}"
4.7481,sub-a1b2c3d4,cloudfinops-demo,Billing Account,USD,2026-09-01T00:00:00Z,2026-10-01T00:00:00Z,Usage,,Azure Blob Storage - Object Storage,Usage-Based,2026-09-01T00:00:00Z,2026-09-01T23:59:59Z,,,,14.833,GB-Month,4.7481,0.320104,4.7481,Microsoft Corporation,4.7481,0.320104,Standard,14.833,GB-Month,eastus,East US,microsoft/sub-d4e5f6a7/azure-blob-storage,azure-blob-storage-dev,Storage Account,Storage,Object Storage,Azure Blob Storage,Microsoft Azure,MIC-AzureBlobSto,MIC-AzureBlo-eastus,sub-d4e5f6a7,assinatura-dev,Subscription,"{""OwnerTeam"": ""dados"", ""Environment"": ""dev"", ""ManagedBy"": ""cloudformation""}"
4.9335,sub-a1b2c3d4,cloudfinops-demo,Billing Account,USD,2026-09-01T00:00:00Z,2026-10-01T00:00:00Z,Usage,,Azure Blob Storage - Object Storage,Usage-Based,2026-09-02T00:00:00Z,2026-09-02T23:59:59Z,,,,26.306,GB-Month,4.9335,0.187543,4.9335,Microsoft Corporation,4.9335,0.187543,Standard,26.306,GB-Month,eastus,East US,microsoft/sub-d4e5f6a7/azure-blob-storage,azure-blob-storage-dev,Storage Account,Storage,Object Storage,Azure Blob Storage,Microsoft Azure,MIC-AzureBlobSto,MIC-AzureBlo-eastus,sub-d4e5f6a7,assinatura-dev,Subscription,"{""OwnerTeam"": ""plataforma"", ""Environment"": ""dev"", ""ManagedBy"": ""manual""}"
5.067,sub-a1b2c3d4,cloudfinops-demo,Billing Account,USD,2026-09-01T00:00:00Z,2026-10-01T00:00:00Z,Usage,,Azure Blob Storage - Object Storage,Usage-Based,2026-09-03T00:00:00Z,2026-09-03T23:59:59Z,,,,25.393,GB-Month,5.067,0.199543,5.067,Microsoft Corporation,5.067,0.199543,Standard,25.393,GB-Month,eastus,East US,microsoft/sub-d4e5f6a7/azure-blob-storage,azure-blob-storage-dev,Storage Account,Storage,Object Storage,Azure Blob Storage,Microsoft Azure,MIC-AzureBlobSto,MIC-AzureBlo-eastus,sub-d4e5f6a7,assinatura-dev,Subscription,"{""OwnerTeam"": ""plataforma"", ""Environment"": ""dev"", ""ManagedBy"": ""cloudformation""}"
5.0713,sub-a1b2c3d4,cloudfinops-demo,Billing Account,USD,2026-09-01T00:00:00Z,2026-10-01T00:00:00Z,Usage,,Azure Blob Storage - Object Storage,Usage-Based,2026-09-04T00:00:00Z,2026-09-04T23:59:59Z,,,,181.542,GB-Month,5.0713,0.027935,5.0713,Microsoft Corporation,5.0713,0.027935,Standard,181.542,GB-Month,eastus,East US,microsoft/sub-d4e5f6a7/azure-blob-storage,azure-blob-storage-dev,Storage Account,Storage,Object Storage,Azure Blob Storage,Microsoft Azure,MIC-AzureBlobSto,MIC-AzureBlo-eastus,sub-d4e5f6a7,assinatura-dev,Subscription,"{""OwnerTeam"": ""redes"", ""Environment"": ""dev"", ""ManagedBy"": ""manual""}"
4.0738,sub-a1b2c3d4,cloudfinops-demo,Billing Account,USD,2026-09-01T00:00:00Z,2026-10-01T00:00:00Z,Usage,,Azure Blob Storage - Object Storage,Usage-Based,2026-09-05T00:00:00Z,2026-09-05T23:59:59Z,,,,66.748,GB-Month,4.0738,0.061033,4.0738,Microsoft Corporation,4.0738,0.061033,Standard,66.748,GB-Month,eastus,East US,microsoft/sub-d4e5f6a7/azure-blob-storage,azure-blob-storage-dev,Storage Account,Storage,Object Storage,Azure Blob Storage,Microsoft Azure,MIC-AzureBlobSto,MIC-AzureBlo-eastus,sub-d4e5f6a7,assinatura-dev,Subscription,"{""OwnerTeam"": ""dados"", ""Environment"": ""dev"", ""ManagedBy"": ""serverless""}"
4.0279,sub-a1b2c3d4,cloudfinops-demo,Billing Account,USD,2026-09-01T00:00:00Z,2026-10-01T00:00:00Z,Usage,,Azure Blob Storage - Object Storage,Usage-Based,2026-09-06T00:00:00Z,2026-09-06T23:59:59Z,,,,11.868,GB-Month,4.0279,0.339392,4.0279,Microsoft Corporation,4.0279,0.339392,Standard,11.868,GB-Month,eastus,East US,microsoft/sub-d4e5f6a7/azure-blob-storage,azure-blob-storage-dev,Storage Account,Storage,Object Storage,Azure Blob Storage,Microsoft Azure,MIC-AzureBlobSto,MIC-AzureBlo-eastus,sub-d4e5f6a7,assinatura-dev,Subscription,"{""OwnerTeam"": ""plataforma"", ""Environment"": ""dev"", ""ManagedBy"": ""manual""}"
4.7742,sub-a1b2c3d4,cloudfinops-demo,Billing Account,USD,2026-09-01T00:00:00Z,2026-10-01T00:00:00Z,Usage,,Azure Blob Storage - Object Storage,Usage-Based,2026-09-07T00:00:00Z,2026-09-07T23:59:59Z,,,,21.199,GB-Month,4.7742,0.225209,4.7742,Microsoft Corporation,4.7742,0.225209,Standard,21.199,GB-Month,eastus,East US,microsoft/sub-d4e5f6a7/azure-blob-storage,azure-blob-storage-dev,Storage Account,Storage,Object Storage,Azure Blob Storage,Microsoft Azure,MIC-AzureBlobSto,MIC-AzureBlo-eastus,sub-d4e5f6a7,assinatura-dev,Subscription,"{""OwnerTeam"": ""plataforma"", ""Environment"": ""dev"", ""ManagedBy"": ""cloudformation""}"
4.8731,sub-a1b2c3d4,cloudfinops-demo,Billing Account,USD,2026-09-01T00:00:00Z,2026-10-01T00:00:00Z,Usage,,Azure Blob Storage - Object Storage,Usage-Based,2026-09-08T00:00:00Z,2026-09-08T23:59:59Z,,,,12.363,GB-Month,4.8731,0.394168,4.8731,Microsoft Corporation,4.8731,0.394168,Standard,12.363,GB-Month,eastus,East US,microsoft/sub-d4e5f6a7/azure-blob-storage,azure-blob-storage-dev,Storage Account,Storage,Object Storage,Azure Blob Storage,Microsoft Azure,MIC-AzureBlobSto,MIC-AzureBlo-eastus,sub-d4e5f6a7,assinatura-dev,Subscription,"{""OwnerTeam"": ""redes"", ""Environment"": ""dev"", ""ManagedBy"": ""terraform""}"
4.7564,sub-a1b2c3d4,cloudfinops-demo,Billing Account,USD,2026-09-01T00:00:00Z,2026-10-01T00:00:00Z,Usage,,Azure Blob Storage - Object Storage,Usage-Based,2026-09-09T00:00:00Z,2026-09-09T23:59:59Z,,,,85.003,GB-Month,4.7564,0.055956,4.7564,Microsoft Corporation,4.7564,0.055956,Standard,85.003,GB-Month,eastus,East US,microsoft/sub-d4e5f6a7/azure-blob-storage,azure-blob-storage-dev,Storage Account,Storage,Object Storage,Azure Blob Storage,Microsoft Azure,MIC-AzureBlobSto,MIC-AzureBlo-eastus,sub-d4e5f6a7,assinatura-dev,Subscription,"{""OwnerTeam"": ""plataforma"", ""Environment"": ""dev"", ""ManagedBy"": ""serverless""}"
4.9055,sub-a1b2c3d4,cloudfinops-demo,Billing Account,USD,2026-09-01T00:00:00Z,2026-10-01T00:00:00Z,Usage,,Azure Blob Storage - Object Storage,Usage-Based,2026-09-10T00:00:00Z,2026-09-10T23:59:59Z,,,,15.597,GB-Month,4.9055,0.314516,4.9055,Microsoft Corporation,4.9055,0.314516,Standard,15.597,GB-Month,eastus,East US,microsoft/sub-d4e5f6a7/azure-blob-storage,azure-blob-storage-dev,Storage Account,Storage,Object Storage,Azure Blob Storage,Microsoft Azure,MIC-AzureBlobSto,MIC-AzureBlo-eastus,sub-d4e5f6a7,assinatura-dev,Subscription,"{""OwnerTeam"": ""redes"", ""Environment"": ""dev"", ""ManagedBy"": ""terraform""}"
5.0331,sub-a1b2c3d4,cloudfinops-demo,Billing Account,USD,2026-09-01T00:00:00Z,2026-10-01T00:00:00Z,Usage,,Azure Blob Storage - Object Storage,Usage-Based,2026-09-11T00:00:00Z,2026-09-11T23:59:59Z,,,,29.242,GB-Month,5.0331,0.172119,5.0331,Microsoft Corporation,5.0331,0.172119,Standard,29.242,GB-Month,eastus,East US,microsoft/sub-d4e5f6a7/azure-blob-storage,azure-blob-storage-dev,Storage Account,Storage,Object Storage,Azure Blob Storage,Microsoft Azure,MIC-AzureBlobSto,MIC-AzureBlo-eastus,sub-d4e5f6a7,assinatura-dev,Subscription,"{""OwnerTeam"": ""redes"", ""Environment"": ""dev"", ""ManagedBy"": ""serverless""}"
4.1299,sub-a1b2c3d4,cloudfinops-demo,Billing Account,USD,2026-09-01T00:00:00Z,2026-10-01T00:00:00Z,Usage,,Azure Blob Storage - Object Storage,Usage-Based,2026-09-12T00:00:00Z,2026-09-12T23:59:59Z,,,,9.649,GB-Month,4.1299,0.428013,4.1299,Microsoft Corporation,4.1299,0.428013,Standard,9.649,GB-Month,eastus,East US,microsoft/sub-d4e5f6a7/azure-blob-storage,azure-blob-storage-dev,Storage Account,Storage,Object Storage,Azure Blob Storage,Microsoft Azure,MIC-AzureBlobSto,MIC-AzureBlo-eastus,sub-d4e5f6a7,assinatura-dev,Subscription,"{""OwnerTeam"": ""redes"", ""Environment"": ""dev"", ""ManagedBy"": ""manual""}"
4.033,sub-a1b2c3d4,cloudfinops-demo,Billing Account,USD,2026-09-01T00:00:00Z,2026-10-01T00:00:00Z,Usage,,Azure Blob Storage - Object Storage,Usage-Based,2026-09-13T00:00:00Z,2026-09-13T23:59:59Z,,,,9.093,GB-Month,4.033,0.443528,4.033,Microsoft Corporation,4.033,0.443528,Standard,9.093,GB-Month,eastus,East US,microsoft/sub-d4e5f6a7/azure-blob-storage,azure-blob-storage-dev,Storage Account,Storage,Object Storage,Azure Blob Storage,Microsoft Azure,MIC-AzureBlobSto,MIC-AzureBlo-eastus,sub-d4e5f6a7,assinatura-dev,Subscription,"{""OwnerTeam"": ""redes"", ""Environment"": ""dev"", ""ManagedBy"": ""terraform""}"
4.7596,sub-a1b2c3d4,cloudfinops-demo,Billing Account,USD,2026-09-01T00:00:00Z,2026-10-01T00:00:00Z,Usage,,Azure Blob Storage - Object Storage,Usage-Based,2026-09-14T00:00:00Z,2026-09-14T23:59:59Z,,,,12.286,GB-Month,4.7596,0.3874,4.7596,Microsoft Corporation,4.7596,0.3874,Standard,12.286,GB-Month,eastus,East US,microsoft/sub-d4e5f6a7/azure-blob-storage,azure-blob-storage-dev,Storage Account,Storage,Object Storage,Azure Blob Storage,Microsoft Azure,MIC-AzureBlobSto,MIC-AzureBlo-eastus,sub-d4e5f6a7,assinatura-dev,Subscription,"{""OwnerTeam"": ""plataforma"", ""Environment"": ""dev"", ""ManagedBy"": ""terraform""}"
4.936,sub-a1b2c3d4,cloudfinops-demo,Billing Account,USD,2026-09-01T00:00:00Z,2026-10-01T00:00:00Z,Usage,,Azure Blob Storage - Object Storage,Usage-Based,2026-09-15T00:00:00Z,2026-09-15T23:59:59Z,,,,14.765,GB-Month,4.936,0.334304,4.936,Microsoft Corporation,4.936,0.334304,Standard,14.765,GB-Month,eastus,East US,microsoft/sub-d4e5f6a7/azure-blob-storage,azure-blob-storage-dev,Storage Account,Storage,Object Storage,Azure Blob Storage,Microsoft Azure,MIC-AzureBlobSto,MIC-AzureBlo-eastus,sub-d4e5f6a7,assinatura-dev,Subscription,"{""OwnerTeam"": ""dados"", ""Environment"": ""dev"", ""ManagedBy"": ""manual""}"
4.8004,sub-a1b2c3d4,cloudfinops-demo,Billing Account,USD,2026-09-01T00:00:00Z,2026-10-01T00:00:00Z,Usage,,Azure Blob Storage - Object Storage,Usage-Based,2026-09-16T00:00:00Z,2026-09-16T23:59:59Z,,,,17.577,GB-Month,4.8004,0.273107,4.8004,Microsoft Corporation,4.8004,0.273107,Standard,17.577,GB-Month,eastus,East US,microsoft/sub-d4e5f6a7/azure-blob-storage,azure-blob-storage-dev,Storage Account,Storage,Object Storage,Azure Blob Storage,Microsoft Azure,MIC-AzureBlobSto,MIC-AzureBlo-eastus,sub-d4e5f6a7,assinatura-dev,Subscription,"{""OwnerTeam"": ""dados"", ""Environment"": ""dev"", ""ManagedBy"": ""terraform""}"
4.8861,sub-a1b2c3d4,cloudfinops-demo,Billing Account,USD,2026-09-01T00:00:00Z,2026-10-01T00:00:00Z,Usage,,Azure Blob Storage - Object Storage,Usage-Based,2026-09-17T00:00:00Z,2026-09-17T23:59:59Z,,,,12.0,GB-Month,4.8861,0.407175,4.8861,Microsoft Corporation,4.8861,0.407175,Standard,12.0,GB-Month,eastus,East US,microsoft/sub-d4e5f6a7/azure-blob-storage,azure-blob-storage-dev,Storage Account,Storage,Object Storage,Azure Blob Storage,Microsoft Azure,MIC-AzureBlobSto,MIC-AzureBlo-eastus,sub-d4e5f6a7,assinatura-dev,Subscription,"{""OwnerTeam"": ""redes"", ""Environment"": ""dev"", ""ManagedBy"": ""manual""}"
5.0131,sub-a1b2c3d4,cloudfinops-demo,Billing Account,USD,2026-09-01T00:00:00Z,2026-10-01T00:00:00Z,Usage,,Azure Blob Storage - Object Storage,Usage-Based,2026-09-18T00:00:00Z,2026-09-18T23:59:59Z,,,,18.704,GB-Month,5.0131,0.268023,5.0131,Microsoft Corporation,5.0131,0.268023,Standard,18.704,GB-Month,eastus,East US,microsoft/sub-d4e5f6a7/azure-blob-storage,azure-blob-storage-dev,Storage Account,Storage,Object Storage,Azure Blob Storage,Microsoft Azure,MIC-AzureBlobSto,MIC-AzureBlo-eastus,sub-d4e5f6a7,assinatura-dev,Subscription,"{""OwnerTeam"": ""dados"", ""Environment"": ""dev"", ""ManagedBy"": ""manual""}"
4.0806,sub-a1b2c3d4,cloudfinops-demo,Billing Account,USD,2026-09-01T00:00:00Z,2026-10-01T00:00:00Z,Usage,,Azure Blob Storage - Object Storage,Usage-Based,2026-09-19T00:00:00Z,2026-09-19T23:59:59Z,,,,58.636,GB-Month,4.0806,0.069592,4.0806,Microsoft Corporation,4.0806,0.069592,Standard,58.636,GB-Month,eastus,East US,microsoft/sub-d4e5f6a7/azure-blob-storage,azure-blob-storage-dev,Storage Account,Storage,Object Storage,Azure Blob Storage,Microsoft Azure,MIC-AzureBlobSto,MIC-AzureBlo-eastus,sub-d4e5f6a7,assinatura-dev,Subscription,"{""OwnerTeam"": ""redes"", ""Environment"": ""dev"", ""ManagedBy"": ""cloudformation""}"
4.1883,sub-a1b2c3d4,cloudfinops-demo,Billing Account,USD,2026-09-01T00:00:00Z,2026-10-01T00:00:00Z,Usage,,Azure Blob Storage - Object Storage,Usage-Based,2026-09-20T00:00:00Z,2026-09-20T23:59:59Z,,,,18.126,GB-Month,4.1883,0.231066,4.1883,Microsoft Corporation,4.1883,0.231066,Standard,18.126,GB-Month,eastus,East US,microsoft/sub-d4e5f6a7/azure-blob-storage,azure-blob-storage-dev,Storage Account,Storage,Object Storage,Azure Blob Storage,Microsoft Azure,MIC-AzureBlobSto,MIC-AzureBlo-eastus,sub-d4e5f6a7,assinatura-dev,Subscription,"{""OwnerTeam"": ""plataforma"", ""Environment"": ""dev"", ""ManagedBy"": ""serverless""}"
4.9805,sub-a1b2c3d4,cloudfinops-demo,Billing Account,USD,2026-09-01T00:00:00Z,2026-10-01T00:00:00Z,Usage,,Azure Blob Storage - Object Storage,Usage-Based,2026-09-21T00:00:00Z,2026-09-21T23:59:59Z,,,,22.666,GB-Month,4.9805,0.219734,4.9805,Microsoft Corporation,4.9805,0.219734,Standard,22.666,GB-Month,eastus,East US,microsoft/sub-d4e5f6a7/azure-blob-storage,azure-blob-storage-dev,Storage Account,Storage,Object Storage,Azure Blob Storage,Microsoft Azure,MIC-AzureBlobSto,MIC-AzureBlo-eastus,sub-d4e5f6a7,assinatura-dev,Subscription,"{""OwnerTeam"": ""dados"", ""Environment"": ""dev"", ""ManagedBy"": ""terraform""}"
4.985,sub-a1b2c3d4,cloudfinops-demo,Billing Account,USD,2026-09-01T00:00:00Z,2026-10-01T00:00:00Z,Usage,,Azure Blob Storage - Object Storage,Usage-Based,2026-09-22T00:00:00Z,2026-09-22T23:59:59Z,,,,13.795,GB-Month,4.985,0.361363,4.985,Microsoft Corporation,4.985,0.361363,Standard,13.795,GB-Month,eastus,East US,microsoft/sub-d4e5f6a7/azure-blob-storage,azure-blob-storage-dev,Storage Account,Storage,Object Storage,Azure Blob Storage,Microsoft Azure,MIC-AzureBlobSto,MIC-AzureBlo-eastus,sub-d4e5f6a7,assinatura-dev,Subscription,"{""OwnerTeam"": ""dados"", ""Environment"": ""dev"", ""ManagedBy"": ""cloudformation""}"
5.0706,sub-a1b2c3d4,cloudfinops-demo,Billing Account,USD,2026-09-01T00:00:00Z,2026-10-01T00:00:00Z,Usage,,Azure Blob Storage - Object Storage,Usage-Based,2026-09-23T00:00:00Z,2026-09-23T23:59:59Z,,,,15.44,GB-Month,5.0706,0.328407,5.0706,Microsoft Corporation,5.0706,0.328407,Standard,15.44,GB-Month,eastus,East US,microsoft/sub-d4e5f6a7/azure-blob-storage,azure-blob-storage-dev,Storage Account,Storage,Object Storage,Azure Blob Storage,Microsoft Azure,MIC-AzureBlobSto,MIC-AzureBlo-eastus,sub-d4e5f6a7,assinatura-dev,Subscription,"{""OwnerTeam"": ""redes"", ""Environment"": ""dev"", ""ManagedBy"": ""serverless""}"
5.0788,sub-a1b2c3d4,cloudfinops-demo,Billing Account,USD,2026-09-01T00:00:00Z,2026-10-01T00:00:00Z,Usage,,Azure Blob Storage - Object Storage,Usage-Based,2026-09-24T00:00:00Z,2026-09-24T23:59:59Z,,,,21.719,GB-Month,5.0788,0.233841,5.0788,Microsoft Corporation,5.0788,0.233841,Standard,21.719,GB-Month,eastus,East US,microsoft/sub-d4e5f6a7/azure-blob-storage,azure-blob-storage-dev,Storage Account,Storage,Object Storage,Azure Blob Storage,Microsoft Azure,MIC-AzureBlobSto,MIC-AzureBlo-eastus,sub-d4e5f6a7,assinatura-dev,Subscription,"{""OwnerTeam"": ""backend"", ""Environment"": ""dev"", ""ManagedBy"": ""serverless""}"
4.9154,sub-a1b2c3d4,cloudfinops-demo,Billing Account,USD,2026-09-01T00:00:00Z,2026-10-01T00:00:00Z,Usage,,Azure Blob Storage - Object Storage,Usage-Based,2026-09-25T00:00:00Z,2026-09-25T23:59:59Z,,,,11.776,GB-Month,4.9154,0.417408,4.9154,Microsoft Corporation,4.9154,0.417408,Standard,11.776,GB-Month,eastus,East US,microsoft/sub-d4e5f6a7/azure-blob-storage,azure-blob-storage-dev,Storage Account,Storage,Object Storage,Azure Blob Storage,Microsoft Azure,MIC-AzureBlobSto,MIC-AzureBlo-eastus,sub-d4e5f6a7,assinatura-dev,Subscription,"{""OwnerTeam"": ""plataforma"", ""Environment"": ""dev"", ""ManagedBy"": ""cloudformation""}"
4.182,sub-a1b2c3d4,cloudfinops-demo,Billing Account,USD,2026-09-01T00:00:00Z,2026-10-01T00:00:00Z,Usage,,Azure Blob Storage - Object Storage,Usage-Based,2026-09-26T00:00:00Z,2026-09-26T23:59:59Z,,,,16.372,GB-Month,4.182,0.255436,4.182,Microsoft Corporation,4.182,0.255436,Standard,16.372,GB-Month,eastus,East US,microsoft/sub-d4e5f6a7/azure-blob-storage,azure-blob-storage-dev,Storage Account,Storage,Object Storage,Azure Blob Storage,Microsoft Azure,MIC-AzureBlobSto,MIC-AzureBlo-eastus,sub-d4e5f6a7,assinatura-dev,Subscription,"{""OwnerTeam"": ""backend"", ""Environment"": ""dev"", ""ManagedBy"": ""manual""}"
4.1409,sub-a1b2c3d4,cloudfinops-demo,Billing Account,USD,2026-09-01T00:00:00Z,2026-10-01T00:00:00Z,Usage,,Azure Blob Storage - Object Storage,Usage-Based,2026-09-27T00:00:00Z,2026-09-27T23:59:59Z,,,,46.312,GB-Month,4.1409,0.089413,4.1409,Microsoft Corporation,4.1409,0.089413,Standard,46.312,GB-Month,eastus,East US,microsoft/sub-d4e5f6a7/azure-blob-storage,azure-blob-storage-dev,Storage Account,Storage,Object Storage,Azure Blob Storage,Microsoft Azure,MIC-AzureBlobSto,MIC-AzureBlo-eastus,sub-d4e5f6a7,assinatura-dev,Subscription,"{""OwnerTeam"": ""redes"", ""Environment"": ""dev"", ""ManagedBy"": ""manual""}"
4.9559,sub-a1b2c3d4,cloudfinops-demo,Billing Account,USD,2026-09-01T00:00:00Z,2026-10-01T00:00:00Z,Usage,,Azure Blob Storage - Object Storage,Usage-Based,2026-09-28T00:00:00Z,2026-09-28T23:59:59Z,,,,14.598,GB-Month,4.9559,0.339492,4.9559,Microsoft Corporation,4.9559,0.339492,Standard,14.598,GB-Month,eastus,East US,microsoft/sub-d4e5f6a7/azure-blob-storage,azure-blob-storage-dev,Storage Account,Storage,Object Storage,Azure Blob Storage,Microsoft Azure,MIC-AzureBlobSto,MIC-AzureBlo-eastus,sub-d4e5f6a7,assinatura-dev,Subscription,"{""OwnerTeam"": ""dados"", ""Environment"": ""dev"", ""ManagedBy"": ""terraform""}"
4.7603,sub-a1b2c3d4,cloudfinops-demo,Billing Account,USD,2026-09-01T00:00:00Z,2026-10-01T00:00:00Z,Usage,,Azure Blob Storage - Object Storage,Usage-Based,2026-09-29T00:00:00Z,2026-09-29T23:59:59Z,,,,15.001,GB-Month,4.7603,0.317332,4.7603,Microsoft Corporation,4.7603,0.317332,Standard,15.001,GB-Month,eastus,East US,microsoft/sub-d4e5f6a7/azure-blob-storage,azure-blob-storage-dev,Storage Account,Storage,Object Storage,Azure Blob Storage,Microsoft Azure,MIC-AzureBlobSto,MIC-AzureBlo-eastus,sub-d4e5f6a7,assinatura-dev,Subscription,"{""OwnerTeam"": ""plataforma"", ""Environment"": ""dev"", ""ManagedBy"": ""serverless""}"
4.9957,sub-a1b2c3d4,cloudfinops-demo,Billing Account,USD,2026-09-01T00:00:00Z,2026-10-01T00:00:00Z,Usage,,Azure Blob Storage - Object Storage,Usage-Based,2026-09-30T00:00:00Z,2026-09-30T23:59:59Z,,,,19.748,GB-Month,4.9957,0.252972,4.9957,Microsoft Corporation,4.9957,0.252972,Standard,19.748,GB-Month,eastus,East US,microsoft/sub-d4e5f6a7/azure-blob-storage,azure-blob-storage-dev,Storage Account,Storage,Object Storage,Azure Blob Storage,Microsoft Azure,MIC-AzureBlobSto,MIC-AzureBlo-eastus,sub-d4e5f6a7,assinatura-dev,Subscription,"{""OwnerTeam"": ""dados"", ""Environment"": ""dev"", ""ManagedBy"": ""manual""}"
5.1731,sub-a1b2c3d4,cloudfinops-demo,Billing Account,USD,2026-10-01T00:00:00Z,2026-11-01T00:00:00Z,Usage,,Azure Blob Storage - Object Storage,Usage-Based,2026-10-01T00:00:00Z,2026-10-01T23:59:59Z,,,,18.794,GB-Month,5.1731,0.275253,5.1731,Microsoft Corporation,5.1731,0.275253,Standard,18.794,GB-Month,eastus,East US,microsoft/sub-d4e5f6a7/azure-blob-storage,azure-blob-storage-dev,Storage Account,Storage,Object Storage,Azure Blob Storage,Microsoft Azure,MIC-AzureBlobSto,MIC-AzureBlo-eastus,sub-d4e5f6a7,assinatura-dev,Subscription,"{""OwnerTeam"": ""backend"", ""Environment"": ""dev"", ""ManagedBy"": ""cloudformation""}"
5.0072,sub-a1b2c3d4,cloudfinops-demo,Billing Account,USD,2026-10-01T00:00:00Z,2026-11-01T00:00:00Z,Usage,,Azure Blob Storage - Object Storage,Usage-Based,2026-10-02T00:00:00Z,2026-10-02T23:59:59Z,,,,34.393,GB-Month,5.0072,0.145588,5.0072,Microsoft Corporation,5.0072,0.145588,Standard,34.393,GB-Month,eastus,East US,microsoft/sub-d4e5f6a7/azure-blob-storage,azure-blob-storage-dev,Storage Account,Storage,Object Storage,Azure Blob Storage,Microsoft Azure,MIC-AzureBlobSto,MIC-AzureBlo-eastus,sub-d4e5f6a7,assinatura-dev,Subscription,"{""OwnerTeam"": ""redes"", ""Environment"": ""dev"", ""ManagedBy"": ""manual""}"
4.4191,sub-a1b2c3d4,cloudfinops-demo,Billing Account,USD,2026-10-01T00:00:00Z,2026-11-01T00:00:00Z,Usage,,Azure Blob Storage - Object Storage,Usage-Based,2026-10-03T00:00:00Z,2026-10-03T23:59:59Z,,,,62.135,GB-Month,4.4191,0.071121,4.4191,Microsoft Corporation,4.4191,0.071121,Standard,62.135,GB-Month,eastus,East US,microsoft/sub-d4e5f6a7/azure-blob-storage,azure-blob-storage-dev,Storage Account,Storage,Object Storage,Azure Blob Storage,Microsoft Azure,MIC-AzureBlobSto,MIC-AzureBlo-eastus,sub-d4e5f6a7,assinatura-dev,Subscription,"{""OwnerTeam"": ""plataforma"", ""Environment"": ""dev"", ""ManagedBy"": ""terraform""}"
7.7604,sub-a1b2c3d4,cloudfinops-demo,Billing Account,USD,2026-08-01T00:00:00Z,2026-09-01T00:00:00Z,Usage,,NAT Gateway - Network Address Translation,Usage-Based,2026-08-01T00:00:00Z,2026-08-01T23:59:59Z,,,,22.109,GB,7.7604,0.351006,7.7604,Microsoft Corporation,7.7604,0.351006,Standard,22.109,GB,brazilsouth,Brazil South,microsoft/sub-a1b2c3d4/nat-gateway,nat-gateway-prod,NAT Gateway,Networking,Network Address Translation,NAT Gateway,Microsoft Azure,MIC-NATGateway,MIC-NATGatew-brazilsouth,sub-a1b2c3d4,assinatura-producao,Subscription,"{""OwnerTeam"": ""redes"", ""Environment"": ""prod""}"
7.9556,sub-a1b2c3d4,cloudfinops-demo,Billing Account,USD,2026-08-01T00:00:00Z,2026-09-01T00:00:00Z,Usage,,NAT Gateway - Network Address Translation,Usage-Based,2026-08-02T00:00:00Z,2026-08-02T23:59:59Z,,,,34.813,GB,7.9556,0.228524,7.9556,Microsoft Corporation,7.9556,0.228524,Standard,34.813,GB,brazilsouth,Brazil South,microsoft/sub-a1b2c3d4/nat-gateway,nat-gateway-prod,NAT Gateway,Networking,Network Address Translation,NAT Gateway,Microsoft Azure,MIC-NATGateway,MIC-NATGatew-brazilsouth,sub-a1b2c3d4,assinatura-producao,Subscription,"{""OwnerTeam"": ""plataforma"", ""Environment"": ""prod""}"
9.4527,sub-a1b2c3d4,cloudfinops-demo,Billing Account,USD,2026-08-01T00:00:00Z,2026-09-01T00:00:00Z,Usage,,NAT Gateway - Network Address Translation,Usage-Based,2026-08-03T00:00:00Z,2026-08-03T23:59:59Z,,,,23.649,GB,9.4527,0.399708,9.4527,Microsoft Corporation,9.4527,0.399708,Standard,23.649,GB,brazilsouth,Brazil South,microsoft/sub-a1b2c3d4/nat-gateway,nat-gateway-prod,NAT Gateway,Networking,Network Address Translation,NAT Gateway,Microsoft Azure,MIC-NATGateway,MIC-NATGatew-brazilsouth,sub-a1b2c3d4,assinatura-producao,Subscription,"{""OwnerTeam"": ""redes"", ""Environment"": ""prod""}"
9.2145,sub-a1b2c3d4,cloudfinops-demo,Billing Account,USD,2026-08-01T00:00:00Z,2026-09-01T00:00:00Z,Usage,,NAT Gateway - Network Address Translation,Usage-Based,2026-08-04T00:00:00Z,2026-08-04T23:59:59Z,,,,22.232,GB,9.2145,0.41447,9.2145,Microsoft Corporation,9.2145,0.41447,Standard,22.232,GB,brazilsouth,Brazil South,microsoft/sub-a1b2c3d4/nat-gateway,nat-gateway-prod,NAT Gateway,Networking,Network Address Translation,NAT Gateway,Microsoft Azure,MIC-NATGateway,MIC-NATGatew-brazilsouth,sub-a1b2c3d4,assinatura-producao,Subscription,"{""OwnerTeam"": ""backend"", ""Environment"": ""prod""}"
9.5175,sub-a1b2c3d4,cloudfinops-demo,Billing Account,USD,2026-08-01T00:00:00Z,2026-09-01T00:00:00Z,Usage,,NAT Gateway - Network Address Translation,Usage-Based,2026-08-05T00:00:00Z,2026-08-05T23:59:59Z,,,,148.262,GB,9.5175,0.064194,9.5175,Microsoft Corporation,9.5175,0.064194,Standard,148.262,GB,brazilsouth,Brazil South,microsoft/sub-a1b2c3d4/nat-gateway,nat-gateway-prod,NAT Gateway,Networking,Network Address Translation,NAT Gateway,Microsoft Azure,MIC-NATGateway,MIC-NATGatew-brazilsouth,sub-a1b2c3d4,assinatura-producao,Subscription,"{""OwnerTeam"": ""backend"", ""Environment"": ""prod""}"
9.4508,sub-a1b2c3d4,cloudfinops-demo,Billing Account,USD,2026-08-01T00:00:00Z,2026-09-01T00:00:00Z,Usage,,NAT Gateway - Network Address Translation,Usage-Based,2026-08-06T00:00:00Z,2026-08-06T23:59:59Z,,,,52.946,GB,9.4508,0.178499,9.4508,Microsoft Corporation,9.4508,0.178499,Standard,52.946,GB,brazilsouth,Brazil South,microsoft/sub-a1b2c3d4/nat-gateway,nat-gateway-prod,NAT Gateway,Networking,Network Address Translation,NAT Gateway,Microsoft Azure,MIC-NATGateway,MIC-NATGatew-brazilsouth,sub-a1b2c3d4,assinatura-producao,Subscription,"{""OwnerTeam"": ""redes"", ""Environment"": ""prod""}"
9.6171,sub-a1b2c3d4,cloudfinops-demo,Billing Account,USD,2026-08-01T00:00:00Z,2026-09-01T00:00:00Z,Usage,,NAT Gateway - Network Address Translation,Usage-Based,2026-08-07T00:00:00Z,2026-08-07T23:59:59Z,,,,23.608,GB,9.6171,0.407366,9.6171,Microsoft Corporation,9.6171,0.407366,Standard,23.608,GB,brazilsouth,Brazil South,microsoft/sub-a1b2c3d4/nat-gateway,nat-gateway-prod,NAT Gateway,Networking,Network Address Translation,NAT Gateway,Microsoft Azure,MIC-NATGateway,MIC-NATGatew-brazilsouth,sub-a1b2c3d4,assinatura-producao,Subscription,"{""OwnerTeam"": ""dados"", ""Environment"": ""prod""}"
7.8188,sub-a1b2c3d4,cloudfinops-demo,Billing Account,USD,2026-08-01T00:00:00Z,2026-09-01T00:00:00Z,Usage,,NAT Gateway - Network Address Translation,Usage-Based,2026-08-08T00:00:00Z,2026-08-08T23:59:59Z,,,,29.885,GB,7.8188,0.26163,7.8188,Microsoft Corporation,7.8188,0.26163,Standard,29.885,GB,brazilsouth,Brazil South,microsoft/sub-a1b2c3d4/nat-gateway,nat-gateway-prod,NAT Gateway,Networking,Network Address Translation,NAT Gateway,Microsoft Azure,MIC-NATGateway,MIC-NATGatew-brazilsouth,sub-a1b2c3d4,assinatura-producao,Subscription,"{""OwnerTeam"": ""dados"", ""Environment"": ""prod""}"
8.1715,sub-a1b2c3d4,cloudfinops-demo,Billing Account,USD,2026-08-01T00:00:00Z,2026-09-01T00:00:00Z,Usage,,NAT Gateway - Network Address Translation,Usage-Based,2026-08-09T00:00:00Z,2026-08-09T23:59:59Z,,,,29.145,GB,8.1715,0.280374,8.1715,Microsoft Corporation,8.1715,0.280374,Standard,29.145,GB,brazilsouth,Brazil South,microsoft/sub-a1b2c3d4/nat-gateway,nat-gateway-prod,NAT Gateway,Networking,Network Address Translation,NAT Gateway,Microsoft Azure,MIC-NATGateway,MIC-NATGatew-brazilsouth,sub-a1b2c3d4,assinatura-producao,Subscription,"{""OwnerTeam"": ""redes"", ""Environment"": ""prod""}"
9.2591,sub-a1b2c3d4,cloudfinops-demo,Billing Account,USD,2026-08-01T00:00:00Z,2026-09-01T00:00:00Z,Usage,,NAT Gateway - Network Address Translation,Usage-Based,2026-08-10T00:00:00Z,2026-08-10T23:59:59Z,,,,63.218,GB,9.2591,0.146463,9.2591,Microsoft Corporation,9.2591,0.146463,Standard,63.218,GB,brazilsouth,Brazil South,microsoft/sub-a1b2c3d4/nat-gateway,nat-gateway-prod,NAT Gateway,Networking,Network Address Translation,NAT Gateway,Microsoft Azure,MIC-NATGateway,MIC-NATGatew-brazilsouth,sub-a1b2c3d4,assinatura-producao,Subscription,"{""OwnerTeam"": ""backend"", ""Environment"": ""prod""}"
9.2284,sub-a1b2c3d4,cloudfinops-demo,Billing Account,USD,2026-08-01T00:00:00Z,2026-09-01T00:00:00Z,Usage,,NAT Gateway - Network Address Translation,Usage-Based,2026-08-11T00:00:00Z,2026-08-11T23:59:59Z,,,,23.757,GB,9.2284,0.38845,9.2284,Microsoft Corporation,9.2284,0.38845,Standard,23.757,GB,brazilsouth,Brazil South,microsoft/sub-a1b2c3d4/nat-gateway,nat-gateway-prod,NAT Gateway,Networking,Network Address Translation,NAT Gateway,Microsoft Azure,MIC-NATGateway,MIC-NATGatew-brazilsouth,sub-a1b2c3d4,assinatura-producao,Subscription,"{""OwnerTeam"": ""backend"", ""Environment"": ""prod""}"
9.425,sub-a1b2c3d4,cloudfinops-demo,Billing Account,USD,2026-08-01T00:00:00Z,2026-09-01T00:00:00Z,Usage,,NAT Gateway - Network Address Translation,Usage-Based,2026-08-12T00:00:00Z,2026-08-12T23:59:59Z,,,,84.147,GB,9.425,0.112006,9.425,Microsoft Corporation,9.425,0.112006,Standard,84.147,GB,brazilsouth,Brazil South,microsoft/sub-a1b2c3d4/nat-gateway,nat-gateway-prod,NAT Gateway,Networking,Network Address Translation,NAT Gateway,Microsoft Azure,MIC-NATGateway,MIC-NATGatew-brazilsouth,sub-a1b2c3d4,assinatura-producao,Subscription,"{""OwnerTeam"": ""redes"", ""Environment"": ""prod""}"
9.4599,sub-a1b2c3d4,cloudfinops-demo,Billing Account,USD,2026-08-01T00:00:00Z,2026-09-01T00:00:00Z,Usage,,NAT Gateway - Network Address Translation,Usage-Based,2026-08-13T00:00:00Z,2026-08-13T23:59:59Z,,,,23.693,GB,9.4599,0.39927,9.4599,Microsoft Corporation,9.4599,0.39927,Standard,23.693,GB,brazilsouth,Brazil South,microsoft/sub-a1b2c3d4/nat-gateway,nat-gateway-prod,NAT Gateway,Networking,Network Address Translation,NAT Gateway,Microsoft Azure,MIC-NATGateway,MIC-NATGatew-brazilsouth,sub-a1b2c3d4,assinatura-producao,Subscription,"{""OwnerTeam"": ""dados"", ""Environment"": ""prod""}"
9.7777,sub-a1b2c3d4,cloudfinops-demo,Billing Account,USD,2026-08-01T00:00:00Z,2026-09-01T00:00:00Z,Usage,,NAT Gateway - Network Address Translation,Usage-Based,2026-08-14T00:00:00Z,2026-08-14T23:59:59Z,,,,55.152,GB,9.7777,0.177286,9.7777,Microsoft Corporation,9.7777,0.177286,Standard,55.152,GB,brazilsouth,Brazil South,microsoft/sub-a1b2c3d4/nat-gateway,nat-gateway-prod,NAT Gateway,Networking,Network Address Translation,NAT Gateway,Microsoft Azure,MIC-NATGateway,MIC-NATGatew-brazilsouth,sub-a1b2c3d4,assinatura-producao,Subscription,"{""OwnerTeam"": ""plataforma"", ""Environment"": ""prod""}"
8.2132,sub-a1b2c3d4,cloudfinops-demo,Billing Account,USD,2026-08-01T00:00:00Z,2026-09-01T00:00:00Z,Usage,,NAT Gateway - Network Address Translation,Usage-Based,2026-08-15T00:00:00Z,2026-08-15T23:59:59Z,,,,60.487,GB,8.2132,0.135785,8.2132,Microsoft Corporation,8.2132,0.135785,Standard,60.487,GB,brazilsouth,Brazil South,microsoft/sub-a1b2c3d4/nat-gateway,nat-gateway-prod,NAT Gateway,Networking,Network Address Translation,NAT Gateway,Microsoft Azure,MIC-NATGateway,MIC-NATGatew-brazilsouth,sub-a1b2c3d4,assinatura-producao,Subscription,"{""OwnerTeam"": ""dados"", ""Environment"": ""prod""}"
8.1405,sub-a1b2c3d4,cloudfinops-demo,Billing Account,USD,2026-08-01T00:00:00Z,2026-09-01T00:00:00Z,Usage,,NAT Gateway - Network Address Translation,Usage-Based,2026-08-16T00:00:00Z,2026-08-16T23:59:59Z,,,,87.393,GB,8.1405,0.093148,8.1405,Microsoft Corporation,8.1405,0.093148,Standard,87.393,GB,brazilsouth,Brazil South,microsoft/sub-a1b2c3d4/nat-gateway,nat-gateway-prod,NAT Gateway,Networking,Network Address Translation,NAT Gateway,Microsoft Azure,MIC-NATGateway,MIC-NATGatew-brazilsouth,sub-a1b2c3d4,assinatura-producao,Subscription,"{""OwnerTeam"": ""backend"", ""Environment"": ""prod""}"
9.1845,sub-a1b2c3d4,cloudfinops-demo,Billing Account,USD,2026-08-01T00:00:00Z,2026-09-01T00:00:00Z,Usage,,NAT Gateway - Network Address Translation,Usage-Based,2026-08-17T00:00:00Z,2026-08-17T23:59:59Z,,,,234.354,GB,9.1845,0.039191,9.1845,Microsoft Corporation,9.1845,0.039191,Standard,234.354,GB,brazilsouth,Brazil South,microsoft/sub-a1b2c3d4/nat-gateway,nat-gateway-prod,NAT Gateway,Networking,Network Address Translation,NAT Gateway,Microsoft Azure,MIC-NATGateway,MIC-NATGatew-brazilsouth,sub-a1b2c3d4,assinatura-producao,Subscription,"{""OwnerTeam"": ""backend"", ""Environment"": ""prod""}"
9.2112,sub-a1b2c3d4,cloudfinops-demo,Billing Account,USD,2026-08-01T00:00:00Z,2026-09-01T00:00:00Z,Usage,,NAT Gateway - Network Address Translation,Usage-Based,2026-08-18T00:00:00Z,2026-08-18T23:59:59Z,,,,35.295,GB,9.2112,0.260977,9.2112,Microsoft Corporation,9.2112,0.260977,Standard,35.295,GB,brazilsouth,Brazil South,microsoft/sub-a1b2c3d4/nat-gateway,nat-gateway-prod,NAT Gateway,Networking,Network Address Translation,NAT Gateway,Microsoft Azure,MIC-NATGateway,MIC-NATGatew-brazilsouth,sub-a1b2c3d4,assinatura-producao,Subscription,"{""OwnerTeam"": ""plataforma"", ""Environment"": ""prod""}"
9.3443,sub-a1b2c3d4,cloudfinops-demo,Billing Account,USD,2026-08-01T00:00:00Z,2026-09-01T00:00:00Z,Usage,,NAT Gateway - Network Address Translation,Usage-Based,2026-08-19T00:00:00Z,2026-08-19T23:59:59Z,,,,25.353,GB,9.3443,0.368568,9.3443,Microsoft Corporation,9.3443,0.368568,Standard,25.353,GB,brazilsouth,Brazil South,microsoft/sub-a1b2c3d4/nat-gateway,nat-gateway-prod,NAT Gateway,Networking,Network Address Translation,NAT Gateway,Microsoft Azure,MIC-NATGateway,MIC-NATGatew-brazilsouth,sub-a1b2c3d4,assinatura-producao,Subscription,"{""OwnerTeam"": ""backend"", ""Environment"": ""prod""}"
9.8048,sub-a1b2c3d4,cloudfinops-demo,Billing Account,USD,2026-08-01T00:00:00Z,2026-09-01T00:00:00Z,Usage,,NAT Gateway - Network Address Translation,Usage-Based,2026-08-20T00:00:00Z,2026-08-20T23:59:59Z,,,,69.153,GB,9.8048,0.141784,9.8048,Microsoft Corporation,9.8048,0.141784,Standard,69.153,GB,brazilsouth,Brazil South,microsoft/sub-a1b2c3d4/nat-gateway,nat-gateway-prod,NAT Gateway,Networking,Network Address Translation,NAT Gateway,Microsoft Azure,MIC-NATGateway,MIC-NATGatew-brazilsouth,sub-a1b2c3d4,assinatura-producao,Subscription,"{""OwnerTeam"": ""plataforma"", ""Environment"": ""prod""}"
9.8112,sub-a1b2c3d4,cloudfinops-demo,Billing Account,USD,2026-08-01T00:00:00Z,2026-09-01T00:00:00Z,Usage,,NAT Gateway - Network Address Translation,Usage-Based,2026-08-21T00:00:00Z,2026-08-21T23:59:59Z,,,,34.28,GB,9.8112,0.286208,9.8112,Microsoft Corporation,9.8112,0.286208,Standard,34.28,GB,brazilsouth,Brazil South,microsoft/sub-a1b2c3d4/nat-gateway,nat-gateway-prod,NAT Gateway,Networking,Network Address Translation,NAT Gateway,Microsoft Azure,MIC-NATGateway,MIC-NATGatew-brazilsouth,sub-a1b2c3d4,assinatura-producao,Subscription,"{""OwnerTeam"": ""redes"", ""Environment"": ""prod""}"
8.1607,sub-a1b2c3d4,cloudfinops-demo,Billing Account,USD,2026-08-01T00:00:00Z,2026-09-01T00:00:00Z,Usage,,NAT Gateway - Network Address Translation,Usage-Based,2026-08-22T00:00:00Z,2026-08-22T23:59:59Z,,,,25.342,GB,8.1607,0.322023,8.1607,Microsoft Corporation,8.1607,0.322023,Standard,25.342,GB,brazilsouth,Brazil South,microsoft/sub-a1b2c3d4/nat-gateway,nat-gateway-prod,NAT Gateway,Networking,Network Address Translation,NAT Gateway,Microsoft Azure,MIC-NATGateway,MIC-NATGatew-brazilsouth,sub-a1b2c3d4,assinatura-producao,Subscription,"{""OwnerTeam"": ""plataforma"", ""Environment"": ""prod""}"
8.055,sub-a1b2c3d4,cloudfinops-demo,Billing Account,USD,2026-08-01T00:00:00Z,2026-09-01T00:00:00Z,Usage,,NAT Gateway - Network Address Translation,Usage-Based,2026-08-23T00:00:00Z,2026-08-23T23:59:59Z,,,,64.215,GB,8.055,0.125438,8.055,Microsoft Corporation,8.055,0.125438,Standard,64.215,GB,brazilsouth,Brazil South,microsoft/sub-a1b2c3d4/nat-gateway,nat-gateway-prod,NAT Gateway,Networking,Network Address Translation,NAT Gateway,Microsoft Azure,MIC-NATGateway,MIC-NATGatew-brazilsouth,sub-a1b2c3d4,assinatura-producao,Subscription,"{""OwnerTeam"": ""redes"", ""Environment"": ""prod""}"
9.2008,sub-a1b2c3d4,cloudfinops-demo,Billing Account,USD,2026-08-01T00:00:00Z,2026-09-01T00:00:00Z,Usage,,NAT Gateway - Network Address Translation,Usage-Based,2026-08-24T00:00:00Z,2026-08-24T23:59:59Z,,,,39.572,GB,9.2008,0.232508,9.2008,Microsoft Corporation,9.2008,0.232508,Standard,39.572,GB,brazilsouth,Brazil South,microsoft/sub-a1b2c3d4/nat-gateway,nat-gateway-prod,NAT Gateway,Networking,Network Address Translation,NAT Gateway,Microsoft Azure,MIC-NATGateway,MIC-NATGatew-brazilsouth,sub-a1b2c3d4,assinatura-producao,Subscription,"{""OwnerTeam"": ""redes"", ""Environment"": ""prod""}"
9.5796,sub-a1b2c3d4,cloudfinops-demo,Billing Account,USD,2026-08-01T00:00:00Z,2026-09-01T00:00:00Z,Usage,,NAT Gateway - Network Address Translation,Usage-Based,2026-08-25T00:00:00Z,2026-08-25T23:59:59Z,,,,35.219,GB,9.5796,0.272001,9.5796,Microsoft Corporation,9.5796,0.272001,Standard,35.219,GB,brazilsouth,Brazil South,microsoft/sub-a1b2c3d4/nat-gateway,nat-gateway-prod,NAT Gateway,Networking,Network Address Translation,NAT Gateway,Microsoft Azure,MIC-NATGateway,MIC-NATGatew-brazilsouth,sub-a1b2c3d4,assinatura-producao,Subscription,"{""OwnerTeam"": ""backend"", ""Environment"": ""prod""}"
9.5102,sub-a1b2c3d4,cloudfinops-demo,Billing Account,USD,2026-08-01T00:00:00Z,2026-09-01T00:00:00Z,Usage,,NAT Gateway - Network Address Translation,Usage-Based,2026-08-26T00:00:00Z,2026-08-26T23:59:59Z,,,,53.4,GB,9.5102,0.178094,9.5102,Microsoft Corporation,9.5102,0.178094,Standard,53.4,GB,brazilsouth,Brazil South,microsoft/sub-a1b2c3d4/nat-gateway,nat-gateway-prod,NAT Gateway,Networking,Network Address Translation,NAT Gateway,Microsoft Azure,MIC-NATGateway,MIC-NATGatew-brazilsouth,sub-a1b2c3d4,assinatura-producao,Subscription,"{""OwnerTeam"": ""backend"", ""Environment"": ""prod""}"
9.6747,sub-a1b2c3d4,cloudfinops-demo,Billing Account,USD,2026-08-01T00:00:00Z,2026-09-01T00:00:00Z,Usage,,NAT Gateway - Network Address Translation,Usage-Based,2026-08-27T00:00:00Z,2026-08-27T23:59:59Z,,,,22.786,GB,9.6747,0.42459,9.6747,Microsoft Corporation,9.6747,0.42459,Standard,22.786,GB,brazilsouth,Brazil South,microsoft/sub-a1b2c3d4/nat-gateway,nat-gateway-prod,NAT Gateway,Networking,Network Address Translation,NAT Gateway,Microsoft Azure,MIC-NATGateway,MIC-NATGatew-brazilsouth,sub-a1b2c3d4,assinatura-producao,Subscription,"{""OwnerTeam"": ""backend"", ""Environment"": ""prod""}"
9.8239,sub-a1b2c3d4,cloudfinops-demo,Billing Account,USD,2026-08-01T00:00:00Z,2026-09-01T00:00:00Z,Usage,,NAT Gateway - Network Address Translation,Usage-Based,2026-08-28T00:00:00Z,2026-08-28T23:59:59Z,,,,28.385,GB,9.8239,0.346095,9.8239,Microsoft Corporation,9.8239,0.346095,Standard,28.385,GB,brazilsouth,Brazil South,microsoft/sub-a1b2c3d4/nat-gateway,nat-gateway-prod,NAT Gateway,Networking,Network Address Translation,NAT Gateway,Microsoft Azure,MIC-NATGateway,MIC-NATGatew-brazilsouth,sub-a1b2c3d4,assinatura-producao,Subscription,"{""OwnerTeam"": ""dados"", ""Environment"": ""prod""}"
8.0932,sub-a1b2c3d4,cloudfinops-demo,Billing Account,USD,2026-08-01T00:00:00Z,2026-09-01T00:00:00Z,Usage,,NAT Gateway - Network Address Translation,Usage-Based,2026-08-29T00:00:00Z,2026-08-29T23:59:59Z,,,,18.924,GB,8.0932,0.427669,8.0932,Microsoft Corporation,8.0932,0.427669,Standard,18.924,GB,brazilsouth,Brazil South,microsoft/sub-a1b2c3d4/nat-gateway,nat-gateway-prod,NAT Gateway,Networking,Network Address Translation,NAT Gateway,Microsoft Azure,MIC-NATGateway,MIC-NATGatew-brazilsouth,sub-a1b2c3d4,assinatura-producao,Subscription,"{""OwnerTeam"": ""backend"", ""Environment"": ""prod""}"
7.7911,sub-a1b2c3d4,cloudfinops-demo,Billing Account,USD,2026-08-01T00:00:00Z,2026-09-01T00:00:00Z,Usage,,NAT Gateway - Network Address Translation,Usage-Based,2026-08-30T00:00:00Z,2026-08-30T23:59:59Z,,,,18.322,GB,7.7911,0.425232,7.7911,Microsoft Corporation,7.7911,0.425232,Standard,18.322,GB,brazilsouth,Brazil South,microsoft/sub-a1b2c3d4/nat-gateway,nat-gateway-prod,NAT Gateway,Networking,Network Address Translation,NAT Gateway,Microsoft Azure,MIC-NATGateway,MIC-NATGatew-brazilsouth,sub-a1b2c3d4,assinatura-producao,Subscription,"{""OwnerTeam"": ""plataforma"", ""Environment"": ""prod""}"
9.4275,sub-a1b2c3d4,cloudfinops-demo,Billing Account,USD,2026-08-01T00:00:00Z,2026-09-01T00:00:00Z,Usage,,NAT Gateway - Network Address Translation,Usage-Based,2026-08-31T00:00:00Z,2026-08-31T23:59:59Z,,,,36.604,GB,9.4275,0.257554,9.4275,Microsoft Corporation,9.4275,0.257554,Standard,36.604,GB,brazilsouth,Brazil South,microsoft/sub-a1b2c3d4/nat-gateway,nat-gateway-prod,NAT Gateway,Networking,Network Address Translation,NAT Gateway,Microsoft Azure,MIC-NATGateway,MIC-NATGatew-brazilsouth,sub-a1b2c3d4,assinatura-producao,Subscription,"{""OwnerTeam"": ""redes"", ""Environment"": ""prod""}"
9.652,sub-a1b2c3d4,cloudfinops-demo,Billing Account,USD,2026-09-01T00:00:00Z,2026-10-01T00:00:00Z,Usage,,NAT Gateway - Network Address Translation,Usage-Based,2026-09-01T00:00:00Z,2026-09-01T23:59:59Z,,,,28.313,GB,9.652,0.340903,9.652,Microsoft Corporation,9.652,0.340903,Standard,28.313,GB,brazilsouth,Brazil South,microsoft/sub-a1b2c3d4/nat-gateway,nat-gateway-prod,NAT Gateway,Networking,Network Address Translation,NAT Gateway,Microsoft Azure,MIC-NATGateway,MIC-NATGatew-brazilsouth,sub-a1b2c3d4,assinatura-producao,Subscription,"{""OwnerTeam"": ""plataforma"", ""Environment"": ""prod""}"
10.0044,sub-a1b2c3d4,cloudfinops-demo,Billing Account,USD,2026-09-01T00:00:00Z,2026-10-01T00:00:00Z,Usage,,NAT Gateway - Network Address Translation,Usage-Based,2026-09-02T00:00:00Z,2026-09-02T23:59:59Z,,,,60.304,GB,10.0044,0.165899,10.0044,Microsoft Corporation,10.0044,0.165899,Standard,60.304,GB,brazilsouth,Brazil South,microsoft/sub-a1b2c3d4/nat-gateway,nat-gateway-prod,NAT Gateway,Networking,Network Address Translation,NAT Gateway,Microsoft Azure,MIC-NATGateway,MIC-NATGatew-brazilsouth,sub-a1b2c3d4,assinatura-producao,Subscription,"{""OwnerTeam"": ""dados"", ""Environment"": ""prod""}"
9.7004,sub-a1b2c3d4,cloudfinops-demo,Billing Account,USD,2026-09-01T00:00:00Z,2026-10-01T00:00:00Z,Usage,,NAT Gateway - Network Address Translation,Usage-Based,2026-09-03T00:00:00Z,2026-09-03T23:59:59Z,,,,49.509,GB,9.7004,0.195932,9.7004,Microsoft Corporation,9.7004,0.195932,Standard,49.509,GB,brazilsouth,Brazil South,microsoft/sub-a1b2c3d4/nat-gateway,nat-gateway-prod,NAT Gateway,Networking,Network Address Translation,NAT Gateway,Microsoft Azure,MIC-NATGateway,MIC-NATGatew-brazilsouth,sub-a1b2c3d4,assinatura-producao,Subscription,"{""OwnerTeam"": ""dados"", ""Environment"": ""prod""}"
9.7691,sub-a1b2c3d4,cloudfinops-demo,Billing Account,USD,2026-09-01T00:00:00Z,2026-10-01T00:00:00Z,Usage,,NAT Gateway - Network Address Translation,Usage-Based,2026-09-04T00:00:00Z,2026-09-04T23:59:59Z,,,,37.923,GB,9.7691,0.257604,9.7691,Microsoft Corporation,9.7691,0.257604,Standard,37.923,GB,brazilsouth,Brazil South,microsoft/sub-a1b2c3d4/nat-gateway,nat-gateway-prod,NAT Gateway,Networking,Network Address Translation,NAT Gateway,Microsoft Azure,MIC-NATGateway,MIC-NATGatew-brazilsouth,sub-a1b2c3d4,assinatura-producao,Subscription,"{""OwnerTeam"": ""dados"", ""Environment"": ""prod""}"
8.5085,sub-a1b2c3d4,cloudfinops-demo,Billing Account,USD,2026-09-01T00:00:00Z,2026-10-01T00:00:00Z,Usage,,NAT Gateway - Network Address Translation,Usage-Based,2026-09-05T00:00:00Z,2026-09-05T23:59:59Z,,,,102.205,GB,8.5085,0.083249,8.5085,Microsoft Corporation,8.5085,0.083249,Standard,102.205,GB,brazilsouth,Brazil South,microsoft/sub-a1b2c3d4/nat-gateway,nat-gateway-prod,NAT Gateway,Networking,Network Address Translation,NAT Gateway,Microsoft Azure,MIC-NATGateway,MIC-NATGatew-brazilsouth,sub-a1b2c3d4,assinatura-producao,Subscription,"{""OwnerTeam"": ""dados"", ""Environment"": ""prod""}"
8.5539,sub-a1b2c3d4,cloudfinops-demo,Billing Account,USD,2026-09-01T00:00:00Z,2026-10-01T00:00:00Z,Usage,,NAT Gateway - Network Address Translation,Usage-Based,2026-09-06T00:00:00Z,2026-09-06T23:59:59Z,,,,45.769,GB,8.5539,0.186893,8.5539,Microsoft Corporation,8.5539,0.186893,Standard,45.769,GB,brazilsouth,Brazil South,microsoft/sub-a1b2c3d4/nat-gateway,nat-gateway-prod,NAT Gateway,Networking,Network Address Translation,NAT Gateway,Microsoft Azure,MIC-NATGateway,MIC-NATGatew-brazilsouth,sub-a1b2c3d4,assinatura-producao,Subscription,"{""OwnerTeam"": ""redes"", ""Environment"": ""prod""}"
9.9861,sub-a1b2c3d4,cloudfinops-demo,Billing Account,USD,2026-09-01T00:00:00Z,2026-10-01T00:00:00Z,Usage,,NAT Gateway - Network Address Translation,Usage-Based,2026-09-07T00:00:00Z,2026-09-07T23:59:59Z,,,,38.027,GB,9.9861,0.262606,9.9861,Microsoft Corporation,9.9861,0.262606,Standard,38.027,GB,brazilsouth,Brazil South,microsoft/sub-a1b2c3d4/nat-gateway,nat-gateway-prod,NAT Gateway,Networking,Network Address Translation,NAT Gateway,Microsoft Azure,MIC-NATGateway,MIC-NATGatew-brazilsouth,sub-a1b2c3d4,assinatura-producao,Subscription,"{""OwnerTeam"": ""dados"", ""Environment"": ""prod""}"
10.0058,sub-a1b2c3d4,cloudfinops-demo,Billing Account,USD,2026-09-01T00:00:00Z,2026-10-01T00:00:00Z,Usage,,NAT Gateway - Network Address Translation,Usage-Based,2026-09-08T00:00:00Z,2026-09-08T23:59:59Z,,,,268.407,GB,10.0058,0.037278,10.0058,Microsoft Corporation,10.0058,0.037278,Standard,268.407,GB,brazilsouth,Brazil South,microsoft/sub-a1b2c3d4/nat-gateway,nat-gateway-prod,NAT Gateway,Networking,Network Address Translation,NAT Gateway,Microsoft Azure,MIC-NATGateway,MIC-NATGatew-brazilsouth,sub-a1b2c3d4,assinatura-producao,Subscription,"{""OwnerTeam"": ""dados"", ""Environment"": ""prod""}"
9.6505,sub-a1b2c3d4,cloudfinops-demo,Billing Account,USD,2026-09-01T00:00:00Z,2026-10-01T00:00:00Z,Usage,,NAT Gateway - Network Address Translation,Usage-Based,2026-09-09T00:00:00Z,2026-09-09T23:59:59Z,,,,75.077,GB,9.6505,0.128541,9.6505,Microsoft Corporation,9.6505,0.128541,Standard,75.077,GB,brazilsouth,Brazil South,microsoft/sub-a1b2c3d4/nat-gateway,nat-gateway-prod,NAT Gateway,Networking,Network Address Translation,NAT Gateway,Microsoft Azure,MIC-NATGateway,MIC-NATGatew-brazilsouth,sub-a1b2c3d4,assinatura-producao,Subscription,"{""OwnerTeam"": ""dados"", ""Environment"": ""prod""}"
9.781,sub-a1b2c3d4,cloudfinops-demo,Billing Account,USD,2026-09-01T00:00:00Z,2026-10-01T00:00:00Z,Usage,,NAT Gateway - Network Address Translation,Usage-Based,2026-09-10T00:00:00Z,2026-09-10T23:59:59Z,,,,67.106,GB,9.781,0.145754,9.781,Microsoft Corporation,9.781,0.145754,Standard,67.106,GB,brazilsouth,Brazil South,microsoft/sub-a1b2c3d4/nat-gateway,nat-gateway-prod,NAT Gateway,Networking,Network Address Translation,NAT Gateway,Microsoft Azure,MIC-NATGateway,MIC-NATGatew-brazilsouth,sub-a1b2c3d4,assinatura-producao,Subscription,"{""OwnerTeam"": ""dados"", ""Environment"": ""prod""}"
9.7689,sub-a1b2c3d4,cloudfinops-demo,Billing Account,USD,2026-09-01T00:00:00Z,2026-10-01T00:00:00Z,Usage,,NAT Gateway - Network Address Translation,Usage-Based,2026-09-11T00:00:00Z,2026-09-11T23:59:59Z,,,,34.248,GB,9.7689,0.28524,9.7689,Microsoft Corporation,9.7689,0.28524,Standard,34.248,GB,brazilsouth,Brazil South,microsoft/sub-a1b2c3d4/nat-gateway,nat-gateway-prod,NAT Gateway,Networking,Network Address Translation,NAT Gateway,Microsoft Azure,MIC-NATGateway,MIC-NATGatew-brazilsouth,sub-a1b2c3d4,assinatura-producao,Subscription,"{""OwnerTeam"": ""plataforma"", ""Environment"": ""prod""}"
8.4849,sub-a1b2c3d4,cloudfinops-demo,Billing Account,USD,2026-09-01T00:00:00Z,2026-10-01T00:00:00Z,Usage,,NAT Gateway - Network Address Translation,Usage-Based,2026-09-12T00:00:00Z,2026-09-12T23:59:59Z,,,,110.543,GB,8.4849,0.076757,8.4849,Microsoft Corporation,8.4849,0.076757,Standard,110.543,GB,brazilsouth,Brazil South,microsoft/sub-a1b2c3d4/nat-gateway,nat-gateway-prod,NAT Gateway,Networking,Network Address Translation,NAT Gateway,Microsoft Azure,MIC-NATGateway,MIC-NATGatew-brazilsouth,sub-a1b2c3d4,assinatura-producao,Subscription,"{""OwnerTeam"": ""backend"", ""Environment"": ""prod""}"
8.5979,sub-a1b2c3d4,cloudfinops-demo,Billing Account,USD,2026-09-01T00:00:00Z,2026-10-01T00:00:00Z,Usage,,NAT Gateway - Network Address Translation,Usage-Based,2026-09-13T00:00:00Z,2026-09-13T23:59:59Z,,,,25.095,GB,8.5979,0.342614,8.5979,Microsoft Corporation,8.5979,0.342614,Standard,25.095,GB,brazilsouth,Brazil South,microsoft/sub-a1b2c3d4/nat-gateway,nat-gateway-prod,NAT Gateway,Networking,Network Address Translation,NAT Gateway,Microsoft Azure,MIC-NATGateway,MIC-NATGatew-brazilsouth,sub-a1b2c3d4,assinatura-producao,Subscription,"{""OwnerTeam"": ""backend"", ""Environment"": ""prod""}"
10.0769,sub-a1b2c3d4,cloudfinops-demo,Billing Account,USD,2026-09-01T00:00:00Z,2026-10-01T00:00:00Z,Usage,,NAT Gateway - Network Address Translation,Usage-Based,2026-09-14T00:00:00Z,2026-09-14T23:59:59Z,,,,177.83,GB,10.0769,0.056666,10.0769,Microsoft Corporation,10.0769,0.056666,Standard,177.83,GB,brazilsouth,Brazil South,microsoft/sub-a1b2c3d4/nat-gateway,nat-gateway-prod,NAT Gateway,Networking,Network Address Translation,NAT Gateway,Microsoft Azure,MIC-NATGateway,MIC-NATGatew-brazilsouth,sub-a1b2c3d4,assinatura-producao,Subscription,"{""OwnerTeam"": ""redes"", ""Environment"": ""prod""}"
10.2611,sub-a1b2c3d4,cloudfinops-demo,Billing Account,USD,2026-09-01T00:00:00Z,2026-10-01T00:00:00Z,Usage,,NAT Gateway - Network Address Translation,Usage-Based,2026-09-15T00:00:00Z,2026-09-15T23:59:59Z,,,,37.2,GB,10.2611,0.275836,10.2611,Microsoft Corporation,10.2611,0.275836,Standard,37.2,GB,brazilsouth,Brazil South,microsoft/sub-a1b2c3d4/nat-gateway,nat-gateway-prod,NAT Gateway,Networking,Network Address Translation,NAT Gateway,Microsoft Azure,MIC-NATGateway,MIC-NATGatew-brazilsouth,sub-a1b2c3d4,assinatura-producao,Subscription,"{""OwnerTeam"": ""backend"", ""Environment"": ""prod""}"
9.7113,sub-a1b2c3d4,cloudfinops-demo,Billing Account,USD,2026-09-01T00:00:00Z,2026-10-01T00:00:00Z,Usage,,NAT Gateway - Network Address Translation,Usage-Based,2026-09-16T00:00:00Z,2026-09-16T23:59:59Z,,,,24.386,GB,9.7113,0.398233,9.7113,Microsoft Corporation,9.7113,0.398233,Standard,24.386,GB,brazilsouth,Brazil South,microsoft/sub-a1b2c3d4/nat-gateway,nat-gateway-prod,NAT Gateway,Networking,Network Address Translation,NAT Gateway,Microsoft Azure,MIC-NATGateway,MIC-NATGatew-brazilsouth,sub-a1b2c3d4,assinatura-producao,Subscription,"{""OwnerTeam"": ""backend"", ""Environment"": ""prod""}"
9.7058,sub-a1b2c3d4,cloudfinops-demo,Billing Account,USD,2026-09-01T00:00:00Z,2026-10-01T00:00:00Z,Usage,,NAT Gateway - Network Address Translation,Usage-Based,2026-09-17T00:00:00Z,2026-09-17T23:59:59Z,,,,54.083,GB,9.7058,0.179461,9.7058,Microsoft Corporation,9.7058,0.179461,Standard,54.083,GB,brazilsouth,Brazil South,microsoft/sub-a1b2c3d4/nat-gateway,nat-gateway-prod,NAT Gateway,Networking,Network Address Translation,NAT Gateway,Microsoft Azure,MIC-NATGateway,MIC-NATGatew-brazilsouth,sub-a1b2c3d4,assinatura-producao,Subscription,"{""OwnerTeam"": ""redes"", ""Environment"": ""prod""}"
9.9146,sub-a1b2c3d4,cloudfinops-demo,Billing Account,USD,2026-09-01T00:00:00Z,2026-10-01T00:00:00Z,Usage,,NAT Gateway - Network Address Translation,Usage-Based,2026-09-18T00:00:00Z,2026-09-18T23:59:59Z,,,,37.295,GB,9.9146,0.265843,9.9146,Microsoft Corporation,9.9146,0.265843,Standard,37.295,GB,brazilsouth,Brazil South,microsoft/sub-a1b2c3d4/nat-gateway,nat-gateway-prod,NAT Gateway,Networking,Network Address Translation,NAT Gateway,Microsoft Azure,MIC-NATGateway,MIC-NATGatew-brazilsouth,sub-a1b2c3d4,assinatura-producao,Subscription,"{""OwnerTeam"": ""redes"", ""Environment"": ""prod""}"
8.4674,sub-a1b2c3d4,cloudfinops-demo,Billing Account,USD,2026-09-01T00:00:00Z,2026-10-01T00:00:00Z,Usage,,NAT Gateway - Network Address Translation,Usage-Based,2026-09-19T00:00:00Z,2026-09-19T23:59:59Z,,,,38.534,GB,8.4674,0.219738,8.4674,Microsoft Corporation,8.4674,0.219738,Standard,38.534,GB,brazilsouth,Brazil South,microsoft/sub-a1b2c3d4/nat-gateway,nat-gateway-prod,NAT Gateway,Networking,Network Address Translation,NAT Gateway,Microsoft Azure,MIC-NATGateway,MIC-NATGatew-brazilsouth,sub-a1b2c3d4,assinatura-producao,Subscription,"{""OwnerTeam"": ""plataforma"", ""Environment"": ""prod""}"
8.2632,sub-a1b2c3d4,cloudfinops-demo,Billing Account,USD,2026-09-01T00:00:00Z,2026-10-01T00:00:00Z,Usage,,NAT Gateway - Network Address Translation,Usage-Based,2026-09-20T00:00:00Z,2026-09-20T23:59:59Z,,,,33.077,GB,8.2632,0.249817,8.2632,Microsoft Corporation,8.2632,0.249817,Standard,33.077,GB,brazilsouth,Brazil South,microsoft/sub-a1b2c3d4/nat-gateway,nat-gateway-prod,NAT Gateway,Networking,Network Address Translation,NAT Gateway,Microsoft Azure,MIC-NATGateway,MIC-NATGatew-brazilsouth,sub-a1b2c3d4,assinatura-producao,Subscription,"{""OwnerTeam"": ""dados"", ""Environment"": ""prod""}"
9.8557,sub-a1b2c3d4,cloudfinops-demo,Billing Account,USD,2026-09-01T00:00:00Z,2026-10-01T00:00:00Z,Usage,,NAT Gateway - Network Address Translation,Usage-Based,2026-09-21T00:00:00Z,2026-09-21T23:59:59Z,,,,73.021,GB,9.8557,0.134971,9.8557,Microsoft Corporation,9.8557,0.134971,Standard,73.021,GB,brazilsouth,Brazil South,microsoft/sub-a1b2c3d4/nat-gateway,nat-gateway-prod,NAT Gateway,Networking,Network Address Translation,NAT Gateway,Microsoft Azure,MIC-NATGateway,MIC-NATGatew-brazilsouth,sub-a1b2c3d4,assinatura-producao,Subscription,"{""OwnerTeam"": ""dados"", ""Environment"": ""prod""}"
9.9567,sub-a1b2c3d4,cloudfinops-demo,Billing Account,USD,2026-09-01T00:00:00Z,2026-10-01T00:00:00Z,Usage,,NAT Gateway - Network Address Translation,Usage-Based,2026-09-22T00:00:00Z,2026-09-22T23:59:59Z,,,,25.417,GB,9.9567,0.391734,9.9567,Microsoft Corporation,9.9567,0.391734,Standard,25.417,GB,brazilsouth,Brazil South,microsoft/sub-a1b2c3d4/nat-gateway,nat-gateway-prod,NAT Gateway,Networking,Network Address Translation,NAT Gateway,Microsoft Azure,MIC-NATGateway,MIC-NATGatew-brazilsouth,sub-a1b2c3d4,assinatura-producao,Subscription,"{""OwnerTeam"": ""dados"", ""Environment"": ""prod""}"
9.941,sub-a1b2c3d4,cloudfinops-demo,Billing Account,USD,2026-09-01T00:00:00Z,2026-10-01T00:00:00Z,Usage,,NAT Gateway - Network Address Translation,Usage-Based,2026-09-23T00:00:00Z,2026-09-23T23:59:59Z,,,,112.052,GB,9.941,0.088718,9.941,Microsoft Corporation,9.941,0.088718,Standard,112.052,GB,brazilsouth,Brazil South,microsoft/sub-a1b2c3d4/nat-gateway,nat-gateway-prod,NAT Gateway,Networking,Network Address Translation,NAT Gateway,Microsoft Azure,MIC-NATGateway,MIC-NATGatew-brazilsouth,sub-a1b2c3d4,assinatura-producao,Subscription,"{""OwnerTeam"": ""plataforma"", ""Environment"": ""prod""}"
9.9427,sub-a1b2c3d4,cloudfinops-demo,Billing Account,USD,2026-09-01T00:00:00Z,2026-10-01T00:00:00Z,Usage,,NAT Gateway - Network Address Translation,Usage-Based,2026-09-24T00:00:00Z,2026-09-24T23:59:59Z,,,,35.397,GB,9.9427,0.280891,9.9427,Microsoft Corporation,9.9427,0.280891,Standard,35.397,GB,brazilsouth,Brazil South,microsoft/sub-a1b2c3d4/nat-gateway,nat-gateway-prod,NAT Gateway,Networking,Network Address Translation,NAT Gateway,Microsoft Azure,MIC-NATGateway,MIC-NATGatew-brazilsouth,sub-a1b2c3d4,assinatura-producao,Subscription,"{""OwnerTeam"": ""redes"", ""Environment"": ""prod""}"
9.6561,sub-a1b2c3d4,cloudfinops-demo,Billing Account,USD,2026-09-01T00:00:00Z,2026-10-01T00:00:00Z,Usage,,NAT Gateway - Network Address Translation,Usage-Based,2026-09-25T00:00:00Z,2026-09-25T23:59:59Z,,,,46.549,GB,9.6561,0.207439,9.6561,Microsoft Corporation,9.6561,0.207439,Standard,46.549,GB,brazilsouth,Brazil South,microsoft/sub-a1b2c3d4/nat-gateway,nat-gateway-prod,NAT Gateway,Networking,Network Address Translation,NAT Gateway,Microsoft Azure,MIC-NATGateway,MIC-NATGatew-brazilsouth,sub-a1b2c3d4,assinatura-producao,Subscription,"{""OwnerTeam"": ""plataforma"", ""Environment"": ""prod""}"
8.2574,sub-a1b2c3d4,cloudfinops-demo,Billing Account,USD,2026-09-01T00:00:00Z,2026-10-01T00:00:00Z,Usage,,NAT Gateway - Network Address Translation,Usage-Based,2026-09-26T00:00:00Z,2026-09-26T23:59:59Z,,,,73.088,GB,8.2574,0.112979,8.2574,Microsoft Corporation,8.2574,0.112979,Standard,73.088,GB,brazilsouth,Brazil South,microsoft/sub-a1b2c3d4/nat-gateway,nat-gateway-prod,NAT Gateway,Networking,Network Address Translation,NAT Gateway,Microsoft Azure,MIC-NATGateway,MIC-NATGatew-brazilsouth,sub-a1b2c3d4,assinatura-producao,Subscription,"{""OwnerTeam"": ""backend"", ""Environment"": ""prod""}"
8.3939,sub-a1b2c3d4,cloudfinops-demo,Billing Account,USD,2026-09-01T00:00:00Z,2026-10-01T00:00:00Z,Usage,,NAT Gateway - Network Address Translation,Usage-Based,2026-09-27T00:00:00Z,2026-09-27T23:59:59Z,,,,21.403,GB,8.3939,0.392183,8.3939,Microsoft Corporation,8.3939,0.392183,Standard,21.403,GB,brazilsouth,Brazil South,microsoft/sub-a1b2c3d4/nat-gateway,nat-gateway-prod,NAT Gateway,Networking,Network Address Translation,NAT Gateway,Microsoft Azure,MIC-NATGateway,MIC-NATGatew-brazilsouth,sub-a1b2c3d4,assinatura-producao,Subscription,"{""OwnerTeam"": ""redes"", ""Environment"": ""prod""}"
9.8371,sub-a1b2c3d4,cloudfinops-demo,Billing Account,USD,2026-09-01T00:00:00Z,2026-10-01T00:00:00Z,Usage,,NAT Gateway - Network Address Translation,Usage-Based,2026-09-28T00:00:00Z,2026-09-28T23:59:59Z,,,,56.752,GB,9.8371,0.173335,9.8371,Microsoft Corporation,9.8371,0.173335,Standard,56.752,GB,brazilsouth,Brazil South,microsoft/sub-a1b2c3d4/nat-gateway,nat-gateway-prod,NAT Gateway,Networking,Network Address Translation,NAT Gateway,Microsoft Azure,MIC-NATGateway,MIC-NATGatew-brazilsouth,sub-a1b2c3d4,assinatura-producao,Subscription,"{""OwnerTeam"": ""redes"", ""Environment"": ""prod""}"
10.0163,sub-a1b2c3d4,cloudfinops-demo,Billing Account,USD,2026-09-01T00:00:00Z,2026-10-01T00:00:00Z,Usage,,NAT Gateway - Network Address Translation,Usage-Based,2026-09-29T00:00:00Z,2026-09-29T23:59:59Z,,,,113.079,GB,10.0163,0.088578,10.0163,Microsoft Corporation,10.0163,0.088578,Standard,113.079,GB,brazilsouth,Brazil South,microsoft/sub-a1b2c3d4/nat-gateway,nat-gateway-prod,NAT Gateway,Networking,Network Address Translation,NAT Gateway,Microsoft Azure,MIC-NATGateway,MIC-NATGatew-brazilsouth,sub-a1b2c3d4,assinatura-producao,Subscription,"{""OwnerTeam"": ""plataforma"", ""Environment"": ""prod""}"
10.0873,sub-a1b2c3d4,cloudfinops-demo,Billing Account,USD,2026-09-01T00:00:00Z,2026-10-01T00:00:00Z,Usage,,NAT Gateway - Network Address Translation,Usage-Based,2026-09-30T00:00:00Z,2026-09-30T23:59:59Z,,,,36.241,GB,10.0873,0.278339,10.0873,Microsoft Corporation,10.0873,0.278339,Standard,36.241,GB,brazilsouth,Brazil South,microsoft/sub-a1b2c3d4/nat-gateway,nat-gateway-prod,NAT Gateway,Networking,Network Address Translation,NAT Gateway,Microsoft Azure,MIC-NATGateway,MIC-NATGatew-brazilsouth,sub-a1b2c3d4,assinatura-producao,Subscription,"{""OwnerTeam"": ""dados"", ""Environment"": ""prod""}"
10.1521,sub-a1b2c3d4,cloudfinops-demo,Billing Account,USD,2026-10-01T00:00:00Z,2026-11-01T00:00:00Z,Usage,,NAT Gateway - Network Address Translation,Usage-Based,2026-10-01T00:00:00Z,2026-10-01T23:59:59Z,,,,91.717,GB,10.1521,0.110689,10.1521,Microsoft Corporation,10.1521,0.110689,Standard,91.717,GB,brazilsouth,Brazil South,microsoft/sub-a1b2c3d4/nat-gateway,nat-gateway-prod,NAT Gateway,Networking,Network Address Translation,NAT Gateway,Microsoft Azure,MIC-NATGateway,MIC-NATGatew-brazilsouth,sub-a1b2c3d4,assinatura-producao,Subscription,"{""OwnerTeam"": ""dados"", ""Environment"": ""prod""}"
10.5194,sub-a1b2c3d4,cloudfinops-demo,Billing Account,USD,2026-10-01T00:00:00Z,2026-11-01T00:00:00Z,Usage,,NAT Gateway - Network Address Translation,Usage-Based,2026-10-02T00:00:00Z,2026-10-02T23:59:59Z,,,,58.714,GB,10.5194,0.179163,10.5194,Microsoft Corporation,10.5194,0.179163,Standard,58.714,GB,brazilsouth,Brazil South,microsoft/sub-a1b2c3d4/nat-gateway,nat-gateway-prod,NAT Gateway,Networking,Network Address Translation,NAT Gateway,Microsoft Azure,MIC-NATGateway,MIC-NATGatew-brazilsouth,sub-a1b2c3d4,assinatura-producao,Subscription,"{""OwnerTeam"": ""dados"", ""Environment"": ""prod""}"
8.9935,sub-a1b2c3d4,cloudfinops-demo,Billing Account,USD,2026-10-01T00:00:00Z,2026-11-01T00:00:00Z,Usage,,NAT Gateway - Network Address Translation,Usage-Based,2026-10-03T00:00:00Z,2026-10-03T23:59:59Z,,,,81.106,GB,8.9935,0.110886,8.9935,Microsoft Corporation,8.9935,0.110886,Standard,81.106,GB,brazilsouth,Brazil South,microsoft/sub-a1b2c3d4/nat-gateway,nat-gateway-prod,NAT Gateway,Networking,Network Address Translation,NAT Gateway,Microsoft Azure,MIC-NATGateway,MIC-NATGatew-brazilsouth,sub-a1b2c3d4,assinatura-producao,Subscription,"{""OwnerTeam"": ""dados"", ""Environment"": ""prod""}"
3.0995,sub-a1b2c3d4,cloudfinops-demo,Billing Account,USD,2026-08-01T00:00:00Z,2026-09-01T00:00:00Z,Usage,,NAT Gateway - Network Address Translation,Usage-Based,2026-08-01T00:00:00Z,2026-08-01T23:59:59Z,,,,14.627,GB,3.0995,0.211903,3.0995,Microsoft Corporation,3.0995,0.211903,Standard,14.627,GB,brazilsouth,Brazil South,microsoft/sub-d4e5f6a7/nat-gateway,nat-gateway-dev,NAT Gateway,Networking,Network Address Translation,NAT Gateway,Microsoft Azure,MIC-NATGateway,MIC-NATGatew-brazilsouth,sub-d4e5f6a7,assinatura-dev,Subscription,"{""OwnerTeam"": ""backend"", ""Environment"": ""dev""}"
3.0219,sub-a1b2c3d4,cloudfinops-demo,Billing Account,USD,2026-08-01T00:00:00Z,2026-09-01T00:00:00Z,Usage,,NAT Gateway - Network Address Translation,Usage-Based,2026-08-02T00:00:00Z,2026-08-02T23:59:59Z,,,,7.64,GB,3.0219,0.395537,3.0219,Microsoft Corporation,3.0219,0.395537,Standard,7.64,GB,brazilsouth,Brazil South,microsoft/sub-d4e5f6a7/nat-gateway,nat-gateway-dev,NAT Gateway,Networking,Network Address Translation,NAT Gateway,Microsoft Azure,MIC-NATGateway,MIC-NATGatew-brazilsouth,sub-d4e5f6a7,assinatura-dev,Subscription,"{""OwnerTeam"": ""redes"", ""Environment"": ""dev""}"
3.7577,sub-a1b2c3d4,cloudfinops-demo,Billing Account,USD,2026-08-01T00:00:00Z,2026-09-01T00:00:00Z,Usage,,NAT Gateway - Network Address Translation,Usage-Based,2026-08-03T00:00:00Z,2026-08-03T23:59:59Z,,,,8.955,GB,3.7577,0.41962,3.7577,Microsoft Corporation,3.7577,0.41962,Standard,8.955,GB,brazilsouth,Brazil South,microsoft/sub-d4e5f6a7/nat-gateway,nat-gateway-dev,NAT Gateway,Networking,Network Address Translation,NAT Gateway,Microsoft Azure,MIC-NATGateway,MIC-NATGatew-brazilsouth,sub-d4e5f6a7,assinatura-dev,Subscription,"{""OwnerTeam"": ""redes"", ""Environment"": ""dev""}"
3.7464,sub-a1b2c3d4,cloudfinops-demo,Billing Account,USD,2026-08-01T00:00:00Z,2026-09-01T00:00:00Z,Usage,,NAT Gateway - Network Address Translation,Usage-Based,2026-08-04T00:00:00Z,2026-08-04T23:59:59Z,,,,9.371,GB,3.7464,0.399787,3.7464,Microsoft Corporation,3.7464,0.399787,Standard,9.371,GB,brazilsouth,Brazil South,microsoft/sub-d4e5f6a7/nat-gateway,nat-gateway-dev,NAT Gateway,Networking,Network Address Translation,NAT Gateway,Microsoft Azure,MIC-NATGateway,MIC-NATGatew-brazilsouth,sub-d4e5f6a7,assinatura-dev,Subscription,"{""OwnerTeam"": ""dados"", ""Environment"": ""dev""}"
3.5769,sub-a1b2c3d4,cloudfinops-demo,Billing Account,USD,2026-08-01T00:00:00Z,2026-09-01T00:00:00Z,Usage,,NAT Gateway - Network Address Translation,Usage-Based,2026-08-05T00:00:00Z,2026-08-05T23:59:59Z,,,,10.304,GB,3.5769,0.347137,3.5769,Microsoft Corporation,3.5769,0.347137,Standard,10.304,GB,brazilsouth,Brazil South,microsoft/sub-d4e5f6a7/nat-gateway,nat-gateway-dev,NAT Gateway,Networking,Network Address Translation,NAT Gateway,Microsoft Azure,MIC-NATGateway,MIC-NATGatew-brazilsouth,sub-d4e5f6a7,assinatura-dev,Subscription,"{""OwnerTeam"": ""backend"", ""Environment"": ""dev""}"
3.8088,sub-a1b2c3d4,cloudfinops-demo,Billing Account,USD,2026-08-01T00:00:00Z,2026-09-01T00:00:00Z,Usage,,NAT Gateway - Network Address Translation,Usage-Based,2026-08-06T00:00:00Z,2026-08-06T23:59:59Z,,,,9.175,GB,3.8088,0.415128,3.8088,Microsoft Corporation,3.8088,0.415128,Standard,9.175,GB,brazilsouth,Brazil South,microsoft/sub-d4e5f6a7/nat-gateway,nat-gateway-dev,NAT Gateway,Networking,Network Address Translation,NAT Gateway,Microsoft Azure,MIC-NATGateway,MIC-NATGatew-brazilsouth,sub-d4e5f6a7,assinatura-dev,Subscription,"{""OwnerTeam"": ""dados"", ""Environment"": ""dev""}"
3.7029,sub-a1b2c3d4,cloudfinops-demo,Billing Account,USD,2026-08-01T00:00:00Z,2026-09-01T00:00:00Z,Usage,,NAT Gateway - Network Address Translation,Usage-Based,2026-08-07T00:00:00Z,2026-08-07T23:59:59Z,,,,10.484,GB,3.7029,0.353195,3.7029,Microsoft Corporation,3.7029,0.353195,Standard,10.484,GB,brazilsouth,Brazil South,microsoft/sub-d4e5f6a7/nat-gateway,nat-gateway-dev,NAT Gateway,Networking,Network Address Translation,NAT Gateway,Microsoft Azure,MIC-NATGateway,MIC-NATGatew-brazilsouth,sub-d4e5f6a7,assinatura-dev,Subscription,"{""OwnerTeam"": ""backend"", ""Environment"": ""dev""}"
3.0319,sub-a1b2c3d4,cloudfinops-demo,Billing Account,USD,2026-08-01T00:00:00Z,2026-09-01T00:00:00Z,Usage,,NAT Gateway - Network Address Translation,Usage-Based,2026-08-08T00:00:00Z,2026-08-08T23:59:59Z,,,,34.186,GB,3.0319,0.088688,3.0319,Microsoft Corporation,3.0319,0.088688,Standard,34.186,GB,brazilsouth,Brazil South,microsoft/sub-d4e5f6a7/nat-gateway,nat-gateway-dev,NAT Gateway,Networking,Network Address Translation,NAT Gateway,Microsoft Azure,MIC-NATGateway,MIC-NATGatew-brazilsouth,sub-d4e5f6a7,assinatura-dev,Subscription,"{""OwnerTeam"": ""backend"", ""Environment"": ""dev""}"
3.1057,sub-a1b2c3d4,cloudfinops-demo,Billing Account,USD,2026-08-01T00:00:00Z,2026-09-01T00:00:00Z,Usage,,NAT Gateway - Network Address Translation,Usage-Based,2026-08-09T00:00:00Z,2026-08-09T23:59:59Z,,,,19.323,GB,3.1057,0.160726,3.1057,Microsoft Corporation,3.1057,0.160726,Standard,19.323,GB,brazilsouth,Brazil South,microsoft/sub-d4e5f6a7/nat-gateway,nat-gateway-dev,NAT Gateway,Networking,Network Address Translation,NAT Gateway,Microsoft Azure,MIC-NATGateway,MIC-NATGatew-brazilsouth,sub-d4e5f6a7,assinatura-dev,Subscription,"{""OwnerTeam"": ""plataforma"", ""Environment"": ""dev""}"
3.6251,sub-a1b2c3d4,cloudfinops-demo,Billing Account,USD,2026-08-01T00:00:00Z,2026-09-01T00:00:00Z,Usage,,NAT Gateway - Network Address Translation,Usage-Based,2026-08-10T00:00:00Z,2026-08-10T23:59:59Z,,,,8.661,GB,3.6251,0.418554,3.6251,Microsoft Corporation,3.6251,0.418554,Standard,8.661,GB,brazilsouth,Brazil South,microsoft/sub-d4e5f6a7/nat-gateway,nat-gateway-dev,NAT Gateway,Networking,Network Address Translation,NAT Gateway,Microsoft Azure,MIC-NATGateway,MIC-NATGatew-brazilsouth,sub-d4e5f6a7,assinatura-dev,Subscription,"{""OwnerTeam"": ""plataforma"", ""Environment"": ""dev""}"
3.7657,sub-a1b2c3d4,cloudfinops-demo,Billing Account,USD,2026-08-01T00:00:00Z,2026-09-01T00:00:00Z,Usage,,NAT Gateway - Network Address Translation,Usage-Based,2026-08-11T00:00:00Z,2026-08-11T23:59:59Z,,,,15.691,GB,3.7657,0.239991,3.7657,Microsoft Corporation,3.7657,0.239991,Standard,15.691,GB,brazilsouth,Brazil South,microsoft/sub-d4e5f6a7/nat-gateway,nat-gateway-dev,NAT Gateway,Networking,Network Address Translation,NAT Gateway,Microsoft Azure,MIC-NATGateway,MIC-NATGatew-brazilsouth,sub-d4e5f6a7,assinatura-dev,Subscription,"{""OwnerTeam"": ""plataforma"", ""Environment"": ""dev""}"
3.5779,sub-a1b2c3d4,cloudfinops-demo,Billing Account,USD,2026-08-01T00:00:00Z,2026-09-01T00:00:00Z,Usage,,NAT Gateway - Network Address Translation,Usage-Based,2026-08-12T00:00:00Z,2026-08-12T23:59:59Z,,,,9.731,GB,3.5779,0.367681,3.5779,Microsoft Corporation,3.5779,0.367681,Standard,9.731,GB,brazilsouth,Brazil South,microsoft/sub-d4e5f6a7/nat-gateway,nat-gateway-dev,NAT Gateway,Networking,Network Address Translation,NAT Gateway,Microsoft Azure,MIC-NATGateway,MIC-NATGatew-brazilsouth,sub-d4e5f6a7,assinatura-dev,Subscription,"{""OwnerTeam"": ""plataforma"", ""Environment"": ""dev""}"
3.7284,sub-a1b2c3d4,cloudfinops-demo,Billing Account,USD,2026-08-01T00:00:00Z,2026-09-01T00:00:00Z,Usage,,NAT Gateway - Network Address Translation,Usage-Based,2026-08-13T00:00:00Z,2026-08-13T23:59:59Z,,,,36.076,GB,3.7284,0.103348,3.7284,Microsoft Corporation,3.7284,0.103348,Standard,36.076,GB,brazilsouth,Brazil South,microsoft/sub-d4e5f6a7/nat-gateway,nat-gateway-dev,NAT Gateway,Networking,Network Address Translation,NAT Gateway,Microsoft Azure,MIC-NATGateway,MIC-NATGatew-brazilsouth,sub-d4e5f6a7,assinatura-dev,Subscription,"{""OwnerTeam"": ""plataforma"", ""Environment"": ""dev""}"
3.7862,sub-a1b2c3d4,cloudfinops-demo,Billing Account,USD,2026-08-01T00:00:00Z,2026-09-01T00:00:00Z,Usage,,NAT Gateway - Network Address Translation,Usage-Based,2026-08-14T00:00:00Z,2026-08-14T23:59:59Z,,,,9.889,GB,3.7862,0.38287,3.7862,Microsoft Corporation,3.7862,0.38287,Standard,9.889,GB,brazilsouth,Brazil South,microsoft/sub-d4e5f6a7/nat-gateway,nat-gateway-dev,NAT Gateway,Networking,Network Address Translation,NAT Gateway,Microsoft Azure,MIC-NATGateway,MIC-NATGatew-brazilsouth,sub-d4e5f6a7,assinatura-dev,Subscription,"{""OwnerTeam"": ""backend"", ""Environment"": ""dev""}"
3.1832,sub-a1b2c3d4,cloudfinops-demo,Billing Account,USD,2026-08-01T00:00:00Z,2026-09-01T00:00:00Z,Usage,,NAT Gateway - Network Address Translation,Usage-Based,2026-08-15T00:00:00Z,2026-08-15T23:59:59Z,,,,13.129,GB,3.1832,0.242456,3.1832,Microsoft Corporation,3.1832,0.242456,Standard,13.129,GB,brazilsouth,Brazil South,microsoft/sub-d4e5f6a7/nat-gateway,nat-gateway-dev,NAT Gateway,Networking,Network Address Translation,NAT Gateway,Microsoft Azure,MIC-NATGateway,MIC-NATGatew-brazilsouth,sub-d4e5f6a7,assinatura-dev,Subscription,"{""OwnerTeam"": ""dados"", ""Environment"": ""dev""}"
3.1762,sub-a1b2c3d4,cloudfinops-demo,Billing Account,USD,2026-08-01T00:00:00Z,2026-09-01T00:00:00Z,Usage,,NAT Gateway - Network Address Translation,Usage-Based,2026-08-16T00:00:00Z,2026-08-16T23:59:59Z,,,,24.446,GB,3.1762,0.129927,3.1762,Microsoft Corporation,3.1762,0.129927,Standard,24.446,GB,brazilsouth,Brazil South,microsoft/sub-d4e5f6a7/nat-gateway,nat-gateway-dev,NAT Gateway,Networking,Network Address Translation,NAT Gateway,Microsoft Azure,MIC-NATGateway,MIC-NATGatew-brazilsouth,sub-d4e5f6a7,assinatura-dev,Subscription,"{""OwnerTeam"": ""dados"", ""Environment"": ""dev""}"
3.641,sub-a1b2c3d4,cloudfinops-demo,Billing Account,USD,2026-08-01T00:00:00Z,2026-09-01T00:00:00Z,Usage,,NAT Gateway - Network Address Translation,Usage-Based,2026-08-17T00:00:00Z,2026-08-17T23:59:59Z,,,,15.515,GB,3.641,0.234676,3.641,Microsoft Corporation,3.641,0.234676,Standard,15.515,GB,brazilsouth,Brazil South,microsoft/sub-d4e5f6a7/nat-gateway,nat-gateway-dev,NAT Gateway,Networking,Network Address Translation,NAT Gateway,Microsoft Azure,MIC-NATGateway,MIC-NATGatew-brazilsouth,sub-d4e5f6a7,assinatura-dev,Subscription,"{""OwnerTeam"": ""redes"", ""Environment"": ""dev""}"
3.8221,sub-a1b2c3d4,cloudfinops-demo,Billing Account,USD,2026-08-01T00:00:00Z,2026-09-01T00:00:00Z,Usage,,NAT Gateway - Network Address Translation,Usage-Based,2026-08-18T00:00:00Z,2026-08-18T23:59:59Z,,,,12.941,GB,3.8221,0.295348,3.8221,Microsoft Corporation,3.8221,0.295348,Standard,12.941,GB,brazilsouth,Brazil South,microsoft/sub-d4e5f6a7/nat-gateway,nat-gateway-dev,NAT Gateway,Networking,Network Address Translation,NAT Gateway,Microsoft Azure,MIC-NATGateway,MIC-NATGatew-brazilsouth,sub-d4e5f6a7,assinatura-dev,Subscription,"{""OwnerTeam"": ""backend"", ""Environment"": ""dev""}"
3.7624,sub-a1b2c3d4,cloudfinops-demo,Billing Account,USD,2026-08-01T00:00:00Z,2026-09-01T00:00:00Z,Usage,,NAT Gateway - Network Address Translation,Usage-Based,2026-08-19T00:00:00Z,2026-08-19T23:59:59Z,,,,11.683,GB,3.7624,0.322041,3.7624,Microsoft Corporation,3.7624,0.322041,Standard,11.683,GB,brazilsouth,Brazil South,microsoft/sub-d4e5f6a7/nat-gateway,nat-gateway-dev,NAT Gateway,Networking,Network Address Translation,NAT Gateway,Microsoft Azure,MIC-NATGateway,MIC-NATGatew-brazilsouth,sub-d4e5f6a7,assinatura-dev,Subscription,"{""OwnerTeam"": ""redes"", ""Environment"": ""dev""}"
3.6882,sub-a1b2c3d4,cloudfinops-demo,Billing Account,USD,2026-08-01T00:00:00Z,2026-09-01T00:00:00Z,Usage,,NAT Gateway - Network Address Translation,Usage-Based,2026-08-20T00:00:00Z,2026-08-20T23:59:59Z,,,,11.693,GB,3.6882,0.315419,3.6882,Microsoft Corporation,3.6882,0.315419,Standard,11.693,GB,brazilsouth,Brazil South,microsoft/sub-d4e5f6a7/nat-gateway,nat-gateway-dev,NAT Gateway,Networking,Network Address Translation,NAT Gateway,Microsoft Azure,MIC-NATGateway,MIC-NATGatew-brazilsouth,sub-d4e5f6a7,assinatura-dev,Subscription,"{""OwnerTeam"": ""backend"", ""Environment"": ""dev""}"
3.6465,sub-a1b2c3d4,cloudfinops-demo,Billing Account,USD,2026-08-01T00:00:00Z,2026-09-01T00:00:00Z,Usage,,NAT Gateway - Network Address Translation,Usage-Based,2026-08-21T00:00:00Z,2026-08-21T23:59:59Z,,,,99.845,GB,3.6465,0.036522,3.6465,Microsoft Corporation,3.6465,0.036522,Standard,99.845,GB,brazilsouth,Brazil South,microsoft/sub-d4e5f6a7/nat-gateway,nat-gateway-dev,NAT Gateway,Networking,Network Address Translation,NAT Gateway,Microsoft Azure,MIC-NATGateway,MIC-NATGatew-brazilsouth,sub-d4e5f6a7,assinatura-dev,Subscription,"{""OwnerTeam"": ""backend"", ""Environment"": ""dev""}"
3.1719,sub-a1b2c3d4,cloudfinops-demo,Billing Account,USD,2026-08-01T00:00:00Z,2026-09-01T00:00:00Z,Usage,,NAT Gateway - Network Address Translation,Usage-Based,2026-08-22T00:00:00Z,2026-08-22T23:59:59Z,,,,8.381,GB,3.1719,0.378463,3.1719,Microsoft Corporation,3.1719,0.378463,Standard,8.381,GB,brazilsouth,Brazil South,microsoft/sub-d4e5f6a7/nat-gateway,nat-gateway-dev,NAT Gateway,Networking,Network Address Translation,NAT Gateway,Microsoft Azure,MIC-NATGateway,MIC-NATGatew-brazilsouth,sub-d4e5f6a7,assinatura-dev,Subscription,"{""OwnerTeam"": ""backend"", ""Environment"": ""dev""}"
3.1417,sub-a1b2c3d4,cloudfinops-demo,Billing Account,USD,2026-08-01T00:00:00Z,2026-09-01T00:00:00Z,Usage,,NAT Gateway - Network Address Translation,Usage-Based,2026-08-23T00:00:00Z,2026-08-23T23:59:59Z,,,,24.226,GB,3.1417,0.129683,3.1417,Microsoft Corporation,3.1417,0.129683,Standard,24.226,GB,brazilsouth,Brazil South,microsoft/sub-d4e5f6a7/nat-gateway,nat-gateway-dev,NAT Gateway,Networking,Network Address Translation,NAT Gateway,Microsoft Azure,MIC-NATGateway,MIC-NATGatew-brazilsouth,sub-d4e5f6a7,assinatura-dev,Subscription,"{""OwnerTeam"": ""plataforma"", ""Environment"": ""dev""}"
3.6792,sub-a1b2c3d4,cloudfinops-demo,Billing Account,USD,2026-08-01T00:00:00Z,2026-09-01T00:00:00Z,Usage,,NAT Gateway - Network Address Translation,Usage-Based,2026-08-24T00:00:00Z,2026-08-24T23:59:59Z,,,,21.275,GB,3.6792,0.172935,3.6792,Microsoft Corporation,3.6792,0.172935,Standard,21.275,GB,brazilsouth,Brazil South,microsoft/sub-d4e5f6a7/nat-gateway,nat-gateway-dev,NAT Gateway,Networking,Network Address Translation,NAT Gateway,Microsoft Azure,MIC-NATGateway,MIC-NATGatew-brazilsouth,sub-d4e5f6a7,assinatura-dev,Subscription,"{""OwnerTeam"": ""backend"", ""Environment"": ""dev""}"
3.7334,sub-a1b2c3d4,cloudfinops-demo,Billing Account,USD,2026-08-01T00:00:00Z,2026-09-01T00:00:00Z,Usage,,NAT Gateway - Network Address Translation,Usage-Based,2026-08-25T00:00:00Z,2026-08-25T23:59:59Z,,,,9.565,GB,3.7334,0.390319,3.7334,Microsoft Corporation,3.7334,0.390319,Standard,9.565,GB,brazilsouth,Brazil South,microsoft/sub-d4e5f6a7/nat-gateway,nat-gateway-dev,NAT Gateway,Networking,Network Address Translation,NAT Gateway,Microsoft Azure,MIC-NATGateway,MIC-NATGatew-brazilsouth,sub-d4e5f6a7,assinatura-dev,Subscription,"{""OwnerTeam"": ""plataforma"", ""Environment"": ""dev""}"
3.6597,sub-a1b2c3d4,cloudfinops-demo,Billing Account,USD,2026-08-01T00:00:00Z,2026-09-01T00:00:00Z,Usage,,NAT Gateway - Network Address Translation,Usage-Based,2026-08-26T00:00:00Z,2026-08-26T23:59:59Z,,,,19.328,GB,3.6597,0.189347,3.6597,Microsoft Corporation,3.6597,0.189347,Standard,19.328,GB,brazilsouth,Brazil South,microsoft/sub-d4e5f6a7/nat-gateway,nat-gateway-dev,NAT Gateway,Networking,Network Address Translation,NAT Gateway,Microsoft Azure,MIC-NATGateway,MIC-NATGatew-brazilsouth,sub-d4e5f6a7,assinatura-dev,Subscription,"{""OwnerTeam"": ""backend"", ""Environment"": ""dev""}"
3.5965,sub-a1b2c3d4,cloudfinops-demo,Billing Account,USD,2026-08-01T00:00:00Z,2026-09-01T00:00:00Z,Usage,,NAT Gateway - Network Address Translation,Usage-Based,2026-08-27T00:00:00Z,2026-08-27T23:59:59Z,,,,16.397,GB,3.5965,0.219339,3.5965,Microsoft Corporation,3.5965,0.219339,Standard,16.397,GB,brazilsouth,Brazil South,microsoft/sub-d4e5f6a7/nat-gateway,nat-gateway-dev,NAT Gateway,Networking,Network Address Translation,NAT Gateway,Microsoft Azure,MIC-NATGateway,MIC-NATGatew-brazilsouth,sub-d4e5f6a7,assinatura-dev,Subscription,"{""OwnerTeam"": ""plataforma"", ""Environment"": ""dev""}"
3.791,sub-a1b2c3d4,cloudfinops-demo,Billing Account,USD,2026-08-01T00:00:00Z,2026-09-01T00:00:00Z,Usage,,NAT Gateway - Network Address Translation,Usage-Based,2026-08-28T00:00:00Z,2026-08-28T23:59:59Z,,,,19.691,GB,3.791,0.192525,3.791,Microsoft Corporation,3.791,0.192525,Standard,19.691,GB,brazilsouth,Brazil South,microsoft/sub-d4e5f6a7/nat-gateway,nat-gateway-dev,NAT Gateway,Networking,Network Address Translation,NAT Gateway,Microsoft Azure,MIC-NATGateway,MIC-NATGatew-brazilsouth,sub-d4e5f6a7,assinatura-dev,Subscription,"{""OwnerTeam"": ""backend"", ""Environment"": ""dev""}"
3.0729,sub-a1b2c3d4,cloudfinops-demo,Billing Account,USD,2026-08-01T00:00:00Z,2026-09-01T00:00:00Z,Usage,,NAT Gateway - Network Address Translation,Usage-Based,2026-08-29T00:00:00Z,2026-08-29T23:59:59Z,,,,8.274,GB,3.0729,0.371392,3.0729,Microsoft Corporation,3.0729,0.371392,Standard,8.274,GB,brazilsouth,Brazil South,microsoft/sub-d4e5f6a7/nat-gateway,nat-gateway-dev,NAT Gateway,Networking,Network Address Translation,NAT Gateway,Microsoft Azure,MIC-NATGateway,MIC-NATGatew-brazilsouth,sub-d4e5f6a7,assinatura-dev,Subscription,"{""OwnerTeam"": ""redes"", ""Environment"": ""dev""}"
3.1758,sub-a1b2c3d4,cloudfinops-demo,Billing Account,USD,2026-08-01T00:00:00Z,2026-09-01T00:00:00Z,Usage,,NAT Gateway - Network Address Translation,Usage-Based,2026-08-30T00:00:00Z,2026-08-30T23:59:59Z,,,,8.3,GB,3.1758,0.382627,3.1758,Microsoft Corporation,3.1758,0.382627,Standard,8.3,GB,brazilsouth,Brazil South,microsoft/sub-d4e5f6a7/nat-gateway,nat-gateway-dev,NAT Gateway,Networking,Network Address Translation,NAT Gateway,Microsoft Azure,MIC-NATGateway,MIC-NATGatew-brazilsouth,sub-d4e5f6a7,assinatura-dev,Subscription,"{""OwnerTeam"": ""dados"", ""Environment"": ""dev""}"
3.6917,sub-a1b2c3d4,cloudfinops-demo,Billing Account,USD,2026-08-01T00:00:00Z,2026-09-01T00:00:00Z,Usage,,NAT Gateway - Network Address Translation,Usage-Based,2026-08-31T00:00:00Z,2026-08-31T23:59:59Z,,,,37.086,GB,3.6917,0.099544,3.6917,Microsoft Corporation,3.6917,0.099544,Standard,37.086,GB,brazilsouth,Brazil South,microsoft/sub-d4e5f6a7/nat-gateway,nat-gateway-dev,NAT Gateway,Networking,Network Address Translation,NAT Gateway,Microsoft Azure,MIC-NATGateway,MIC-NATGatew-brazilsouth,sub-d4e5f6a7,assinatura-dev,Subscription,"{""OwnerTeam"": ""plataforma"", ""Environment"": ""dev""}"
3.8813,sub-a1b2c3d4,cloudfinops-demo,Billing Account,USD,2026-09-01T00:00:00Z,2026-10-01T00:00:00Z,Usage,,NAT Gateway - Network Address Translation,Usage-Based,2026-09-01T00:00:00Z,2026-09-01T23:59:59Z,,,,20.192,GB,3.8813,0.19222,3.8813,Microsoft Corporation,3.8813,0.19222,Standard,20.192,GB,brazilsouth,Brazil South,microsoft/sub-d4e5f6a7/nat-gateway,nat-gateway-dev,NAT Gateway,Networking,Network Address Translation,NAT Gateway,Microsoft Azure,MIC-NATGateway,MIC-NATGatew-brazilsouth,sub-d4e5f6a7,assinatura-dev,Subscription,"{""OwnerTeam"": ""plataforma"", ""Environment"": ""dev""}"
3.9017,sub-a1b2c3d4,cloudfinops-demo,Billing Account,USD,2026-09-01T00:00:00Z,2026-10-01T00:00:00Z,Usage,,NAT Gateway - Network Address Translation,Usage-Based,2026-09-02T00:00:00Z,2026-09-02T23:59:59Z,,,,12.911,GB,3.9017,0.3022,3.9017,Microsoft Corporation,3.9017,0.3022,Standard,12.911,GB,brazilsouth,Brazil South,microsoft/sub-d4e5f6a7/nat-gateway,nat-gateway-dev,NAT Gateway,Networking,Network Address Translation,NAT Gateway,Microsoft Azure,MIC-NATGateway,MIC-NATGatew-brazilsouth,sub-d4e5f6a7,assinatura-dev,Subscription,"{""OwnerTeam"": ""backend"", ""Environment"": ""dev""}"
3.9482,sub-a1b2c3d4,cloudfinops-demo,Billing Account,USD,2026-09-01T00:00:00Z,2026-10-01T00:00:00Z,Usage,,NAT Gateway - Network Address Translation,Usage-Based,2026-09-03T00:00:00Z,2026-09-03T23:59:59Z,,,,10.565,GB,3.9482,0.373706,3.9482,Microsoft Corporation,3.9482,0.373706,Standard,10.565,GB,brazilsouth,Brazil South,microsoft/sub-d4e5f6a7/nat-gateway,nat-gateway-dev,NAT Gateway,Networking,Network Address Translation,NAT Gateway,Microsoft Azure,MIC-NATGateway,MIC-NATGatew-brazilsouth,sub-d4e5f6a7,assinatura-dev,Subscription,"{""OwnerTeam"": ""dados"", ""Environment"": ""dev""}"
3.9598,sub-a1b2c3d4,cloudfinops-demo,Billing Account,USD,2026-09-01T00:00:00Z,2026-10-01T00:00:00Z,Usage,,NAT Gateway - Network Address Translation,Usage-Based,2026-09-04T00:00:00Z,2026-09-04T23:59:59Z,,,,12.308,GB,3.9598,0.321726,3.9598,Microsoft Corporation,3.9598,0.321726,Standard,12.308,GB,brazilsouth,Brazil South,microsoft/sub-d4e5f6a7/nat-gateway,nat-gateway-dev,NAT Gateway,Networking,Network Address Translation,NAT Gateway,Microsoft Azure,MIC-NATGateway,MIC-NATGatew-brazilsouth,sub-d4e5f6a7,assinatura-dev,Subscription,"{""OwnerTeam"": ""redes"", ""Environment"": ""dev""}"
3.3357,sub-a1b2c3d4,cloudfinops-demo,Billing Account,USD,2026-09-01T00:00:00Z,2026-10-01T00:00:00Z,Usage,,NAT Gateway - Network Address Translation,Usage-Based,2026-09-05T00:00:00Z,2026-09-05T23:59:59Z,,,,13.863,GB,3.3357,0.240619,3.3357,Microsoft Corporation,3.3357,0.240619,Standard,13.863,GB,brazilsouth,Brazil South,microsoft/sub-d4e5f6a7/nat-gateway,nat-gateway-dev,NAT Gateway,Networking,Network Address Translation,NAT Gateway,Microsoft Azure,MIC-NATGateway,MIC-NATGatew-brazilsouth,sub-d4e5f6a7,assinatura-dev,Subscription,"{""OwnerTeam"": ""backend"", ""Environment"": ""dev""}"
3.1465,sub-a1b2c3d4,cloudfinops-demo,Billing Account,USD,2026-09-01T00:00:00Z,2026-10-01T00:00:00Z,Usage,,NAT Gateway - Network Address Translation,Usage-Based,2026-09-06T00:00:00Z,2026-09-06T23:59:59Z,,,,25.824,GB,3.1465,0.121844,3.1465,Microsoft Corporation,3.1465,0.121844,Standard,25.824,GB,brazilsouth,Brazil South,microsoft/sub-d4e5f6a7/nat-gateway,nat-gateway-dev,NAT Gateway,Networking,Network Address Translation,NAT Gateway,Microsoft Azure,MIC-NATGateway,MIC-NATGatew-brazilsouth,sub-d4e5f6a7,assinatura-dev,Subscription,"{""OwnerTeam"": ""plataforma"", ""Environment"": ""dev""}"
3.7798,sub-a1b2c3d4,cloudfinops-demo,Billing Account,USD,2026-09-01T00:00:00Z,2026-10-01T00:00:00Z,Usage,,NAT Gateway - Network Address Translation,Usage-Based,2026-09-07T00:00:00Z,2026-09-07T23:59:59Z,,,,13.129,GB,3.7798,0.287897,3.7798,Microsoft Corporation,3.7798,0.287897,Standard,13.129,GB,brazilsouth,Brazil South,microsoft/sub-d4e5f6a7/nat-gateway,nat-gateway-dev,NAT Gateway,Networking,Network Address Translation,NAT Gateway,Microsoft Azure,MIC-NATGateway,MIC-NATGatew-brazilsouth,sub-d4e5f6a7,assinatura-dev,Subscription,"{""OwnerTeam"": ""redes"", ""Environment"": ""dev""}"
3.8853,sub-a1b2c3d4,cloudfinops-demo,Billing Account,USD,2026-09-01T00:00:00Z,2026-10-01T00:00:00Z,Usage,,NAT Gateway - Network Address Translation,Usage-Based,2026-09-08T00:00:00Z,2026-09-08T23:59:59Z,,,,26.022,GB,3.8853,0.149308,3.8853,Microsoft Corporation,3.8853,0.149308,Standard,26.022,GB,brazilsouth,Brazil South,microsoft/sub-d4e5f6a7/nat-gateway,nat-gateway-dev,NAT Gateway,Networking,Network Address Translation,NAT Gateway,Microsoft Azure,MIC-NATGateway,MIC-NATGatew-brazilsouth,sub-d4e5f6a7,assinatura-dev,Subscription,"{""OwnerTeam"": ""backend"", ""Environment"": ""dev""}"
3.9496,sub-a1b2c3d4,cloudfinops-demo,Billing Account,USD,2026-09-01T00:00:00Z,2026-10-01T00:00:00Z,Usage,,NAT Gateway - Network Address Translation,Usage-Based,2026-09-09T00:00:00Z,2026-09-09T23:59:59Z,,,,11.483,GB,3.9496,0.343952,3.9496,Microsoft Corporation,3.9496,0.343952,Standard,11.483,GB,brazilsouth,Brazil South,microsoft/sub-d4e5f6a7/nat-gateway,nat-gateway-dev,NAT Gateway,Networking,Network Address Translation,NAT Gateway,Microsoft Azure,MIC-NATGateway,MIC-NATGatew-brazilsouth,sub-d4e5f6a7,assinatura-dev,Subscription,"{""OwnerTeam"": ""plataforma"", ""Environment"": ""dev""}"
3.9076,sub-a1b2c3d4,cloudfinops-demo,Billing Account,USD,2026-09-01T00:00:00Z,2026-10-01T00:00:00Z,Usage,,NAT Gateway - Network Address Translation,Usage-Based,2026-09-10T00:00:00Z,2026-09-10T23:59:59Z,,,,10.174,GB,3.9076,0.384077,3.9076,Microsoft Corporation,3.9076,0.384077,Standard,10.174,GB,brazilsouth,Brazil South,microsoft/sub-d4e5f6a7/nat-gateway,nat-gateway-dev,NAT Gateway,Networking,Network Address Translation,NAT Gateway,Microsoft Azure,MIC-NATGateway,MIC-NATGatew-brazilsouth,sub-d4e5f6a7,assinatura-dev,Subscription,"{""OwnerTeam"": ""dados"", ""Environment"": ""dev""}"
3.7871,sub-a1b2c3d4,cloudfinops-demo,Billing Account,USD,2026-09-01T00:00:00Z,2026-10-01T00:00:00Z,Usage,,NAT Gateway - Network Address Translation,Usage-Based,2026-09-11T00:00:00Z,2026-09-11T23:59:59Z,,,,18.571,GB,3.7871,0.203925,3.7871,Microsoft Corporation,3.7871,0.203925,Standard,18.571,GB,brazilsouth,Brazil South,microsoft/sub-d4e5f6a7/nat-gateway,nat-gateway-dev,NAT Gateway,Networking,Network Address Translation,NAT Gateway,Microsoft Azure,MIC-NATGateway,MIC-NATGatew-brazilsouth,sub-d4e5f6a7,assinatura-dev,Subscription,"{""OwnerTeam"": ""dados"", ""Environment"": ""dev""}"
3.1683,sub-a1b2c3d4,cloudfinops-demo,Billing Account,USD,2026-09-01T00:00:00Z,2026-10-01T00:00:00Z,Usage,,NAT Gateway - Network Address Translation,Usage-Based,2026-09-12T00:00:00Z,2026-09-12T23:59:59Z,,,,9.167,GB,3.1683,0.34562,3.1683,Microsoft Corporation,3.1683,0.34562,Standard,9.167,GB,brazilsouth,Brazil South,microsoft/sub-d4e5f6a7/nat-gateway,nat-gateway-dev,NAT Gateway,Networking,Network Address Translation,NAT Gateway,Microsoft Azure,MIC-NATGateway,MIC-NATGatew-brazilsouth,sub-d4e5f6a7,assinatura-dev,Subscription,"{""OwnerTeam"": ""plataforma"", ""Environment"": ""dev""}"
3.3539,sub-a1b2c3d4,cloudfinops-demo,Billing Account,USD,2026-09-01T00:00:00Z,2026-10-01T00:00:00Z,Usage,,NAT Gateway - Network Address Translation,Usage-Based,2026-09-13T00:00:00Z,2026-09-13T23:59:59Z,,,,8.384,GB,3.3539,0.400036,3.3539,Microsoft Corporation,3.3539,0.400036,Standard,8.384,GB,brazilsouth,Brazil South,microsoft/sub-d4e5f6a7/nat-gateway,nat-gateway-dev,NAT Gateway,Networking,Network Address Translation,NAT Gateway,Microsoft Azure,MIC-NATGateway,MIC-NATGatew-brazilsouth,sub-d4e5f6a7,assinatura-dev,Subscription,"{""OwnerTeam"": ""backend"", ""Environment"": ""dev""}"
3.7976,sub-a1b2c3d4,cloudfinops-demo,Billing Account,USD,2026-09-01T00:00:00Z,2026-10-01T00:00:00Z,Usage,,NAT Gateway - Network Address Translation,Usage-Based,2026-09-14T00:00:00Z,2026-09-14T23:59:59Z,,,,174.701,GB,3.7976,0.021738,3.7976,Microsoft Corporation,3.7976,0.021738,Standard,174.701,GB,brazilsouth,Brazil South,microsoft/sub-d4e5f6a7/nat-gateway,nat-gateway-dev,NAT Gateway,Networking,Network Address Translation,NAT Gateway,Microsoft Azure,MIC-NATGateway,MIC-NATGatew-brazilsouth,sub-d4e5f6a7,assinatura-dev,Subscription,"{""OwnerTeam"": ""redes"", ""Environment"": ""dev""}"
3.815,sub-a1b2c3d4,cloudfinops-demo,Billing Account,USD,2026-09-01T00:00:00Z,2026-10-01T00:00:00Z,Usage,,NAT Gateway - Network Address Translation,Usage-Based,2026-09-15T00:00:00Z,2026-09-15T23:59:59Z,,,,40.291,GB,3.815,0.094686,3.815,Microsoft Corporation,3.815,0.094686,Standard,40.291,GB,brazilsouth,Brazil South,microsoft/sub-d4e5f6a7/nat-gateway,nat-gateway-dev,NAT Gateway,Networking,Network Address Translation,NAT Gateway,Microsoft Azure,MIC-NATGateway,MIC-NATGatew-brazilsouth,sub-d4e5f6a7,assinatura-dev,Subscription,"{""OwnerTeam"": ""dados"", ""Environment"": ""dev""}"
3.7754,sub-a1b2c3d4,cloudfinops-demo,Billing Account,USD,2026-09-01T00:00:00Z,2026-10-01T00:00:00Z,Usage,,NAT Gateway - Network Address Translation,Usage-Based,2026-09-16T00:00:00Z,2026-09-16T23:59:59Z,,,,13.067,GB,3.7754,0.288926,3.7754,Microsoft Corporation,3.7754,0.288926,Standard,13.067,GB,brazilsouth,Brazil South,microsoft/sub-d4e5f6a7/nat-gateway,nat-gateway-dev,NAT Gateway,Networking,Network Address Translation,NAT Gateway,Microsoft Azure,MIC-NATGateway,MIC-NATGatew-brazilsouth,sub-d4e5f6a7,assinatura-dev,Subscription,"{""OwnerTeam"": ""dados"", ""Environment"": ""dev""}"
3.9214,sub-a1b2c3d4,cloudfinops-demo,Billing Account,USD,2026-09-01T00:00:00Z,2026-10-01T00:00:00Z,Usage,,NAT Gateway - Network Address Translation,Usage-Based,2026-09-17T00:00:00Z,2026-09-17T23:59:59Z,,,,39.8,GB,3.9214,0.098528,3.9214,Microsoft Corporation,3.9214,0.098528,Standard,39.8,GB,brazilsouth,Brazil South,microsoft/sub-d4e5f6a7/nat-gateway,nat-gateway-dev,NAT Gateway,Networking,Network Address Translation,NAT Gateway,Microsoft Azure,MIC-NATGateway,MIC-NATGatew-brazilsouth,sub-d4e5f6a7,assinatura-dev,Subscription,"{""OwnerTeam"": ""plataforma"", ""Environment"": ""dev""}"
3.9347,sub-a1b2c3d4,cloudfinops-demo,Billing Account,USD,2026-09-01T00:00:00Z,2026-10-01T00:00:00Z,Usage,,NAT Gateway - Network Address Translation,Usage-Based,2026-09-18T00:00:00Z,2026-09-18T23:59:59Z,,,,10.314,GB,3.9347,0.381491,3.9347,Microsoft Corporation,3.9347,0.381491,Standard,10.314,GB,brazilsouth,Brazil South,microsoft/sub-d4e5f6a7/nat-gateway,nat-gateway-dev,NAT Gateway,Networking,Network Address Translation,NAT Gateway,Microsoft Azure,MIC-NATGateway,MIC-NATGatew-brazilsouth,sub-d4e5f6a7,assinatura-dev,Subscription,"{""OwnerTeam"": ""dados"", ""Environment"": ""dev""}"
3.1699,sub-a1b2c3d4,cloudfinops-demo,Billing Account,USD,2026-09-01T00:00:00Z,2026-10-01T00:00:00Z,Usage,,NAT Gateway - Network Address Translation,Usage-Based,2026-09-19T00:00:00Z,2026-09-19T23:59:59Z,,,,9.816,GB,3.1699,0.322932,3.1699,Microsoft Corporation,3.1699,0.322932,Standard,9.816,GB,brazilsouth,Brazil South,microsoft/sub-d4e5f6a7/nat-gateway,nat-gateway-dev,NAT Gateway,Networking,Network Address Translation,NAT Gateway,Microsoft Azure,MIC-NATGateway,MIC-NATGatew-brazilsouth,sub-d4e5f6a7,assinatura-dev,Subscription,"{""OwnerTeam"": ""dados"", ""Environment"": ""dev""}"
3.3346,sub-a1b2c3d4,cloudfinops-demo,Billing Account,USD,2026-09-01T00:00:00Z,2026-10-01T00:00:00Z,Usage,,NAT Gateway - Network Address Translation,Usage-Based,2026-09-20T00:00:00Z,2026-09-20T23:59:59Z,,,,8.54,GB,3.3346,0.390468,3.3346,Microsoft Corporation,3.3346,0.390468,Standard,8.54,GB,brazilsouth,Brazil South,microsoft/sub-d4e5f6a7/nat-gateway,nat-gateway-dev,NAT Gateway,Networking,Network Address Translation,NAT Gateway,Microsoft Azure,MIC-NATGateway,MIC-NATGatew-brazilsouth,sub-d4e5f6a7,assinatura-dev,Subscription,"{""OwnerTeam"": ""dados"", ""Environment"": ""dev""}"
3.7903,sub-a1b2c3d4,cloudfinops-demo,Billing Account,USD,2026-09-01T00:00:00Z,2026-10-01T00:00:00Z,Usage,,NAT Gateway - Network Address Translation,Usage-Based,2026-09-21T00:00:00Z,2026-09-21T23:59:59Z,,,,39.059,GB,3.7903,0.09704,3.7903,Microsoft Corporation,3.7903,0.09704,Standard,39.059,GB,brazilsouth,Brazil South,microsoft/sub-d4e5f6a7/nat-gateway,nat-gateway-dev,NAT Gateway,Networking,Network Address Translation,NAT Gateway,Microsoft Azure,MIC-NATGateway,MIC-NATGatew-brazilsouth,sub-d4e5f6a7,assinatura-dev,Subscription,"{""OwnerTeam"": ""redes"", ""Environment"": ""dev""}"
3.9669,sub-a1b2c3d4,cloudfinops-demo,Billing Account,USD,2026-09-01T00:00:00Z,2026-10-01T00:00:00Z,Usage,,NAT Gateway - Network Address Translation,Usage-Based,2026-09-22T00:00:00Z,2026-09-22T23:59:59Z,,,,9.749,GB,3.9669,0.406903,3.9669,Microsoft Corporation,3.9669,0.406903,Standard,9.749,GB,brazilsouth,Brazil South,microsoft/sub-d4e5f6a7/nat-gateway,nat-gateway-dev,NAT Gateway,Networking,Network Address Translation,NAT Gateway,Microsoft Azure,MIC-NATGateway,MIC-NATGatew-brazilsouth,sub-d4e5f6a7,assinatura-dev,Subscription,"{""OwnerTeam"": ""plataforma"", ""Environment"": ""dev""}"
3.838,sub-a1b2c3d4,cloudfinops-demo,Billing Account,USD,2026-09-01T00:00:00Z,2026-10-01T00:00:00Z,Usage,,NAT Gateway - Network Address Translation,Usage-Based,2026-09-23T00:00:00Z,2026-09-23T23:59:59Z,,,,10.445,GB,3.838,0.367449,3.838,Microsoft Corporation,3.838,0.367449,Standard,10.445,GB,brazilsouth,Brazil South,microsoft/sub-d4e5f6a7/nat-gateway,nat-gateway-dev,NAT Gateway,Networking,Network Address Translation,NAT Gateway,Microsoft Azure,MIC-NATGateway,MIC-NATGatew-brazilsouth,sub-d4e5f6a7,assinatura-dev,Subscription,"{""OwnerTeam"": ""plataforma"", ""Environment"": ""dev""}"
3.8766,sub-a1b2c3d4,cloudfinops-demo,Billing Account,USD,2026-09-01T00:00:00Z,2026-10-01T00:00:00Z,Usage,,NAT Gateway - Network Address Translation,Usage-Based,2026-09-24T00:00:00Z,2026-09-24T23:59:59Z,,,,14.6,GB,3.8766,0.265521,3.8766,Microsoft Corporation,3.8766,0.265521,Standard,14.6,GB,brazilsouth,Brazil South,microsoft/sub-d4e5f6a7/nat-gateway,nat-gateway-dev,NAT Gateway,Networking,Network Address Translation,NAT Gateway,Microsoft Azure,MIC-NATGateway,MIC-NATGatew-brazilsouth,sub-d4e5f6a7,assinatura-dev,Subscription,"{""OwnerTeam"": ""dados"", ""Environment"": ""dev""}"
3.8671,sub-a1b2c3d4,cloudfinops-demo,Billing Account,USD,2026-09-01T00:00:00Z,2026-10-01T00:00:00Z,Usage,,NAT Gateway - Network Address Translation,Usage-Based,2026-09-25T00:00:00Z,2026-09-25T23:59:59Z,,,,13.363,GB,3.8671,0.289389,3.8671,Microsoft Corporation,3.8671,0.289389,Standard,13.363,GB,brazilsouth,Brazil South,microsoft/sub-d4e5f6a7/nat-gateway,nat-gateway-dev,NAT Gateway,Networking,Network Address Translation,NAT Gateway,Microsoft Azure,MIC-NATGateway,MIC-NATGatew-brazilsouth,sub-d4e5f6a7,assinatura-dev,Subscription,"{""OwnerTeam"": ""plataforma"", ""Environment"": ""dev""}"
3.146,sub-a1b2c3d4,cloudfinops-demo,Billing Account,USD,2026-09-01T00:00:00Z,2026-10-01T00:00:00Z,Usage,,NAT Gateway - Network Address Translation,Usage-Based,2026-09-26T00:00:00Z,2026-09-26T23:59:59Z,,,,22.161,GB,3.146,0.141961,3.146,Microsoft Corporation,3.146,0.141961,Standard,22.161,GB,brazilsouth,Brazil South,microsoft/sub-d4e5f6a7/nat-gateway,nat-gateway-dev,NAT Gateway,Networking,Network Address Translation,NAT Gateway,Microsoft Azure,MIC-NATGateway,MIC-NATGatew-brazilsouth,sub-d4e5f6a7,assinatura-dev,Subscription,"{""OwnerTeam"": ""redes"", ""Environment"": ""dev""}"
3.297,sub-a1b2c3d4,cloudfinops-demo,Billing Account,USD,2026-09-01T00:00:00Z,2026-10-01T00:00:00Z,Usage,,NAT Gateway - Network Address Translation,Usage-Based,2026-09-27T00:00:00Z,2026-09-27T23:59:59Z,,,,7.799,GB,3.297,0.422747,3.297,Microsoft Corporation,3.297,0.422747,Standard,7.799,GB,brazilsouth,Brazil South,microsoft/sub-d4e5f6a7/nat-gateway,nat-gateway-dev,NAT Gateway,Networking,Network Address Translation,NAT Gateway,Microsoft Azure,MIC-NATGateway,MIC-NATGatew-brazilsouth,sub-d4e5f6a7,assinatura-dev,Subscription,"{""OwnerTeam"": ""dados"", ""Environment"": ""dev""}"
3.8031,sub-a1b2c3d4,cloudfinops-demo,Billing Account,USD,2026-09-01T00:00:00Z,2026-10-01T00:00:00Z,Usage,,NAT Gateway - Network Address Translation,Usage-Based,2026-09-28T00:00:00Z,2026-09-28T23:59:59Z,,,,41.854,GB,3.8031,0.090866,3.8031,Microsoft Corporation,3.8031,0.090866,Standard,41.854,GB,brazilsouth,Brazil South,microsoft/sub-d4e5f6a7/nat-gateway,nat-gateway-dev,NAT Gateway,Networking,Network Address Translation,NAT Gateway,Microsoft Azure,MIC-NATGateway,MIC-NATGatew-brazilsouth,sub-d4e5f6a7,assinatura-dev,Subscription,"{""OwnerTeam"": ""backend"", ""Environment"": ""dev""}"
3.799,sub-a1b2c3d4,cloudfinops-demo,Billing Account,USD,2026-09-01T00:00:00Z,2026-10-01T00:00:00Z,Usage,,NAT Gateway - Network Address Translation,Usage-Based,2026-09-29T00:00:00Z,2026-09-29T23:59:59Z,,,,8.999,GB,3.799,0.422158,3.799,Microsoft Corporation,3.799,0.422158,Standard,8.999,GB,brazilsouth,Brazil South,microsoft/sub-d4e5f6a7/nat-gateway,nat-gateway-dev,NAT Gateway,Networking,Network Address Translation,NAT Gateway,Microsoft Azure,MIC-NATGateway,MIC-NATGatew-brazilsouth,sub-d4e5f6a7,assinatura-dev,Subscription,"{""OwnerTeam"": ""redes"", ""Environment"": ""dev""}"
3.9492,sub-a1b2c3d4,cloudfinops-demo,Billing Account,USD,2026-09-01T00:00:00Z,2026-10-01T00:00:00Z,Usage,,NAT Gateway - Network Address Translation,Usage-Based,2026-09-30T00:00:00Z,2026-09-30T23:59:59Z,,,,8.865,GB,3.9492,0.445482,3.9492,Microsoft Corporation,3.9492,0.445482,Standard,8.865,GB,brazilsouth,Brazil South,microsoft/sub-d4e5f6a7/nat-gateway,nat-gateway-dev,NAT Gateway,Networking,Network Address Translation,NAT Gateway,Microsoft Azure,MIC-NATGateway,MIC-NATGatew-brazilsouth,sub-d4e5f6a7,assinatura-dev,Subscription,"{""OwnerTeam"": ""redes"", ""Environment"": ""dev""}"
4.0849,sub-a1b2c3d4,cloudfinops-demo,Billing Account,USD,2026-10-01T00:00:00Z,2026-11-01T00:00:00Z,Usage,,NAT Gateway - Network Address Translation,Usage-Based,2026-10-01T00:00:00Z,2026-10-01T23:59:59Z,,,,21.389,GB,4.0849,0.190981,4.0849,Microsoft Corporation,4.0849,0.190981,Standard,21.389,GB,brazilsouth,Brazil South,microsoft/sub-d4e5f6a7/nat-gateway,nat-gateway-dev,NAT Gateway,Networking,Network Address Translation,NAT Gateway,Microsoft Azure,MIC-NATGateway,MIC-NATGatew-brazilsouth,sub-d4e5f6a7,assinatura-dev,Subscription,"{""OwnerTeam"": ""backend"", ""Environment"": ""dev""}"
3.8966,sub-a1b2c3d4,cloudfinops-demo,Billing Account,USD,2026-10-01T00:00:00Z,2026-11-01T00:00:00Z,Usage,,NAT Gateway - Network Address Translation,Usage-Based,2026-10-02T00:00:00Z,2026-10-02T23:59:59Z,,,,15.794,GB,3.8966,0.246714,3.8966,Microsoft Corporation,3.8966,0.246714,Standard,15.794,GB,brazilsouth,Brazil South,microsoft/sub-d4e5f6a7/nat-gateway,nat-gateway-dev,NAT Gateway,Networking,Network Address Translation,NAT Gateway,Microsoft Azure,MIC-NATGateway,MIC-NATGatew-brazilsouth,sub-d4e5f6a7,assinatura-dev,Subscription,"{""OwnerTeam"": ""redes"", ""Environment"": ""dev""}"
3.4416,sub-a1b2c3d4,cloudfinops-demo,Billing Account,USD,2026-10-01T00:00:00Z,2026-11-01T00:00:00Z,Usage,,NAT Gateway - Network Address Translation,Usage-Based,2026-10-03T00:00:00Z,2026-10-03T23:59:59Z,,,,33.915,GB,3.4416,0.101477,3.4416,Microsoft Corporation,3.4416,0.101477,Standard,33.915,GB,brazilsouth,Brazil South,microsoft/sub-d4e5f6a7/nat-gateway,nat-gateway-dev,NAT Gateway,Networking,Network Address Translation,NAT Gateway,Microsoft Azure,MIC-NATGateway,MIC-NATGatew-brazilsouth,sub-d4e5f6a7,assinatura-dev,Subscription,"{""OwnerTeam"": ""backend"", ""Environment"": ""dev""}"
7.178,sub-a1b2c3d4,cloudfinops-demo,Billing Account,USD,2026-08-01T00:00:00Z,2026-09-01T00:00:00Z,Usage,,Managed Disks - Block Storage,Usage-Based,2026-08-01T00:00:00Z,2026-08-01T23:59:59Z,,,,113.213,GB-Month,7.178,0.063403,7.178,Microsoft Corporation,7.178,0.063403,Standard,113.213,GB-Month,eastus,East US,microsoft/sub-a1b2c3d4/managed-disks,managed-disks-prod,Disk,Storage,Block Storage,Managed Disks,Microsoft Azure,MIC-ManagedDisks,MIC-ManagedD-eastus,sub-a1b2c3d4,assinatura-producao,Subscription,"{""OwnerTeam"": ""backend"", ""ManagedBy"": ""serverless""}"
7.5637,sub-a1b2c3d4,cloudfinops-demo,Billing Account,USD,2026-08-01T00:00:00Z,2026-09-01T00:00:00Z,Usage,,Managed Disks - Block Storage,Usage-Based,2026-08-02T00:00:00Z,2026-08-02T23:59:59Z,,,,148.397,GB-Month,7.5637,0.050969,7.5637,Microsoft Corporation,7.5637,0.050969,Standard,148.397,GB-Month,eastus,East US,microsoft/sub-a1b2c3d4/managed-disks,managed-disks-prod,Disk,Storage,Block Storage,Managed Disks,Microsoft Azure,MIC-ManagedDisks,MIC-ManagedD-eastus,sub-a1b2c3d4,assinatura-producao,Subscription,"{""OwnerTeam"": ""redes"", ""ManagedBy"": ""terraform""}"
8.6226,sub-a1b2c3d4,cloudfinops-demo,Billing Account,USD,2026-08-01T00:00:00Z,2026-09-01T00:00:00Z,Usage,,Managed Disks - Block Storage,Usage-Based,2026-08-03T00:00:00Z,2026-08-03T23:59:59Z,,,,38.092,GB-Month,8.6226,0.226362,8.6226,Microsoft Corporation,8.6226,0.226362,Standard,38.092,GB-Month,eastus,East US,microsoft/sub-a1b2c3d4/managed-disks,managed-disks-prod,Disk,Storage,Block Storage,Managed Disks,Microsoft Azure,MIC-ManagedDisks,MIC-ManagedD-eastus,sub-a1b2c3d4,assinatura-producao,Subscription,"{""OwnerTeam"": ""backend"", ""ManagedBy"": ""serverless""}"
9.0065,sub-a1b2c3d4,cloudfinops-demo,Billing Account,USD,2026-08-01T00:00:00Z,2026-09-01T00:00:00Z,Usage,,Managed Disks - Block Storage,Usage-Based,2026-08-04T00:00:00Z,2026-08-04T23:59:59Z,,,,86.955,GB-Month,9.0065,0.103577,9.0065,Microsoft Corporation,9.0065,0.103577,Standard,86.955,GB-Month,eastus,East US,microsoft/sub-a1b2c3d4/managed-disks,managed-disks-prod,Disk,Storage,Block Storage,Managed Disks,Microsoft Azure,MIC-ManagedDisks,MIC-ManagedD-eastus,sub-a1b2c3d4,assinatura-producao,Subscription,"{""OwnerTeam"": ""redes"", ""ManagedBy"": ""terraform""}"
8.9653,sub-a1b2c3d4,cloudfinops-demo,Billing Account,USD,2026-08-01T00:00:00Z,2026-09-01T00:00:00Z,Usage,,Managed Disks - Block Storage,Usage-Based,2026-08-05T00:00:00Z,2026-08-05T23:59:59Z,,,,54.39,GB-Month,8.9653,0.164834,8.9653,Microsoft Corporation,8.9653,0.164834,Standard,54.39,GB-Month,eastus,East US,microsoft/sub-a1b2c3d4/managed-disks,managed-disks-prod,Disk,Storage,Block Storage,Managed Disks,Microsoft Azure,MIC-ManagedDisks,MIC-ManagedD-eastus,sub-a1b2c3d4,assinatura-producao,Subscription,"{""OwnerTeam"": ""plataforma"", ""ManagedBy"": ""terraform""}"
8.7369,sub-a1b2c3d4,cloudfinops-demo,Billing Account,USD,2026-08-01T00:00:00Z,2026-09-01T00:00:00Z,Usage,,Managed Disks - Block Storage,Usage-Based,2026-08-06T00:00:00Z,2026-08-06T23:59:59Z,,,,31.323,GB-Month,8.7369,0.278929,8.7369,Microsoft Corporation,8.7369,0.278929,Standard,31.323,GB-Month,eastus,East US,microsoft/sub-a1b2c3d4/managed-disks,managed-disks-prod,Disk,Storage,Block Storage,Managed Disks,Microsoft Azure,MIC-ManagedDisks,MIC-ManagedD-eastus,sub-a1b2c3d4,assinatura-producao,Subscription,"{""OwnerTeam"": ""redes"", ""ManagedBy"": ""serverless""}"
8.7537,sub-a1b2c3d4,cloudfinops-demo,Billing Account,USD,2026-08-01T00:00:00Z,2026-09-01T00:00:00Z,Usage,,Managed Disks - Block Storage,Usage-Based,2026-08-07T00:00:00Z,2026-08-07T23:59:59Z,,,,19.464,GB-Month,8.7537,0.449738,8.7537,Microsoft Corporation,8.7537,0.449738,Standard,19.464,GB-Month,eastus,East US,microsoft/sub-a1b2c3d4/managed-disks,managed-disks-prod,Disk,Storage,Block Storage,Managed Disks,Microsoft Azure,MIC-ManagedDisks,MIC-ManagedD-eastus,sub-a1b2c3d4,assinatura-producao,Subscription,"{""OwnerTeam"": ""backend"", ""ManagedBy"": ""serverless""}"
7.5469,sub-a1b2c3d4,cloudfinops-demo,Billing Account,USD,2026-08-01T00:00:00Z,2026-09-01T00:00:00Z,Usage,,Managed Disks - Block Storage,Usage-Based,2026-08-08T00:00:00Z,2026-08-08T23:59:59Z,,,,18.408,GB-Month,7.5469,0.409979,7.5469,Microsoft Corporation,7.5469,0.409979,Standard,18.408,GB-Month,eastus,East US,microsoft/sub-a1b2c3d4/managed-disks,managed-disks-prod,Disk,Storage,Block Storage,Managed Disks,Microsoft Azure,MIC-ManagedDisks,MIC-ManagedD-eastus,sub-a1b2c3d4,assinatura-producao,Subscription,"{""OwnerTeam"": ""plataforma"", ""ManagedBy"": ""serverless""}"
7.1673,sub-a1b2c3d4,cloudfinops-demo,Billing Account,USD,2026-08-01T00:00:00Z,2026-09-01T00:00:00Z,Usage,,Managed Disks - Block Storage,Usage-Based,2026-08-09T00:00:00Z,2026-08-09T23:59:59Z,,,,18.088,GB-Month,7.1673,0.396246,7.1673,Microsoft Corporation,7.1673,0.396246,Standard,18.088,GB-Month,eastus,East US,microsoft/sub-a1b2c3d4/managed-disks,managed-disks-prod,Disk,Storage,Block Storage,Managed Disks,Microsoft Azure,MIC-ManagedDisks,MIC-ManagedD-eastus,sub-a1b2c3d4,assinatura-producao,Subscription,"{""OwnerTeam"": ""plataforma"", ""ManagedBy"": ""serverless""}"
8.9068,sub-a1b2c3d4,cloudfinops-demo,Billing Account,USD,2026-08-01T00:00:00Z,2026-09-01T00:00:00Z,Usage,,Managed Disks - Block Storage,Usage-Based,2026-08-10T00:00:00Z,2026-08-10T23:59:59Z,,,,19.814,GB-Month,8.9068,0.449521,8.9068,Microsoft Corporation,8.9068,0.449521,Standard,19.814,GB-Month,eastus,East US,microsoft/sub-a1b2c3d4/managed-disks,managed-disks-prod,Disk,Storage,Block Storage,Managed Disks,Microsoft Azure,MIC-ManagedDisks,MIC-ManagedD-eastus,sub-a1b2c3d4,assinatura-producao,Subscription,"{""OwnerTeam"": ""plataforma"", ""ManagedBy"": ""terraform""}"
8.7644,sub-a1b2c3d4,cloudfinops-demo,Billing Account,USD,2026-08-01T00:00:00Z,2026-09-01T00:00:00Z,Usage,,Managed Disks - Block Storage,Usage-Based,2026-08-11T00:00:00Z,2026-08-11T23:59:59Z,,,,22.766,GB-Month,8.7644,0.384978,8.7644,Microsoft Corporation,8.7644,0.384978,Standard,22.766,GB-Month,eastus,East US,microsoft/sub-a1b2c3d4/managed-disks,managed-disks-prod,Disk,Storage,Block Storage,Managed Disks,Microsoft Azure,MIC-ManagedDisks,MIC-ManagedD-eastus,sub-a1b2c3d4,assinatura-producao,Subscription,"{""OwnerTeam"": ""redes"", ""ManagedBy"": ""cloudformation""}"
8.8577,sub-a1b2c3d4,cloudfinops-demo,Billing Account,USD,2026-08-01T00:00:00Z,2026-09-01T00:00:00Z,Usage,,Managed Disks - Block Storage,Usage-Based,2026-08-12T00:00:00Z,2026-08-12T23:59:59Z,,,,304.361,GB-Month,8.8577,0.029103,8.8577,Microsoft Corporation,8.8577,0.029103,Standard,304.361,GB-Month,eastus,East US,microsoft/sub-a1b2c3d4/managed-disks,managed-disks-prod,Disk,Storage,Block Storage,Managed Disks,Microsoft Azure,MIC-ManagedDisks,MIC-ManagedD-eastus,sub-a1b2c3d4,assinatura-producao,Subscription,"{""OwnerTeam"": ""redes"", ""ManagedBy"": ""terraform""}"
8.924,sub-a1b2c3d4,cloudfinops-demo,Billing Account,USD,2026-08-01T00:00:00Z,2026-09-01T00:00:00Z,Usage,,Managed Disks - Block Storage,Usage-Based,2026-08-13T00:00:00Z,2026-08-13T23:59:59Z,,,,423.291,GB-Month,8.924,0.021082,8.924,Microsoft Corporation,8.924,0.021082,Standard,423.291,GB-Month,eastus,East US,microsoft/sub-a1b2c3d4/managed-disks,managed-disks-prod,Disk,Storage,Block Storage,Managed Disks,Microsoft Azure,MIC-ManagedDisks,MIC-ManagedD-eastus,sub-a1b2c3d4,assinatura-producao,Subscription,"{""OwnerTeam"": ""backend"", ""ManagedBy"": ""cloudformation""}"
8.9757,sub-a1b2c3d4,cloudfinops-demo,Billing Account,USD,2026-08-01T00:00:00Z,2026-09-01T00:00:00Z,Usage,,Managed Disks - Block Storage,Usage-Based,2026-08-14T00:00:00Z,2026-08-14T23:59:59Z,,,,44.976,GB-Month,8.9757,0.199566,8.9757,Microsoft Corporation,8.9757,0.199566,Standard,44.976,GB-Month,eastus,East US,microsoft/sub-a1b2c3d4/managed-disks,managed-disks-prod,Disk,Storage,Block Storage,Managed Disks,Microsoft Azure,MIC-ManagedDisks,MIC-ManagedD-eastus,sub-a1b2c3d4,assinatura-producao,Subscription,"{""OwnerTeam"": ""plataforma"", ""ManagedBy"": ""serverless""}"
7.3924,sub-a1b2c3d4,cloudfinops-demo,Billing Account,USD,2026-08-01T00:00:00Z,2026-09-01T00:00:00Z,Usage,,Managed Disks - Block Storage,Usage-Based,2026-08-15T00:00:00Z,2026-08-15T23:59:59Z,,,,39.885,GB-Month,7.3924,0.185343,7.3924,Microsoft Corporation,7.3924,0.185343,Standard,39.885,GB-Month,eastus,East US,microsoft/sub-a1b2c3d4/managed-disks,managed-disks-prod,Disk,Storage,Block Storage,Managed Disks,Microsoft Azure,MIC-ManagedDisks,MIC-ManagedD-eastus,sub-a1b2c3d4,assinatura-producao,Subscription,"{""OwnerTeam"": ""backend"", ""ManagedBy"": ""manual""}"
7.2765,sub-a1b2c3d4,cloudfinops-demo,Billing Account,USD,2026-08-01T00:00:00Z,2026-09-01T00:00:00Z,Usage,,Managed Disks - Block Storage,Usage-Based,2026-08-16T00:00:00Z,2026-08-16T23:59:59Z,,,,21.169,GB-Month,7.2765,0.343734,7.2765,Microsoft Corporation,7.2765,0.343734,Standard,21.169,GB-Month,eastus,East US,microsoft/sub-a1b2c3d4/managed-disks,managed-disks-prod,Disk,Storage,Block Storage,Managed Disks,Microsoft Azure,MIC-ManagedDisks,MIC-ManagedD-eastus,sub-a1b2c3d4,assinatura-producao,Subscription,"{""OwnerTeam"": ""redes"", ""ManagedBy"": ""serverless""}"
9.0773,sub-a1b2c3d4,cloudfinops-demo,Billing Account,USD,2026-08-01T00:00:00Z,2026-09-01T00:00:00Z,Usage,,Managed Disks - Block Storage,Usage-Based,2026-08-17T00:00:00Z,2026-08-17T23:59:59Z,,,,55.936,GB-Month,9.0773,0.16228,9.0773,Microsoft Corporation,9.0773,0.16228,Standard,55.936,GB-Month,eastus,East US,microsoft/sub-a1b2c3d4/managed-disks,managed-disks-prod,Disk,Storage,Block Storage,Managed Disks,Microsoft Azure,MIC-ManagedDisks,MIC-ManagedD-eastus,sub-a1b2c3d4,assinatura-producao,Subscription,"{""OwnerTeam"": ""dados"", ""ManagedBy"": ""manual""}"
9.1109,sub-a1b2c3d4,cloudfinops-demo,Billing Account,USD,2026-08-01T00:00:00Z,2026-09-01T00:00:00Z,Usage,,Managed Disks - Block Storage,Usage-Based,2026-08-18T00:00:00Z,2026-08-18T23:59:59Z,,,,123.979,GB-Month,9.1109,0.073487,9.1109,Microsoft Corporation,9.1109,0.073487,Standard,123.979,GB-Month,eastus,East US,microsoft/sub-a1b2c3d4/managed-disks,managed-disks-prod,Disk,Storage,Block Storage,Managed Disks,Microsoft Azure,MIC-ManagedDisks,MIC-ManagedD-eastus,sub-a1b2c3d4,assinatura-producao,Subscription,"{""OwnerTeam"": ""dados"", ""ManagedBy"": ""terraform""}"
8.6056,sub-a1b2c3d4,cloudfinops-demo,Billing Account,USD,2026-08-01T00:00:00Z,2026-09-01T00:00:00Z,Usage,,Managed Disks - Block Storage,Usage-Based,2026-08-19T00:00:00Z,2026-08-19T23:59:59Z,,,,19.288,GB-Month,8.6056,0.446163,8.6056,Microsoft Corporation,8.6056,0.446163,Standard,19.288,GB-Month,eastus,East US,microsoft/sub-a1b2c3d4/managed-disks,managed-disks-prod,Disk,Storage,Block Storage,Managed Disks,Microsoft Azure,MIC-ManagedDisks,MIC-ManagedD-eastus,sub-a1b2c3d4,assinatura-producao,Subscription,"{""OwnerTeam"": ""backend"", ""ManagedBy"": ""serverless""}"
8.5607,sub-a1b2c3d4,cloudfinops-demo,Billing Account,USD,2026-08-01T00:00:00Z,2026-09-01T00:00:00Z,Usage,,Managed Disks - Block Storage,Usage-Based,2026-08-20T00:00:00Z,2026-08-20T23:59:59Z,,,,84.98,GB-Month,8.5607,0.100738,8.5607,Microsoft Corporation,8.5607,0.100738,Standard,84.98,GB-Month,eastus,East US,microsoft/sub-a1b2c3d4/managed-disks,managed-disks-prod,Disk,Storage,Block Storage,Managed Disks,Microsoft Azure,MIC-ManagedDisks,MIC-ManagedD-eastus,sub-a1b2c3d4,assinatura-producao,Subscription,"{""OwnerTeam"": ""backend"", ""ManagedBy"": ""manual""}"
8.8427,sub-a1b2c3d4,cloudfinops-demo,Billing Account,USD,2026-08-01T00:00:00Z,2026-09-01T00:00:00Z,Usage,,Managed Disks - Block Storage,Usage-Based,2026-08-21T00:00:00Z,2026-08-21T23:59:59Z,,,,34.839,GB-Month,8.8427,0.253816,8.8427,Microsoft Corporation,8.8427,0.253816,Standard,34.839,GB-Month,eastus,East US,microsoft/sub-a1b2c3d4/managed-disks,managed-disks-prod,Disk,Storage,Block Storage,Managed Disks,Microsoft Azure,MIC-ManagedDisks,MIC-ManagedD-eastus,sub-a1b2c3d4,assinatura-producao,Subscription,"{""OwnerTeam"": ""plataforma"", ""ManagedBy"": ""terraform""}"
7.2244,sub-a1b2c3d4,cloudfinops-demo,Billing Account,USD,2026-08-01T00:00:00Z,2026-09-01T00:00:00Z,Usage,,Managed Disks - Block Storage,Usage-Based,2026-08-22T00:00:00Z,2026-08-22T23:59:59Z,,,,37.708,GB-Month,7.2244,0.191588,7.2244,Microsoft Corporation,7.2244,0.191588,Standard,37.708,GB-Month,eastus,East US,microsoft/sub-a1b2c3d4/managed-disks,managed-disks-prod,Disk,Storage,Block Storage,Managed Disks,Microsoft Azure,MIC-ManagedDisks,MIC-ManagedD-eastus,sub-a1b2c3d4,assinatura-producao,Subscription,"{""OwnerTeam"": ""redes"", ""ManagedBy"": ""serverless""}"
7.36,sub-a1b2c3d4,cloudfinops-demo,Billing Account,USD,2026-08-01T00:00:00Z,2026-09-01T00:00:00Z,Usage,,Managed Disks - Block Storage,Usage-Based,2026-08-23T00:00:00Z,2026-08-23T23:59:59Z,,,,23.245,GB-Month,7.36,0.316627,7.36,Microsoft Corporation,7.36,0.316627,Standard,23.245,GB-Month,eastus,East US,microsoft/sub-a1b2c3d4/managed-disks,managed-disks-prod,Disk,Storage,Block Storage,Managed Disks,Microsoft Azure,MIC-ManagedDisks,MIC-ManagedD-eastus,sub-a1b2c3d4,assinatura-producao,Subscription,"{""OwnerTeam"": ""dados"", ""ManagedBy"": ""serverless""}"
8.6362,sub-a1b2c3d4,cloudfinops-demo,Billing Account,USD,2026-08-01T00:00:00Z,2026-09-01T00:00:00Z,Usage,,Managed Disks - Block Storage,Usage-Based,2026-08-24T00:00:00Z,2026-08-24T23:59:59Z,,,,31.703,GB-Month,8.6362,0.27241,8.6362,Microsoft Corporation,8.6362,0.27241,Standard,31.703,GB-Month,eastus,East US,microsoft/sub-a1b2c3d4/managed-disks,managed-disks-prod,Disk,Storage,Block Storage,Managed Disks,Microsoft Azure,MIC-ManagedDisks,MIC-ManagedD-eastus,sub-a1b2c3d4,assinatura-producao,Subscription,"{""OwnerTeam"": ""dados"", ""ManagedBy"": ""manual""}"
8.7774,sub-a1b2c3d4,cloudfinops-demo,Billing Account,USD,2026-08-01T00:00:00Z,2026-09-01T00:00:00Z,Usage,,Managed Disks - Block Storage,Usage-Based,2026-08-25T00:00:00Z,2026-08-25T23:59:59Z,,,,21.436,GB-Month,8.7774,0.40947,8.7774,Microsoft Corporation,8.7774,0.40947,Standard,21.436,GB-Month,eastus,East US,microsoft/sub-a1b2c3d4/managed-disks,managed-disks-prod,Disk,Storage,Block Storage,Managed Disks,Microsoft Azure,MIC-ManagedDisks,MIC-ManagedD-eastus,sub-a1b2c3d4,assinatura-producao,Subscription,"{""OwnerTeam"": ""backend"", ""ManagedBy"": ""manual""}"
9.0668,sub-a1b2c3d4,cloudfinops-demo,Billing Account,USD,2026-08-01T00:00:00Z,2026-09-01T00:00:00Z,Usage,,Managed Disks - Block Storage,Usage-Based,2026-08-26T00:00:00Z,2026-08-26T23:59:59Z,,,,258.081,GB-Month,9.0668,0.035132,9.0668,Microsoft Corporation,9.0668,0.035132,Standard,258.081,GB-Month,eastus,East US,microsoft/sub-a1b2c3d4/managed-disks,managed-disks-prod,Disk,Storage,Block Storage,Managed Disks,Microsoft Azure,MIC-ManagedDisks,MIC-ManagedD-eastus,sub-a1b2c3d4,assinatura-producao,Subscription,"{""OwnerTeam"": ""backend"", ""ManagedBy"": ""terraform""}"
8.9994,sub-a1b2c3d4,cloudfinops-demo,Billing Account,USD,2026-08-01T00:00:00Z,2026-09-01T00:00:00Z,Usage,,Managed Disks - Block Storage,Usage-Based,2026-08-27T00:00:00Z,2026-08-27T23:59:59Z,,,,136.018,GB-Month,8.9994,0.066163,8.9994,Microsoft Corporation,8.9994,0.066163,Standard,136.018,GB-Month,eastus,East US,microsoft/sub-a1b2c3d4/managed-disks,managed-disks-prod,Disk,Storage,Block Storage,Managed Disks,Microsoft Azure,MIC-ManagedDisks,MIC-ManagedD-eastus,sub-a1b2c3d4,assinatura-producao,Subscription,"{""OwnerTeam"": ""backend"", ""ManagedBy"": ""terraform""}"
8.7497,sub-a1b2c3d4,cloudfinops-demo,Billing Account,USD,2026-08-01T00:00:00Z,2026-09-01T00:00:00Z,Usage,,Managed Disks - Block Storage,Usage-Based,2026-08-28T00:00:00Z,2026-08-28T23:59:59Z,,,,98.857,GB-Month,8.7497,0.088509,8.7497,Microsoft Corporation,8.7497,0.088509,Standard,98.857,GB-Month,eastus,East US,microsoft/sub-a1b2c3d4/managed-disks,managed-disks-prod,Disk,Storage,Block Storage,Managed Disks,Microsoft Azure,MIC-ManagedDisks,MIC-ManagedD-eastus,sub-a1b2c3d4,assinatura-producao,Subscription,"{""OwnerTeam"": ""backend"", ""ManagedBy"": ""cloudformation""}"
7.5722,sub-a1b2c3d4,cloudfinops-demo,Billing Account,USD,2026-08-01T00:00:00Z,2026-09-01T00:00:00Z,Usage,,Managed Disks - Block Storage,Usage-Based,2026-08-29T00:00:00Z,2026-08-29T23:59:59Z,,,,54.948,GB-Month,7.5722,0.137807,7.5722,Microsoft Corporation,7.5722,0.137807,Standard,54.948,GB-Month,eastus,East US,microsoft/sub-a1b2c3d4/managed-disks,managed-disks-prod,Disk,Storage,Block Storage,Managed Disks,Microsoft Azure,MIC-ManagedDisks,MIC-ManagedD-eastus,sub-a1b2c3d4,assinatura-producao,Subscription,"{""OwnerTeam"": ""backend"", ""ManagedBy"": ""cloudformation""}"
7.5192,sub-a1b2c3d4,cloudfinops-demo,Billing Account,USD,2026-08-01T00:00:00Z,2026-09-01T00:00:00Z,Usage,,Managed Disks - Block Storage,Usage-Based,2026-08-30T00:00:00Z,2026-08-30T23:59:59Z,,,,211.573,GB-Month,7.5192,0.03554,7.5192,Microsoft Corporation,7.5192,0.03554,Standard,211.573,GB-Month,eastus,East US,microsoft/sub-a1b2c3d4/managed-disks,managed-disks-prod,Disk,Storage,Block Storage,Managed Disks,Microsoft Azure,MIC-ManagedDisks,MIC-ManagedD-eastus,sub-a1b2c3d4,assinatura-producao,Subscription,"{""OwnerTeam"": ""redes"", ""ManagedBy"": ""manual""}"
8.9148,sub-a1b2c3d4,cloudfinops-demo,Billing Account,USD,2026-08-01T00:00:00Z,2026-09-01T00:00:00Z,Usage,,Managed Disks - Block Storage,Usage-Based,2026-08-31T00:00:00Z,2026-08-31T23:59:59Z,,,,24.723,GB-Month,8.9148,0.360587,8.9148,Microsoft Corporation,8.9148,0.360587,Standard,24.723,GB-Month,eastus,East US,microsoft/sub-a1b2c3d4/managed-disks,managed-disks-prod,Disk,Storage,Block Storage,Managed Disks,Microsoft Azure,MIC-ManagedDisks,MIC-ManagedD-eastus,sub-a1b2c3d4,assinatura-producao,Subscription,"{""OwnerTeam"": ""redes"", ""ManagedBy"": ""terraform""}"
9.3735,sub-a1b2c3d4,cloudfinops-demo,Billing Account,USD,2026-09-01T00:00:00Z,2026-10-01T00:00:00Z,Usage,,Managed Disks - Block Storage,Usage-Based,2026-09-01T00:00:00Z,2026-09-01T23:59:59Z,,,,93.055,GB-Month,9.3735,0.100731,9.3735,Microsoft Corporation,9.3735,0.100731,Standard,93.055,GB-Month,eastus,East US,microsoft/sub-a1b2c3d4/managed-disks,managed-disks-prod,Disk,Storage,Block Storage,Managed Disks,Microsoft Azure,MIC-ManagedDisks,MIC-ManagedD-eastus,sub-a1b2c3d4,assinatura-producao,Subscription,"{""OwnerTeam"": ""dados"", ""ManagedBy"": ""serverless""}"
9.2832,sub-a1b2c3d4,cloudfinops-demo,Billing Account,USD,2026-09-01T00:00:00Z,2026-10-01T00:00:00Z,Usage,,Managed Disks - Block Storage,Usage-Based,2026-09-02T00:00:00Z,2026-09-02T23:59:59Z,,,,102.638,GB-Month,9.2832,0.090446,9.2832,Microsoft Corporation,9.2832,0.090446,Standard,102.638,GB-Month,eastus,East US,microsoft/sub-a1b2c3d4/managed-disks,managed-disks-prod,Disk,Storage,Block Storage,Managed Disks,Microsoft Azure,MIC-ManagedDisks,MIC-ManagedD-eastus,sub-a1b2c3d4,assinatura-producao,Subscription,"{""OwnerTeam"": ""redes"", ""ManagedBy"": ""manual""}"
9.5035,sub-a1b2c3d4,cloudfinops-demo,Billing Account,USD,2026-09-01T00:00:00Z,2026-10-01T00:00:00Z,Usage,,Managed Disks - Block Storage,Usage-Based,2026-09-03T00:00:00Z,2026-09-03T23:59:59Z,,,,248.937,GB-Month,9.5035,0.038176,9.5035,Microsoft Corporation,9.5035,0.038176,Standard,248.937,GB-Month,eastus,East US,microsoft/sub-a1b2c3d4/managed-disks,managed-disks-prod,Disk,Storage,Block Storage,Managed Disks,Microsoft Azure,MIC-ManagedDisks,MIC-ManagedD-eastus,sub-a1b2c3d4,assinatura-producao,Subscription,"{""OwnerTeam"": ""backend"", ""ManagedBy"": ""serverless""}"
9.1257,sub-a1b2c3d4,cloudfinops-demo,Billing Account,USD,2026-09-01T00:00:00Z,2026-10-01T00:00:00Z,Usage,,Managed Disks - Block Storage,Usage-Based,2026-09-04T00:00:00Z,2026-09-04T23:59:59Z,,,,44.29,GB-Month,9.1257,0.206044,9.1257,Microsoft Corporation,9.1257,0.206044,Standard,44.29,GB-Month,eastus,East US,microsoft/sub-a1b2c3d4/managed-disks,managed-disks-prod,Disk,Storage,Block Storage,Managed Disks,Microsoft Azure,MIC-ManagedDisks,MIC-ManagedD-eastus,sub-a1b2c3d4,assinatura-producao,Subscription,"{""OwnerTeam"": ""redes"", ""ManagedBy"": ""cloudformation""}"
7.7141,sub-a1b2c3d4,cloudfinops-demo,Billing Account,USD,2026-09-01T00:00:00Z,2026-10-01T00:00:00Z,Usage,,Managed Disks - Block Storage,Usage-Based,2026-09-05T00:00:00Z,2026-09-05T23:59:59Z,,,,52.933,GB-Month,7.7141,0.145733,7.7141,Microsoft Corporation,7.7141,0.145733,Standard,52.933,GB-Month,eastus,East US,microsoft/sub-a1b2c3d4/managed-disks,managed-disks-prod,Disk,Storage,Block Storage,Managed Disks,Microsoft Azure,MIC-ManagedDisks,MIC-ManagedD-eastus,sub-a1b2c3d4,assinatura-producao,Subscription,"{""OwnerTeam"": ""backend"", ""ManagedBy"": ""terraform""}"
7.5062,sub-a1b2c3d4,cloudfinops-demo,Billing Account,USD,2026-09-01T00:00:00Z,2026-10-01T00:00:00Z,Usage,,Managed Disks - Block Storage,Usage-Based,2026-09-06T00:00:00Z,2026-09-06T23:59:59Z,,,,20.168,GB-Month,7.5062,0.372184,7.5062,Microsoft Corporation,7.5062,0.372184,Standard,20.168,GB-Month,eastus,East US,microsoft/sub-a1b2c3d4/managed-disks,managed-disks-prod,Disk,Storage,Block Storage,Managed Disks,Microsoft Azure,MIC-ManagedDisks,MIC-ManagedD-eastus,sub-a1b2c3d4,assinatura-producao,Subscription,"{""OwnerTeam"": ""dados"", ""ManagedBy"": ""serverless""}"
9.0453,sub-a1b2c3d4,cloudfinops-demo,Billing Account,USD,2026-09-01T00:00:00Z,2026-10-01T00:00:00Z,Usage,,Managed Disks - Block Storage,Usage-Based,2026-09-07T00:00:00Z,2026-09-07T23:59:59Z,,,,36.907,GB-Month,9.0453,0.245084,9.0453,Microsoft Corporation,9.0453,0.245084,Standard,36.907,GB-Month,eastus,East US,microsoft/sub-a1b2c3d4/managed-disks,managed-disks-prod,Disk,Storage,Block Storage,Managed Disks,Microsoft Azure,MIC-ManagedDisks,MIC-ManagedD-eastus,sub-a1b2c3d4,assinatura-producao,Subscription,"{""OwnerTeam"": ""backend"", ""ManagedBy"": ""serverless""}"
9.1995,sub-a1b2c3d4,cloudfinops-demo,Billing Account,USD,2026-09-01T00:00:00Z,2026-10-01T00:00:00Z,Usage,,Managed Disks - Block Storage,Usage-Based,2026-09-08T00:00:00Z,2026-09-08T23:59:59Z,,,,53.651,GB-Month,9.1995,0.171469,9.1995,Microsoft Corporation,9.1995,0.171469,Standard,53.651,GB-Month,eastus,East US,microsoft/sub-a1b2c3d4/managed-disks,managed-disks-prod,Disk,Storage,Block Storage,Managed Disks,Microsoft Azure,MIC-ManagedDisks,MIC-ManagedD-eastus,sub-a1b2c3d4,assinatura-producao,Subscription,"{""OwnerTeam"": ""plataforma"", ""ManagedBy"": ""serverless""}"
9.3483,sub-a1b2c3d4,cloudfinops-demo,Billing Account,USD,2026-09-01T00:00:00Z,2026-10-01T00:00:00Z,Usage,,Managed Disks - Block Storage,Usage-Based,2026-09-09T00:00:00Z,2026-09-09T23:59:59Z,,,,156.309,GB-Month,9.3483,0.059807,9.3483,Microsoft Corporation,9.3483,0.059807,Standard,156.309,GB-Month,eastus,East US,microsoft/sub-a1b2c3d4/managed-disks,managed-disks-prod,Disk,Storage,Block Storage,Managed Disks,Microsoft Azure,MIC-ManagedDisks,MIC-ManagedD-eastus,sub-a1b2c3d4,assinatura-producao,Subscription,"{""OwnerTeam"": ""backend"", ""ManagedBy"": ""manual""}"
9.1798,sub-a1b2c3d4,cloudfinops-demo,Billing Account,USD,2026-09-01T00:00:00Z,2026-10-01T00:00:00Z,Usage,,Managed Disks - Block Storage,Usage-Based,2026-09-10T00:00:00Z,2026-09-10T23:59:59Z,,,,27.683,GB-Month,9.1798,0.331604,9.1798,Microsoft Corporation,9.1798,0.331604,Standard,27.683,GB-Month,eastus,East US,microsoft/sub-a1b2c3d4/managed-disks,managed-disks-prod,Disk,Storage,Block Storage,Managed Disks,Microsoft Azure,MIC-ManagedDisks,MIC-ManagedD-eastus,sub-a1b2c3d4,assinatura-producao,Subscription,"{""OwnerTeam"": ""dados"", ""ManagedBy"": ""manual""}"
9.5092,sub-a1b2c3d4,cloudfinops-demo,Billing Account,USD,2026-09-01T00:00:00Z,2026-10-01T00:00:00Z,Usage,,Managed Disks - Block Storage,Usage-Based,2026-09-11T00:00:00Z,2026-09-11T23:59:59Z,,,,53.238,GB-Month,9.5092,0.178617,9.5092,Microsoft Corporation,9.5092,0.178617,Standard,53.238,GB-Month,eastus,East US,microsoft/sub-a1b2c3d4/managed-disks,managed-disks-prod,Disk,Storage,Block Storage,Managed Disks,Microsoft Azure,MIC-ManagedDisks,MIC-ManagedD-eastus,sub-a1b2c3d4,assinatura-producao,Subscription,"{""OwnerTeam"": ""redes"", ""ManagedBy"": ""cloudformation""}"
8.033,sub-a1b2c3d4,cloudfinops-demo,Billing Account,USD,2026-09-01T00:00:00Z,2026-10-01T00:00:00Z,Usage,,Managed Disks - Block Storage,Usage-Based,2026-09-12T00:00:00Z,2026-09-12T23:59:59Z,,,,19.555,GB-Month,8.033,0.41079,8.033,Microsoft Corporation,8.033,0.41079,Standard,19.555,GB-Month,eastus,East US,microsoft/sub-a1b2c3d4/managed-disks,managed-disks-prod,Disk,Storage,Block Storage,Managed Disks,Microsoft Azure,MIC-ManagedDisks,MIC-ManagedD-eastus,sub-a1b2c3d4,assinatura-producao,Subscription,"{""OwnerTeam"": ""plataforma"", ""ManagedBy"": ""terraform""}"
7.6598,sub-a1b2c3d4,cloudfinops-demo,Billing Account,USD,2026-09-01T00:00:00Z,2026-10-01T00:00:00Z,Usage,,Managed Disks - Block Storage,Usage-Based,2026-09-13T00:00:00Z,2026-09-13T23:59:59Z,,,,28.735,GB-Month,7.6598,0.266567,7.6598,Microsoft Corporation,7.6598,0.266567,Standard,28.735,GB-Month,eastus,East US,microsoft/sub-a1b2c3d4/managed-disks,managed-disks-prod,Disk,Storage,Block Storage,Managed Disks,Microsoft Azure,MIC-ManagedDisks,MIC-ManagedD-eastus,sub-a1b2c3d4,assinatura-producao,Subscription,"{""OwnerTeam"": ""redes"", ""ManagedBy"": ""manual""}"
9.4869,sub-a1b2c3d4,cloudfinops-demo,Billing Account,USD,2026-09-01T00:00:00Z,2026-10-01T00:00:00Z,Usage,,Managed Disks - Block Storage,Usage-Based,2026-09-14T00:00:00Z,2026-09-14T23:59:59Z,,,,29.928,GB-Month,9.4869,0.316991,9.4869,Microsoft Corporation,9.4869,0.316991,Standard,29.928,GB-Month,eastus,East US,microsoft/sub-a1b2c3d4/managed-disks,managed-disks-prod,Disk,Storage,Block Storage,Managed Disks,Microsoft Azure,MIC-ManagedDisks,MIC-ManagedD-eastus,sub-a1b2c3d4,assinatura-producao,Subscription,"{""OwnerTeam"": ""dados"", ""ManagedBy"": ""cloudformation""}"
9.1144,sub-a1b2c3d4,cloudfinops-demo,Billing Account,USD,2026-09-01T00:00:00Z,2026-10-01T00:00:00Z,Usage,,Managed Disks - Block Storage,Usage-Based,2026-09-15T00:00:00Z,2026-09-15T23:59:59Z,,,,52.431,GB-Month,9.1144,0.173836,9.1144,Microsoft Corporation,9.1144,0.173836,Standard,52.431,GB-Month,eastus,East US,microsoft/sub-a1b2c3d4/managed-disks,managed-disks-prod,Disk,Storage,Block Storage,Managed Disks,Microsoft Azure,MIC-ManagedDisks,MIC-ManagedD-eastus,sub-a1b2c3d4,assinatura-producao,Subscription,"{""OwnerTeam"": ""backend"", ""ManagedBy"": ""manual""}"
9.3373,sub-a1b2c3d4,cloudfinops-demo,Billing Account,USD,2026-09-01T00:00:00Z,2026-10-01T00:00:00Z,Usage,,Managed Disks - Block Storage,Usage-Based,2026-09-16T00:00:00Z,2026-09-16T23:59:59Z,,,,59.092,GB-Month,9.3373,0.158013,9.3373,Microsoft Corporation,9.3373,0.158013,Standard,59.092,GB-Month,eastus,East US,microsoft/sub-a1b2c3d4/managed-disks,managed-disks-prod,Disk,Storage,Block Storage,Managed Disks,Microsoft Azure,MIC-ManagedDisks,MIC-ManagedD-eastus,sub-a1b2c3d4,assinatura-producao,Subscription,"{""OwnerTeam"": ""backend"", ""ManagedBy"": ""terraform""}"
9.2272,sub-a1b2c3d4,cloudfinops-demo,Billing Account,USD,2026-09-01T00:00:00Z,2026-10-01T00:00:00Z,Usage,,Managed Disks - Block Storage,Usage-Based,2026-09-17T00:00:00Z,2026-09-17T23:59:59Z,,,,105.331,GB-Month,9.2272,0.087602,9.2272,Microsoft Corporation,9.2272,0.087602,Standard,105.331,GB-Month,eastus,East US,microsoft/sub-a1b2c3d4/managed-disks,managed-disks-prod,Disk,Storage,Block Storage,Managed Disks,Microsoft Azure,MIC-ManagedDisks,MIC-ManagedD-eastus,sub-a1b2c3d4,assinatura-producao,Subscription,"{""OwnerTeam"": ""backend"", ""ManagedBy"": ""serverless""}"
9.0989,sub-a1b2c3d4,cloudfinops-demo,Billing Account,USD,2026-09-01T00:00:00Z,2026-10-01T00:00:00Z,Usage,,Managed Disks - Block Storage,Usage-Based,2026-09-18T00:00:00Z,2026-09-18T23:59:59Z,,,,22.715,GB-Month,9.0989,0.400568,9.0989,Microsoft Corporation,9.0989,0.400568,Standard,22.715,GB-Month,eastus,East US,microsoft/sub-a1b2c3d4/managed-disks,managed-disks-prod,Disk,Storage,Block Storage,Managed Disks,Microsoft Azure,MIC-ManagedDisks,MIC-ManagedD-eastus,sub-a1b2c3d4,assinatura-producao,Subscription,"{""OwnerTeam"": ""backend"", ""ManagedBy"": ""cloudformation""}"
7.8027,sub-a1b2c3d4,cloudfinops-demo,Billing Account,USD,2026-09-01T00:00:00Z,2026-10-01T00:00:00Z,Usage,,Managed Disks - Block Storage,Usage-Based,2026-09-19T00:00:00Z,2026-09-19T23:59:59Z,,,,23.641,GB-Month,7.8027,0.330049,7.8027,Microsoft Corporation,7.8027,0.330049,Standard,23.641,GB-Month,eastus,East US,microsoft/sub-a1b2c3d4/managed-disks,managed-disks-prod,Disk,Storage,Block Storage,Managed Disks,Microsoft Azure,MIC-ManagedDisks,MIC-ManagedD-eastus,sub-a1b2c3d4,assinatura-producao,Subscription,"{""OwnerTeam"": ""dados"", ""ManagedBy"": ""cloudformation""}"
7.5361,sub-a1b2c3d4,cloudfinops-demo,Billing Account,USD,2026-09-01T00:00:00Z,2026-10-01T00:00:00Z,Usage,,Managed Disks - Block Storage,Usage-Based,2026-09-20T00:00:00Z,2026-09-20T23:59:59Z,,,,25.643,GB-Month,7.5361,0.293885,7.5361,Microsoft Corporation,7.5361,0.293885,Standard,25.643,GB-Month,eastus,East US,microsoft/sub-a1b2c3d4/managed-disks,managed-disks-prod,Disk,Storage,Block Storage,Managed Disks,Microsoft Azure,MIC-ManagedDisks,MIC-ManagedD-eastus,sub-a1b2c3d4,assinatura-producao,Subscription,"{""OwnerTeam"": ""plataforma"", ""ManagedBy"": ""terraform""}"
9.5147,sub-a1b2c3d4,cloudfinops-demo,Billing Account,USD,2026-09-01T00:00:00Z,2026-10-01T00:00:00Z,Usage,,Managed Disks - Block Storage,Usage-Based,2026-09-21T00:00:00Z,2026-09-21T23:59:59Z,,,,40.881,GB-Month,9.5147,0.232741,9.5147,Microsoft Corporation,9.5147,0.232741,Standard,40.881,GB-Month,eastus,East US,microsoft/sub-a1b2c3d4/managed-disks,managed-disks-prod,Disk,Storage,Block Storage,Managed Disks,Microsoft Azure,MIC-ManagedDisks,MIC-ManagedD-eastus,sub-a1b2c3d4,assinatura-producao,Subscription,"{""OwnerTeam"": ""dados"", ""ManagedBy"": ""cloudformation""}"
9.1426,sub-a1b2c3d4,cloudfinops-demo,Billing Account,USD,2026-09-01T00:00:00Z,2026-10-01T00:00:00Z,Usage,,Managed Disks - Block Storage,Usage-Based,2026-09-22T00:00:00Z,2026-09-22T23:59:59Z,,,,100.455,GB-Month,9.1426,0.091012,9.1426,Microsoft Corporation,9.1426,0.091012,Standard,100.455,GB-Month,eastus,East US,microsoft/sub-a1b2c3d4/managed-disks,managed-disks-prod,Disk,Storage,Block Storage,Managed Disks,Microsoft Azure,MIC-ManagedDisks,MIC-ManagedD-eastus,sub-a1b2c3d4,assinatura-producao,Subscription,"{""OwnerTeam"": ""redes"", ""ManagedBy"": ""terraform""}"
9.1739,sub-a1b2c3d4,cloudfinops-demo,Billing Account,USD,2026-09-01T00:00:00Z,2026-10-01T00:00:00Z,Usage,,Managed Disks - Block Storage,Usage-Based,2026-09-23T00:00:00Z,2026-09-23T23:59:59Z,,,,23.241,GB-Month,9.1739,0.394729,9.1739,Microsoft Corporation,9.1739,0.394729,Standard,23.241,GB-Month,eastus,East US,microsoft/sub-a1b2c3d4/managed-disks,managed-disks-prod,Disk,Storage,Block Storage,Managed Disks,Microsoft Azure,MIC-ManagedDisks,MIC-ManagedD-eastus,sub-a1b2c3d4,assinatura-producao,Subscription,"{""OwnerTeam"": ""plataforma"", ""ManagedBy"": ""serverless""}"
9.0062,sub-a1b2c3d4,cloudfinops-demo,Billing Account,USD,2026-09-01T00:00:00Z,2026-10-01T00:00:00Z,Usage,,Managed Disks - Block Storage,Usage-Based,2026-09-24T00:00:00Z,2026-09-24T23:59:59Z,,,,27.401,GB-Month,9.0062,0.328681,9.0062,Microsoft Corporation,9.0062,0.328681,Standard,27.401,GB-Month,eastus,East US,microsoft/sub-a1b2c3d4/managed-disks,managed-disks-prod,Disk,Storage,Block Storage,Managed Disks,Microsoft Azure,MIC-ManagedDisks,MIC-ManagedD-eastus,sub-a1b2c3d4,assinatura-producao,Subscription,"{""OwnerTeam"": ""plataforma"", ""ManagedBy"": ""cloudformation""}"
9.5178,sub-a1b2c3d4,cloudfinops-demo,Billing Account,USD,2026-09-01T00:00:00Z,2026-10-01T00:00:00Z,Usage,,Managed Disks - Block Storage,Usage-Based,2026-09-25T00:00:00Z,2026-09-25T23:59:59Z,,,,41.051,GB-Month,9.5178,0.231853,9.5178,Microsoft Corporation,9.5178,0.231853,Standard,41.051,GB-Month,eastus,East US,microsoft/sub-a1b2c3d4/managed-disks,managed-disks-prod,Disk,Storage,Block Storage,Managed Disks,Microsoft Azure,MIC-ManagedDisks,MIC-ManagedD-eastus,sub-a1b2c3d4,assinatura-producao,Subscription,"{""OwnerTeam"": ""dados"", ""ManagedBy"": ""manual""}"
7.5578,sub-a1b2c3d4,cloudfinops-demo,Billing Account,USD,2026-09-01T00:00:00Z,2026-10-01T00:00:00Z,Usage,,Managed Disks - Block Storage,Usage-Based,2026-09-26T00:00:00Z,2026-09-26T23:59:59Z,,,,242.246,GB-Month,7.5578,0.031199,7.5578,Microsoft Corporation,7.5578,0.031199,Standard,242.246,GB-Month,eastus,East US,microsoft/sub-a1b2c3d4/managed-disks,managed-disks-prod,Disk,Storage,Block Storage,Managed Disks,Microsoft Azure,MIC-ManagedDisks,MIC-ManagedD-eastus,sub-a1b2c3d4,assinatura-producao,Subscription,"{""OwnerTeam"": ""plataforma"", ""ManagedBy"": ""cloudformation""}"
7.7257,sub-a1b2c3d4,cloudfinops-demo,Billing Account,USD,2026-09-01T00:00:00Z,2026-10-01T00:00:00Z,Usage,,Managed Disks - Block Storage,Usage-Based,2026-09-27T00:00:00Z,2026-09-27T23:59:59Z,,,,39.823,GB-Month,7.7257,0.194001,7.7257,Microsoft Corporation,7.7257,0.194001,Standard,39.823,GB-Month,eastus,East US,microsoft/sub-a1b2c3d4/managed-disks,managed-disks-prod,Disk,Storage,Block Storage,Managed Disks,Microsoft Azure,MIC-ManagedDisks,MIC-ManagedD-eastus,sub-a1b2c3d4,assinatura-producao,Subscription,"{""OwnerTeam"": ""plataforma"", ""ManagedBy"": ""terraform""}"
9.4531,sub-a1b2c3d4,cloudfinops-demo,Billing Account,USD,2026-09-01T00:00:00Z,2026-10-01T00:00:00Z,Usage,,Managed Disks - Block Storage,Usage-Based,2026-09-28T00:00:00Z,2026-09-28T23:59:59Z,,,,21.424,GB-Month,9.4531,0.441239,9.4531,Microsoft Corporation,9.4531,0.441239,Standard,21.424,GB-Month,eastus,East US,microsoft/sub-a1b2c3d4/managed-disks,managed-disks-prod,Disk,Storage,Block Storage,Managed Disks,Microsoft Azure,MIC-ManagedDisks,MIC-ManagedD-eastus,sub-a1b2c3d4,assinatura-producao,Subscription,"{""OwnerTeam"": ""backend"", ""ManagedBy"": ""manual""}"
8.9724,sub-a1b2c3d4,cloudfinops-demo,Billing Account,USD,2026-09-01T00:00:00Z,2026-10-01T00:00:00Z,Usage,,Managed Disks - Block Storage,Usage-Based,2026-09-29T00:00:00Z,2026-09-29T23:59:59Z,,,,33.711,GB-Month,8.9724,0.266156,8.9724,Microsoft Corporation,8.9724,0.266156,Standard,33.711,GB-Month,eastus,East US,microsoft/sub-a1b2c3d4/managed-disks,managed-disks-prod,Disk,Storage,Block Storage,Managed Disks,Microsoft Azure,MIC-ManagedDisks,MIC-ManagedD-eastus,sub-a1b2c3d4,assinatura-producao,Subscription,"{""OwnerTeam"": ""plataforma"", ""ManagedBy"": ""terraform""}"
9.0444,sub-a1b2c3d4,cloudfinops-demo,Billing Account,USD,2026-09-01T00:00:00Z,2026-10-01T00:00:00Z,Usage,,Managed Disks - Block Storage,Usage-Based,2026-09-30T00:00:00Z,2026-09-30T23:59:59Z,,,,21.897,GB-Month,9.0444,0.413043,9.0444,Microsoft Corporation,9.0444,0.413043,Standard,21.897,GB-Month,eastus,East US,microsoft/sub-a1b2c3d4/managed-disks,managed-disks-prod,Disk,Storage,Block Storage,Managed Disks,Microsoft Azure,MIC-ManagedDisks,MIC-ManagedD-eastus,sub-a1b2c3d4,assinatura-producao,Subscription,"{""OwnerTeam"": ""backend"", ""ManagedBy"": ""manual""}"
9.7049,sub-a1b2c3d4,cloudfinops-demo,Billing Account,USD,2026-10-01T00:00:00Z,2026-11-01T00:00:00Z,Usage,,Managed Disks - Block Storage,Usage-Based,2026-10-01T00:00:00Z,2026-10-01T23:59:59Z,,,,21.926,GB-Month,9.7049,0.442621,9.7049,Microsoft Corporation,9.7049,0.442621,Standard,21.926,GB-Month,eastus,East US,microsoft/sub-a1b2c3d4/managed-disks,managed-disks-prod,Disk,Storage,Block Storage,Managed Disks,Microsoft Azure,MIC-ManagedDisks,MIC-ManagedD-eastus,sub-a1b2c3d4,assinatura-producao,Subscription,"{""OwnerTeam"": ""redes"", ""ManagedBy"": ""terraform""}"
9.3256,sub-a1b2c3d4,cloudfinops-demo,Billing Account,USD,2026-10-01T00:00:00Z,2026-11-01T00:00:00Z,Usage,,Managed Disks - Block Storage,Usage-Based,2026-10-02T00:00:00Z,2026-10-02T23:59:59Z,,,,25.745,GB-Month,9.3256,0.36223,9.3256,Microsoft Corporation,9.3256,0.36223,Standard,25.745,GB-Month,eastus,East US,microsoft/sub-a1b2c3d4/managed-disks,managed-disks-prod,Disk,Storage,Block Storage,Managed Disks,Microsoft Azure,MIC-ManagedDisks,MIC-ManagedD-eastus,sub-a1b2c3d4,assinatura-producao,Subscription,"{""OwnerTeam"": ""dados"", ""ManagedBy"": ""serverless""}"
7.8299,sub-a1b2c3d4,cloudfinops-demo,Billing Account,USD,2026-10-01T00:00:00Z,2026-11-01T00:00:00Z,Usage,,Managed Disks - Block Storage,Usage-Based,2026-10-03T00:00:00Z,2026-10-03T23:59:59Z,,,,33.203,GB-Month,7.8299,0.235819,7.8299,Microsoft Corporation,7.8299,0.235819,Standard,33.203,GB-Month,eastus,East US,microsoft/sub-a1b2c3d4/managed-disks,managed-disks-prod,Disk,Storage,Block Storage,Managed Disks,Microsoft Azure,MIC-ManagedDisks,MIC-ManagedD-eastus,sub-a1b2c3d4,assinatura-producao,Subscription,"{""OwnerTeam"": ""plataforma"", ""ManagedBy"": ""cloudformation""}"
2.9245,sub-a1b2c3d4,cloudfinops-demo,Billing Account,USD,2026-08-01T00:00:00Z,2026-09-01T00:00:00Z,Usage,,Managed Disks - Block Storage,Usage-Based,2026-08-01T00:00:00Z,2026-08-01T23:59:59Z,,,,37.819,GB-Month,2.9245,0.077329,2.9245,Microsoft Corporation,2.9245,0.077329,Standard,37.819,GB-Month,eastus,East US,microsoft/sub-d4e5f6a7/managed-disks,managed-disks-dev,Disk,Storage,Block Storage,Managed Disks,Microsoft Azure,MIC-ManagedDisks,MIC-ManagedD-eastus,sub-d4e5f6a7,assinatura-dev,Subscription,"{""OwnerTeam"": ""dados"", ""ManagedBy"": ""terraform""}"
2.8775,sub-a1b2c3d4,cloudfinops-demo,Billing Account,USD,2026-08-01T00:00:00Z,2026-09-01T00:00:00Z,Usage,,Managed Disks - Block Storage,Usage-Based,2026-08-02T00:00:00Z,2026-08-02T23:59:59Z,,,,14.486,GB-Month,2.8775,0.19864,2.8775,Microsoft Corporation,2.8775,0.19864,Standard,14.486,GB-Month,eastus,East US,microsoft/sub-d4e5f6a7/managed-disks,managed-disks-dev,Disk,Storage,Block Storage,Managed Disks,Microsoft Azure,MIC-ManagedDisks,MIC-ManagedD-eastus,sub-d4e5f6a7,assinatura-dev,Subscription,"{""OwnerTeam"": ""plataforma"", ""ManagedBy"": ""terraform""}"
3.4968,sub-a1b2c3d4,cloudfinops-demo,Billing Account,USD,2026-08-01T00:00:00Z,2026-09-01T00:00:00Z,Usage,,Managed Disks - Block Storage,Usage-Based,2026-08-03T00:00:00Z,2026-08-03T23:59:59Z,,,,13.044,GB-Month,3.4968,0.268077,3.4968,Microsoft Corporation,3.4968,0.268077,Standard,13.044,GB-Month,eastus,East US,microsoft/sub-d4e5f6a7/managed-disks,managed-disks-dev,Disk,Storage,Block Storage,Managed Disks,Microsoft Azure,MIC-ManagedDisks,MIC-ManagedD-eastus,sub-d4e5f6a7,assinatura-dev,Subscription,"{""OwnerTeam"": ""backend"", ""ManagedBy"": ""manual""}"
3.306,sub-a1b2c3d4,cloudfinops-demo,Billing Account,USD,2026-08-01T00:00:00Z,2026-09-01T00:00:00Z,Usage,,Managed Disks - Block Storage,Usage-Based,2026-08-04T00:00:00Z,2026-08-04T23:59:59Z,,,,14.173,GB-Month,3.306,0.23326,3.306,Microsoft Corporation,3.306,0.23326,Standard,14.173,GB-Month,eastus,East US,microsoft/sub-d4e5f6a7/managed-disks,managed-disks-dev,Disk,Storage,Block Storage,Managed Disks,Microsoft Azure,MIC-ManagedDisks,MIC-ManagedD-eastus,sub-d4e5f6a7,assinatura-dev,Subscription,"{""OwnerTeam"": ""backend"", ""ManagedBy"": ""manual""}"
3.5426,sub-a1b2c3d4,cloudfinops-demo,Billing Account,USD,2026-08-01T00:00:00Z,2026-09-01T00:00:00Z,Usage,,Managed Disks - Block Storage,Usage-Based,2026-08-05T00:00:00Z,2026-08-05T23:59:59Z,,,,14.19,GB-Month,3.5426,0.249655,3.5426,Microsoft Corporation,3.5426,0.249655,Standard,14.19,GB-Month,eastus,East US,microsoft/sub-d4e5f6a7/managed-disks,managed-disks-dev,Disk,Storage,Block Storage,Managed Disks,Microsoft Azure,MIC-ManagedDisks,MIC-ManagedD-eastus,sub-d4e5f6a7,assinatura-dev,Subscription,"{""OwnerTeam"": ""backend"", ""ManagedBy"": ""cloudformation""}"
3.3067,sub-a1b2c3d4,cloudfinops-demo,Billing Account,USD,2026-08-01T00:00:00Z,2026-09-01T00:00:00Z,Usage,,Managed Disks - Block Storage,Usage-Based,2026-08-06T00:00:00Z,2026-08-06T23:59:59Z,,,,15.278,GB-Month,3.3067,0.216435,3.3067,Microsoft Corporation,3.3067,0.216435,Standard,15.278,GB-Month,eastus,East US,microsoft/sub-d4e5f6a7/managed-disks,managed-disks-dev,Disk,Storage,Block Storage,Managed Disks,Microsoft Azure,MIC-ManagedDisks,MIC-ManagedD-eastus,sub-d4e5f6a7,assinatura-dev,Subscription,"{""OwnerTeam"": ""plataforma"", ""ManagedBy"": ""terraform""}"
3.4685,sub-a1b2c3d4,cloudfinops-demo,Billing Account,USD,2026-08-01T00:00:00Z,2026-09-01T00:00:00Z,Usage,,Managed Disks - Block Storage,Usage-Based,2026-08-07T00:00:00Z,2026-08-07T23:59:59Z,,,,65.025,GB-Month,3.4685,0.053341,3.4685,Microsoft Corporation,3.4685,0.053341,Standard,65.025,GB-Month,eastus,East US,microsoft/sub-d4e5f6a7/managed-disks,managed-disks-dev,Disk,Storage,Block Storage,Managed Disks,Microsoft Azure,MIC-ManagedDisks,MIC-ManagedD-eastus,sub-d4e5f6a7,assinatura-dev,Subscription,"{""OwnerTeam"": ""plataforma"", ""ManagedBy"": ""terraform""}"
2.8164,sub-a1b2c3d4,cloudfinops-demo,Billing Account,USD,2026-08-01T00:00:00Z,2026-09-01T00:00:00Z,Usage,,Managed Disks - Block Storage,Usage-Based,2026-08-08T00:00:00Z,2026-08-08T23:59:59Z,,,,21.576,GB-Month,2.8164,0.130534,2.8164,Microsoft Corporation,2.8164,0.130534,Standard,21.576,GB-Month,eastus,East US,microsoft/sub-d4e5f6a7/managed-disks,managed-disks-dev,Disk,Storage,Block Storage,Managed Disks,Microsoft Azure,MIC-ManagedDisks,MIC-ManagedD-eastus,sub-d4e5f6a7,assinatura-dev,Subscription,"{""OwnerTeam"": ""redes"", ""ManagedBy"": ""terraform""}"
2.934,sub-a1b2c3d4,cloudfinops-demo,Billing Account,USD,2026-08-01T00:00:00Z,2026-09-01T00:00:00Z,Usage,,Managed Disks - Block Storage,Usage-Based,2026-08-09T00:00:00Z,2026-08-09T23:59:59Z,,,,7.138,GB-Month,2.934,0.41104,2.934,Microsoft Corporation,2.934,0.41104,Standard,7.138,GB-Month,eastus,East US,microsoft/sub-d4e5f6a7/managed-disks,managed-disks-dev,Disk,Storage,Block Storage,Managed Disks,Microsoft Azure,MIC-ManagedDisks,MIC-ManagedD-eastus,sub-d4e5f6a7,assinatura-dev,Subscription,"{""OwnerTeam"": ""redes"", ""ManagedBy"": ""terraform""}"
3.4686,sub-a1b2c3d4,cloudfinops-demo,Billing Account,USD,2026-08-01T00:00:00Z,2026-09-01T00:00:00Z,Usage,,Managed Disks - Block Storage,Usage-Based,2026-08-10T00:00:00Z,2026-08-10T23:59:59Z,,,,11.98,GB-Month,3.4686,0.289533,3.4686,Microsoft Corporation,3.4686,0.289533,Standard,11.98,GB-Month,eastus,East US,microsoft/sub-d4e5f6a7/managed-disks,managed-disks-dev,Disk,Storage,Block Storage,Managed Disks,Microsoft Azure,MIC-ManagedDisks,MIC-ManagedD-eastus,sub-d4e5f6a7,assinatura-dev,Subscription,"{""OwnerTeam"": ""redes"", ""ManagedBy"": ""manual""}"
3.4475,sub-a1b2c3d4,cloudfinops-demo,Billing Account,USD,2026-08-01T00:00:00Z,2026-09-01T00:00:00Z,Usage,,Managed Disks - Block Storage,Usage-Based,2026-08-11T00:00:00Z,2026-08-11T23:59:59Z,,,,27.676,GB-Month,3.4475,0.124566,3.4475,Microsoft Corporation,3.4475,0.124566,Standard,27.676,GB-Month,eastus,East US,microsoft/sub-d4e5f6a7/managed-disks,managed-disks-dev,Disk,Storage,Block Storage,Managed Disks,Microsoft Azure,MIC-ManagedDisks,MIC-ManagedD-eastus,sub-d4e5f6a7,assinatura-dev,Subscription,"{""OwnerTeam"": ""dados"", ""ManagedBy"": ""manual""}"
3.472,sub-a1b2c3d4,cloudfinops-demo,Billing Account,USD,2026-08-01T00:00:00Z,2026-09-01T00:00:00Z,Usage,,Managed Disks - Block Storage,Usage-Based,2026-08-12T00:00:00Z,2026-08-12T23:59:59Z,,,,11.949,GB-Month,3.472,0.290568,3.472,Microsoft Corporation,3.472,0.290568,Standard,11.949,GB-Month,eastus,East US,microsoft/sub-d4e5f6a7/managed-disks,managed-disks-dev,Disk,Storage,Block Storage,Managed Disks,Microsoft Azure,MIC-ManagedDisks,MIC-ManagedD-eastus,sub-d4e5f6a7,assinatura-dev,Subscription,"{""OwnerTeam"": ""redes"", ""ManagedBy"": ""cloudformation""}"
3.5362,sub-a1b2c3d4,cloudfinops-demo,Billing Account,USD,2026-08-01T00:00:00Z,2026-09-01T00:00:00Z,Usage,,Managed Disks - Block Storage,Usage-Based,2026-08-13T00:00:00Z,2026-08-13T23:59:59Z,,,,10.548,GB-Month,3.5362,0.335248,3.5362,Microsoft Corporation,3.5362,0.335248,Standard,10.548,GB-Month,eastus,East US,microsoft/sub-d4e5f6a7/managed-disks,managed-disks-dev,Disk,Storage,Block Storage,Managed Disks,Microsoft Azure,MIC-ManagedDisks,MIC-ManagedD-eastus,sub-d4e5f6a7,assinatura-dev,Subscription,"{""OwnerTeam"": ""redes"", ""ManagedBy"": ""manual""}"
3.5061,sub-a1b2c3d4,cloudfinops-demo,Billing Account,USD,2026-08-01T00:00:00Z,2026-09-01T00:00:00Z,Usage,,Managed Disks - Block Storage,Usage-Based,2026-08-14T00:00:00Z,2026-08-14T23:59:59Z,,,,129.691,GB-Month,3.5061,0.027034,3.5061,Microsoft Corporation,3.5061,0.027034,Standard,129.691,GB-Month,eastus,East US,microsoft/sub-d4e5f6a7/managed-disks,managed-disks-dev,Disk,Storage,Block Storage,Managed Disks,Microsoft Azure,MIC-ManagedDisks,MIC-ManagedD-eastus,sub-d4e5f6a7,assinatura-dev,Subscription,"{""OwnerTeam"": ""dados"", ""ManagedBy"": ""terraform""}"
2.7865,sub-a1b2c3d4,cloudfinops-demo,Billing Account,USD,2026-08-01T00:00:00Z,2026-09-01T00:00:00Z,Usage,,Managed Disks - Block Storage,Usage-Based,2026-08-15T00:00:00Z,2026-08-15T23:59:59Z,,,,8.144,GB-Month,2.7865,0.342154,2.7865,Microsoft Corporation,2.7865,0.342154,Standard,8.144,GB-Month,eastus,East US,microsoft/sub-d4e5f6a7/managed-disks,managed-disks-dev,Disk,Storage,Block Storage,Managed Disks,Microsoft Azure,MIC-ManagedDisks,MIC-ManagedD-eastus,sub-d4e5f6a7,assinatura-dev,Subscription,"{""OwnerTeam"": ""backend"", ""ManagedBy"": ""cloudformation""}"
2.8886,sub-a1b2c3d4,cloudfinops-demo,Billing Account,USD,2026-08-01T00:00:00Z,2026-09-01T00:00:00Z,Usage,,Managed Disks - Block Storage,Usage-Based,2026-08-16T00:00:00Z,2026-08-16T23:59:59Z,,,,21.259,GB-Month,2.8886,0.135877,2.8886,Microsoft Corporation,2.8886,0.135877,Standard,21.259,GB-Month,eastus,East US,microsoft/sub-d4e5f6a7/managed-disks,managed-disks-dev,Disk,Storage,Block Storage,Managed Disks,Microsoft Azure,MIC-ManagedDisks,MIC-ManagedD-eastus,sub-d4e5f6a7,assinatura-dev,Subscription,"{""OwnerTeam"": ""redes"", ""ManagedBy"": ""cloudformation""}"
3.3647,sub-a1b2c3d4,cloudfinops-demo,Billing Account,USD,2026-08-01T00:00:00Z,2026-09-01T00:00:00Z,Usage,,Managed Disks - Block Storage,Usage-Based,2026-08-17T00:00:00Z,2026-08-17T23:59:59Z,,,,14.888,GB-Month,3.3647,0.226001,3.3647,Microsoft Corporation,3.3647,0.226001,Standard,14.888,GB-Month,eastus,East US,microsoft/sub-d4e5f6a7/managed-disks,managed-disks-dev,Disk,Storage,Block Storage,Managed Disks,Microsoft Azure,MIC-ManagedDisks,MIC-ManagedD-eastus,sub-d4e5f6a7,assinatura-dev,Subscription,"{""OwnerTeam"": ""plataforma"", ""ManagedBy"": ""serverless""}"
3.3173,sub-a1b2c3d4,cloudfinops-demo,Billing Account,USD,2026-08-01T00:00:00Z,2026-09-01T00:00:00Z,Usage,,Managed Disks - Block Storage,Usage-Based,2026-08-18T00:00:00Z,2026-08-18T23:59:59Z,,,,34.224,GB-Month,3.3173,0.096929,3.3173,Microsoft Corporation,3.3173,0.096929,Standard,34.224,GB-Month,eastus,East US,microsoft/sub-d4e5f6a7/managed-disks,managed-disks-dev,Disk,Storage,Block Storage,Managed Disks,Microsoft Azure,MIC-ManagedDisks,MIC-ManagedD-eastus,sub-d4e5f6a7,assinatura-dev,Subscription,"{""OwnerTeam"": ""redes"", ""ManagedBy"": ""serverless""}"
3.502,sub-a1b2c3d4,cloudfinops-demo,Billing Account,USD,2026-08-01T00:00:00Z,2026-09-01T00:00:00Z,Usage,,Managed Disks - Block Storage,Usage-Based,2026-08-19T00:00:00Z,2026-08-19T23:59:59Z,,,,9.105,GB-Month,3.502,0.384624,3.502,Microsoft Corporation,3.502,0.384624,Standard,9.105,GB-Month,eastus,East US,microsoft/sub-d4e5f6a7/managed-disks,managed-disks-dev,Disk,Storage,Block Storage,Managed Disks,Microsoft Azure,MIC-ManagedDisks,MIC-ManagedD-eastus,sub-d4e5f6a7,assinatura-dev,Subscription,"{""OwnerTeam"": ""dados"", ""ManagedBy"": ""cloudformation""}"
3.5088,sub-a1b2c3d4,cloudfinops-demo,Billing Account,USD,2026-08-01T00:00:00Z,2026-09-01T00:00:00Z,Usage,,Managed Disks - Block Storage,Usage-Based,2026-08-20T00:00:00Z,2026-08-20T23:59:59Z,,,,12.887,GB-Month,3.5088,0.272274,3.5088,Microsoft Corporation,3.5088,0.272274,Standard,12.887,GB-Month,eastus,East US,microsoft/sub-d4e5f6a7/managed-disks,managed-disks-dev,Disk,Storage,Block Storage,Managed Disks,Microsoft Azure,MIC-ManagedDisks,MIC-ManagedD-eastus,sub-d4e5f6a7,assinatura-dev,Subscription,"{""OwnerTeam"": ""dados"", ""ManagedBy"": ""serverless""}"
3.3953,sub-a1b2c3d4,cloudfinops-demo,Billing Account,USD,2026-08-01T00:00:00Z,2026-09-01T00:00:00Z,Usage,,Managed Disks - Block Storage,Usage-Based,2026-08-21T00:00:00Z,2026-08-21T23:59:59Z,,,,110.602,GB-Month,3.3953,0.030698,3.3953,Microsoft Corporation,3.3953,0.030698,Standard,110.602,GB-Month,eastus,East US,microsoft/sub-d4e5f6a7/managed-disks,managed-disks-dev,Disk,Storage,Block Storage,Managed Disks,Microsoft Azure,MIC-ManagedDisks,MIC-ManagedD-eastus,sub-d4e5f6a7,assinatura-dev,Subscription,"{""OwnerTeam"": ""dados"", ""ManagedBy"": ""terraform""}"
2.7936,sub-a1b2c3d4,cloudfinops-demo,Billing Account,USD,2026-08-01T00:00:00Z,2026-09-01T00:00:00Z,Usage,,Managed Disks - Block Storage,Usage-Based,2026-08-22T00:00:00Z,2026-08-22T23:59:59Z,,,,7.744,GB-Month,2.7936,0.360744,2.7936,Microsoft Corporation,2.7936,0.360744,Standard,7.744,GB-Month,eastus,East US,microsoft/sub-d4e5f6a7/managed-disks,managed-disks-dev,Disk,Storage,Block Storage,Managed Disks,Microsoft Azure,MIC-ManagedDisks,MIC-ManagedD-eastus,sub-d4e5f6a7,assinatura-dev,Subscription,"{""OwnerTeam"": ""backend"", ""ManagedBy"": ""terraform""}"
2.9009,sub-a1b2c3d4,cloudfinops-demo,Billing Account,USD,2026-08-01T00:00:00Z,2026-09-01T00:00:00Z,Usage,,Managed Disks - Block Storage,Usage-Based,2026-08-23T00:00:00Z,2026-08-23T23:59:59Z,,,,6.551,GB-Month,2.9009,0.442818,2.9009,Microsoft Corporation,2.9009,0.442818,Standard,6.551,GB-Month,eastus,East US,microsoft/sub-d4e5f6a7/managed-disks,managed-disks-dev,Disk,Storage,Block Storage,Managed Disks,Microsoft Azure,MIC-ManagedDisks,MIC-ManagedD-eastus,sub-d4e5f6a7,assinatura-dev,Subscription,"{""OwnerTeam"": ""plataforma"", ""ManagedBy"": ""serverless""}"
3.4387,sub-a1b2c3d4,cloudfinops-demo,Billing Account,USD,2026-08-01T00:00:00Z,2026-09-01T00:00:00Z,Usage,,Managed Disks - Block Storage,Usage-Based,2026-08-24T00:00:00Z,2026-08-24T23:59:59Z,,,,9.746,GB-Month,3.4387,0.352832,3.4387,Microsoft Corporation,3.4387,0.352832,Standard,9.746,GB-Month,eastus,East US,microsoft/sub-d4e5f6a7/managed-disks,managed-disks-dev,Disk,Storage,Block Storage,Managed Disks,Microsoft Azure,MIC-ManagedDisks,MIC-ManagedD-eastus,sub-d4e5f6a7,assinatura-dev,Subscription,"{""OwnerTeam"": ""backend"", ""ManagedBy"": ""terraform""}"
3.3281,sub-a1b2c3d4,cloudfinops-demo,Billing Account,USD,2026-08-01T00:00:00Z,2026-09-01T00:00:00Z,Usage,,Managed Disks - Block Storage,Usage-Based,2026-08-25T00:00:00Z,2026-08-25T23:59:59Z,,,,16.632,GB-Month,3.3281,0.200102,3.3281,Microsoft Corporation,3.3281,0.200102,Standard,16.632,GB-Month,eastus,East US,microsoft/sub-d4e5f6a7/managed-disks,managed-disks-dev,Disk,Storage,Block Storage,Managed Disks,Microsoft Azure,MIC-ManagedDisks,MIC-ManagedD-eastus,sub-d4e5f6a7,assinatura-dev,Subscription,"{""OwnerTeam"": ""backend"", ""ManagedBy"": ""serverless""}"
3.4421,sub-a1b2c3d4,cloudfinops-demo,Billing Account,USD,2026-08-01T00:00:00Z,2026-09-01T00:00:00Z,Usage,,Managed Disks - Block Storage,Usage-Based,2026-08-26T00:00:00Z,2026-08-26T23:59:59Z,,,,72.445,GB-Month,3.4421,0.047513,3.4421,Microsoft Corporation,3.4421,0.047513,Standard,72.445,GB-Month,eastus,East US,microsoft/sub-d4e5f6a7/managed-disks,managed-disks-dev,Disk,Storage,Block Storage,Managed Disks,Microsoft Azure,MIC-ManagedDisks,MIC-ManagedD-eastus,sub-d4e5f6a7,assinatura-dev,Subscription,"{""OwnerTeam"": ""dados"", ""ManagedBy"": ""terraform""}"
3.5296,sub-a1b2c3d4,cloudfinops-demo,Billing Account,USD,2026-08-01T00:00:00Z,2026-09-01T00:00:00Z,Usage,,Managed Disks - Block Storage,Usage-Based,2026-08-27T00:00:00Z,2026-08-27T23:59:59Z,,,,14.039,GB-Month,3.5296,0.251414,3.5296,Microsoft Corporation,3.5296,0.251414,Standard,14.039,GB-Month,eastus,East US,microsoft/sub-d4e5f6a7/managed-disks,managed-disks-dev,Disk,Storage,Block Storage,Managed Disks,Microsoft Azure,MIC-ManagedDisks,MIC-ManagedD-eastus,sub-d4e5f6a7,assinatura-dev,Subscription,"{""OwnerTeam"": ""backend"", ""ManagedBy"": ""manual""}"
3.4033,sub-a1b2c3d4,cloudfinops-demo,Billing Account,USD,2026-08-01T00:00:00Z,2026-09-01T00:00:00Z,Usage,,Managed Disks - Block Storage,Usage-Based,2026-08-28T00:00:00Z,2026-08-28T23:59:59Z,,,,27.61,GB-Month,3.4033,0.123263,3.4033,Microsoft Corporation,3.4033,0.123263,Standard,27.61,GB-Month,eastus,East US,microsoft/sub-d4e5f6a7/managed-disks,managed-disks-dev,Disk,Storage,Block Storage,Managed Disks,Microsoft Azure,MIC-ManagedDisks,MIC-ManagedD-eastus,sub-d4e5f6a7,assinatura-dev,Subscription,"{""OwnerTeam"": ""dados"", ""ManagedBy"": ""manual""}"
2.8621,sub-a1b2c3d4,cloudfinops-demo,Billing Account,USD,2026-08-01T00:00:00Z,2026-09-01T00:00:00Z,Usage,,Managed Disks - Block Storage,Usage-Based,2026-08-29T00:00:00Z,2026-08-29T23:59:59Z,,,,38.843,GB-Month,2.8621,0.073684,2.8621,Microsoft Corporation,2.8621,0.073684,Standard,38.843,GB-Month,eastus,East US,microsoft/sub-d4e5f6a7/managed-disks,managed-disks-dev,Disk,Storage,Block Storage,Managed Disks,Microsoft Azure,MIC-ManagedDisks,MIC-ManagedD-eastus,sub-d4e5f6a7,assinatura-dev,Subscription,"{""OwnerTeam"": ""plataforma"", ""ManagedBy"": ""cloudformation""}"
2.8488,sub-a1b2c3d4,cloudfinops-demo,Billing Account,USD,2026-08-01T00:00:00Z,2026-09-01T00:00:00Z,Usage,,Managed Disks - Block Storage,Usage-Based,2026-08-30T00:00:00Z,2026-08-30T23:59:59Z,,,,7.694,GB-Month,2.8488,0.370263,2.8488,Microsoft Corporation,2.8488,0.370263,Standard,7.694,GB-Month,eastus,East US,microsoft/sub-d4e5f6a7/managed-disks,managed-disks-dev,Disk,Storage,Block Storage,Managed Disks,Microsoft Azure,MIC-ManagedDisks,MIC-ManagedD-eastus,sub-d4e5f6a7,assinatura-dev,Subscription,"{""OwnerTeam"": ""dados"", ""ManagedBy"": ""serverless""}"
3.4818,sub-a1b2c3d4,cloudfinops-demo,Billing Account,USD,2026-08-01T00:00:00Z,2026-09-01T00:00:00Z,Usage,,Managed Disks - Block Storage,Usage-Based,2026-08-31T00:00:00Z,2026-08-31T23:59:59Z,,,,8.132,GB-Month,3.4818,0.42816,3.4818,Microsoft Corporation,3.4818,0.42816,Standard,8.132,GB-Month,eastus,East US,microsoft/sub-d4e5f6a7/managed-disks,managed-disks-dev,Disk,Storage,Block Storage,Managed Disks,Microsoft Azure,MIC-ManagedDisks,MIC-ManagedD-eastus,sub-d4e5f6a7,assinatura-dev,Subscription,"{""OwnerTeam"": ""dados"", ""ManagedBy"": ""terraform""}"
3.6427,sub-a1b2c3d4,cloudfinops-demo,Billing Account,USD,2026-09-01T00:00:00Z,2026-10-01T00:00:00Z,Usage,,Managed Disks - Block Storage,Usage-Based,2026-09-01T00:00:00Z,2026-09-01T23:59:59Z,,,,12.995,GB-Month,3.6427,0.280316,3.6427,Microsoft Corporation,3.6427,0.280316,Standard,12.995,GB-Month,eastus,East US,microsoft/sub-d4e5f6a7/managed-disks,managed-disks-dev,Disk,Storage,Block Storage,Managed Disks,Microsoft Azure,MIC-ManagedDisks,MIC-ManagedD-eastus,sub-d4e5f6a7,assinatura-dev,Subscription,"{""OwnerTeam"": ""redes"", ""ManagedBy"": ""cloudformation""}"
3.6278,sub-a1b2c3d4,cloudfinops-demo,Billing Account,USD,2026-09-01T00:00:00Z,2026-10-01T00:00:00Z,Usage,,Managed Disks - Block Storage,Usage-Based,2026-09-02T00:00:00Z,2026-09-02T23:59:59Z,,,,26.309,GB-Month,3.6278,0.137892,3.6278,Microsoft Corporation,3.6278,0.137892,Standard,26.309,GB-Month,eastus,East US,microsoft/sub-d4e5f6a7/managed-disks,managed-disks-dev,Disk,Storage,Block Storage,Managed Disks,Microsoft Azure,MIC-ManagedDisks,MIC-ManagedD-eastus,sub-d4e5f6a7,assinatura-dev,Subscription,"{""OwnerTeam"": ""redes"", ""ManagedBy"": ""cloudformation""}"
3.5849,sub-a1b2c3d4,cloudfinops-demo,Billing Account,USD,2026-09-01T00:00:00Z,2026-10-01T00:00:00Z,Usage,,Managed Disks - Block Storage,Usage-Based,2026-09-03T00:00:00Z,2026-09-03T23:59:59Z,,,,9.205,GB-Month,3.5849,0.389451,3.5849,Microsoft Corporation,3.5849,0.389451,Standard,9.205,GB-Month,eastus,East US,microsoft/sub-d4e5f6a7/managed-disks,managed-disks-dev,Disk,Storage,Block Storage,Managed Disks,Microsoft Azure,MIC-ManagedDisks,MIC-ManagedD-eastus,sub-d4e5f6a7,assinatura-dev,Subscription,"{""OwnerTeam"": ""backend"", ""ManagedBy"": ""cloudformation""}"
3.6534,sub-a1b2c3d4,cloudfinops-demo,Billing Account,USD,2026-09-01T00:00:00Z,2026-10-01T00:00:00Z,Usage,,Managed Disks - Block Storage,Usage-Based,2026-09-04T00:00:00Z,2026-09-04T23:59:59Z,,,,17.023,GB-Month,3.6534,0.214616,3.6534,Microsoft Corporation,3.6534,0.214616,Standard,17.023,GB-Month,eastus,East US,microsoft/sub-d4e5f6a7/managed-disks,managed-disks-dev,Disk,Storage,Block Storage,Managed Disks,Microsoft Azure,MIC-ManagedDisks,MIC-ManagedD-eastus,sub-d4e5f6a7,assinatura-dev,Subscription,"{""OwnerTeam"": ""plataforma"", ""ManagedBy"": ""cloudformation""}"
2.9551,sub-a1b2c3d4,cloudfinops-demo,Billing Account,USD,2026-09-01T00:00:00Z,2026-10-01T00:00:00Z,Usage,,Managed Disks - Block Storage,Usage-Based,2026-09-05T00:00:00Z,2026-09-05T23:59:59Z,,,,9.529,GB-Month,2.9551,0.310116,2.9551,Microsoft Corporation,2.9551,0.310116,Standard,9.529,GB-Month,eastus,East US,microsoft/sub-d4e5f6a7/managed-disks,managed-disks-dev,Disk,Storage,Block Storage,Managed Disks,Microsoft Azure,MIC-ManagedDisks,MIC-ManagedD-eastus,sub-d4e5f6a7,assinatura-dev,Subscription,"{""OwnerTeam"": ""dados"", ""ManagedBy"": ""cloudformation""}"
2.9298,sub-a1b2c3d4,cloudfinops-demo,Billing Account,USD,2026-09-01T00:00:00Z,2026-10-01T00:00:00Z,Usage,,Managed Disks - Block Storage,Usage-Based,2026-09-06T00:00:00Z,2026-09-06T23:59:59Z,,,,22.715,GB-Month,2.9298,0.128981,2.9298,Microsoft Corporation,2.9298,0.128981,Standard,22.715,GB-Month,eastus,East US,microsoft/sub-d4e5f6a7/managed-disks,managed-disks-dev,Disk,Storage,Block Storage,Managed Disks,Microsoft Azure,MIC-ManagedDisks,MIC-ManagedD-eastus,sub-d4e5f6a7,assinatura-dev,Subscription,"{""OwnerTeam"": ""dados"", ""ManagedBy"": ""cloudformation""}"
3.5264,sub-a1b2c3d4,cloudfinops-demo,Billing Account,USD,2026-09-01T00:00:00Z,2026-10-01T00:00:00Z,Usage,,Managed Disks - Block Storage,Usage-Based,2026-09-07T00:00:00Z,2026-09-07T23:59:59Z,,,,50.092,GB-Month,3.5264,0.070398,3.5264,Microsoft Corporation,3.5264,0.070398,Standard,50.092,GB-Month,eastus,East US,microsoft/sub-d4e5f6a7/managed-disks,managed-disks-dev,Disk,Storage,Block Storage,Managed Disks,Microsoft Azure,MIC-ManagedDisks,MIC-ManagedD-eastus,sub-d4e5f6a7,assinatura-dev,Subscription,"{""OwnerTeam"": ""plataforma"", ""ManagedBy"": ""cloudformation""}"
3.6219,sub-a1b2c3d4,cloudfinops-demo,Billing Account,USD,2026-09-01T00:00:00Z,2026-10-01T00:00:00Z,Usage,,Managed Disks - Block Storage,Usage-Based,2026-09-08T00:00:00Z,2026-09-08T23:59:59Z,,,,8.72,GB-Month,3.6219,0.415356,3.6219,Microsoft Corporation,3.6219,0.415356,Standard,8.72,GB-Month,eastus,East US,microsoft/sub-d4e5f6a7/managed-disks,managed-disks-dev,Disk,Storage,Block Storage,Managed Disks,Microsoft Azure,MIC-ManagedDisks,MIC-ManagedD-eastus,sub-d4e5f6a7,assinatura-dev,Subscription,"{""OwnerTeam"": ""dados"", ""ManagedBy"": ""terraform""}"
3.5381,sub-a1b2c3d4,cloudfinops-demo,Billing Account,USD,2026-09-01T00:00:00Z,2026-10-01T00:00:00Z,Usage,,Managed Disks - Block Storage,Usage-Based,2026-09-09T00:00:00Z,2026-09-09T23:59:59Z,,,,10.24,GB-Month,3.5381,0.345518,3.5381,Microsoft Corporation,3.5381,0.345518,Standard,10.24,GB-Month,eastus,East US,microsoft/sub-d4e5f6a7/managed-disks,managed-disks-dev,Disk,Storage,Block Storage,Managed Disks,Microsoft Azure,MIC-ManagedDisks,MIC-ManagedD-eastus,sub-d4e5f6a7,assinatura-dev,Subscription,"{""OwnerTeam"": ""redes"", ""ManagedBy"": ""serverless""}"
3.5657,sub-a1b2c3d4,cloudfinops-demo,Billing Account,USD,2026-09-01T00:00:00Z,2026-10-01T00:00:00Z,Usage,,Managed Disks - Block Storage,Usage-Based,2026-09-10T00:00:00Z,2026-09-10T23:59:59Z,,,,38.674,GB-Month,3.5657,0.092199,3.5657,Microsoft Corporation,3.5657,0.092199,Standard,38.674,GB-Month,eastus,East US,microsoft/sub-d4e5f6a7/managed-disks,managed-disks-dev,Disk,Storage,Block Storage,Managed Disks,Microsoft Azure,MIC-ManagedDisks,MIC-ManagedD-eastus,sub-d4e5f6a7,assinatura-dev,Subscription,"{""OwnerTeam"": ""redes"", ""ManagedBy"": ""manual""}"
3.5809,sub-a1b2c3d4,cloudfinops-demo,Billing Account,USD,2026-09-01T00:00:00Z,2026-10-01T00:00:00Z,Usage,,Managed Disks - Block Storage,Usage-Based,2026-09-11T00:00:00Z,2026-09-11T23:59:59Z,,,,32.425,GB-Month,3.5809,0.110436,3.5809,Microsoft Corporation,3.5809,0.110436,Standard,32.425,GB-Month,eastus,East US,microsoft/sub-d4e5f6a7/managed-disks,managed-disks-dev,Disk,Storage,Block Storage,Managed Disks,Microsoft Azure,MIC-ManagedDisks,MIC-ManagedD-eastus,sub-d4e5f6a7,assinatura-dev,Subscription,"{""OwnerTeam"": ""dados"", ""ManagedBy"": ""cloudformation""}"
3.024,sub-a1b2c3d4,cloudfinops-demo,Billing Account,USD,2026-09-01T00:00:00Z,2026-10-01T00:00:00Z,Usage,,Managed Disks - Block Storage,Usage-Based,2026-09-12T00:00:00Z,2026-09-12T23:59:59Z,,,,22.042,GB-Month,3.024,0.137193,3.024,Microsoft Corporation,3.024,0.137193,Standard,22.042,GB-Month,eastus,East US,microsoft/sub-d4e5f6a7/managed-disks,managed-disks-dev,Disk,Storage,Block Storage,Managed Disks,Microsoft Azure,MIC-ManagedDisks,MIC-ManagedD-eastus,sub-d4e5f6a7,assinatura-dev,Subscription,"{""OwnerTeam"": ""redes"", ""ManagedBy"": ""serverless""}"
2.9831,sub-a1b2c3d4,cloudfinops-demo,Billing Account,USD,2026-09-01T00:00:00Z,2026-10-01T00:00:00Z,Usage,,Managed Disks - Block Storage,Usage-Based,2026-09-13T00:00:00Z,2026-09-13T23:59:59Z,,,,17.779,GB-Month,2.9831,0.167788,2.9831,Microsoft Corporation,2.9831,0.167788,Standard,17.779,GB-Month,eastus,East US,microsoft/sub-d4e5f6a7/managed-disks,managed-disks-dev,Disk,Storage,Block Storage,Managed Disks,Microsoft Azure,MIC-ManagedDisks,MIC-ManagedD-eastus,sub-d4e5f6a7,assinatura-dev,Subscription,"{""OwnerTeam"": ""backend"", ""ManagedBy"": ""manual""}"
3.6712,sub-a1b2c3d4,cloudfinops-demo,Billing Account,USD,2026-09-01T00:00:00Z,2026-10-01T00:00:00Z,Usage,,Managed Disks - Block Storage,Usage-Based,2026-09-14T00:00:00Z,2026-09-14T23:59:59Z,,,,38.035,GB-Month,3.6712,0.096522,3.6712,Microsoft Corporation,3.6712,0.096522,Standard,38.035,GB-Month,eastus,East US,microsoft/sub-d4e5f6a7/managed-disks,managed-disks-dev,Disk,Storage,Block Storage,Managed Disks,Microsoft Azure,MIC-ManagedDisks,MIC-ManagedD-eastus,sub-d4e5f6a7,assinatura-dev,Subscription,"{""OwnerTeam"": ""backend"", ""ManagedBy"": ""cloudformation""}"
3.468,sub-a1b2c3d4,cloudfinops-demo,Billing Account,USD,2026-09-01T00:00:00Z,2026-10-01T00:00:00Z,Usage,,Managed Disks - Block Storage,Usage-Based,2026-09-15T00:00:00Z,2026-09-15T23:59:59Z,,,,9.205,GB-Month,3.468,0.376752,3.468,Microsoft Corporation,3.468,0.376752,Standard,9.205,GB-Month,eastus,East US,microsoft/sub-d4e5f6a7/managed-disks,managed-disks-dev,Disk,Storage,Block Storage,Managed Disks,Microsoft Azure,MIC-ManagedDisks,MIC-ManagedD-eastus,sub-d4e5f6a7,assinatura-dev,Subscription,"{""OwnerTeam"": ""backend"", ""ManagedBy"": ""cloudformation""}"
3.6582,sub-a1b2c3d4,cloudfinops-demo,Billing Account,USD,2026-09-01T00:00:00Z,2026-10-01T00:00:00Z,Usage,,Managed Disks - Block Storage,Usage-Based,2026-09-16T00:00:00Z,2026-09-16T23:59:59Z,,,,8.622,GB-Month,3.6582,0.424287,3.6582,Microsoft Corporation,3.6582,0.424287,Standard,8.622,GB-Month,eastus,East US,microsoft/sub-d4e5f6a7/managed-disks,managed-disks-dev,Disk,Storage,Block Storage,Managed Disks,Microsoft Azure,MIC-ManagedDisks,MIC-ManagedD-eastus,sub-d4e5f6a7,assinatura-dev,Subscription,"{""OwnerTeam"": ""backend"", ""ManagedBy"": ""cloudformation""}"
3.639,sub-a1b2c3d4,cloudfinops-demo,Billing Account,USD,2026-09-01T00:00:00Z,2026-10-01T00:00:00Z,Usage,,Managed Disks - Block Storage,Usage-Based,2026-09-17T00:00:00Z,2026-09-17T23:59:59Z,,,,9.098,GB-Month,3.639,0.399978,3.639,Microsoft Corporation,3.639,0.399978,Standard,9.098,GB-Month,eastus,East US,microsoft/sub-d4e5f6a7/managed-disks,managed-disks-dev,Disk,Storage,Block Storage,Managed Disks,Microsoft Azure,MIC-ManagedDisks,MIC-ManagedD-eastus,sub-d4e5f6a7,assinatura-dev,Subscription,"{""OwnerTeam"": ""backend"", ""ManagedBy"": ""cloudformation""}"
3.6897,sub-a1b2c3d4,cloudfinops-demo,Billing Account,USD,2026-09-01T00:00:00Z,2026-10-01T00:00:00Z,Usage,,Managed Disks - Block Storage,Usage-Based,2026-09-18T00:00:00Z,2026-09-18T23:59:59Z,,,,8.677,GB-Month,3.6897,0.425228,3.6897,Microsoft Corporation,3.6897,0.425228,Standard,8.677,GB-Month,eastus,East US,microsoft/sub-d4e5f6a7/managed-disks,managed-disks-dev,Disk,Storage,Block Storage,Managed Disks,Microsoft Azure,MIC-ManagedDisks,MIC-ManagedD-eastus,sub-d4e5f6a7,assinatura-dev,Subscription,"{""OwnerTeam"": ""dados"", ""ManagedBy"": ""manual""}"
3.0755,sub-a1b2c3d4,cloudfinops-demo,Billing Account,USD,2026-09-01T00:00:00Z,2026-10-01T00:00:00Z,Usage,,Managed Disks - Block Storage,Usage-Based,2026-09-19T00:00:00Z,2026-09-19T23:59:59Z,,,,7.078,GB-Month,3.0755,0.434515,3.0755,Microsoft Corporation,3.0755,0.434515,Standard,7.078,GB-Month,eastus,East US,microsoft/sub-d4e5f6a7/managed-disks,managed-disks-dev,Disk,Storage,Block Storage,Managed Disks,Microsoft Azure,MIC-ManagedDisks,MIC-ManagedD-eastus,sub-d4e5f6a7,assinatura-dev,Subscription,"{""OwnerTeam"": ""redes"", ""ManagedBy"": ""serverless""}"
2.9829,sub-a1b2c3d4,cloudfinops-demo,Billing Account,USD,2026-09-01T00:00:00Z,2026-10-01T00:00:00Z,Usage,,Managed Disks - Block Storage,Usage-Based,2026-09-20T00:00:00Z,2026-09-20T23:59:59Z,,,,10.135,GB-Month,2.9829,0.294317,2.9829,Microsoft Corporation,2.9829,0.294317,Standard,10.135,GB-Month,eastus,East US,microsoft/sub-d4e5f6a7/managed-disks,managed-disks-dev,Disk,Storage,Block Storage,Managed Disks,Microsoft Azure,MIC-ManagedDisks,MIC-ManagedD-eastus,sub-d4e5f6a7,assinatura-dev,Subscription,"{""OwnerTeam"": ""plataforma"", ""ManagedBy"": ""terraform""}"
3.5221,sub-a1b2c3d4,cloudfinops-demo,Billing Account,USD,2026-09-01T00:00:00Z,2026-10-01T00:00:00Z,Usage,,Managed Disks - Block Storage,Usage-Based,2026-09-21T00:00:00Z,2026-09-21T23:59:59Z,,,,8.999,GB-Month,3.5221,0.391388,3.5221,Microsoft Corporation,3.5221,0.391388,Standard,8.999,GB-Month,eastus,East US,microsoft/sub-d4e5f6a7/managed-disks,managed-disks-dev,Disk,Storage,Block Storage,Managed Disks,Microsoft Azure,MIC-ManagedDisks,MIC-ManagedD-eastus,sub-d4e5f6a7,assinatura-dev,Subscription,"{""OwnerTeam"": ""plataforma"", ""ManagedBy"": ""serverless""}"
3.5878,sub-a1b2c3d4,cloudfinops-demo,Billing Account,USD,2026-09-01T00:00:00Z,2026-10-01T00:00:00Z,Usage,,Managed Disks - Block Storage,Usage-Based,2026-09-22T00:00:00Z,2026-09-22T23:59:59Z,,,,8.473,GB-Month,3.5878,0.423439,3.5878,Microsoft Corporation,3.5878,0.423439,Standard,8.473,GB-Month,eastus,East US,microsoft/sub-d4e5f6a7/managed-disks,managed-disks-dev,Disk,Storage,Block Storage,Managed Disks,Microsoft Azure,MIC-ManagedDisks,MIC-ManagedD-eastus,sub-d4e5f6a7,assinatura-dev,Subscription,"{""OwnerTeam"": ""dados"", ""ManagedBy"": ""terraform""}"
3.6115,sub-a1b2c3d4,cloudfinops-demo,Billing Account,USD,2026-09-01T00:00:00Z,2026-10-01T00:00:00Z,Usage,,Managed Disks - Block Storage,Usage-Based,2026-09-23T00:00:00Z,2026-09-23T23:59:59Z,,,,9.508,GB-Month,3.6115,0.379838,3.6115,Microsoft Corporation,3.6115,0.379838,Standard,9.508,GB-Month,eastus,East US,microsoft/sub-d4e5f6a7/managed-disks,managed-disks-dev,Disk,Storage,Block Storage,Managed Disks,Microsoft Azure,MIC-ManagedDisks,MIC-ManagedD-eastus,sub-d4e5f6a7,assinatura-dev,Subscription,"{""OwnerTeam"": ""redes"", ""ManagedBy"": ""cloudformation""}"
3.5251,sub-a1b2c3d4,cloudfinops-demo,Billing Account,USD,2026-09-01T00:00:00Z,2026-10-01T00:00:00Z,Usage,,Managed Disks - Block Storage,Usage-Based,2026-09-24T00:00:00Z,2026-09-24T23:59:59Z,,,,8.135,GB-Month,3.5251,0.433325,3.5251,Microsoft Corporation,3.5251,0.433325,Standard,8.135,GB-Month,eastus,East US,microsoft/sub-d4e5f6a7/managed-disks,managed-disks-dev,Disk,Storage,Block Storage,Managed Disks,Microsoft Azure,MIC-ManagedDisks,MIC-ManagedD-eastus,sub-d4e5f6a7,assinatura-dev,Subscription,"{""OwnerTeam"": ""redes"", ""ManagedBy"": ""manual""}"
3.7105,sub-a1b2c3d4,cloudfinops-demo,Billing Account,USD,2026-09-01T00:00:00Z,2026-10-01T00:00:00Z,Usage,,Managed Disks - Block Storage,Usage-Based,2026-09-25T00:00:00Z,2026-09-25T23:59:59Z,,,,49.174,GB-Month,3.7105,0.075457,3.7105,Microsoft Corporation,3.7105,0.075457,Standard,49.174,GB-Month,eastus,East US,microsoft/sub-d4e5f6a7/managed-disks,managed-disks-dev,Disk,Storage,Block Storage,Managed Disks,Microsoft Azure,MIC-ManagedDisks,MIC-ManagedD-eastus,sub-d4e5f6a7,assinatura-dev,Subscription,"{""OwnerTeam"": ""dados"", ""ManagedBy"": ""cloudformation""}"
2.9879,sub-a1b2c3d4,cloudfinops-demo,Billing Account,USD,2026-09-01T00:00:00Z,2026-10-01T00:00:00Z,Usage,,Managed Disks - Block Storage,Usage-Based,2026-09-26T00:00:00Z,2026-09-26T23:59:59Z,,,,7.598,GB-Month,2.9879,0.393248,2.9879,Microsoft Corporation,2.9879,0.393248,Standard,7.598,GB-Month,eastus,East US,microsoft/sub-d4e5f6a7/managed-disks,managed-disks-dev,Disk,Storage,Block Storage,Managed Disks,Microsoft Azure,MIC-ManagedDisks,MIC-ManagedD-eastus,sub-d4e5f6a7,assinatura-dev,Subscription,"{""OwnerTeam"": ""plataforma"", ""ManagedBy"": ""serverless""}"
3.073,sub-a1b2c3d4,cloudfinops-demo,Billing Account,USD,2026-09-01T00:00:00Z,2026-10-01T00:00:00Z,Usage,,Managed Disks - Block Storage,Usage-Based,2026-09-27T00:00:00Z,2026-09-27T23:59:59Z,,,,13.015,GB-Month,3.073,0.236112,3.073,Microsoft Corporation,3.073,0.236112,Standard,13.015,GB-Month,eastus,East US,microsoft/sub-d4e5f6a7/managed-disks,managed-disks-dev,Disk,Storage,Block Storage,Managed Disks,Microsoft Azure,MIC-ManagedDisks,MIC-ManagedD-eastus,sub-d4e5f6a7,assinatura-dev,Subscription,"{""OwnerTeam"": ""plataforma"", ""ManagedBy"": ""serverless""}"
3.633,sub-a1b2c3d4,cloudfinops-demo,Billing Account,USD,2026-09-01T00:00:00Z,2026-10-01T00:00:00Z,Usage,,Managed Disks - Block Storage,Usage-Based,2026-09-28T00:00:00Z,2026-09-28T23:59:59Z,,,,21.303,GB-Month,3.633,0.170539,3.633,Microsoft Corporation,3.633,0.170539,Standard,21.303,GB-Month,eastus,East US,microsoft/sub-d4e5f6a7/managed-disks,managed-disks-dev,Disk,Storage,Block Storage,Managed Disks,Microsoft Azure,MIC-ManagedDisks,MIC-ManagedD-eastus,sub-d4e5f6a7,assinatura-dev,Subscription,"{""OwnerTeam"": ""dados"", ""ManagedBy"": ""serverless""}"
3.498,sub-a1b2c3d4,cloudfinops-demo,Billing Account,USD,2026-09-01T00:00:00Z,2026-10-01T00:00:00Z,Usage,,Managed Disks - Block Storage,Usage-Based,2026-09-29T00:00:00Z,2026-09-29T23:59:59Z,,,,32.603,GB-Month,3.498,0.107291,3.498,Microsoft Corporation,3.498,0.107291,Standard,32.603,GB-Month,eastus,East US,microsoft/sub-d4e5f6a7/managed-disks,managed-disks-dev,Disk,Storage,Block Storage,Managed Disks,Microsoft Azure,MIC-ManagedDisks,MIC-ManagedD-eastus,sub-d4e5f6a7,assinatura-dev,Subscription,"{""OwnerTeam"": ""plataforma"", ""ManagedBy"": ""cloudformation""}"
3.5544,sub-a1b2c3d4,cloudfinops-demo,Billing Account,USD,2026-09-01T00:00:00Z,2026-10-01T00:00:00Z,Usage,,Managed Disks - Block Storage,Usage-Based,2026-09-30T00:00:00Z,2026-09-30T23:59:59Z,,,,22.75,GB-Month,3.5544,0.156237,3.5544,Microsoft Corporation,3.5544,0.156237,Standard,22.75,GB-Month,eastus,East US,microsoft/sub-d4e5f6a7/managed-disks,managed-disks-dev,Disk,Storage,Block Storage,Managed Disks,Microsoft Azure,MIC-ManagedDisks,MIC-ManagedD-eastus,sub-d4e5f6a7,assinatura-dev,Subscription,"{""OwnerTeam"": ""dados"", ""ManagedBy"": ""terraform""}"
3.8236,sub-a1b2c3d4,cloudfinops-demo,Billing Account,USD,2026-10-01T00:00:00Z,2026-11-01T00:00:00Z,Usage,,Managed Disks - Block Storage,Usage-Based,2026-10-01T00:00:00Z,2026-10-01T23:59:59Z,,,,43.017,GB-Month,3.8236,0.088886,3.8236,Microsoft Corporation,3.8236,0.088886,Standard,43.017,GB-Month,eastus,East US,microsoft/sub-d4e5f6a7/managed-disks,managed-disks-dev,Disk,Storage,Block Storage,Managed Disks,Microsoft Azure,MIC-ManagedDisks,MIC-ManagedD-eastus,sub-d4e5f6a7,assinatura-dev,Subscription,"{""OwnerTeam"": ""plataforma"", ""ManagedBy"": ""manual""}"
3.7516,sub-a1b2c3d4,cloudfinops-demo,Billing Account,USD,2026-10-01T00:00:00Z,2026-11-01T00:00:00Z,Usage,,Managed Disks - Block Storage,Usage-Based,2026-10-02T00:00:00Z,2026-10-02T23:59:59Z,,,,14.283,GB-Month,3.7516,0.262662,3.7516,Microsoft Corporation,3.7516,0.262662,Standard,14.283,GB-Month,eastus,East US,microsoft/sub-d4e5f6a7/managed-disks,managed-disks-dev,Disk,Storage,Block Storage,Managed Disks,Microsoft Azure,MIC-ManagedDisks,MIC-ManagedD-eastus,sub-d4e5f6a7,assinatura-dev,Subscription,"{""OwnerTeam"": ""backend"", ""ManagedBy"": ""serverless""}"
3.119,sub-a1b2c3d4,cloudfinops-demo,Billing Account,USD,2026-10-01T00:00:00Z,2026-11-01T00:00:00Z,Usage,,Managed Disks - Block Storage,Usage-Based,2026-10-03T00:00:00Z,2026-10-03T23:59:59Z,,,,7.805,GB-Month,3.119,0.399616,3.119,Microsoft Corporation,3.119,0.399616,Standard,7.805,GB-Month,eastus,East US,microsoft/sub-d4e5f6a7/managed-disks,managed-disks-dev,Disk,Storage,Block Storage,Managed Disks,Microsoft Azure,MIC-ManagedDisks,MIC-ManagedD-eastus,sub-d4e5f6a7,assinatura-dev,Subscription,"{""OwnerTeam"": ""redes"", ""ManagedBy"": ""terraform""}"
6.5608,sub-a1b2c3d4,cloudfinops-demo,Billing Account,USD,2026-08-01T00:00:00Z,2026-09-01T00:00:00Z,Usage,,Azure Monitor - Monitoring,Usage-Based,2026-08-01T00:00:00Z,2026-08-01T23:59:59Z,,,,143.295,GB,6.5608,0.045785,6.5608,Microsoft Corporation,6.5608,0.045785,Standard,143.295,GB,eastus,East US,microsoft/sub-a1b2c3d4/azure-monitor,azure-monitor-prod,Workspace,Management and Governance,Monitoring,Azure Monitor,Microsoft Azure,MIC-AzureMonitor,MIC-AzureMon-eastus,sub-a1b2c3d4,assinatura-producao,Subscription,"{""Environment"": ""prod"", ""ManagedBy"": ""terraform""}"
6.2498,sub-a1b2c3d4,cloudfinops-demo,Billing Account,USD,2026-08-01T00:00:00Z,2026-09-01T00:00:00Z,Usage,,Azure Monitor - Monitoring,Usage-Based,2026-08-02T00:00:00Z,2026-08-02T23:59:59Z,,,,15.204,GB,6.2498,0.411063,6.2498,Microsoft Corporation,6.2498,0.411063,Standard,15.204,GB,eastus,East US,microsoft/sub-a1b2c3d4/azure-monitor,azure-monitor-prod,Workspace,Management and Governance,Monitoring,Azure Monitor,Microsoft Azure,MIC-AzureMonitor,MIC-AzureMon-eastus,sub-a1b2c3d4,assinatura-producao,Subscription,"{""Environment"": ""prod"", ""ManagedBy"": ""manual""}"
7.5096,sub-a1b2c3d4,cloudfinops-demo,Billing Account,USD,2026-08-01T00:00:00Z,2026-09-01T00:00:00Z,Usage,,Azure Monitor - Monitoring,Usage-Based,2026-08-03T00:00:00Z,2026-08-03T23:59:59Z,,,,17.266,GB,7.5096,0.434936,7.5096,Microsoft Corporation,7.5096,0.434936,Standard,17.266,GB,eastus,East US,microsoft/sub-a1b2c3d4/azure-monitor,azure-monitor-prod,Workspace,Management and Governance,Monitoring,Azure Monitor,Microsoft Azure,MIC-AzureMonitor,MIC-AzureMon-eastus,sub-a1b2c3d4,assinatura-producao,Subscription,"{""Environment"": ""prod"", ""ManagedBy"": ""cloudformation""}"
7.5269,sub-a1b2c3d4,cloudfinops-demo,Billing Account,USD,2026-08-01T00:00:00Z,2026-09-01T00:00:00Z,Usage,,Azure Monitor - Monitoring,Usage-Based,2026-08-04T00:00:00Z,2026-08-04T23:59:59Z,,,,23.84,GB,7.5269,0.315726,7.5269,Microsoft Corporation,7.5269,0.315726,Standard,23.84,GB,eastus,East US,microsoft/sub-a1b2c3d4/azure-monitor,azure-monitor-prod,Workspace,Management and Governance,Monitoring,Azure Monitor,Microsoft Azure,MIC-AzureMonitor,MIC-AzureMon-eastus,sub-a1b2c3d4,assinatura-producao,Subscription,"{""Environment"": ""prod"", ""ManagedBy"": ""terraform""}"
7.5117,sub-a1b2c3d4,cloudfinops-demo,Billing Account,USD,2026-08-01T00:00:00Z,2026-09-01T00:00:00Z,Usage,,Azure Monitor - Monitoring,Usage-Based,2026-08-05T00:00:00Z,2026-08-05T23:59:59Z,,,,119.932,GB,7.5117,0.062633,7.5117,Microsoft Corporation,7.5117,0.062633,Standard,119.932,GB,eastus,East US,microsoft/sub-a1b2c3d4/azure-monitor,azure-monitor-prod,Workspace,Management and Governance,Monitoring,Azure Monitor,Microsoft Azure,MIC-AzureMonitor,MIC-AzureMon-eastus,sub-a1b2c3d4,assinatura-producao,Subscription,"{""Environment"": ""prod"", ""ManagedBy"": ""terraform""}"
7.4055,sub-a1b2c3d4,cloudfinops-demo,Billing Account,USD,2026-08-01T00:00:00Z,2026-09-01T00:00:00Z,Usage,,Azure Monitor - Monitoring,Usage-Based,2026-08-06T00:00:00Z,2026-08-06T23:59:59Z,,,,21.65,GB,7.4055,0.342055,7.4055,Microsoft Corporation,7.4055,0.342055,Standard,21.65,GB,eastus,East US,microsoft/sub-a1b2c3d4/azure-monitor,azure-monitor-prod,Workspace,Management and Governance,Monitoring,Azure Monitor,Microsoft Azure,MIC-AzureMonitor,MIC-AzureMon-eastus,sub-a1b2c3d4,assinatura-producao,Subscription,"{""Environment"": ""prod"", ""ManagedBy"": ""terraform""}"
7.5628,sub-a1b2c3d4,cloudfinops-demo,Billing Account,USD,2026-08-01T00:00:00Z,2026-09-01T00:00:00Z,Usage,,Azure Monitor - Monitoring,Usage-Based,2026-08-07T00:00:00Z,2026-08-07T23:59:59Z,,,,19.71,GB,7.5628,0.383704,7.5628,Microsoft Corporation,7.5628,0.383704,Standard,19.71,GB,eastus,East US,microsoft/sub-a1b2c3d4/azure-monitor,azure-monitor-prod,Workspace,Management and Governance,Monitoring,Azure Monitor,Microsoft Azure,MIC-AzureMonitor,MIC-AzureMon-eastus,sub-a1b2c3d4,assinatura-producao,Subscription,"{""Environment"": ""prod"", ""ManagedBy"": ""cloudformation""}"
6.4257,sub-a1b2c3d4,cloudfinops-demo,Billing Account,USD,2026-08-01T00:00:00Z,2026-09-01T00:00:00Z,Usage,,Azure Monitor - Monitoring,Usage-Based,2026-08-08T00:00:00Z,2026-08-08T23:59:59Z,,,,136.704,GB,6.4257,0.047004,6.4257,Microsoft Corporation,6.4257,0.047004,Standard,136.704,GB,eastus,East US,microsoft/sub-a1b2c3d4/azure-monitor,azure-monitor-prod,Workspace,Management and Governance,Monitoring,Azure Monitor,Microsoft Azure,MIC-AzureMonitor,MIC-AzureMon-eastus,sub-a1b2c3d4,assinatura-producao,Subscription,"{""Environment"": ""prod"", ""ManagedBy"": ""serverless""}"
6.2843,sub-a1b2c3d4,cloudfinops-demo,Billing Account,USD,2026-08-01T00:00:00Z,2026-09-01T00:00:00Z,Usage,,Azure Monitor - Monitoring,Usage-Based,2026-08-09T00:00:00Z,2026-08-09T23:59:59Z,,,,28.261,GB,6.2843,0.222367,6.2843,Microsoft Corporation,6.2843,0.222367,Standard,28.261,GB,eastus,East US,microsoft/sub-a1b2c3d4/azure-monitor,azure-monitor-prod,Workspace,Management and Governance,Monitoring,Azure Monitor,Microsoft Azure,MIC-AzureMonitor,MIC-AzureMon-eastus,sub-a1b2c3d4,assinatura-producao,Subscription,"{""Environment"": ""prod"", ""ManagedBy"": ""manual""}"
7.8864,sub-a1b2c3d4,cloudfinops-demo,Billing Account,USD,2026-08-01T00:00:00Z,2026-09-01T00:00:00Z,Usage,,Azure Monitor - Monitoring,Usage-Based,2026-08-10T00:00:00Z,2026-08-10T23:59:59Z,,,,46.09,GB,7.8864,0.171109,7.8864,Microsoft Corporation,7.8864,0.171109,Standard,46.09,GB,eastus,East US,microsoft/sub-a1b2c3d4/azure-monitor,azure-monitor-prod,Workspace,Management and Governance,Monitoring,Azure Monitor,Microsoft Azure,MIC-AzureMonitor,MIC-AzureMon-eastus,sub-a1b2c3d4,assinatura-producao,Subscription,"{""Environment"": ""prod"", ""ManagedBy"": ""manual""}"
7.7776,sub-a1b2c3d4,cloudfinops-demo,Billing Account,USD,2026-08-01T00:00:00Z,2026-09-01T00:00:00Z,Usage,,Azure Monitor - Monitoring,Usage-Based,2026-08-11T00:00:00Z,2026-08-11T23:59:59Z,,,,41.265,GB,7.7776,0.188479,7.7776,Microsoft Corporation,7.7776,0.188479,Standard,41.265,GB,eastus,East US,microsoft/sub-a1b2c3d4/azure-monitor,azure-monitor-prod,Workspace,Management and Governance,Monitoring,Azure Monitor,Microsoft Azure,MIC-AzureMonitor,MIC-AzureMon-eastus,sub-a1b2c3d4,assinatura-producao,Subscription,"{""Environment"": ""prod"", ""ManagedBy"": ""serverless""}"
7.4233,sub-a1b2c3d4,cloudfinops-demo,Billing Account,USD,2026-08-01T00:00:00Z,2026-09-01T00:00:00Z,Usage,,Azure Monitor - Monitoring,Usage-Based,2026-08-12T00:00:00Z,2026-08-12T23:59:59Z,,,,265.179,GB,7.4233,0.027994,7.4233,Microsoft Corporation,7.4233,0.027994,Standard,265.179,GB,eastus,East US,microsoft/sub-a1b2c3d4/azure-monitor,azure-monitor-prod,Workspace,Management and Governance,Monitoring,Azure Monitor,Microsoft Azure,MIC-AzureMonitor,MIC-AzureMon-eastus,sub-a1b2c3d4,assinatura-producao,Subscription,"{""Environment"": ""prod"", ""ManagedBy"": ""cloudformation""}"
7.6222,sub-a1b2c3d4,cloudfinops-demo,Billing Account,USD,2026-08-01T00:00:00Z,2026-09-01T00:00:00Z,Usage,,Azure Monitor - Monitoring,Usage-Based,2026-08-13T00:00:00Z,2026-08-13T23:59:59Z,,,,264.744,GB,7.6222,0.028791,7.6222,Microsoft Corporation,7.6222,0.028791,Standard,264.744,GB,eastus,East US,microsoft/sub-a1b2c3d4/azure-monitor,azure-monitor-prod,Workspace,Management and Governance,Monitoring,Azure Monitor,Microsoft Azure,MIC-AzureMonitor,MIC-AzureMon-eastus,sub-a1b2c3d4,assinatura-producao,Subscription,"{""Environment"": ""prod"", ""ManagedBy"": ""cloudformation""}"
7.3956,sub-a1b2c3d4,cloudfinops-demo,Billing Account,USD,2026-08-01T00:00:00Z,2026-09-01T00:00:00Z,Usage,,Azure Monitor - Monitoring,Usage-Based,2026-08-14T00:00:00Z,2026-08-14T23:59:59Z,,,,20.619,GB,7.3956,0.358679,7.3956,Microsoft Corporation,7.3956,0.358679,Standard,20.619,GB,eastus,East US,microsoft/sub-a1b2c3d4/azure-monitor,azure-monitor-prod,Workspace,Management and Governance,Monitoring,Azure Monitor,Microsoft Azure,MIC-AzureMonitor,MIC-AzureMon-eastus,sub-a1b2c3d4,assinatura-producao,Subscription,"{""Environment"": ""prod"", ""ManagedBy"": ""serverless""}"
6.4797,sub-a1b2c3d4,cloudfinops-demo,Billing Account,USD,2026-08-01T00:00:00Z,2026-09-01T00:00:00Z,Usage,,Azure Monitor - Monitoring,Usage-Based,2026-08-15T00:00:00Z,2026-08-15T23:59:59Z,,,,23.916,GB,6.4797,0.270936,6.4797,Microsoft Corporation,6.4797,0.270936,Standard,23.916,GB,eastus,East US,microsoft/sub-a1b2c3d4/azure-monitor,azure-monitor-prod,Workspace,Management and Governance,Monitoring,Azure Monitor,Microsoft Azure,MIC-AzureMonitor,MIC-AzureMon-eastus,sub-a1b2c3d4,assinatura-producao,Subscription,"{""Environment"": ""prod"", ""ManagedBy"": ""serverless""}"
6.2677,sub-a1b2c3d4,cloudfinops-demo,Billing Account,USD,2026-08-01T00:00:00Z,2026-09-01T00:00:00Z,Usage,,Azure Monitor - Monitoring,Usage-Based,2026-08-16T00:00:00Z,2026-08-16T23:59:59Z,,,,134.824,GB,6.2677,0.046488,6.2677,Microsoft Corporation,6.2677,0.046488,Standard,134.824,GB,eastus,East US,microsoft/sub-a1b2c3d4/azure-monitor,azure-monitor-prod,Workspace,Management and Governance,Monitoring,Azure Monitor,Microsoft Azure,MIC-AzureMonitor,MIC-AzureMon-eastus,sub-a1b2c3d4,assinatura-producao,Subscription,"{""Environment"": ""prod"", ""ManagedBy"": ""serverless""}"
7.7764,sub-a1b2c3d4,cloudfinops-demo,Billing Account,USD,2026-08-01T00:00:00Z,2026-09-01T00:00:00Z,Usage,,Azure Monitor - Monitoring,Usage-Based,2026-08-17T00:00:00Z,2026-08-17T23:59:59Z,,,,346.053,GB,7.7764,0.022472,7.7764,Microsoft Corporation,7.7764,0.022472,Standard,346.053,GB,eastus,East US,microsoft/sub-a1b2c3d4/azure-monitor,azure-monitor-prod,Workspace,Management and Governance,Monitoring,Azure Monitor,Microsoft Azure,MIC-AzureMonitor,MIC-AzureMon-eastus,sub-a1b2c3d4,assinatura-producao,Subscription,"{""Environment"": ""prod"", ""ManagedBy"": ""terraform""}"
7.6664,sub-a1b2c3d4,cloudfinops-demo,Billing Account,USD,2026-08-01T00:00:00Z,2026-09-01T00:00:00Z,Usage,,Azure Monitor - Monitoring,Usage-Based,2026-08-18T00:00:00Z,2026-08-18T23:59:59Z,,,,23.018,GB,7.6664,0.333061,7.6664,Microsoft Corporation,7.6664,0.333061,Standard,23.018,GB,eastus,East US,microsoft/sub-a1b2c3d4/azure-monitor,azure-monitor-prod,Workspace,Management and Governance,Monitoring,Azure Monitor,Microsoft Azure,MIC-AzureMonitor,MIC-AzureMon-eastus,sub-a1b2c3d4,assinatura-producao,Subscription,"{""Environment"": ""prod"", ""ManagedBy"": ""serverless""}"
7.5174,sub-a1b2c3d4,cloudfinops-demo,Billing Account,USD,2026-08-01T00:00:00Z,2026-09-01T00:00:00Z,Usage,,Azure Monitor - Monitoring,Usage-Based,2026-08-19T00:00:00Z,2026-08-19T23:59:59Z,,,,31.41,GB,7.5174,0.239331,7.5174,Microsoft Corporation,7.5174,0.239331,Standard,31.41,GB,eastus,East US,microsoft/sub-a1b2c3d4/azure-monitor,azure-monitor-prod,Workspace,Management and Governance,Monitoring,Azure Monitor,Microsoft Azure,MIC-AzureMonitor,MIC-AzureMon-eastus,sub-a1b2c3d4,assinatura-producao,Subscription,"{""Environment"": ""prod"", ""ManagedBy"": ""cloudformation""}"
7.7334,sub-a1b2c3d4,cloudfinops-demo,Billing Account,USD,2026-08-01T00:00:00Z,2026-09-01T00:00:00Z,Usage,,Azure Monitor - Monitoring,Usage-Based,2026-08-20T00:00:00Z,2026-08-20T23:59:59Z,,,,31.541,GB,7.7334,0.245186,7.7334,Microsoft Corporation,7.7334,0.245186,Standard,31.541,GB,eastus,East US,microsoft/sub-a1b2c3d4/azure-monitor,azure-monitor-prod,Workspace,Management and Governance,Monitoring,Azure Monitor,Microsoft Azure,MIC-AzureMonitor,MIC-AzureMon-eastus,sub-a1b2c3d4,assinatura-producao,Subscription,"{""Environment"": ""prod"", ""ManagedBy"": ""terraform""}"
7.4504,sub-a1b2c3d4,cloudfinops-demo,Billing Account,USD,2026-08-01T00:00:00Z,2026-09-01T00:00:00Z,Usage,,Azure Monitor - Monitoring,Usage-Based,2026-08-21T00:00:00Z,2026-08-21T23:59:59Z,,,,24.314,GB,7.4504,0.306424,7.4504,Microsoft Corporation,7.4504,0.306424,Standard,24.314,GB,eastus,East US,microsoft/sub-a1b2c3d4/azure-monitor,azure-monitor-prod,Workspace,Management and Governance,Monitoring,Azure Monitor,Microsoft Azure,MIC-AzureMonitor,MIC-AzureMon-eastus,sub-a1b2c3d4,assinatura-producao,Subscription,"{""Environment"": ""prod"", ""ManagedBy"": ""manual""}"
6.5196,sub-a1b2c3d4,cloudfinops-demo,Billing Account,USD,2026-08-01T00:00:00Z,2026-09-01T00:00:00Z,Usage,,Azure Monitor - Monitoring,Usage-Based,2026-08-22T00:00:00Z,2026-08-22T23:59:59Z,,,,22.645,GB,6.5196,0.287905,6.5196,Microsoft Corporation,6.5196,0.287905,Standard,22.645,GB,eastus,East US,microsoft/sub-a1b2c3d4/azure-monitor,azure-monitor-prod,Workspace,Management and Governance,Monitoring,Azure Monitor,Microsoft Azure,MIC-AzureMonitor,MIC-AzureMon-eastus,sub-a1b2c3d4,assinatura-producao,Subscription,"{""Environment"": ""prod"", ""ManagedBy"": ""serverless""}"
6.4645,sub-a1b2c3d4,cloudfinops-demo,Billing Account,USD,2026-08-01T00:00:00Z,2026-09-01T00:00:00Z,Usage,,Azure Monitor - Monitoring,Usage-Based,2026-08-23T00:00:00Z,2026-08-23T23:59:59Z,,,,21.75,GB,6.4645,0.297218,6.4645,Microsoft Corporation,6.4645,0.297218,Standard,21.75,GB,eastus,East US,microsoft/sub-a1b2c3d4/azure-monitor,azure-monitor-prod,Workspace,Management and Governance,Monitoring,Azure Monitor,Microsoft Azure,MIC-AzureMonitor,MIC-AzureMon-eastus,sub-a1b2c3d4,assinatura-producao,Subscription,"{""Environment"": ""prod"", ""ManagedBy"": ""manual""}"
7.4384,sub-a1b2c3d4,cloudfinops-demo,Billing Account,USD,2026-08-01T00:00:00Z,2026-09-01T00:00:00Z,Usage,,Azure Monitor - Monitoring,Usage-Based,2026-08-24T00:00:00Z,2026-08-24T23:59:59Z,,,,329.364,GB,7.4384,0.022584,7.4384,Microsoft Corporation,7.4384,0.022584,Standard,329.364,GB,eastus,East US,microsoft/sub-a1b2c3d4/azure-monitor,azure-monitor-prod,Workspace,Management and Governance,Monitoring,Azure Monitor,Microsoft Azure,MIC-AzureMonitor,MIC-AzureMon-eastus,sub-a1b2c3d4,assinatura-producao,Subscription,"{""Environment"": ""prod"", ""ManagedBy"": ""terraform""}"
7.856,sub-a1b2c3d4,cloudfinops-demo,Billing Account,USD,2026-08-01T00:00:00Z,2026-09-01T00:00:00Z,Usage,,Azure Monitor - Monitoring,Usage-Based,2026-08-25T00:00:00Z,2026-08-25T23:59:59Z,,,,17.862,GB,7.856,0.439816,7.856,Microsoft Corporation,7.856,0.439816,Standard,17.862,GB,eastus,East US,microsoft/sub-a1b2c3d4/azure-monitor,azure-monitor-prod,Workspace,Management and Governance,Monitoring,Azure Monitor,Microsoft Azure,MIC-AzureMonitor,MIC-AzureMon-eastus,sub-a1b2c3d4,assinatura-producao,Subscription,"{""Environment"": ""prod"", ""ManagedBy"": ""terraform""}"
7.8646,sub-a1b2c3d4,cloudfinops-demo,Billing Account,USD,2026-08-01T00:00:00Z,2026-09-01T00:00:00Z,Usage,,Azure Monitor - Monitoring,Usage-Based,2026-08-26T00:00:00Z,2026-08-26T23:59:59Z,,,,46.155,GB,7.8646,0.170395,7.8646,Microsoft Corporation,7.8646,0.170395,Standard,46.155,GB,eastus,East US,microsoft/sub-a1b2c3d4/azure-monitor,azure-monitor-prod,Workspace,Management and Governance,Monitoring,Azure Monitor,Microsoft Azure,MIC-AzureMonitor,MIC-AzureMon-eastus,sub-a1b2c3d4,assinatura-producao,Subscription,"{""Environment"": ""prod"", ""ManagedBy"": ""serverless""}"
7.8043,sub-a1b2c3d4,cloudfinops-demo,Billing Account,USD,2026-08-01T00:00:00Z,2026-09-01T00:00:00Z,Usage,,Azure Monitor - Monitoring,Usage-Based,2026-08-27T00:00:00Z,2026-08-27T23:59:59Z,,,,17.975,GB,7.8043,0.434175,7.8043,Microsoft Corporation,7.8043,0.434175,Standard,17.975,GB,eastus,East US,microsoft/sub-a1b2c3d4/azure-monitor,azure-monitor-prod,Workspace,Management and Governance,Monitoring,Azure Monitor,Microsoft Azure,MIC-AzureMonitor,MIC-AzureMon-eastus,sub-a1b2c3d4,assinatura-producao,Subscription,"{""Environment"": ""prod"", ""ManagedBy"": ""cloudformation""}"
7.5907,sub-a1b2c3d4,cloudfinops-demo,Billing Account,USD,2026-08-01T00:00:00Z,2026-09-01T00:00:00Z,Usage,,Azure Monitor - Monitoring,Usage-Based,2026-08-28T00:00:00Z,2026-08-28T23:59:59Z,,,,24.184,GB,7.5907,0.313873,7.5907,Microsoft Corporation,7.5907,0.313873,Standard,24.184,GB,eastus,East US,microsoft/sub-a1b2c3d4/azure-monitor,azure-monitor-prod,Workspace,Management and Governance,Monitoring,Azure Monitor,Microsoft Azure,MIC-AzureMonitor,MIC-AzureMon-eastus,sub-a1b2c3d4,assinatura-producao,Subscription,"{""Environment"": ""prod"", ""ManagedBy"": ""manual""}"
6.656,sub-a1b2c3d4,cloudfinops-demo,Billing Account,USD,2026-08-01T00:00:00Z,2026-09-01T00:00:00Z,Usage,,Azure Monitor - Monitoring,Usage-Based,2026-08-29T00:00:00Z,2026-08-29T23:59:59Z,,,,72.515,GB,6.656,0.091788,6.656,Microsoft Corporation,6.656,0.091788,Standard,72.515,GB,eastus,East US,microsoft/sub-a1b2c3d4/azure-monitor,azure-monitor-prod,Workspace,Management and Governance,Monitoring,Azure Monitor,Microsoft Azure,MIC-AzureMonitor,MIC-AzureMon-eastus,sub-a1b2c3d4,assinatura-producao,Subscription,"{""Environment"": ""prod"", ""ManagedBy"": ""cloudformation""}"
6.6543,sub-a1b2c3d4,cloudfinops-demo,Billing Account,USD,2026-08-01T00:00:00Z,2026-09-01T00:00:00Z,Usage,,Azure Monitor - Monitoring,Usage-Based,2026-08-30T00:00:00Z,2026-08-30T23:59:59Z,,,,21.875,GB,6.6543,0.304197,6.6543,Microsoft Corporation,6.6543,0.304197,Standard,21.875,GB,eastus,East US,microsoft/sub-a1b2c3d4/azure-monitor,azure-monitor-prod,Workspace,Management and Governance,Monitoring,Azure Monitor,Microsoft Azure,MIC-AzureMonitor,MIC-AzureMon-eastus,sub-a1b2c3d4,assinatura-producao,Subscription,"{""Environment"": ""prod"", ""ManagedBy"": ""terraform""}"
7.7732,sub-a1b2c3d4,cloudfinops-demo,Billing Account,USD,2026-08-01T00:00:00Z,2026-09-01T00:00:00Z,Usage,,Azure Monitor - Monitoring,Usage-Based,2026-08-31T00:00:00Z,2026-08-31T23:59:59Z,,,,18.852,GB,7.7732,0.412328,7.7732,Microsoft Corporation,7.7732,0.412328,Standard,18.852,GB,eastus,East US,microsoft/sub-a1b2c3d4/azure-monitor,azure-monitor-prod,Workspace,Management and Governance,Monitoring,Azure Monitor,Microsoft Azure,MIC-AzureMonitor,MIC-AzureMon-eastus,sub-a1b2c3d4,assinatura-producao,Subscription,"{""Environment"": ""prod"", ""ManagedBy"": ""manual""}"
7.935,sub-a1b2c3d4,cloudfinops-demo,Billing Account,USD,2026-09-01T00:00:00Z,2026-10-01T00:00:00Z,Usage,,Azure Monitor - Monitoring,Usage-Based,2026-09-01T00:00:00Z,2026-09-01T23:59:59Z,,,,50.798,GB,7.935,0.156207,7.935,Microsoft Corporation,7.935,0.156207,Standard,50.798,GB,eastus,East US,microsoft/sub-a1b2c3d4/azure-monitor,azure-monitor-prod,Workspace,Management and Governance,Monitoring,Azure Monitor,Microsoft Azure,MIC-AzureMonitor,MIC-AzureMon-eastus,sub-a1b2c3d4,assinatura-producao,Subscription,"{""Environment"": ""prod"", ""ManagedBy"": ""cloudformation""}"
8.1075,sub-a1b2c3d4,cloudfinops-demo,Billing Account,USD,2026-09-01T00:00:00Z,2026-10-01T00:00:00Z,Usage,,Azure Monitor - Monitoring,Usage-Based,2026-09-02T00:00:00Z,2026-09-02T23:59:59Z,,,,46.12,GB,8.1075,0.175791,8.1075,Microsoft Corporation,8.1075,0.175791,Standard,46.12,GB,eastus,East US,microsoft/sub-a1b2c3d4/azure-monitor,azure-monitor-prod,Workspace,Management and Governance,Monitoring,Azure Monitor,Microsoft Azure,MIC-AzureMonitor,MIC-AzureMon-eastus,sub-a1b2c3d4,assinatura-producao,Subscription,"{""Environment"": ""prod"", ""ManagedBy"": ""manual""}"
7.8554,sub-a1b2c3d4,cloudfinops-demo,Billing Account,USD,2026-09-01T00:00:00Z,2026-10-01T00:00:00Z,Usage,,Azure Monitor - Monitoring,Usage-Based,2026-09-03T00:00:00Z,2026-09-03T23:59:59Z,,,,25.599,GB,7.8554,0.306864,7.8554,Microsoft Corporation,7.8554,0.306864,Standard,25.599,GB,eastus,East US,microsoft/sub-a1b2c3d4/azure-monitor,azure-monitor-prod,Workspace,Management and Governance,Monitoring,Azure Monitor,Microsoft Azure,MIC-AzureMonitor,MIC-AzureMon-eastus,sub-a1b2c3d4,assinatura-producao,Subscription,"{""Environment"": ""prod"", ""ManagedBy"": ""cloudformation""}"
7.9318,sub-a1b2c3d4,cloudfinops-demo,Billing Account,USD,2026-09-01T00:00:00Z,2026-10-01T00:00:00Z,Usage,,Azure Monitor - Monitoring,Usage-Based,2026-09-04T00:00:00Z,2026-09-04T23:59:59Z,,,,37.114,GB,7.9318,0.213715,7.9318,Microsoft Corporation,7.9318,0.213715,Standard,37.114,GB,eastus,East US,microsoft/sub-a1b2c3d4/azure-monitor,azure-monitor-prod,Workspace,Management and Governance,Monitoring,Azure Monitor,Microsoft Azure,MIC-AzureMonitor,MIC-AzureMon-eastus,sub-a1b2c3d4,assinatura-producao,Subscription,"{""Environment"": ""prod"", ""ManagedBy"": ""serverless""}"
6.639,sub-a1b2c3d4,cloudfinops-demo,Billing Account,USD,2026-09-01T00:00:00Z,2026-10-01T00:00:00Z,Usage,,Azure Monitor - Monitoring,Usage-Based,2026-09-05T00:00:00Z,2026-09-05T23:59:59Z,,,,50.401,GB,6.639,0.131724,6.639,Microsoft Corporation,6.639,0.131724,Standard,50.401,GB,eastus,East US,microsoft/sub-a1b2c3d4/azure-monitor,azure-monitor-prod,Workspace,Management and Governance,Monitoring,Azure Monitor,Microsoft Azure,MIC-AzureMonitor,MIC-AzureMon-eastus,sub-a1b2c3d4,assinatura-producao,Subscription,"{""Environment"": ""prod"", ""ManagedBy"": ""terraform""}"
6.9491,sub-a1b2c3d4,cloudfinops-demo,Billing Account,USD,2026-09-01T00:00:00Z,2026-10-01T00:00:00Z,Usage,,Azure Monitor - Monitoring,Usage-Based,2026-09-06T00:00:00Z,2026-09-06T23:59:59Z,,,,21.984,GB,6.9491,0.316098,6.9491,Microsoft Corporation,6.9491,0.316098,Standard,21.984,GB,eastus,East US,microsoft/sub-a1b2c3d4/azure-monitor,azure-monitor-prod,Workspace,Management and Governance,Monitoring,Azure Monitor,Microsoft Azure,MIC-AzureMonitor,MIC-AzureMon-eastus,sub-a1b2c3d4,assinatura-producao,Subscription,"{""Environment"": ""prod"", ""ManagedBy"": ""manual""}"
8.0216,sub-a1b2c3d4,cloudfinops-demo,Billing Account,USD,2026-09-01T00:00:00Z,2026-10-01T00:00:00Z,Usage,,Azure Monitor - Monitoring,Usage-Based,2026-09-07T00:00:00Z,2026-09-07T23:59:59Z,,,,26.391,GB,8.0216,0.303952,8.0216,Microsoft Corporation,8.0216,0.303952,Standard,26.391,GB,eastus,East US,microsoft/sub-a1b2c3d4/azure-monitor,azure-monitor-prod,Workspace,Management and Governance,Monitoring,Azure Monitor,Microsoft Azure,MIC-AzureMonitor,MIC-AzureMon-eastus,sub-a1b2c3d4,assinatura-producao,Subscription,"{""Environment"": ""prod"", ""ManagedBy"": ""manual""}"
7.7745,sub-a1b2c3d4,cloudfinops-demo,Billing Account,USD,2026-09-01T00:00:00Z,2026-10-01T00:00:00Z,Usage,,Azure Monitor - Monitoring,Usage-Based,2026-09-08T00:00:00Z,2026-09-08T23:59:59Z,,,,33.509,GB,7.7745,0.232012,7.7745,Microsoft Corporation,7.7745,0.232012,Standard,33.509,GB,eastus,East US,microsoft/sub-a1b2c3d4/azure-monitor,azure-monitor-prod,Workspace,Management and Governance,Monitoring,Azure Monitor,Microsoft Azure,MIC-AzureMonitor,MIC-AzureMon-eastus,sub-a1b2c3d4,assinatura-producao,Subscription,"{""Environment"": ""prod"", ""ManagedBy"": ""cloudformation""}"
7.7535,sub-a1b2c3d4,cloudfinops-demo,Billing Account,USD,2026-09-01T00:00:00Z,2026-10-01T00:00:00Z,Usage,,Azure Monitor - Monitoring,Usage-Based,2026-09-09T00:00:00Z,2026-09-09T23:59:59Z,,,,20.891,GB,7.7535,0.371141,7.7535,Microsoft Corporation,7.7535,0.371141,Standard,20.891,GB,eastus,East US,microsoft/sub-a1b2c3d4/azure-monitor,azure-monitor-prod,Workspace,Management and Governance,Monitoring,Azure Monitor,Microsoft Azure,MIC-AzureMonitor,MIC-AzureMon-eastus,sub-a1b2c3d4,assinatura-producao,Subscription,"{""Environment"": ""prod"", ""ManagedBy"": ""manual""}"
7.966,sub-a1b2c3d4,cloudfinops-demo,Billing Account,USD,2026-09-01T00:00:00Z,2026-10-01T00:00:00Z,Usage,,Azure Monitor - Monitoring,Usage-Based,2026-09-10T00:00:00Z,2026-09-10T23:59:59Z,,,,155.184,GB,7.966,0.051333,7.966,Microsoft Corporation,7.966,0.051333,Standard,155.184,GB,eastus,East US,microsoft/sub-a1b2c3d4/azure-monitor,azure-monitor-prod,Workspace,Management and Governance,Monitoring,Azure Monitor,Microsoft Azure,MIC-AzureMonitor,MIC-AzureMon-eastus,sub-a1b2c3d4,assinatura-producao,Subscription,"{""Environment"": ""prod"", ""ManagedBy"": ""terraform""}"
7.9012,sub-a1b2c3d4,cloudfinops-demo,Billing Account,USD,2026-09-01T00:00:00Z,2026-10-01T00:00:00Z,Usage,,Azure Monitor - Monitoring,Usage-Based,2026-09-11T00:00:00Z,2026-09-11T23:59:59Z,,,,21.057,GB,7.9012,0.375229,7.9012,Microsoft Corporation,7.9012,0.375229,Standard,21.057,GB,eastus,East US,microsoft/sub-a1b2c3d4/azure-monitor,azure-monitor-prod,Workspace,Management and Governance,Monitoring,Azure Monitor,Microsoft Azure,MIC-AzureMonitor,MIC-AzureMon-eastus,sub-a1b2c3d4,assinatura-producao,Subscription,"{""Environment"": ""prod"", ""ManagedBy"": ""manual""}"
6.8502,sub-a1b2c3d4,cloudfinops-demo,Billing Account,USD,2026-09-01T00:00:00Z,2026-10-01T00:00:00Z,Usage,,Azure Monitor - Monitoring,Usage-Based,2026-09-12T00:00:00Z,2026-09-12T23:59:59Z,,,,302.292,GB,6.8502,0.022661,6.8502,Microsoft Corporation,6.8502,0.022661,Standard,302.292,GB,eastus,East US,microsoft/sub-a1b2c3d4/azure-monitor,azure-monitor-prod,Workspace,Management and Governance,Monitoring,Azure Monitor,Microsoft Azure,MIC-AzureMonitor,MIC-AzureMon-eastus,sub-a1b2c3d4,assinatura-producao,Subscription,"{""Environment"": ""prod"", ""ManagedBy"": ""terraform""}"
6.7733,sub-a1b2c3d4,cloudfinops-demo,Billing Account,USD,2026-09-01T00:00:00Z,2026-10-01T00:00:00Z,Usage,,Azure Monitor - Monitoring,Usage-Based,2026-09-13T00:00:00Z,2026-09-13T23:59:59Z,,,,33.577,GB,6.7733,0.201724,6.7733,Microsoft Corporation,6.7733,0.201724,Standard,33.577,GB,eastus,East US,microsoft/sub-a1b2c3d4/azure-monitor,azure-monitor-prod,Workspace,Management and Governance,Monitoring,Azure Monitor,Microsoft Azure,MIC-AzureMonitor,MIC-AzureMon-eastus,sub-a1b2c3d4,assinatura-producao,Subscription,"{""Environment"": ""prod"", ""ManagedBy"": ""serverless""}"
8.0589,sub-a1b2c3d4,cloudfinops-demo,Billing Account,USD,2026-09-01T00:00:00Z,2026-10-01T00:00:00Z,Usage,,Azure Monitor - Monitoring,Usage-Based,2026-09-14T00:00:00Z,2026-09-14T23:59:59Z,,,,39.055,GB,8.0589,0.206347,8.0589,Microsoft Corporation,8.0589,0.206347,Standard,39.055,GB,eastus,East US,microsoft/sub-a1b2c3d4/azure-monitor,azure-monitor-prod,Workspace,Management and Governance,Monitoring,Azure Monitor,Microsoft Azure,MIC-AzureMonitor,MIC-AzureMon-eastus,sub-a1b2c3d4,assinatura-producao,Subscription,"{""Environment"": ""prod"", ""ManagedBy"": ""terraform""}"
8.1993,sub-a1b2c3d4,cloudfinops-demo,Billing Account,USD,2026-09-01T00:00:00Z,2026-10-01T00:00:00Z,Usage,,Azure Monitor - Monitoring,Usage-Based,2026-09-15T00:00:00Z,2026-09-15T23:59:59Z,,,,25.158,GB,8.1993,0.325912,8.1993,Microsoft Corporation,8.1993,0.325912,Standard,25.158,GB,eastus,East US,microsoft/sub-a1b2c3d4/azure-monitor,azure-monitor-prod,Workspace,Management and Governance,Monitoring,Azure Monitor,Microsoft Azure,MIC-AzureMonitor,MIC-AzureMon-eastus,sub-a1b2c3d4,assinatura-producao,Subscription,"{""Environment"": ""prod"", ""ManagedBy"": ""manual""}"
8.1541,sub-a1b2c3d4,cloudfinops-demo,Billing Account,USD,2026-09-01T00:00:00Z,2026-10-01T00:00:00Z,Usage,,Azure Monitor - Monitoring,Usage-Based,2026-09-16T00:00:00Z,2026-09-16T23:59:59Z,,,,112.337,GB,8.1541,0.072586,8.1541,Microsoft Corporation,8.1541,0.072586,Standard,112.337,GB,eastus,East US,microsoft/sub-a1b2c3d4/azure-monitor,azure-monitor-prod,Workspace,Management and Governance,Monitoring,Azure Monitor,Microsoft Azure,MIC-AzureMonitor,MIC-AzureMon-eastus,sub-a1b2c3d4,assinatura-producao,Subscription,"{""Environment"": ""prod"", ""ManagedBy"": ""cloudformation""}"
8.2592,sub-a1b2c3d4,cloudfinops-demo,Billing Account,USD,2026-09-01T00:00:00Z,2026-10-01T00:00:00Z,Usage,,Azure Monitor - Monitoring,Usage-Based,2026-09-17T00:00:00Z,2026-09-17T23:59:59Z,,,,37.02,GB,8.2592,0.223101,8.2592,Microsoft Corporation,8.2592,0.223101,Standard,37.02,GB,eastus,East US,microsoft/sub-a1b2c3d4/azure-monitor,azure-monitor-prod,Workspace,Management and Governance,Monitoring,Azure Monitor,Microsoft Azure,MIC-AzureMonitor,MIC-AzureMon-eastus,sub-a1b2c3d4,assinatura-producao,Subscription,"{""Environment"": ""prod"", ""ManagedBy"": ""serverless""}"
8.053,sub-a1b2c3d4,cloudfinops-demo,Billing Account,USD,2026-09-01T00:00:00Z,2026-10-01T00:00:00Z,Usage,,Azure Monitor - Monitoring,Usage-Based,2026-09-18T00:00:00Z,2026-09-18T23:59:59Z,,,,35.289,GB,8.053,0.228201,8.053,Microsoft Corporation,8.053,0.228201,Standard,35.289,GB,eastus,East US,microsoft/sub-a1b2c3d4/azure-monitor,azure-monitor-prod,Workspace,Management and Governance,Monitoring,Azure Monitor,Microsoft Azure,MIC-AzureMonitor,MIC-AzureMon-eastus,sub-a1b2c3d4,assinatura-producao,Subscription,"{""Environment"": ""prod"", ""ManagedBy"": ""manual""}"
6.5469,sub-a1b2c3d4,cloudfinops-demo,Billing Account,USD,2026-09-01T00:00:00Z,2026-10-01T00:00:00Z,Usage,,Azure Monitor - Monitoring,Usage-Based,2026-09-19T00:00:00Z,2026-09-19T23:59:59Z,,,,17.256,GB,6.5469,0.379398,6.5469,Microsoft Corporation,6.5469,0.379398,Standard,17.256,GB,eastus,East US,microsoft/sub-a1b2c3d4/azure-monitor,azure-monitor-prod,Workspace,Management and Governance,Monitoring,Azure Monitor,Microsoft Azure,MIC-AzureMonitor,MIC-AzureMon-eastus,sub-a1b2c3d4,assinatura-producao,Subscription,"{""Environment"": ""prod"", ""ManagedBy"": ""cloudformation""}"
6.8359,sub-a1b2c3d4,cloudfinops-demo,Billing Account,USD,2026-09-01T00:00:00Z,2026-10-01T00:00:00Z,Usage,,Azure Monitor - Monitoring,Usage-Based,2026-09-20T00:00:00Z,2026-09-20T23:59:59Z,,,,161.64,GB,6.8359,0.042291,6.8359,Microsoft Corporation,6.8359,0.042291,Standard,161.64,GB,eastus,East US,microsoft/sub-a1b2c3d4/azure-monitor,azure-monitor-prod,Workspace,Management and Governance,Monitoring,Azure Monitor,Microsoft Azure,MIC-AzureMonitor,MIC-AzureMon-eastus,sub-a1b2c3d4,assinatura-producao,Subscription,"{""Environment"": ""prod"", ""ManagedBy"": ""cloudformation""}"
7.9984,sub-a1b2c3d4,cloudfinops-demo,Billing Account,USD,2026-09-01T00:00:00Z,2026-10-01T00:00:00Z,Usage,,Azure Monitor - Monitoring,Usage-Based,2026-09-21T00:00:00Z,2026-09-21T23:59:59Z,,,,22.21,GB,7.9984,0.360126,7.9984,Microsoft Corporation,7.9984,0.360126,Standard,22.21,GB,eastus,East US,microsoft/sub-a1b2c3d4/azure-monitor,azure-monitor-prod,Workspace,Management and Governance,Monitoring,Azure Monitor,Microsoft Azure,MIC-AzureMonitor,MIC-AzureMon-eastus,sub-a1b2c3d4,assinatura-producao,Subscription,"{""Environment"": ""prod"", ""ManagedBy"": ""cloudformation""}"
7.8047,sub-a1b2c3d4,cloudfinops-demo,Billing Account,USD,2026-09-01T00:00:00Z,2026-10-01T00:00:00Z,Usage,,Azure Monitor - Monitoring,Usage-Based,2026-09-22T00:00:00Z,2026-09-22T23:59:59Z,,,,225.899,GB,7.8047,0.03455,7.8047,Microsoft Corporation,7.8047,0.03455,Standard,225.899,GB,eastus,East US,microsoft/sub-a1b2c3d4/azure-monitor,azure-monitor-prod,Workspace,Management and Governance,Monitoring,Azure Monitor,Microsoft Azure,MIC-AzureMonitor,MIC-AzureMon-eastus,sub-a1b2c3d4,assinatura-producao,Subscription,"{""Environment"": ""prod"", ""ManagedBy"": ""cloudformation""}"
7.8894,sub-a1b2c3d4,cloudfinops-demo,Billing Account,USD,2026-09-01T00:00:00Z,2026-10-01T00:00:00Z,Usage,,Azure Monitor - Monitoring,Usage-Based,2026-09-23T00:00:00Z,2026-09-23T23:59:59Z,,,,20.658,GB,7.8894,0.381905,7.8894,Microsoft Corporation,7.8894,0.381905,Standard,20.658,GB,eastus,East US,microsoft/sub-a1b2c3d4/azure-monitor,azure-monitor-prod,Workspace,Management and Governance,Monitoring,Azure Monitor,Microsoft Azure,MIC-AzureMonitor,MIC-AzureMon-eastus,sub-a1b2c3d4,assinatura-producao,Subscription,"{""Environment"": ""prod"", ""ManagedBy"": ""manual""}"
8.1833,sub-a1b2c3d4,cloudfinops-demo,Billing Account,USD,2026-09-01T00:00:00Z,2026-10-01T00:00:00Z,Usage,,Azure Monitor - Monitoring,Usage-Based,2026-09-24T00:00:00Z,2026-09-24T23:59:59Z,,,,42.449,GB,8.1833,0.19278,8.1833,Microsoft Corporation,8.1833,0.19278,Standard,42.449,GB,eastus,East US,microsoft/sub-a1b2c3d4/azure-monitor,azure-monitor-prod,Workspace,Management and Governance,Monitoring,Azure Monitor,Microsoft Azure,MIC-AzureMonitor,MIC-AzureMon-eastus,sub-a1b2c3d4,assinatura-producao,Subscription,"{""Environment"": ""prod"", ""ManagedBy"": ""manual""}"
7.936,sub-a1b2c3d4,cloudfinops-demo,Billing Account,USD,2026-09-01T00:00:00Z,2026-10-01T00:00:00Z,Usage,,Azure Monitor - Monitoring,Usage-Based,2026-09-25T00:00:00Z,2026-09-25T23:59:59Z,,,,29.748,GB,7.936,0.266774,7.936,Microsoft Corporation,7.936,0.266774,Standard,29.748,GB,eastus,East US,microsoft/sub-a1b2c3d4/azure-monitor,azure-monitor-prod,Workspace,Management and Governance,Monitoring,Azure Monitor,Microsoft Azure,MIC-AzureMonitor,MIC-AzureMon-eastus,sub-a1b2c3d4,assinatura-producao,Subscription,"{""Environment"": ""prod"", ""ManagedBy"": ""terraform""}"
6.6257,sub-a1b2c3d4,cloudfinops-demo,Billing Account,USD,2026-09-01T00:00:00Z,2026-10-01T00:00:00Z,Usage,,Azure Monitor - Monitoring,Usage-Based,2026-09-26T00:00:00Z,2026-09-26T23:59:59Z,,,,54.889,GB,6.6257,0.120711,6.6257,Microsoft Corporation,6.6257,0.120711,Standard,54.889,GB,eastus,East US,microsoft/sub-a1b2c3d4/azure-monitor,azure-monitor-prod,Workspace,Management and Governance,Monitoring,Azure Monitor,Microsoft Azure,MIC-AzureMonitor,MIC-AzureMon-eastus,sub-a1b2c3d4,assinatura-producao,Subscription,"{""Environment"": ""prod"", ""ManagedBy"": ""terraform""}"
6.7147,sub-a1b2c3d4,cloudfinops-demo,Billing Account,USD,2026-09-01T00:00:00Z,2026-10-01T00:00:00Z,Usage,,Azure Monitor - Monitoring,Usage-Based,2026-09-27T00:00:00Z,2026-09-27T23:59:59Z,,,,52.573,GB,6.7147,0.127721,6.7147,Microsoft Corporation,6.7147,0.127721,Standard,52.573,GB,eastus,East US,microsoft/sub-a1b2c3d4/azure-monitor,azure-monitor-prod,Workspace,Management and Governance,Monitoring,Azure Monitor,Microsoft Azure,MIC-AzureMonitor,MIC-AzureMon-eastus,sub-a1b2c3d4,assinatura-producao,Subscription,"{""Environment"": ""prod"", ""ManagedBy"": ""manual""}"
7.8503,sub-a1b2c3d4,cloudfinops-demo,Billing Account,USD,2026-09-01T00:00:00Z,2026-10-01T00:00:00Z,Usage,,Azure Monitor - Monitoring,Usage-Based,2026-09-28T00:00:00Z,2026-09-28T23:59:59Z,,,,39.589,GB,7.8503,0.198295,7.8503,Microsoft Corporation,7.8503,0.198295,Standard,39.589,GB,eastus,East US,microsoft/sub-a1b2c3d4/azure-monitor,azure-monitor-prod,Workspace,Management and Governance,Monitoring,Azure Monitor,Microsoft Azure,MIC-AzureMonitor,MIC-AzureMon-eastus,sub-a1b2c3d4,assinatura-producao,Subscription,"{""Environment"": ""prod"", ""ManagedBy"": ""manual""}"
7.7954,sub-a1b2c3d4,cloudfinops-demo,Billing Account,USD,2026-09-01T00:00:00Z,2026-10-01T00:00:00Z,Usage,,Azure Monitor - Monitoring,Usage-Based,2026-09-29T00:00:00Z,2026-09-29T23:59:59Z,,,,22.034,GB,7.7954,0.35379,7.7954,Microsoft Corporation,7.7954,0.35379,Standard,22.034,GB,eastus,East US,microsoft/sub-a1b2c3d4/azure-monitor,azure-monitor-prod,Workspace,Management and Governance,Monitoring,Azure Monitor,Microsoft Azure,MIC-AzureMonitor,MIC-AzureMon-eastus,sub-a1b2c3d4,assinatura-producao,Subscription,"{""Environment"": ""prod"", ""ManagedBy"": ""terraform""}"
7.9725,sub-a1b2c3d4,cloudfinops-demo,Billing Account,USD,2026-09-01T00:00:00Z,2026-10-01T00:00:00Z,Usage,,Azure Monitor - Monitoring,Usage-Based,2026-09-30T00:00:00Z,2026-09-30T23:59:59Z,,,,163.519,GB,7.9725,0.048756,7.9725,Microsoft Corporation,7.9725,0.048756,Standard,163.519,GB,eastus,East US,microsoft/sub-a1b2c3d4/azure-monitor,azure-monitor-prod,Workspace,Management and Governance,Monitoring,Azure Monitor,Microsoft Azure,MIC-AzureMonitor,MIC-AzureMon-eastus,sub-a1b2c3d4,assinatura-producao,Subscription,"{""Environment"": ""prod"", ""ManagedBy"": ""terraform""}"
8.0461,sub-a1b2c3d4,cloudfinops-demo,Billing Account,USD,2026-10-01T00:00:00Z,2026-11-01T00:00:00Z,Usage,,Azure Monitor - Monitoring,Usage-Based,2026-10-01T00:00:00Z,2026-10-01T23:59:59Z,,,,42.318,GB,8.0461,0.190134,8.0461,Microsoft Corporation,8.0461,0.190134,Standard,42.318,GB,eastus,East US,microsoft/sub-a1b2c3d4/azure-monitor,azure-monitor-prod,Workspace,Management and Governance,Monitoring,Azure Monitor,Microsoft Azure,MIC-AzureMonitor,MIC-AzureMon-eastus,sub-a1b2c3d4,assinatura-producao,Subscription,"{""Environment"": ""prod"", ""ManagedBy"": ""serverless""}"
8.3368,sub-a1b2c3d4,cloudfinops-demo,Billing Account,USD,2026-10-01T00:00:00Z,2026-11-01T00:00:00Z,Usage,,Azure Monitor - Monitoring,Usage-Based,2026-10-02T00:00:00Z,2026-10-02T23:59:59Z,,,,146.765,GB,8.3368,0.056804,8.3368,Microsoft Corporation,8.3368,0.056804,Standard,146.765,GB,eastus,East US,microsoft/sub-a1b2c3d4/azure-monitor,azure-monitor-prod,Workspace,Management and Governance,Monitoring,Azure Monitor,Microsoft Azure,MIC-AzureMonitor,MIC-AzureMon-eastus,sub-a1b2c3d4,assinatura-producao,Subscription,"{""Environment"": ""prod"", ""ManagedBy"": ""manual""}"
6.7899,sub-a1b2c3d4,cloudfinops-demo,Billing Account,USD,2026-10-01T00:00:00Z,2026-11-01T00:00:00Z,Usage,,Azure Monitor - Monitoring,Usage-Based,2026-10-03T00:00:00Z,2026-10-03T23:59:59Z,,,,83.026,GB,6.7899,0.08178,6.7899,Microsoft Corporation,6.7899,0.08178,Standard,83.026,GB,eastus,East US,microsoft/sub-a1b2c3d4/azure-monitor,azure-monitor-prod,Workspace,Management and Governance,Monitoring,Azure Monitor,Microsoft Azure,MIC-AzureMonitor,MIC-AzureMon-eastus,sub-a1b2c3d4,assinatura-producao,Subscription,"{""Environment"": ""prod"", ""ManagedBy"": ""cloudformation""}"
2.5588,sub-a1b2c3d4,cloudfinops-demo,Billing Account,USD,2026-08-01T00:00:00Z,2026-09-01T00:00:00Z,Usage,,Azure Monitor - Monitoring,Usage-Based,2026-08-01T00:00:00Z,2026-08-01T23:59:59Z,,,,9.653,GB,2.5588,0.265078,2.5588,Microsoft Corporation,2.5588,0.265078,Standard,9.653,GB,eastus,East US,microsoft/sub-d4e5f6a7/azure-monitor,azure-monitor-dev,Workspace,Management and Governance,Monitoring,Azure Monitor,Microsoft Azure,MIC-AzureMonitor,MIC-AzureMon-eastus,sub-d4e5f6a7,assinatura-dev,Subscription,"{""Environment"": ""dev"", ""ManagedBy"": ""cloudformation""}"
2.5871,sub-a1b2c3d4,cloudfinops-demo,Billing Account,USD,2026-08-01T00:00:00Z,2026-09-01T00:00:00Z,Usage,,Azure Monitor - Monitoring,Usage-Based,2026-08-02T00:00:00Z,2026-08-02T23:59:59Z,,,,17.6,GB,2.5871,0.146994,2.5871,Microsoft Corporation,2.5871,0.146994,Standard,17.6,GB,eastus,East US,microsoft/sub-d4e5f6a7/azure-monitor,azure-monitor-dev,Workspace,Management and Governance,Monitoring,Azure Monitor,Microsoft Azure,MIC-AzureMonitor,MIC-AzureMon-eastus,sub-d4e5f6a7,assinatura-dev,Subscription,"{""Environment"": ""dev"", ""ManagedBy"": ""manual""}"
3.0595,sub-a1b2c3d4,cloudfinops-demo,Billing Account,USD,2026-08-01T00:00:00Z,2026-09-01T00:00:00Z,Usage,,Azure Monitor - Monitoring,Usage-Based,2026-08-03T00:00:00Z,2026-08-03T23:59:59Z,,,,13.329,GB,3.0595,0.229537,3.0595,Microsoft Corporation,3.0595,0.229537,Standard,13.329,GB,eastus,East US,microsoft/sub-d4e5f6a7/azure-monitor,azure-monitor-dev,Workspace,Management and Governance,Monitoring,Azure Monitor,Microsoft Azure,MIC-AzureMonitor,MIC-AzureMon-eastus,sub-d4e5f6a7,assinatura-dev,Subscription,"{""Environment"": ""dev"", ""ManagedBy"": ""manual""}"
2.9522,sub-a1b2c3d4,cloudfinops-demo,Billing Account,USD,2026-08-01T00:00:00Z,2026-09-01T00:00:00Z,Usage,,Azure Monitor - Monitoring,Usage-Based,2026-08-04T00:00:00Z,2026-08-04T23:59:59Z,,,,22.518,GB,2.9522,0.131104,2.9522,Microsoft Corporation,2.9522,0.131104,Standard,22.518,GB,eastus,East US,microsoft/sub-d4e5f6a7/azure-monitor,azure-monitor-dev,Workspace,Management and Governance,Monitoring,Azure Monitor,Microsoft Azure,MIC-AzureMonitor,MIC-AzureMon-eastus,sub-d4e5f6a7,assinatura-dev,Subscription,"{""Environment"": ""dev"", ""ManagedBy"": ""terraform""}"
2.9922,sub-a1b2c3d4,cloudfinops-demo,Billing Account,USD,2026-08-01T00:00:00Z,2026-09-01T00:00:00Z,Usage,,Azure Monitor - Monitoring,Usage-Based,2026-08-05T00:00:00Z,2026-08-05T23:59:59Z,,,,11.109,GB,2.9922,0.269349,2.9922,Microsoft Corporation,2.9922,0.269349,Standard,11.109,GB,eastus,East US,microsoft/sub-d4e5f6a7/azure-monitor,azure-monitor-dev,Workspace,Management and Governance,Monitoring,Azure Monitor,Microsoft Azure,MIC-AzureMonitor,MIC-AzureMon-eastus,sub-d4e5f6a7,assinatura-dev,Subscription,"{""Environment"": ""dev"", ""ManagedBy"": ""terraform""}"
2.98,sub-a1b2c3d4,cloudfinops-demo,Billing Account,USD,2026-08-01T00:00:00Z,2026-09-01T00:00:00Z,Usage,,Azure Monitor - Monitoring,Usage-Based,2026-08-06T00:00:00Z,2026-08-06T23:59:59Z,,,,8.528,GB,2.98,0.349437,2.98,Microsoft Corporation,2.98,0.349437,Standard,8.528,GB,eastus,East US,microsoft/sub-d4e5f6a7/azure-monitor,azure-monitor-dev,Workspace,Management and Governance,Monitoring,Azure Monitor,Microsoft Azure,MIC-AzureMonitor,MIC-AzureMon-eastus,sub-d4e5f6a7,assinatura-dev,Subscription,"{""Environment"": ""dev"", ""ManagedBy"": ""serverless""}"
3.0409,sub-a1b2c3d4,cloudfinops-demo,Billing Account,USD,2026-08-01T00:00:00Z,2026-09-01T00:00:00Z,Usage,,Azure Monitor - Monitoring,Usage-Based,2026-08-07T00:00:00Z,2026-08-07T23:59:59Z,,,,6.82,GB,3.0409,0.44588,3.0409,Microsoft Corporation,3.0409,0.44588,Standard,6.82,GB,eastus,East US,microsoft/sub-d4e5f6a7/azure-monitor,azure-monitor-dev,Workspace,Management and Governance,Monitoring,Azure Monitor,Microsoft Azure,MIC-AzureMonitor,MIC-AzureMon-eastus,sub-d4e5f6a7,assinatura-dev,Subscription,"{""Environment"": ""dev"", ""ManagedBy"": ""manual""}"
2.4989,sub-a1b2c3d4,cloudfinops-demo,Billing Account,USD,2026-08-01T00:00:00Z,2026-09-01T00:00:00Z,Usage,,Azure Monitor - Monitoring,Usage-Based,2026-08-08T00:00:00Z,2026-08-08T23:59:59Z,,,,11.662,GB,2.4989,0.214277,2.4989,Microsoft Corporation,2.4989,0.214277,Standard,11.662,GB,eastus,East US,microsoft/sub-d4e5f6a7/azure-monitor,azure-monitor-dev,Workspace,Management and Governance,Monitoring,Azure Monitor,Microsoft Azure,MIC-AzureMonitor,MIC-AzureMon-eastus,sub-d4e5f6a7,assinatura-dev,Subscription,"{""Environment"": ""dev"", ""ManagedBy"": ""terraform""}"
2.5777,sub-a1b2c3d4,cloudfinops-demo,Billing Account,USD,2026-08-01T00:00:00Z,2026-09-01T00:00:00Z,Usage,,Azure Monitor - Monitoring,Usage-Based,2026-08-09T00:00:00Z,2026-08-09T23:59:59Z,,,,6.753,GB,2.5777,0.381712,2.5777,Microsoft Corporation,2.5777,0.381712,Standard,6.753,GB,eastus,East US,microsoft/sub-d4e5f6a7/azure-monitor,azure-monitor-dev,Workspace,Management and Governance,Monitoring,Azure Monitor,Microsoft Azure,MIC-AzureMonitor,MIC-AzureMon-eastus,sub-d4e5f6a7,assinatura-dev,Subscription,"{""Environment"": ""dev"", ""ManagedBy"": ""terraform""}"
3.0156,sub-a1b2c3d4,cloudfinops-demo,Billing Account,USD,2026-08-01T00:00:00Z,2026-09-01T00:00:00Z,Usage,,Azure Monitor - Monitoring,Usage-Based,2026-08-10T00:00:00Z,2026-08-10T23:59:59Z,,,,9.004,GB,3.0156,0.334918,3.0156,Microsoft Corporation,3.0156,0.334918,Standard,9.004,GB,eastus,East US,microsoft/sub-d4e5f6a7/azure-monitor,azure-monitor-dev,Workspace,Management and Governance,Monitoring,Azure Monitor,Microsoft Azure,MIC-AzureMonitor,MIC-AzureMon-eastus,sub-d4e5f6a7,assinatura-dev,Subscription,"{""Environment"": ""dev"", ""ManagedBy"": ""terraform""}"
2.9566,sub-a1b2c3d4,cloudfinops-demo,Billing Account,USD,2026-08-01T00:00:00Z,2026-09-01T00:00:00Z,Usage,,Azure Monitor - Monitoring,Usage-Based,2026-08-11T00:00:00Z,2026-08-11T23:59:59Z,,,,9.215,GB,2.9566,0.320846,2.9566,Microsoft Corporation,2.9566,0.320846,Standard,9.215,GB,eastus,East US,microsoft/sub-d4e5f6a7/azure-monitor,azure-monitor-dev,Workspace,Management and Governance,Monitoring,Azure Monitor,Microsoft Azure,MIC-AzureMonitor,MIC-AzureMon-eastus,sub-d4e5f6a7,assinatura-dev,Subscription,"{""Environment"": ""dev"", ""ManagedBy"": ""manual""}"
2.9656,sub-a1b2c3d4,cloudfinops-demo,Billing Account,USD,2026-08-01T00:00:00Z,2026-09-01T00:00:00Z,Usage,,Azure Monitor - Monitoring,Usage-Based,2026-08-12T00:00:00Z,2026-08-12T23:59:59Z,,,,7.704,GB,2.9656,0.384943,2.9656,Microsoft Corporation,2.9656,0.384943,Standard,7.704,GB,eastus,East US,microsoft/sub-d4e5f6a7/azure-monitor,azure-monitor-dev,Workspace,Management and Governance,Monitoring,Azure Monitor,Microsoft Azure,MIC-AzureMonitor,MIC-AzureMon-eastus,sub-d4e5f6a7,assinatura-dev,Subscription,"{""Environment"": ""dev"", ""ManagedBy"": ""terraform""}"
2.971,sub-a1b2c3d4,cloudfinops-demo,Billing Account,USD,2026-08-01T00:00:00Z,2026-09-01T00:00:00Z,Usage,,Azure Monitor - Monitoring,Usage-Based,2026-08-13T00:00:00Z,2026-08-13T23:59:59Z,,,,34.529,GB,2.971,0.086044,2.971,Microsoft Corporation,2.971,0.086044,Standard,34.529,GB,eastus,East US,microsoft/sub-d4e5f6a7/azure-monitor,azure-monitor-dev,Workspace,Management and Governance,Monitoring,Azure Monitor,Microsoft Azure,MIC-AzureMonitor,MIC-AzureMon-eastus,sub-d4e5f6a7,assinatura-dev,Subscription,"{""Environment"": ""dev"", ""ManagedBy"": ""cloudformation""}"
2.8915,sub-a1b2c3d4,cloudfinops-demo,Billing Account,USD,2026-08-01T00:00:00Z,2026-09-01T00:00:00Z,Usage,,Azure Monitor - Monitoring,Usage-Based,2026-08-14T00:00:00Z,2026-08-14T23:59:59Z,,,,19.353,GB,2.8915,0.149408,2.8915,Microsoft Corporation,2.8915,0.149408,Standard,19.353,GB,eastus,East US,microsoft/sub-d4e5f6a7/azure-monitor,azure-monitor-dev,Workspace,Management and Governance,Monitoring,Azure Monitor,Microsoft Azure,MIC-AzureMonitor,MIC-AzureMon-eastus,sub-d4e5f6a7,assinatura-dev,Subscription,"{""Environment"": ""dev"", ""ManagedBy"": ""terraform""}"
2.5735,sub-a1b2c3d4,cloudfinops-demo,Billing Account,USD,2026-08-01T00:00:00Z,2026-09-01T00:00:00Z,Usage,,Azure Monitor - Monitoring,Usage-Based,2026-08-15T00:00:00Z,2026-08-15T23:59:59Z,,,,13.196,GB,2.5735,0.195021,2.5735,Microsoft Corporation,2.5735,0.195021,Standard,13.196,GB,eastus,East US,microsoft/sub-d4e5f6a7/azure-monitor,azure-monitor-dev,Workspace,Management and Governance,Monitoring,Azure Monitor,Microsoft Azure,MIC-AzureMonitor,MIC-AzureMon-eastus,sub-d4e5f6a7,assinatura-dev,Subscription,"{""Environment"": ""dev"", ""ManagedBy"": ""cloudformation""}"
2.4474,sub-a1b2c3d4,cloudfinops-demo,Billing Account,USD,2026-08-01T00:00:00Z,2026-09-01T00:00:00Z,Usage,,Azure Monitor - Monitoring,Usage-Based,2026-08-16T00:00:00Z,2026-08-16T23:59:59Z,,,,7.982,GB,2.4474,0.306615,2.4474,Microsoft Corporation,2.4474,0.306615,Standard,7.982,GB,eastus,East US,microsoft/sub-d4e5f6a7/azure-monitor,azure-monitor-dev,Workspace,Management and Governance,Monitoring,Azure Monitor,Microsoft Azure,MIC-AzureMonitor,MIC-AzureMon-eastus,sub-d4e5f6a7,assinatura-dev,Subscription,"{""Environment"": ""dev"", ""ManagedBy"": ""cloudformation""}"
3.0028,sub-a1b2c3d4,cloudfinops-demo,Billing Account,USD,2026-08-01T00:00:00Z,2026-09-01T00:00:00Z,Usage,,Azure Monitor - Monitoring,Usage-Based,2026-08-17T00:00:00Z,2026-08-17T23:59:59Z,,,,26.274,GB,3.0028,0.114288,3.0028,Microsoft Corporation,3.0028,0.114288,Standard,26.274,GB,eastus,East US,microsoft/sub-d4e5f6a7/azure-monitor,azure-monitor-dev,Workspace,Management and Governance,Monitoring,Azure Monitor,Microsoft Azure,MIC-AzureMonitor,MIC-AzureMon-eastus,sub-d4e5f6a7,assinatura-dev,Subscription,"{""Environment"": ""dev"", ""ManagedBy"": ""terraform""}"
2.8949,sub-a1b2c3d4,cloudfinops-demo,Billing Account,USD,2026-08-01T00:00:00Z,2026-09-01T00:00:00Z,Usage,,Azure Monitor - Monitoring,Usage-Based,2026-08-18T00:00:00Z,2026-08-18T23:59:59Z,,,,9.899,GB,2.8949,0.292444,2.8949,Microsoft Corporation,2.8949,0.292444,Standard,9.899,GB,eastus,East US,microsoft/sub-d4e5f6a7/azure-monitor,azure-monitor-dev,Workspace,Management and Governance,Monitoring,Azure Monitor,Microsoft Azure,MIC-AzureMonitor,MIC-AzureMon-eastus,sub-d4e5f6a7,assinatura-dev,Subscription,"{""Environment"": ""dev"", ""ManagedBy"": ""manual""}"
2.9571,sub-a1b2c3d4,cloudfinops-demo,Billing Account,USD,2026-08-01T00:00:00Z,2026-09-01T00:00:00Z,Usage,,Azure Monitor - Monitoring,Usage-Based,2026-08-19T00:00:00Z,2026-08-19T23:59:59Z,,,,38.143,GB,2.9571,0.077527,2.9571,Microsoft Corporation,2.9571,0.077527,Standard,38.143,GB,eastus,East US,microsoft/sub-d4e5f6a7/azure-monitor,azure-monitor-dev,Workspace,Management and Governance,Monitoring,Azure Monitor,Microsoft Azure,MIC-AzureMonitor,MIC-AzureMon-eastus,sub-d4e5f6a7,assinatura-dev,Subscription,"{""Environment"": ""dev"", ""ManagedBy"": ""cloudformation""}"
2.9701,sub-a1b2c3d4,cloudfinops-demo,Billing Account,USD,2026-08-01T00:00:00Z,2026-09-01T00:00:00Z,Usage,,Azure Monitor - Monitoring,Usage-Based,2026-08-20T00:00:00Z,2026-08-20T23:59:59Z,,,,13.468,GB,2.9701,0.22053,2.9701,Microsoft Corporation,2.9701,0.22053,Standard,13.468,GB,eastus,East US,microsoft/sub-d4e5f6a7/azure-monitor,azure-monitor-dev,Workspace,Management and Governance,Monitoring,Azure Monitor,Microsoft Azure,MIC-AzureMonitor,MIC-AzureMon-eastus,sub-d4e5f6a7,assinatura-dev,Subscription,"{""Environment"": ""dev"", ""ManagedBy"": ""terraform""}"
2.9994,sub-a1b2c3d4,cloudfinops-demo,Billing Account,USD,2026-08-01T00:00:00Z,2026-09-01T00:00:00Z,Usage,,Azure Monitor - Monitoring,Usage-Based,2026-08-21T00:00:00Z,2026-08-21T23:59:59Z,,,,11.282,GB,2.9994,0.265857,2.9994,Microsoft Corporation,2.9994,0.265857,Standard,11.282,GB,eastus,East US,microsoft/sub-d4e5f6a7/azure-monitor,azure-monitor-dev,Workspace,Management and Governance,Monitoring,Azure Monitor,Microsoft Azure,MIC-AzureMonitor,MIC-AzureMon-eastus,sub-d4e5f6a7,assinatura-dev,Subscription,"{""Environment"": ""dev"", ""ManagedBy"": ""cloudformation""}"
2.5781,sub-a1b2c3d4,cloudfinops-demo,Billing Account,USD,2026-08-01T00:00:00Z,2026-09-01T00:00:00Z,Usage,,Azure Monitor - Monitoring,Usage-Based,2026-08-22T00:00:00Z,2026-08-22T23:59:59Z,,,,24.768,GB,2.5781,0.10409,2.5781,Microsoft Corporation,2.5781,0.10409,Standard,24.768,GB,eastus,East US,microsoft/sub-d4e5f6a7/azure-monitor,azure-monitor-dev,Workspace,Management and Governance,Monitoring,Azure Monitor,Microsoft Azure,MIC-AzureMonitor,MIC-AzureMon-eastus,sub-d4e5f6a7,assinatura-dev,Subscription,"{""Environment"": ""dev"", ""ManagedBy"": ""cloudformation""}"
2.4933,sub-a1b2c3d4,cloudfinops-demo,Billing Account,USD,2026-08-01T00:00:00Z,2026-09-01T00:00:00Z,Usage,,Azure Monitor - Monitoring,Usage-Based,2026-08-23T00:00:00Z,2026-08-23T23:59:59Z,,,,12.884,GB,2.4933,0.193519,2.4933,Microsoft Corporation,2.4933,0.193519,Standard,12.884,GB,eastus,East US,microsoft/sub-d4e5f6a7/azure-monitor,azure-monitor-dev,Workspace,Management and Governance,Monitoring,Azure Monitor,Microsoft Azure,MIC-AzureMonitor,MIC-AzureMon-eastus,sub-d4e5f6a7,assinatura-dev,Subscription,"{""Environment"": ""dev"", ""ManagedBy"": ""terraform""}"
2.9655,sub-a1b2c3d4,cloudfinops-demo,Billing Account,USD,2026-08-01T00:00:00Z,2026-09-01T00:00:00Z,Usage,,Azure Monitor - Monitoring,Usage-Based,2026-08-24T00:00:00Z,2026-08-24T23:59:59Z,,,,47.243,GB,2.9655,0.062771,2.9655,Microsoft Corporation,2.9655,0.062771,Standard,47.243,GB,eastus,East US,microsoft/sub-d4e5f6a7/azure-monitor,azure-monitor-dev,Workspace,Management and Governance,Monitoring,Azure Monitor,Microsoft Azure,MIC-AzureMonitor,MIC-AzureMon-eastus,sub-d4e5f6a7,assinatura-dev,Subscription,"{""Environment"": ""dev"", ""ManagedBy"": ""terraform""}"
3.0085,sub-a1b2c3d4,cloudfinops-demo,Billing Account,USD,2026-08-01T00:00:00Z,2026-09-01T00:00:00Z,Usage,,Azure Monitor - Monitoring,Usage-Based,2026-08-25T00:00:00Z,2026-08-25T23:59:59Z,,,,29.111,GB,3.0085,0.103346,3.0085,Microsoft Corporation,3.0085,0.103346,Standard,29.111,GB,eastus,East US,microsoft/sub-d4e5f6a7/azure-monitor,azure-monitor-dev,Workspace,Management and Governance,Monitoring,Azure Monitor,Microsoft Azure,MIC-AzureMonitor,MIC-AzureMon-eastus,sub-d4e5f6a7,assinatura-dev,Subscription,"{""Environment"": ""dev"", ""ManagedBy"": ""manual""}"
3.0174,sub-a1b2c3d4,cloudfinops-demo,Billing Account,USD,2026-08-01T00:00:00Z,2026-09-01T00:00:00Z,Usage,,Azure Monitor - Monitoring,Usage-Based,2026-08-26T00:00:00Z,2026-08-26T23:59:59Z,,,,12.638,GB,3.0174,0.238756,3.0174,Microsoft Corporation,3.0174,0.238756,Standard,12.638,GB,eastus,East US,microsoft/sub-d4e5f6a7/azure-monitor,azure-monitor-dev,Workspace,Management and Governance,Monitoring,Azure Monitor,Microsoft Azure,MIC-AzureMonitor,MIC-AzureMon-eastus,sub-d4e5f6a7,assinatura-dev,Subscription,"{""Environment"": ""dev"", ""ManagedBy"": ""cloudformation""}"
2.9033,sub-a1b2c3d4,cloudfinops-demo,Billing Account,USD,2026-08-01T00:00:00Z,2026-09-01T00:00:00Z,Usage,,Azure Monitor - Monitoring,Usage-Based,2026-08-27T00:00:00Z,2026-08-27T23:59:59Z,,,,17.748,GB,2.9033,0.163585,2.9033,Microsoft Corporation,2.9033,0.163585,Standard,17.748,GB,eastus,East US,microsoft/sub-d4e5f6a7/azure-monitor,azure-monitor-dev,Workspace,Management and Governance,Monitoring,Azure Monitor,Microsoft Azure,MIC-AzureMonitor,MIC-AzureMon-eastus,sub-d4e5f6a7,assinatura-dev,Subscription,"{""Environment"": ""dev"", ""ManagedBy"": ""cloudformation""}"
2.898,sub-a1b2c3d4,cloudfinops-demo,Billing Account,USD,2026-08-01T00:00:00Z,2026-09-01T00:00:00Z,Usage,,Azure Monitor - Monitoring,Usage-Based,2026-08-28T00:00:00Z,2026-08-28T23:59:59Z,,,,48.64,GB,2.898,0.059581,2.898,Microsoft Corporation,2.898,0.059581,Standard,48.64,GB,eastus,East US,microsoft/sub-d4e5f6a7/azure-monitor,azure-monitor-dev,Workspace,Management and Governance,Monitoring,Azure Monitor,Microsoft Azure,MIC-AzureMonitor,MIC-AzureMon-eastus,sub-d4e5f6a7,assinatura-dev,Subscription,"{""Environment"": ""dev"", ""ManagedBy"": ""serverless""}"
2.5505,sub-a1b2c3d4,cloudfinops-demo,Billing Account,USD,2026-08-01T00:00:00Z,2026-09-01T00:00:00Z,Usage,,Azure Monitor - Monitoring,Usage-Based,2026-08-29T00:00:00Z,2026-08-29T23:59:59Z,,,,18.525,GB,2.5505,0.137679,2.5505,Microsoft Corporation,2.5505,0.137679,Standard,18.525,GB,eastus,East US,microsoft/sub-d4e5f6a7/azure-monitor,azure-monitor-dev,Workspace,Management and Governance,Monitoring,Azure Monitor,Microsoft Azure,MIC-AzureMonitor,MIC-AzureMon-eastus,sub-d4e5f6a7,assinatura-dev,Subscription,"{""Environment"": ""dev"", ""ManagedBy"": ""cloudformation""}"
2.5456,sub-a1b2c3d4,cloudfinops-demo,Billing Account,USD,2026-08-01T00:00:00Z,2026-09-01T00:00:00Z,Usage,,Azure Monitor - Monitoring,Usage-Based,2026-08-30T00:00:00Z,2026-08-30T23:59:59Z,,,,17.872,GB,2.5456,0.142435,2.5456,Microsoft Corporation,2.5456,0.142435,Standard,17.872,GB,eastus,East US,microsoft/sub-d4e5f6a7/azure-monitor,azure-monitor-dev,Workspace,Management and Governance,Monitoring,Azure Monitor,Microsoft Azure,MIC-AzureMonitor,MIC-AzureMon-eastus,sub-d4e5f6a7,assinatura-dev,Subscription,"{""Environment"": ""dev"", ""ManagedBy"": ""manual""}"
2.9005,sub-a1b2c3d4,cloudfinops-demo,Billing Account,USD,2026-08-01T00:00:00Z,2026-09-01T00:00:00Z,Usage,,Azure Monitor - Monitoring,Usage-Based,2026-08-31T00:00:00Z,2026-08-31T23:59:59Z,,,,8.561,GB,2.9005,0.338804,2.9005,Microsoft Corporation,2.9005,0.338804,Standard,8.561,GB,eastus,East US,microsoft/sub-d4e5f6a7/azure-monitor,azure-monitor-dev,Workspace,Management and Governance,Monitoring,Azure Monitor,Microsoft Azure,MIC-AzureMonitor,MIC-AzureMon-eastus,sub-d4e5f6a7,assinatura-dev,Subscription,"{""Environment"": ""dev"", ""ManagedBy"": ""manual""}"
3.0581,sub-a1b2c3d4,cloudfinops-demo,Billing Account,USD,2026-09-01T00:00:00Z,2026-10-01T00:00:00Z,Usage,,Azure Monitor - Monitoring,Usage-Based,2026-09-01T00:00:00Z,2026-09-01T23:59:59Z,,,,22.263,GB,3.0581,0.137362,3.0581,Microsoft Corporation,3.0581,0.137362,Standard,22.263,GB,eastus,East US,microsoft/sub-d4e5f6a7/azure-monitor,azure-monitor-dev,Workspace,Management and Governance,Monitoring,Azure Monitor,Microsoft Azure,MIC-AzureMonitor,MIC-AzureMon-eastus,sub-d4e5f6a7,assinatura-dev,Subscription,"{""Environment"": ""dev"", ""ManagedBy"": ""serverless""}"
3.1682,sub-a1b2c3d4,cloudfinops-demo,Billing Account,USD,2026-09-01T00:00:00Z,2026-10-01T00:00:00Z,Usage,,Azure Monitor - Monitoring,Usage-Based,2026-09-02T00:00:00Z,2026-09-02T23:59:59Z,,,,20.641,GB,3.1682,0.153491,3.1682,Microsoft Corporation,3.1682,0.153491,Standard,20.641,GB,eastus,East US,microsoft/sub-d4e5f6a7/azure-monitor,azure-monitor-dev,Workspace,Management and Governance,Monitoring,Azure Monitor,Microsoft Azure,MIC-AzureMonitor,MIC-AzureMon-eastus,sub-d4e5f6a7,assinatura-dev,Subscription,"{""Environment"": ""dev"", ""ManagedBy"": ""manual""}"
3.1732,sub-a1b2c3d4,cloudfinops-demo,Billing Account,USD,2026-09-01T00:00:00Z,2026-10-01T00:00:00Z,Usage,,Azure Monitor - Monitoring,Usage-Based,2026-09-03T00:00:00Z,2026-09-03T23:59:59Z,,,,9.0,GB,3.1732,0.352578,3.1732,Microsoft Corporation,3.1732,0.352578,Standard,9.0,GB,eastus,East US,microsoft/sub-d4e5f6a7/azure-monitor,azure-monitor-dev,Workspace,Management and Governance,Monitoring,Azure Monitor,Microsoft Azure,MIC-AzureMonitor,MIC-AzureMon-eastus,sub-d4e5f6a7,assinatura-dev,Subscription,"{""Environment"": ""dev"", ""ManagedBy"": ""serverless""}"
3.1899,sub-a1b2c3d4,cloudfinops-demo,Billing Account,USD,2026-09-01T00:00:00Z,2026-10-01T00:00:00Z,Usage,,Azure Monitor - Monitoring,Usage-Based,2026-09-04T00:00:00Z,2026-09-04T23:59:59Z,,,,8.269,GB,3.1899,0.385766,3.1899,Microsoft Corporation,3.1899,0.385766,Standard,8.269,GB,eastus,East US,microsoft/sub-d4e5f6a7/azure-monitor,azure-monitor-dev,Workspace,Management and Governance,Monitoring,Azure Monitor,Microsoft Azure,MIC-AzureMonitor,MIC-AzureMon-eastus,sub-d4e5f6a7,assinatura-dev,Subscription,"{""Environment"": ""dev"", ""ManagedBy"": ""cloudformation""}"
2.5867,sub-a1b2c3d4,cloudfinops-demo,Billing Account,USD,2026-09-01T00:00:00Z,2026-10-01T00:00:00Z,Usage,,Azure Monitor - Monitoring,Usage-Based,2026-09-05T00:00:00Z,2026-09-05T23:59:59Z,,,,11.683,GB,2.5867,0.221407,2.5867,Microsoft Corporation,2.5867,0.221407,Standard,11.683,GB,eastus,East US,microsoft/sub-d4e5f6a7/azure-monitor,azure-monitor-dev,Workspace,Management and Governance,Monitoring,Azure Monitor,Microsoft Azure,MIC-AzureMonitor,MIC-AzureMon-eastus,sub-d4e5f6a7,assinatura-dev,Subscription,"{""Environment"": ""dev"", ""ManagedBy"": ""terraform""}"
2.6724,sub-a1b2c3d4,cloudfinops-demo,Billing Account,USD,2026-09-01T00:00:00Z,2026-10-01T00:00:00Z,Usage,,Azure Monitor - Monitoring,Usage-Based,2026-09-06T00:00:00Z,2026-09-06T23:59:59Z,,,,6.232,GB,2.6724,0.428819,2.6724,Microsoft Corporation,2.6724,0.428819,Standard,6.232,GB,eastus,East US,microsoft/sub-d4e5f6a7/azure-monitor,azure-monitor-dev,Workspace,Management and Governance,Monitoring,Azure Monitor,Microsoft Azure,MIC-AzureMonitor,MIC-AzureMon-eastus,sub-d4e5f6a7,assinatura-dev,Subscription,"{""Environment"": ""dev"", ""ManagedBy"": ""manual""}"
3.1157,sub-a1b2c3d4,cloudfinops-demo,Billing Account,USD,2026-09-01T00:00:00Z,2026-10-01T00:00:00Z,Usage,,Azure Monitor - Monitoring,Usage-Based,2026-09-07T00:00:00Z,2026-09-07T23:59:59Z,,,,13.204,GB,3.1157,0.235966,3.1157,Microsoft Corporation,3.1157,0.235966,Standard,13.204,GB,eastus,East US,microsoft/sub-d4e5f6a7/azure-monitor,azure-monitor-dev,Workspace,Management and Governance,Monitoring,Azure Monitor,Microsoft Azure,MIC-AzureMonitor,MIC-AzureMon-eastus,sub-d4e5f6a7,assinatura-dev,Subscription,"{""Environment"": ""dev"", ""ManagedBy"": ""serverless""}"
3.0257,sub-a1b2c3d4,cloudfinops-demo,Billing Account,USD,2026-09-01T00:00:00Z,2026-10-01T00:00:00Z,Usage,,Azure Monitor - Monitoring,Usage-Based,2026-09-08T00:00:00Z,2026-09-08T23:59:59Z,,,,148.87,GB,3.0257,0.020324,3.0257,Microsoft Corporation,3.0257,0.020324,Standard,148.87,GB,eastus,East US,microsoft/sub-d4e5f6a7/azure-monitor,azure-monitor-dev,Workspace,Management and Governance,Monitoring,Azure Monitor,Microsoft Azure,MIC-AzureMonitor,MIC-AzureMon-eastus,sub-d4e5f6a7,assinatura-dev,Subscription,"{""Environment"": ""dev"", ""ManagedBy"": ""cloudformation""}"
3.0565,sub-a1b2c3d4,cloudfinops-demo,Billing Account,USD,2026-09-01T00:00:00Z,2026-10-01T00:00:00Z,Usage,,Azure Monitor - Monitoring,Usage-Based,2026-09-09T00:00:00Z,2026-09-09T23:59:59Z,,,,25.916,GB,3.0565,0.117939,3.0565,Microsoft Corporation,3.0565,0.117939,Standard,25.916,GB,eastus,East US,microsoft/sub-d4e5f6a7/azure-monitor,azure-monitor-dev,Workspace,Management and Governance,Monitoring,Azure Monitor,Microsoft Azure,MIC-AzureMonitor,MIC-AzureMon-eastus,sub-d4e5f6a7,assinatura-dev,Subscription,"{""Environment"": ""dev"", ""ManagedBy"": ""serverless""}"
3.0863,sub-a1b2c3d4,cloudfinops-demo,Billing Account,USD,2026-09-01T00:00:00Z,2026-10-01T00:00:00Z,Usage,,Azure Monitor - Monitoring,Usage-Based,2026-09-10T00:00:00Z,2026-09-10T23:59:59Z,,,,7.469,GB,3.0863,0.413215,3.0863,Microsoft Corporation,3.0863,0.413215,Standard,7.469,GB,eastus,East US,microsoft/sub-d4e5f6a7/azure-monitor,azure-monitor-dev,Workspace,Management and Governance,Monitoring,Azure Monitor,Microsoft Azure,MIC-AzureMonitor,MIC-AzureMon-eastus,sub-d4e5f6a7,assinatura-dev,Subscription,"{""Environment"": ""dev"", ""ManagedBy"": ""terraform""}"
3.0406,sub-a1b2c3d4,cloudfinops-demo,Billing Account,USD,2026-09-01T00:00:00Z,2026-10-01T00:00:00Z,Usage,,Azure Monitor - Monitoring,Usage-Based,2026-09-11T00:00:00Z,2026-09-11T23:59:59Z,,,,8.544,GB,3.0406,0.355875,3.0406,Microsoft Corporation,3.0406,0.355875,Standard,8.544,GB,eastus,East US,microsoft/sub-d4e5f6a7/azure-monitor,azure-monitor-dev,Workspace,Management and Governance,Monitoring,Azure Monitor,Microsoft Azure,MIC-AzureMonitor,MIC-AzureMon-eastus,sub-d4e5f6a7,assinatura-dev,Subscription,"{""Environment"": ""dev"", ""ManagedBy"": ""manual""}"
2.5749,sub-a1b2c3d4,cloudfinops-demo,Billing Account,USD,2026-09-01T00:00:00Z,2026-10-01T00:00:00Z,Usage,,Azure Monitor - Monitoring,Usage-Based,2026-09-12T00:00:00Z,2026-09-12T23:59:59Z,,,,20.487,GB,2.5749,0.125685,2.5749,Microsoft Corporation,2.5749,0.125685,Standard,20.487,GB,eastus,East US,microsoft/sub-d4e5f6a7/azure-monitor,azure-monitor-dev,Workspace,Management and Governance,Monitoring,Azure Monitor,Microsoft Azure,MIC-AzureMonitor,MIC-AzureMon-eastus,sub-d4e5f6a7,assinatura-dev,Subscription,"{""Environment"": ""dev"", ""ManagedBy"": ""serverless""}"
2.5592,sub-a1b2c3d4,cloudfinops-demo,Billing Account,USD,2026-09-01T00:00:00Z,2026-10-01T00:00:00Z,Usage,,Azure Monitor - Monitoring,Usage-Based,2026-09-13T00:00:00Z,2026-09-13T23:59:59Z,,,,28.183,GB,2.5592,0.090807,2.5592,Microsoft Corporation,2.5592,0.090807,Standard,28.183,GB,eastus,East US,microsoft/sub-d4e5f6a7/azure-monitor,azure-monitor-dev,Workspace,Management and Governance,Monitoring,Azure Monitor,Microsoft Azure,MIC-AzureMonitor,MIC-AzureMon-eastus,sub-d4e5f6a7,assinatura-dev,Subscription,"{""Environment"": ""dev"", ""ManagedBy"": ""terraform""}"
3.2089,sub-a1b2c3d4,cloudfinops-demo,Billing Account,USD,2026-09-01T00:00:00Z,2026-10-01T00:00:00Z,Usage,,Azure Monitor - Monitoring,Usage-Based,2026-09-14T00:00:00Z,2026-09-14T23:59:59Z,,,,69.669,GB,3.2089,0.046059,3.2089,Microsoft Corporation,3.2089,0.046059,Standard,69.669,GB,eastus,East US,microsoft/sub-d4e5f6a7/azure-monitor,azure-monitor-dev,Workspace,Management and Governance,Monitoring,Azure Monitor,Microsoft Azure,MIC-AzureMonitor,MIC-AzureMon-eastus,sub-d4e5f6a7,assinatura-dev,Subscription,"{""Environment"": ""dev"", ""ManagedBy"": ""cloudformation""}"
3.1667,sub-a1b2c3d4,cloudfinops-demo,Billing Account,USD,2026-09-01T00:00:00Z,2026-10-01T00:00:00Z,Usage,,Azure Monitor - Monitoring,Usage-Based,2026-09-15T00:00:00Z,2026-09-15T23:59:59Z,,,,40.021,GB,3.1667,0.079126,3.1667,Microsoft Corporation,3.1667,0.079126,Standard,40.021,GB,eastus,East US,microsoft/sub-d4e5f6a7/azure-monitor,azure-monitor-dev,Workspace,Management and Governance,Monitoring,Azure Monitor,Microsoft Azure,MIC-AzureMonitor,MIC-AzureMon-eastus,sub-d4e5f6a7,assinatura-dev,Subscription,"{""Environment"": ""dev"", ""ManagedBy"": ""cloudformation""}"
3.1861,sub-a1b2c3d4,cloudfinops-demo,Billing Account,USD,2026-09-01T00:00:00Z,2026-10-01T00:00:00Z,Usage,,Azure Monitor - Monitoring,Usage-Based,2026-09-16T00:00:00Z,2026-09-16T23:59:59Z,,,,9.118,GB,3.1861,0.34943,3.1861,Microsoft Corporation,3.1861,0.34943,Standard,9.118,GB,eastus,East US,microsoft/sub-d4e5f6a7/azure-monitor,azure-monitor-dev,Workspace,Management and Governance,Monitoring,Azure Monitor,Microsoft Azure,MIC-AzureMonitor,MIC-AzureMon-eastus,sub-d4e5f6a7,assinatura-dev,Subscription,"{""Environment"": ""dev"", ""ManagedBy"": ""serverless""}"
3.1022,sub-a1b2c3d4,cloudfinops-demo,Billing Account,USD,2026-09-01T00:00:00Z,2026-10-01T00:00:00Z,Usage,,Azure Monitor - Monitoring,Usage-Based,2026-09-17T00:00:00Z,2026-09-17T23:59:59Z,,,,9.227,GB,3.1022,0.336209,3.1022,Microsoft Corporation,3.1022,0.336209,Standard,9.227,GB,eastus,East US,microsoft/sub-d4e5f6a7/azure-monitor,azure-monitor-dev,Workspace,Management and Governance,Monitoring,Azure Monitor,Microsoft Azure,MIC-AzureMonitor,MIC-AzureMon-eastus,sub-d4e5f6a7,assinatura-dev,Subscription,"{""Environment"": ""dev"", ""ManagedBy"": ""manual""}"
3.0966,sub-a1b2c3d4,cloudfinops-demo,Billing Account,USD,2026-09-01T00:00:00Z,2026-10-01T00:00:00Z,Usage,,Azure Monitor - Monitoring,Usage-Based,2026-09-18T00:00:00Z,2026-09-18T23:59:59Z,,,,15.579,GB,3.0966,0.198768,3.0966,Microsoft Corporation,3.0966,0.198768,Standard,15.579,GB,eastus,East US,microsoft/sub-d4e5f6a7/azure-monitor,azure-monitor-dev,Workspace,Management and Governance,Monitoring,Azure Monitor,Microsoft Azure,MIC-AzureMonitor,MIC-AzureMon-eastus,sub-d4e5f6a7,assinatura-dev,Subscription,"{""Environment"": ""dev"", ""ManagedBy"": ""cloudformation""}"
2.549,sub-a1b2c3d4,cloudfinops-demo,Billing Account,USD,2026-09-01T00:00:00Z,2026-10-01T00:00:00Z,Usage,,Azure Monitor - Monitoring,Usage-Based,2026-09-19T00:00:00Z,2026-09-19T23:59:59Z,,,,36.677,GB,2.549,0.069499,2.549,Microsoft Corporation,2.549,0.069499,Standard,36.677,GB,eastus,East US,microsoft/sub-d4e5f6a7/azure-monitor,azure-monitor-dev,Workspace,Management and Governance,Monitoring,Azure Monitor,Microsoft Azure,MIC-AzureMonitor,MIC-AzureMon-eastus,sub-d4e5f6a7,assinatura-dev,Subscription,"{""Environment"": ""dev"", ""ManagedBy"": ""cloudformation""}"
2.6175,sub-a1b2c3d4,cloudfinops-demo,Billing Account,USD,2026-09-01T00:00:00Z,2026-10-01T00:00:00Z,Usage,,Azure Monitor - Monitoring,Usage-Based,2026-09-20T00:00:00Z,2026-09-20T23:59:59Z,,,,15.617,GB,2.6175,0.167606,2.6175,Microsoft Corporation,2.6175,0.167606,Standard,15.617,GB,eastus,East US,microsoft/sub-d4e5f6a7/azure-monitor,azure-monitor-dev,Workspace,Management and Governance,Monitoring,Azure Monitor,Microsoft Azure,MIC-AzureMonitor,MIC-AzureMon-eastus,sub-d4e5f6a7,assinatura-dev,Subscription,"{""Environment"": ""dev"", ""ManagedBy"": ""serverless""}"
3.069,sub-a1b2c3d4,cloudfinops-demo,Billing Account,USD,2026-09-01T00:00:00Z,2026-10-01T00:00:00Z,Usage,,Azure Monitor - Monitoring,Usage-Based,2026-09-21T00:00:00Z,2026-09-21T23:59:59Z,,,,20.794,GB,3.069,0.147591,3.069,Microsoft Corporation,3.069,0.147591,Standard,20.794,GB,eastus,East US,microsoft/sub-d4e5f6a7/azure-monitor,azure-monitor-dev,Workspace,Management and Governance,Monitoring,Azure Monitor,Microsoft Azure,MIC-AzureMonitor,MIC-AzureMon-eastus,sub-d4e5f6a7,assinatura-dev,Subscription,"{""Environment"": ""dev"", ""ManagedBy"": ""terraform""}"
3.1401,sub-a1b2c3d4,cloudfinops-demo,Billing Account,USD,2026-09-01T00:00:00Z,2026-10-01T00:00:00Z,Usage,,Azure Monitor - Monitoring,Usage-Based,2026-09-22T00:00:00Z,2026-09-22T23:59:59Z,,,,10.846,GB,3.1401,0.289517,3.1401,Microsoft Corporation,3.1401,0.289517,Standard,10.846,GB,eastus,East US,microsoft/sub-d4e5f6a7/azure-monitor,azure-monitor-dev,Workspace,Management and Governance,Monitoring,Azure Monitor,Microsoft Azure,MIC-AzureMonitor,MIC-AzureMon-eastus,sub-d4e5f6a7,assinatura-dev,Subscription,"{""Environment"": ""dev"", ""ManagedBy"": ""serverless""}"
3.1465,sub-a1b2c3d4,cloudfinops-demo,Billing Account,USD,2026-09-01T00:00:00Z,2026-10-01T00:00:00Z,Usage,,Azure Monitor - Monitoring,Usage-Based,2026-09-23T00:00:00Z,2026-09-23T23:59:59Z,,,,14.603,GB,3.1465,0.215469,3.1465,Microsoft Corporation,3.1465,0.215469,Standard,14.603,GB,eastus,East US,microsoft/sub-d4e5f6a7/azure-monitor,azure-monitor-dev,Workspace,Management and Governance,Monitoring,Azure Monitor,Microsoft Azure,MIC-AzureMonitor,MIC-AzureMon-eastus,sub-d4e5f6a7,assinatura-dev,Subscription,"{""Environment"": ""dev"", ""ManagedBy"": ""cloudformation""}"
3.0146,sub-a1b2c3d4,cloudfinops-demo,Billing Account,USD,2026-09-01T00:00:00Z,2026-10-01T00:00:00Z,Usage,,Azure Monitor - Monitoring,Usage-Based,2026-09-24T00:00:00Z,2026-09-24T23:59:59Z,,,,50.121,GB,3.0146,0.060146,3.0146,Microsoft Corporation,3.0146,0.060146,Standard,50.121,GB,eastus,East US,microsoft/sub-d4e5f6a7/azure-monitor,azure-monitor-dev,Workspace,Management and Governance,Monitoring,Azure Monitor,Microsoft Azure,MIC-AzureMonitor,MIC-AzureMon-eastus,sub-d4e5f6a7,assinatura-dev,Subscription,"{""Environment"": ""dev"", ""ManagedBy"": ""serverless""}"
3.0345,sub-a1b2c3d4,cloudfinops-demo,Billing Account,USD,2026-09-01T00:00:00Z,2026-10-01T00:00:00Z,Usage,,Azure Monitor - Monitoring,Usage-Based,2026-09-25T00:00:00Z,2026-09-25T23:59:59Z,,,,8.274,GB,3.0345,0.366751,3.0345,Microsoft Corporation,3.0345,0.366751,Standard,8.274,GB,eastus,East US,microsoft/sub-d4e5f6a7/azure-monitor,azure-monitor-dev,Workspace,Management and Governance,Monitoring,Azure Monitor,Microsoft Azure,MIC-AzureMonitor,MIC-AzureMon-eastus,sub-d4e5f6a7,assinatura-dev,Subscription,"{""Environment"": ""dev"", ""ManagedBy"": ""manual""}"
2.6747,sub-a1b2c3d4,cloudfinops-demo,Billing Account,USD,2026-09-01T00:00:00Z,2026-10-01T00:00:00Z,Usage,,Azure Monitor - Monitoring,Usage-Based,2026-09-26T00:00:00Z,2026-09-26T23:59:59Z,,,,27.742,GB,2.6747,0.096413,2.6747,Microsoft Corporation,2.6747,0.096413,Standard,27.742,GB,eastus,East US,microsoft/sub-d4e5f6a7/azure-monitor,azure-monitor-dev,Workspace,Management and Governance,Monitoring,Azure Monitor,Microsoft Azure,MIC-AzureMonitor,MIC-AzureMon-eastus,sub-d4e5f6a7,assinatura-dev,Subscription,"{""Environment"": ""dev"", ""ManagedBy"": ""manual""}"
2.6449,sub-a1b2c3d4,cloudfinops-demo,Billing Account,USD,2026-09-01T00:00:00Z,2026-10-01T00:00:00Z,Usage,,Azure Monitor - Monitoring,Usage-Based,2026-09-27T00:00:00Z,2026-09-27T23:59:59Z,,,,17.028,GB,2.6449,0.155327,2.6449,Microsoft Corporation,2.6449,0.155327,Standard,17.028,GB,eastus,East US,microsoft/sub-d4e5f6a7/azure-monitor,azure-monitor-dev,Workspace,Management and Governance,Monitoring,Azure Monitor,Microsoft Azure,MIC-AzureMonitor,MIC-AzureMon-eastus,sub-d4e5f6a7,assinatura-dev,Subscription,"{""Environment"": ""dev"", ""ManagedBy"": ""manual""}"
3.0845,sub-a1b2c3d4,cloudfinops-demo,Billing Account,USD,2026-09-01T00:00:00Z,2026-10-01T00:00:00Z,Usage,,Azure Monitor - Monitoring,Usage-Based,2026-09-28T00:00:00Z,2026-09-28T23:59:59Z,,,,7.868,GB,3.0845,0.392031,3.0845,Microsoft Corporation,3.0845,0.392031,Standard,7.868,GB,eastus,East US,microsoft/sub-d4e5f6a7/azure-monitor,azure-monitor-dev,Workspace,Management and Governance,Monitoring,Azure Monitor,Microsoft Azure,MIC-AzureMonitor,MIC-AzureMon-eastus,sub-d4e5f6a7,assinatura-dev,Subscription,"{""Environment"": ""dev"", ""ManagedBy"": ""manual""}"
3.0448,sub-a1b2c3d4,cloudfinops-demo,Billing Account,USD,2026-09-01T00:00:00Z,2026-10-01T00:00:00Z,Usage,,Azure Monitor - Monitoring,Usage-Based,2026-09-29T00:00:00Z,2026-09-29T23:59:59Z,,,,9.711,GB,3.0448,0.313541,3.0448,Microsoft Corporation,3.0448,0.313541,Standard,9.711,GB,eastus,East US,microsoft/sub-d4e5f6a7/azure-monitor,azure-monitor-dev,Workspace,Management and Governance,Monitoring,Azure Monitor,Microsoft Azure,MIC-AzureMonitor,MIC-AzureMon-eastus,sub-d4e5f6a7,assinatura-dev,Subscription,"{""Environment"": ""dev"", ""ManagedBy"": ""cloudformation""}"
3.1206,sub-a1b2c3d4,cloudfinops-demo,Billing Account,USD,2026-09-01T00:00:00Z,2026-10-01T00:00:00Z,Usage,,Azure Monitor - Monitoring,Usage-Based,2026-09-30T00:00:00Z,2026-09-30T23:59:59Z,,,,32.666,GB,3.1206,0.095531,3.1206,Microsoft Corporation,3.1206,0.095531,Standard,32.666,GB,eastus,East US,microsoft/sub-d4e5f6a7/azure-monitor,azure-monitor-dev,Workspace,Management and Governance,Monitoring,Azure Monitor,Microsoft Azure,MIC-AzureMonitor,MIC-AzureMon-eastus,sub-d4e5f6a7,assinatura-dev,Subscription,"{""Environment"": ""dev"", ""ManagedBy"": ""terraform""}"
3.2895,sub-a1b2c3d4,cloudfinops-demo,Billing Account,USD,2026-10-01T00:00:00Z,2026-11-01T00:00:00Z,Usage,,Azure Monitor - Monitoring,Usage-Based,2026-10-01T00:00:00Z,2026-10-01T23:59:59Z,,,,8.544,GB,3.2895,0.385007,3.2895,Microsoft Corporation,3.2895,0.385007,Standard,8.544,GB,eastus,East US,microsoft/sub-d4e5f6a7/azure-monitor,azure-monitor-dev,Workspace,Management and Governance,Monitoring,Azure Monitor,Microsoft Azure,MIC-AzureMonitor,MIC-AzureMon-eastus,sub-d4e5f6a7,assinatura-dev,Subscription,"{""Environment"": ""dev"", ""ManagedBy"": ""cloudformation""}"
3.1477,sub-a1b2c3d4,cloudfinops-demo,Billing Account,USD,2026-10-01T00:00:00Z,2026-11-01T00:00:00Z,Usage,,Azure Monitor - Monitoring,Usage-Based,2026-10-02T00:00:00Z,2026-10-02T23:59:59Z,,,,29.355,GB,3.1477,0.107229,3.1477,Microsoft Corporation,3.1477,0.107229,Standard,29.355,GB,eastus,East US,microsoft/sub-d4e5f6a7/azure-monitor,azure-monitor-dev,Workspace,Management and Governance,Monitoring,Azure Monitor,Microsoft Azure,MIC-AzureMonitor,MIC-AzureMon-eastus,sub-d4e5f6a7,assinatura-dev,Subscription,"{""Environment"": ""dev"", ""ManagedBy"": ""cloudformation""}"
2.6842,sub-a1b2c3d4,cloudfinops-demo,Billing Account,USD,2026-10-01T00:00:00Z,2026-11-01T00:00:00Z,Usage,,Azure Monitor - Monitoring,Usage-Based,2026-10-03T00:00:00Z,2026-10-03T23:59:59Z,,,,7.865,GB,2.6842,0.341284,2.6842,Microsoft Corporation,2.6842,0.341284,Standard,7.865,GB,eastus,East US,microsoft/sub-d4e5f6a7/azure-monitor,azure-monitor-dev,Workspace,Management and Governance,Monitoring,Azure Monitor,Microsoft Azure,MIC-AzureMonitor,MIC-AzureMon-eastus,sub-d4e5f6a7,assinatura-dev,Subscription,"{""Environment"": ""dev"", ""ManagedBy"": ""manual""}"
5.0923,sub-a1b2c3d4,cloudfinops-demo,Billing Account,USD,2026-08-01T00:00:00Z,2026-09-01T00:00:00Z,Usage,,Bandwidth - Data Transfer,Usage-Based,2026-08-01T00:00:00Z,2026-08-01T23:59:59Z,,,,48.114,GB,5.0923,0.105838,5.0923,Microsoft Corporation,5.0923,0.105838,Standard,48.114,GB,brazilsouth,Brazil South,,,,Networking,Data Transfer,Bandwidth,Microsoft Azure,MIC-Bandwidth,MIC-Bandwidt-brazilsouth,sub-a1b2c3d4,assinatura-producao,Subscription,{}
5.1722,sub-a1b2c3d4,cloudfinops-demo,Billing Account,USD,2026-08-01T00:00:00Z,2026-09-01T00:00:00Z,Usage,,Bandwidth - Data Transfer,Usage-Based,2026-08-02T00:00:00Z,2026-08-02T23:59:59Z,,,,33.7,GB,5.1722,0.153478,5.1722,Microsoft Corporation,5.1722,0.153478,Standard,33.7,GB,brazilsouth,Brazil South,,,,Networking,Data Transfer,Bandwidth,Microsoft Azure,MIC-Bandwidth,MIC-Bandwidt-brazilsouth,sub-a1b2c3d4,assinatura-producao,Subscription,{}
5.993,sub-a1b2c3d4,cloudfinops-demo,Billing Account,USD,2026-08-01T00:00:00Z,2026-09-01T00:00:00Z,Usage,,Bandwidth - Data Transfer,Usage-Based,2026-08-03T00:00:00Z,2026-08-03T23:59:59Z,,,,48.803,GB,5.993,0.1228,5.993,Microsoft Corporation,5.993,0.1228,Standard,48.803,GB,brazilsouth,Brazil South,,,,Networking,Data Transfer,Bandwidth,Microsoft Azure,MIC-Bandwidth,MIC-Bandwidt-brazilsouth,sub-a1b2c3d4,assinatura-producao,Subscription,{}
6.2182,sub-a1b2c3d4,cloudfinops-demo,Billing Account,USD,2026-08-01T00:00:00Z,2026-09-01T00:00:00Z,Usage,,Bandwidth - Data Transfer,Usage-Based,2026-08-04T00:00:00Z,2026-08-04T23:59:59Z,,,,15.651,GB,6.2182,0.397304,6.2182,Microsoft Corporation,6.2182,0.397304,Standard,15.651,GB,brazilsouth,Brazil South,,,,Networking,Data Transfer,Bandwidth,Microsoft Azure,MIC-Bandwidth,MIC-Bandwidt-brazilsouth,sub-a1b2c3d4,assinatura-producao,Subscription,{}
5.9565,sub-a1b2c3d4,cloudfinops-demo,Billing Account,USD,2026-08-01T00:00:00Z,2026-09-01T00:00:00Z,Usage,,Bandwidth - Data Transfer,Usage-Based,2026-08-05T00:00:00Z,2026-08-05T23:59:59Z,,,,27.106,GB,5.9565,0.219748,5.9565,Microsoft Corporation,5.9565,0.219748,Standard,27.106,GB,brazilsouth,Brazil South,,,,Networking,Data Transfer,Bandwidth,Microsoft Azure,MIC-Bandwidth,MIC-Bandwidt-brazilsouth,sub-a1b2c3d4,assinatura-producao,Subscription,{}
5.8231,sub-a1b2c3d4,cloudfinops-demo,Billing Account,USD,2026-08-01T00:00:00Z,2026-09-01T00:00:00Z,Usage,,Bandwidth - Data Transfer,Usage-Based,2026-08-06T00:00:00Z,2026-08-06T23:59:59Z,,,,15.699,GB,5.8231,0.370922,5.8231,Microsoft Corporation,5.8231,0.370922,Standard,15.699,GB,brazilsouth,Brazil South,,,,Networking,Data Transfer,Bandwidth,Microsoft Azure,MIC-Bandwidth,MIC-Bandwidt-brazilsouth,sub-a1b2c3d4,assinatura-producao,Subscription,{}
5.9145,sub-a1b2c3d4,cloudfinops-demo,Billing Account,USD,2026-08-01T00:00:00Z,2026-09-01T00:00:00Z,Usage,,Bandwidth - Data Transfer,Usage-Based,2026-08-07T00:00:00Z,2026-08-07T23:59:59Z,,,,15.107,GB,5.9145,0.391507,5.9145,Microsoft Corporation,5.9145,0.391507,Standard,15.107,GB,brazilsouth,Brazil South,,,,Networking,Data Transfer,Bandwidth,Microsoft Azure,MIC-Bandwidth,MIC-Bandwidt-brazilsouth,sub-a1b2c3d4,assinatura-producao,Subscription,{}
5.1003,sub-a1b2c3d4,cloudfinops-demo,Billing Account,USD,2026-08-01T00:00:00Z,2026-09-01T00:00:00Z,Usage,,Bandwidth - Data Transfer,Usage-Based,2026-08-08T00:00:00Z,2026-08-08T23:59:59Z,,,,18.069,GB,5.1003,0.282268,5.1003,Microsoft Corporation,5.1003,0.282268,Standard,18.069,GB,brazilsouth,Brazil South,,,,Networking,Data Transfer,Bandwidth,Microsoft Azure,MIC-Bandwidth,MIC-Bandwidt-brazilsouth,sub-a1b2c3d4,assinatura-producao,Subscription,{}
5.0894,sub-a1b2c3d4,cloudfinops-demo,Billing Account,USD,2026-08-01T00:00:00Z,2026-09-01T00:00:00Z,Usage,,Bandwidth - Data Transfer,Usage-Based,2026-08-09T00:00:00Z,2026-08-09T23:59:59Z,,,,38.308,GB,5.0894,0.132855,5.0894,Microsoft Corporation,5.0894,0.132855,Standard,38.308,GB,brazilsouth,Brazil South,,,,Networking,Data Transfer,Bandwidth,Microsoft Azure,MIC-Bandwidth,MIC-Bandwidt-brazilsouth,sub-a1b2c3d4,assinatura-producao,Subscription,{}
6.0355,sub-a1b2c3d4,cloudfinops-demo,Billing Account,USD,2026-08-01T00:00:00Z,2026-09-01T00:00:00Z,Usage,,Bandwidth - Data Transfer,Usage-Based,2026-08-10T00:00:00Z,2026-08-10T23:59:59Z,,,,36.582,GB,6.0355,0.164986,6.0355,Microsoft Corporation,6.0355,0.164986,Standard,36.582,GB,brazilsouth,Brazil South,,,,Networking,Data Transfer,Bandwidth,Microsoft Azure,MIC-Bandwidth,MIC-Bandwidt-brazilsouth,sub-a1b2c3d4,assinatura-producao,Subscription,{}
6.2116,sub-a1b2c3d4,cloudfinops-demo,Billing Account,USD,2026-08-01T00:00:00Z,2026-09-01T00:00:00Z,Usage,,Bandwidth - Data Transfer,Usage-Based,2026-08-11T00:00:00Z,2026-08-11T23:59:59Z,,,,27.356,GB,6.2116,0.227065,6.2116,Microsoft Corporation,6.2116,0.227065,Standard,27.356,GB,brazilsouth,Brazil South,,,,Networking,Data Transfer,Bandwidth,Microsoft Azure,MIC-Bandwidth,MIC-Bandwidt-brazilsouth,sub-a1b2c3d4,assinatura-producao,Subscription,{}
5.8633,sub-a1b2c3d4,cloudfinops-demo,Billing Account,USD,2026-08-01T00:00:00Z,2026-09-01T00:00:00Z,Usage,,Bandwidth - Data Transfer,Usage-Based,2026-08-12T00:00:00Z,2026-08-12T23:59:59Z,,,,15.407,GB,5.8633,0.380561,5.8633,Microsoft Corporation,5.8633,0.380561,Standard,15.407,GB,brazilsouth,Brazil South,,,,Networking,Data Transfer,Bandwidth,Microsoft Azure,MIC-Bandwidth,MIC-Bandwidt-brazilsouth,sub-a1b2c3d4,assinatura-producao,Subscription,{}
5.9148,sub-a1b2c3d4,cloudfinops-demo,Billing Account,USD,2026-08-01T00:00:00Z,2026-09-01T00:00:00Z,Usage,,Bandwidth - Data Transfer,Usage-Based,2026-08-13T00:00:00Z,2026-08-13T23:59:59Z,,,,171.75,GB,5.9148,0.034438,5.9148,Microsoft Corporation,5.9148,0.034438,Standard,171.75,GB,brazilsouth,Brazil South,,,,Networking,Data Transfer,Bandwidth,Microsoft Azure,MIC-Bandwidth,MIC-Bandwidt-brazilsouth,sub-a1b2c3d4,assinatura-producao,Subscription,{}
6.048,sub-a1b2c3d4,cloudfinops-demo,Billing Account,USD,2026-08-01T00:00:00Z,2026-09-01T00:00:00Z,Usage,,Bandwidth - Data Transfer,Usage-Based,2026-08-14T00:00:00Z,2026-08-14T23:59:59Z,,,,15.453,GB,6.048,0.39138,6.048,Microsoft Corporation,6.048,0.39138,Standard,15.453,GB,brazilsouth,Brazil South,,,,Networking,Data Transfer,Bandwidth,Microsoft Azure,MIC-Bandwidth,MIC-Bandwidt-brazilsouth,sub-a1b2c3d4,assinatura-producao,Subscription,{}
5.2407,sub-a1b2c3d4,cloudfinops-demo,Billing Account,USD,2026-08-01T00:00:00Z,2026-09-01T00:00:00Z,Usage,,Bandwidth - Data Transfer,Usage-Based,2026-08-15T00:00:00Z,2026-08-15T23:59:59Z,,,,163.124,GB,5.2407,0.032127,5.2407,Microsoft Corporation,5.2407,0.032127,Standard,163.124,GB,brazilsouth,Brazil South,,,,Networking,Data Transfer,Bandwidth,Microsoft Azure,MIC-Bandwidth,MIC-Bandwidt-brazilsouth,sub-a1b2c3d4,assinatura-producao,Subscription,{}
5.1858,sub-a1b2c3d4,cloudfinops-demo,Billing Account,USD,2026-08-01T00:00:00Z,2026-09-01T00:00:00Z,Usage,,Bandwidth - Data Transfer,Usage-Based,2026-08-16T00:00:00Z,2026-08-16T23:59:59Z,,,,26.274,GB,5.1858,0.197374,5.1858,Microsoft Corporation,5.1858,0.197374,Standard,26.274,GB,brazilsouth,Brazil South,,,,Networking,Data Transfer,Bandwidth,Microsoft Azure,MIC-Bandwidth,MIC-Bandwidt-brazilsouth,sub-a1b2c3d4,assinatura-producao,Subscription,{}
5.9005,sub-a1b2c3d4,cloudfinops-demo,Billing Account,USD,2026-08-01T00:00:00Z,2026-09-01T00:00:00Z,Usage,,Bandwidth - Data Transfer,Usage-Based,2026-08-17T00:00:00Z,2026-08-17T23:59:59Z,,,,17.314,GB,5.9005,0.340794,5.9005,Microsoft Corporation,5.9005,0.340794,Standard,17.314,GB,brazilsouth,Brazil South,,,,Networking,Data Transfer,Bandwidth,Microsoft Azure,MIC-Bandwidth,MIC-Bandwidt-brazilsouth,sub-a1b2c3d4,assinatura-producao,Subscription,{}
5.9131,sub-a1b2c3d4,cloudfinops-demo,Billing Account,USD,2026-08-01T00:00:00Z,2026-09-01T00:00:00Z,Usage,,Bandwidth - Data Transfer,Usage-Based,2026-08-18T00:00:00Z,2026-08-18T23:59:59Z,,,,45.027,GB,5.9131,0.131323,5.9131,Microsoft Corporation,5.9131,0.131323,Standard,45.027,GB,brazilsouth,Brazil South,,,,Networking,Data Transfer,Bandwidth,Microsoft Azure,MIC-Bandwidth,MIC-Bandwidt-brazilsouth,sub-a1b2c3d4,assinatura-producao,Subscription,{}
6.0923,sub-a1b2c3d4,cloudfinops-demo,Billing Account,USD,2026-08-01T00:00:00Z,2026-09-01T00:00:00Z,Usage,,Bandwidth - Data Transfer,Usage-Based,2026-08-19T00:00:00Z,2026-08-19T23:59:59Z,,,,13.777,GB,6.0923,0.442208,6.0923,Microsoft Corporation,6.0923,0.442208,Standard,13.777,GB,brazilsouth,Brazil South,,,,Networking,Data Transfer,Bandwidth,Microsoft Azure,MIC-Bandwidth,MIC-Bandwidt-brazilsouth,sub-a1b2c3d4,assinatura-producao,Subscription,{}
6.065,sub-a1b2c3d4,cloudfinops-demo,Billing Account,USD,2026-08-01T00:00:00Z,2026-09-01T00:00:00Z,Usage,,Bandwidth - Data Transfer,Usage-Based,2026-08-20T00:00:00Z,2026-08-20T23:59:59Z,,,,28.471,GB,6.065,0.213024,6.065,Microsoft Corporation,6.065,0.213024,Standard,28.471,GB,brazilsouth,Brazil South,,,,Networking,Data Transfer,Bandwidth,Microsoft Azure,MIC-Bandwidth,MIC-Bandwidt-brazilsouth,sub-a1b2c3d4,assinatura-producao,Subscription,{}
5.947,sub-a1b2c3d4,cloudfinops-demo,Billing Account,USD,2026-08-01T00:00:00Z,2026-09-01T00:00:00Z,Usage,,Bandwidth - Data Transfer,Usage-Based,2026-08-21T00:00:00Z,2026-08-21T23:59:59Z,,,,32.015,GB,5.947,0.185757,5.947,Microsoft Corporation,5.947,0.185757,Standard,32.015,GB,brazilsouth,Brazil South,,,,Networking,Data Transfer,Bandwidth,Microsoft Azure,MIC-Bandwidth,MIC-Bandwidt-brazilsouth,sub-a1b2c3d4,assinatura-producao,Subscription,{}
4.986,sub-a1b2c3d4,cloudfinops-demo,Billing Account,USD,2026-08-01T00:00:00Z,2026-09-01T00:00:00Z,Usage,,Bandwidth - Data Transfer,Usage-Based,2026-08-22T00:00:00Z,2026-08-22T23:59:59Z,,,,79.532,GB,4.986,0.062692,4.986,Microsoft Corporation,4.986,0.062692,Standard,79.532,GB,brazilsouth,Brazil South,,,,Networking,Data Transfer,Bandwidth,Microsoft Azure,MIC-Bandwidth,MIC-Bandwidt-brazilsouth,sub-a1b2c3d4,assinatura-producao,Subscription,{}
5.0951,sub-a1b2c3d4,cloudfinops-demo,Billing Account,USD,2026-08-01T00:00:00Z,2026-09-01T00:00:00Z,Usage,,Bandwidth - Data Transfer,Usage-Based,2026-08-23T00:00:00Z,2026-08-23T23:59:59Z,,,,29.132,GB,5.0951,0.174897,5.0951,Microsoft Corporation,5.0951,0.174897,Standard,29.132,GB,brazilsouth,Brazil South,,,,Networking,Data Transfer,Bandwidth,Microsoft Azure,MIC-Bandwidth,MIC-Bandwidt-brazilsouth,sub-a1b2c3d4,assinatura-producao,Subscription,{}
5.8503,sub-a1b2c3d4,cloudfinops-demo,Billing Account,USD,2026-08-01T00:00:00Z,2026-09-01T00:00:00Z,Usage,,Bandwidth - Data Transfer,Usage-Based,2026-08-24T00:00:00Z,2026-08-24T23:59:59Z,,,,49.369,GB,5.8503,0.118501,5.8503,Microsoft Corporation,5.8503,0.118501,Standard,49.369,GB,brazilsouth,Brazil South,,,,Networking,Data Transfer,Bandwidth,Microsoft Azure,MIC-Bandwidth,MIC-Bandwidt-brazilsouth,sub-a1b2c3d4,assinatura-producao,Subscription,{}
6.2157,sub-a1b2c3d4,cloudfinops-demo,Billing Account,USD,2026-08-01T00:00:00Z,2026-09-01T00:00:00Z,Usage,,Bandwidth - Data Transfer,Usage-Based,2026-08-25T00:00:00Z,2026-08-25T23:59:59Z,,,,20.542,GB,6.2157,0.302585,6.2157,Microsoft Corporation,6.2157,0.302585,Standard,20.542,GB,brazilsouth,Brazil South,,,,Networking,Data Transfer,Bandwidth,Microsoft Azure,MIC-Bandwidth,MIC-Bandwidt-brazilsouth,sub-a1b2c3d4,assinatura-producao,Subscription,{}
5.9687,sub-a1b2c3d4,cloudfinops-demo,Billing Account,USD,2026-08-01T00:00:00Z,2026-09-01T00:00:00Z,Usage,,Bandwidth - Data Transfer,Usage-Based,2026-08-26T00:00:00Z,2026-08-26T23:59:59Z,,,,42.51,GB,5.9687,0.140407,5.9687,Microsoft Corporation,5.9687,0.140407,Standard,42.51,GB,brazilsouth,Brazil South,,,,Networking,Data Transfer,Bandwidth,Microsoft Azure,MIC-Bandwidth,MIC-Bandwidt-brazilsouth,sub-a1b2c3d4,assinatura-producao,Subscription,{}
6.0718,sub-a1b2c3d4,cloudfinops-demo,Billing Account,USD,2026-08-01T00:00:00Z,2026-09-01T00:00:00Z,Usage,,Bandwidth - Data Transfer,Usage-Based,2026-08-27T00:00:00Z,2026-08-27T23:59:59Z,,,,26.265,GB,6.0718,0.231175,6.0718,Microsoft Corporation,6.0718,0.231175,Standard,26.265,GB,brazilsouth,Brazil South,,,,Networking,Data Transfer,Bandwidth,Microsoft Azure,MIC-Bandwidth,MIC-Bandwidt-brazilsouth,sub-a1b2c3d4,assinatura-producao,Subscription,{}
5.9476,sub-a1b2c3d4,cloudfinops-demo,Billing Account,USD,2026-08-01T00:00:00Z,2026-09-01T00:00:00Z,Usage,,Bandwidth - Data Transfer,Usage-Based,2026-08-28T00:00:00Z,2026-08-28T23:59:59Z,,,,21.06,GB,5.9476,0.282412,5.9476,Microsoft Corporation,5.9476,0.282412,Standard,21.06,GB,brazilsouth,Brazil South,,,,Networking,Data Transfer,Bandwidth,Microsoft Azure,MIC-Bandwidth,MIC-Bandwidt-brazilsouth,sub-a1b2c3d4,assinatura-producao,Subscription,{}
4.9631,sub-a1b2c3d4,cloudfinops-demo,Billing Account,USD,2026-08-01T00:00:00Z,2026-09-01T00:00:00Z,Usage,,Bandwidth - Data Transfer,Usage-Based,2026-08-29T00:00:00Z,2026-08-29T23:59:59Z,,,,26.681,GB,4.9631,0.186016,4.9631,Microsoft Corporation,4.9631,0.186016,Standard,26.681,GB,brazilsouth,Brazil South,,,,Networking,Data Transfer,Bandwidth,Microsoft Azure,MIC-Bandwidth,MIC-Bandwidt-brazilsouth,sub-a1b2c3d4,assinatura-producao,Subscription,{}
5.0392,sub-a1b2c3d4,cloudfinops-demo,Billing Account,USD,2026-08-01T00:00:00Z,2026-09-01T00:00:00Z,Usage,,Bandwidth - Data Transfer,Usage-Based,2026-08-30T00:00:00Z,2026-08-30T23:59:59Z,,,,29.178,GB,5.0392,0.172705,5.0392,Microsoft Corporation,5.0392,0.172705,Standard,29.178,GB,brazilsouth,Brazil South,,,,Networking,Data Transfer,Bandwidth,Microsoft Azure,MIC-Bandwidth,MIC-Bandwidt-brazilsouth,sub-a1b2c3d4,assinatura-producao,Subscription,{}
5.8568,sub-a1b2c3d4,cloudfinops-demo,Billing Account,USD,2026-08-01T00:00:00Z,2026-09-01T00:00:00Z,Usage,,Bandwidth - Data Transfer,Usage-Based,2026-08-31T00:00:00Z,2026-08-31T23:59:59Z,,,,19.397,GB,5.8568,0.301944,5.8568,Microsoft Corporation,5.8568,0.301944,Standard,19.397,GB,brazilsouth,Brazil South,,,,Networking,Data Transfer,Bandwidth,Microsoft Azure,MIC-Bandwidth,MIC-Bandwidt-brazilsouth,sub-a1b2c3d4,assinatura-producao,Subscription,{}
6.4818,sub-a1b2c3d4,cloudfinops-demo,Billing Account,USD,2026-09-01T00:00:00Z,2026-10-01T00:00:00Z,Usage,,Bandwidth - Data Transfer,Usage-Based,2026-09-01T00:00:00Z,2026-09-01T23:59:59Z,,,,27.603,GB,6.4818,0.234822,6.4818,Microsoft Corporation,6.4818,0.234822,Standard,27.603,GB,brazilsouth,Brazil South,,,,Networking,Data Transfer,Bandwidth,Microsoft Azure,MIC-Bandwidth,MIC-Bandwidt-brazilsouth,sub-a1b2c3d4,assinatura-producao,Subscription,{}
6.3828,sub-a1b2c3d4,cloudfinops-demo,Billing Account,USD,2026-09-01T00:00:00Z,2026-10-01T00:00:00Z,Usage,,Bandwidth - Data Transfer,Usage-Based,2026-09-02T00:00:00Z,2026-09-02T23:59:59Z,,,,25.615,GB,6.3828,0.249182,6.3828,Microsoft Corporation,6.3828,0.249182,Standard,25.615,GB,brazilsouth,Brazil South,,,,Networking,Data Transfer,Bandwidth,Microsoft Azure,MIC-Bandwidth,MIC-Bandwidt-brazilsouth,sub-a1b2c3d4,assinatura-producao,Subscription,{}
6.1077,sub-a1b2c3d4,cloudfinops-demo,Billing Account,USD,2026-09-01T00:00:00Z,2026-10-01T00:00:00Z,Usage,,Bandwidth - Data Transfer,Usage-Based,2026-09-03T00:00:00Z,2026-09-03T23:59:59Z,,,,17.026,GB,6.1077,0.358728,6.1077,Microsoft Corporation,6.1077,0.358728,Standard,17.026,GB,brazilsouth,Brazil South,,,,Networking,Data Transfer,Bandwidth,Microsoft Azure,MIC-Bandwidth,MIC-Bandwidt-brazilsouth,sub-a1b2c3d4,assinatura-producao,Subscription,{}
6.3157,sub-a1b2c3d4,cloudfinops-demo,Billing Account,USD,2026-09-01T00:00:00Z,2026-10-01T00:00:00Z,Usage,,Bandwidth - Data Transfer,Usage-Based,2026-09-04T00:00:00Z,2026-09-04T23:59:59Z,,,,15.828,GB,6.3157,0.399021,6.3157,Microsoft Corporation,6.3157,0.399021,Standard,15.828,GB,brazilsouth,Brazil South,,,,Networking,Data Transfer,Bandwidth,Microsoft Azure,MIC-Bandwidth,MIC-Bandwidt-brazilsouth,sub-a1b2c3d4,assinatura-producao,Subscription,{}
5.2277,sub-a1b2c3d4,cloudfinops-demo,Billing Account,USD,2026-09-01T00:00:00Z,2026-10-01T00:00:00Z,Usage,,Bandwidth - Data Transfer,Usage-Based,2026-09-05T00:00:00Z,2026-09-05T23:59:59Z,,,,12.875,GB,5.2277,0.406035,5.2277,Microsoft Corporation,5.2277,0.406035,Standard,12.875,GB,brazilsouth,Brazil South,,,,Networking,Data Transfer,Bandwidth,Microsoft Azure,MIC-Bandwidth,MIC-Bandwidt-brazilsouth,sub-a1b2c3d4,assinatura-producao,Subscription,{}
5.3332,sub-a1b2c3d4,cloudfinops-demo,Billing Account,USD,2026-09-01T00:00:00Z,2026-10-01T00:00:00Z,Usage,,Bandwidth - Data Transfer,Usage-Based,2026-09-06T00:00:00Z,2026-09-06T23:59:59Z,,,,15.409,GB,5.3332,0.346109,5.3332,Microsoft Corporation,5.3332,0.346109,Standard,15.409,GB,brazilsouth,Brazil South,,,,Networking,Data Transfer,Bandwidth,Microsoft Azure,MIC-Bandwidth,MIC-Bandwidt-brazilsouth,sub-a1b2c3d4,assinatura-producao,Subscription,{}
6.2299,sub-a1b2c3d4,cloudfinops-demo,Billing Account,USD,2026-09-01T00:00:00Z,2026-10-01T00:00:00Z,Usage,,Bandwidth - Data Transfer,Usage-Based,2026-09-07T00:00:00Z,2026-09-07T23:59:59Z,,,,15.789,GB,6.2299,0.394572,6.2299,Microsoft Corporation,6.2299,0.394572,Standard,15.789,GB,brazilsouth,Brazil South,,,,Networking,Data Transfer,Bandwidth,Microsoft Azure,MIC-Bandwidth,MIC-Bandwidt-brazilsouth,sub-a1b2c3d4,assinatura-producao,Subscription,{}
6.1549,sub-a1b2c3d4,cloudfinops-demo,Billing Account,USD,2026-09-01T00:00:00Z,2026-10-01T00:00:00Z,Usage,,Bandwidth - Data Transfer,Usage-Based,2026-09-08T00:00:00Z,2026-09-08T23:59:59Z,,,,227.974,GB,6.1549,0.026998,6.1549,Microsoft Corporation,6.1549,0.026998,Standard,227.974,GB,brazilsouth,Brazil South,,,,Networking,Data Transfer,Bandwidth,Microsoft Azure,MIC-Bandwidth,MIC-Bandwidt-brazilsouth,sub-a1b2c3d4,assinatura-producao,Subscription,{}
6.485,sub-a1b2c3d4,cloudfinops-demo,Billing Account,USD,2026-09-01T00:00:00Z,2026-10-01T00:00:00Z,Usage,,Bandwidth - Data Transfer,Usage-Based,2026-09-09T00:00:00Z,2026-09-09T23:59:59Z,,,,43.293,GB,6.485,0.149793,6.485,Microsoft Corporation,6.485,0.149793,Standard,43.293,GB,brazilsouth,Brazil South,,,,Networking,Data Transfer,Bandwidth,Microsoft Azure,MIC-Bandwidth,MIC-Bandwidt-brazilsouth,sub-a1b2c3d4,assinatura-producao,Subscription,{}
6.1607,sub-a1b2c3d4,cloudfinops-demo,Billing Account,USD,2026-09-01T00:00:00Z,2026-10-01T00:00:00Z,Usage,,Bandwidth - Data Transfer,Usage-Based,2026-09-10T00:00:00Z,2026-09-10T23:59:59Z,,,,25.024,GB,6.1607,0.246192,6.1607,Microsoft Corporation,6.1607,0.246192,Standard,25.024,GB,brazilsouth,Brazil South,,,,Networking,Data Transfer,Bandwidth,Microsoft Azure,MIC-Bandwidth,MIC-Bandwidt-brazilsouth,sub-a1b2c3d4,assinatura-producao,Subscription,{}
6.1638,sub-a1b2c3d4,cloudfinops-demo,Billing Account,USD,2026-09-01T00:00:00Z,2026-10-01T00:00:00Z,Usage,,Bandwidth - Data Transfer,Usage-Based,2026-09-11T00:00:00Z,2026-09-11T23:59:59Z,,,,20.929,GB,6.1638,0.29451,6.1638,Microsoft Corporation,6.1638,0.29451,Standard,20.929,GB,brazilsouth,Brazil South,,,,Networking,Data Transfer,Bandwidth,Microsoft Azure,MIC-Bandwidth,MIC-Bandwidt-brazilsouth,sub-a1b2c3d4,assinatura-producao,Subscription,{}
5.255,sub-a1b2c3d4,cloudfinops-demo,Billing Account,USD,2026-09-01T00:00:00Z,2026-10-01T00:00:00Z,Usage,,Bandwidth - Data Transfer,Usage-Based,2026-09-12T00:00:00Z,2026-09-12T23:59:59Z,,,,17.48,GB,5.255,0.300629,5.255,Microsoft Corporation,5.255,0.300629,Standard,17.48,GB,brazilsouth,Brazil South,,,,Networking,Data Transfer,Bandwidth,Microsoft Azure,MIC-Bandwidth,MIC-Bandwidt-brazilsouth,sub-a1b2c3d4,assinatura-producao,Subscription,{}
5.3416,sub-a1b2c3d4,cloudfinops-demo,Billing Account,USD,2026-09-01T00:00:00Z,2026-10-01T00:00:00Z,Usage,,Bandwidth - Data Transfer,Usage-Based,2026-09-13T00:00:00Z,2026-09-13T23:59:59Z,,,,12.279,GB,5.3416,0.435019,5.3416,Microsoft Corporation,5.3416,0.435019,Standard,12.279,GB,brazilsouth,Brazil South,,,,Networking,Data Transfer,Bandwidth,Microsoft Azure,MIC-Bandwidth,MIC-Bandwidt-brazilsouth,sub-a1b2c3d4,assinatura-producao,Subscription,{}
6.461,sub-a1b2c3d4,cloudfinops-demo,Billing Account,USD,2026-09-01T00:00:00Z,2026-10-01T00:00:00Z,Usage,,Bandwidth - Data Transfer,Usage-Based,2026-09-14T00:00:00Z,2026-09-14T23:59:59Z,,,,16.791,GB,6.461,0.384789,6.461,Microsoft Corporation,6.461,0.384789,Standard,16.791,GB,brazilsouth,Brazil South,,,,Networking,Data Transfer,Bandwidth,Microsoft Azure,MIC-Bandwidth,MIC-Bandwidt-brazilsouth,sub-a1b2c3d4,assinatura-producao,Subscription,{}
6.2962,sub-a1b2c3d4,cloudfinops-demo,Billing Account,USD,2026-09-01T00:00:00Z,2026-10-01T00:00:00Z,Usage,,Bandwidth - Data Transfer,Usage-Based,2026-09-15T00:00:00Z,2026-09-15T23:59:59Z,,,,76.746,GB,6.2962,0.082039,6.2962,Microsoft Corporation,6.2962,0.082039,Standard,76.746,GB,brazilsouth,Brazil South,,,,Networking,Data Transfer,Bandwidth,Microsoft Azure,MIC-Bandwidth,MIC-Bandwidt-brazilsouth,sub-a1b2c3d4,assinatura-producao,Subscription,{}
6.2362,sub-a1b2c3d4,cloudfinops-demo,Billing Account,USD,2026-09-01T00:00:00Z,2026-10-01T00:00:00Z,Usage,,Bandwidth - Data Transfer,Usage-Based,2026-09-16T00:00:00Z,2026-09-16T23:59:59Z,,,,70.3,GB,6.2362,0.088708,6.2362,Microsoft Corporation,6.2362,0.088708,Standard,70.3,GB,brazilsouth,Brazil South,,,,Networking,Data Transfer,Bandwidth,Microsoft Azure,MIC-Bandwidth,MIC-Bandwidt-brazilsouth,sub-a1b2c3d4,assinatura-producao,Subscription,{}
6.4895,sub-a1b2c3d4,cloudfinops-demo,Billing Account,USD,2026-09-01T00:00:00Z,2026-10-01T00:00:00Z,Usage,,Bandwidth - Data Transfer,Usage-Based,2026-09-17T00:00:00Z,2026-09-17T23:59:59Z,,,,35.286,GB,6.4895,0.183911,6.4895,Microsoft Corporation,6.4895,0.183911,Standard,35.286,GB,brazilsouth,Brazil South,,,,Networking,Data Transfer,Bandwidth,Microsoft Azure,MIC-Bandwidth,MIC-Bandwidt-brazilsouth,sub-a1b2c3d4,assinatura-producao,Subscription,{}
6.3059,sub-a1b2c3d4,cloudfinops-demo,Billing Account,USD,2026-09-01T00:00:00Z,2026-10-01T00:00:00Z,Usage,,Bandwidth - Data Transfer,Usage-Based,2026-09-18T00:00:00Z,2026-09-18T23:59:59Z,,,,42.028,GB,6.3059,0.15004,6.3059,Microsoft Corporation,6.3059,0.15004,Standard,42.028,GB,brazilsouth,Brazil South,,,,Networking,Data Transfer,Bandwidth,Microsoft Azure,MIC-Bandwidth,MIC-Bandwidt-brazilsouth,sub-a1b2c3d4,assinatura-producao,Subscription,{}
5.3658,sub-a1b2c3d4,cloudfinops-demo,Billing Account,USD,2026-09-01T00:00:00Z,2026-10-01T00:00:00Z,Usage,,Bandwidth - Data Transfer,Usage-Based,2026-09-19T00:00:00Z,2026-09-19T23:59:59Z,,,,28.242,GB,5.3658,0.189994,5.3658,Microsoft Corporation,5.3658,0.189994,Standard,28.242,GB,brazilsouth,Brazil South,,,,Networking,Data Transfer,Bandwidth,Microsoft Azure,MIC-Bandwidth,MIC-Bandwidt-brazilsouth,sub-a1b2c3d4,assinatura-producao,Subscription,{}
5.336,sub-a1b2c3d4,cloudfinops-demo,Billing Account,USD,2026-09-01T00:00:00Z,2026-10-01T00:00:00Z,Usage,,Bandwidth - Data Transfer,Usage-Based,2026-09-20T00:00:00Z,2026-09-20T23:59:59Z,,,,28.085,GB,5.336,0.189995,5.336,Microsoft Corporation,5.336,0.189995,Standard,28.085,GB,brazilsouth,Brazil South,,,,Networking,Data Transfer,Bandwidth,Microsoft Azure,MIC-Bandwidth,MIC-Bandwidt-brazilsouth,sub-a1b2c3d4,assinatura-producao,Subscription,{}
6.3766,sub-a1b2c3d4,cloudfinops-demo,Billing Account,USD,2026-09-01T00:00:00Z,2026-10-01T00:00:00Z,Usage,,Bandwidth - Data Transfer,Usage-Based,2026-09-21T00:00:00Z,2026-09-21T23:59:59Z,,,,56.208,GB,6.3766,0.113446,6.3766,Microsoft Corporation,6.3766,0.113446,Standard,56.208,GB,brazilsouth,Brazil South,,,,Networking,Data Transfer,Bandwidth,Microsoft Azure,MIC-Bandwidth,MIC-Bandwidt-brazilsouth,sub-a1b2c3d4,assinatura-producao,Subscription,{}
6.3593,sub-a1b2c3d4,cloudfinops-demo,Billing Account,USD,2026-09-01T00:00:00Z,2026-10-01T00:00:00Z,Usage,,Bandwidth - Data Transfer,Usage-Based,2026-09-22T00:00:00Z,2026-09-22T23:59:59Z,,,,38.248,GB,6.3593,0.166265,6.3593,Microsoft Corporation,6.3593,0.166265,Standard,38.248,GB,brazilsouth,Brazil South,,,,Networking,Data Transfer,Bandwidth,Microsoft Azure,MIC-Bandwidth,MIC-Bandwidt-brazilsouth,sub-a1b2c3d4,assinatura-producao,Subscription,{}
6.3408,sub-a1b2c3d4,cloudfinops-demo,Billing Account,USD,2026-09-01T00:00:00Z,2026-10-01T00:00:00Z,Usage,,Bandwidth - Data Transfer,Usage-Based,2026-09-23T00:00:00Z,2026-09-23T23:59:59Z,,,,21.165,GB,6.3408,0.299589,6.3408,Microsoft Corporation,6.3408,0.299589,Standard,21.165,GB,brazilsouth,Brazil South,,,,Networking,Data Transfer,Bandwidth,Microsoft Azure,MIC-Bandwidth,MIC-Bandwidt-brazilsouth,sub-a1b2c3d4,assinatura-producao,Subscription,{}
10.5418,sub-a1b2c3d4,cloudfinops-demo,Billing Account,USD,2026-09-01T00:00:00Z,2026-10-01T00:00:00Z,Usage,,Bandwidth - Data Transfer,Usage-Based,2026-09-24T00:00:00Z,2026-09-24T23:59:59Z,,,,51.149,GB,10.5418,0.2061,10.5418,Microsoft Corporation,10.5418,0.2061,Standard,51.149,GB,brazilsouth,Brazil South,,,,Networking,Data Transfer,Bandwidth,Microsoft Azure,MIC-Bandwidth,MIC-Bandwidt-brazilsouth,sub-a1b2c3d4,assinatura-producao,Subscription,{}
10.2487,sub-a1b2c3d4,cloudfinops-demo,Billing Account,USD,2026-09-01T00:00:00Z,2026-10-01T00:00:00Z,Usage,,Bandwidth - Data Transfer,Usage-Based,2026-09-25T00:00:00Z,2026-09-25T23:59:59Z,,,,33.082,GB,10.2487,0.309797,10.2487,Microsoft Corporation,10.2487,0.309797,Standard,33.082,GB,brazilsouth,Brazil South,,,,Networking,Data Transfer,Bandwidth,Microsoft Azure,MIC-Bandwidth,MIC-Bandwidt-brazilsouth,sub-a1b2c3d4,assinatura-producao,Subscription,{}
8.6733,sub-a1b2c3d4,cloudfinops-demo,Billing Account,USD,2026-09-01T00:00:00Z,2026-10-01T00:00:00Z,Usage,,Bandwidth - Data Transfer,Usage-Based,2026-09-26T00:00:00Z,2026-09-26T23:59:59Z,,,,58.329,GB,8.6733,0.148696,8.6733,Microsoft Corporation,8.6733,0.148696,Standard,58.329,GB,brazilsouth,Brazil South,,,,Networking,Data Transfer,Bandwidth,Microsoft Azure,MIC-Bandwidth,MIC-Bandwidt-brazilsouth,sub-a1b2c3d4,assinatura-producao,Subscription,{}
8.6545,sub-a1b2c3d4,cloudfinops-demo,Billing Account,USD,2026-09-01T00:00:00Z,2026-10-01T00:00:00Z,Usage,,Bandwidth - Data Transfer,Usage-Based,2026-09-27T00:00:00Z,2026-09-27T23:59:59Z,,,,23.336,GB,8.6545,0.370865,8.6545,Microsoft Corporation,8.6545,0.370865,Standard,23.336,GB,brazilsouth,Brazil South,,,,Networking,Data Transfer,Bandwidth,Microsoft Azure,MIC-Bandwidth,MIC-Bandwidt-brazilsouth,sub-a1b2c3d4,assinatura-producao,Subscription,{}
10.2204,sub-a1b2c3d4,cloudfinops-demo,Billing Account,USD,2026-09-01T00:00:00Z,2026-10-01T00:00:00Z,Usage,,Bandwidth - Data Transfer,Usage-Based,2026-09-28T00:00:00Z,2026-09-28T23:59:59Z,,,,239.49,GB,10.2204,0.042676,10.2204,Microsoft Corporation,10.2204,0.042676,Standard,239.49,GB,brazilsouth,Brazil South,,,,Networking,Data Transfer,Bandwidth,Microsoft Azure,MIC-Bandwidth,MIC-Bandwidt-brazilsouth,sub-a1b2c3d4,assinatura-producao,Subscription,{}
10.1044,sub-a1b2c3d4,cloudfinops-demo,Billing Account,USD,2026-09-01T00:00:00Z,2026-10-01T00:00:00Z,Usage,,Bandwidth - Data Transfer,Usage-Based,2026-09-29T00:00:00Z,2026-09-29T23:59:59Z,,,,32.188,GB,10.1044,0.313918,10.1044,Microsoft Corporation,10.1044,0.313918,Standard,32.188,GB,brazilsouth,Brazil South,,,,Networking,Data Transfer,Bandwidth,Microsoft Azure,MIC-Bandwidth,MIC-Bandwidt-brazilsouth,sub-a1b2c3d4,assinatura-producao,Subscription,{}
10.0231,sub-a1b2c3d4,cloudfinops-demo,Billing Account,USD,2026-09-01T00:00:00Z,2026-10-01T00:00:00Z,Usage,,Bandwidth - Data Transfer,Usage-Based,2026-09-30T00:00:00Z,2026-09-30T23:59:59Z,,,,23.355,GB,10.0231,0.429163,10.0231,Microsoft Corporation,10.0231,0.429163,Standard,23.355,GB,brazilsouth,Brazil South,,,,Networking,Data Transfer,Bandwidth,Microsoft Azure,MIC-Bandwidth,MIC-Bandwidt-brazilsouth,sub-a1b2c3d4,assinatura-producao,Subscription,{}
10.4506,sub-a1b2c3d4,cloudfinops-demo,Billing Account,USD,2026-10-01T00:00:00Z,2026-11-01T00:00:00Z,Usage,,Bandwidth - Data Transfer,Usage-Based,2026-10-01T00:00:00Z,2026-10-01T23:59:59Z,,,,38.376,GB,10.4506,0.272321,10.4506,Microsoft Corporation,10.4506,0.272321,Standard,38.376,GB,brazilsouth,Brazil South,,,,Networking,Data Transfer,Bandwidth,Microsoft Azure,MIC-Bandwidth,MIC-Bandwidt-brazilsouth,sub-a1b2c3d4,assinatura-producao,Subscription,{}
10.3149,sub-a1b2c3d4,cloudfinops-demo,Billing Account,USD,2026-10-01T00:00:00Z,2026-11-01T00:00:00Z,Usage,,Bandwidth - Data Transfer,Usage-Based,2026-10-02T00:00:00Z,2026-10-02T23:59:59Z,,,,55.219,GB,10.3149,0.1868,10.3149,Microsoft Corporation,10.3149,0.1868,Standard,55.219,GB,brazilsouth,Brazil South,,,,Networking,Data Transfer,Bandwidth,Microsoft Azure,MIC-Bandwidth,MIC-Bandwidt-brazilsouth,sub-a1b2c3d4,assinatura-producao,Subscription,{}
8.8576,sub-a1b2c3d4,cloudfinops-demo,Billing Account,USD,2026-10-01T00:00:00Z,2026-11-01T00:00:00Z,Usage,,Bandwidth - Data Transfer,Usage-Based,2026-10-03T00:00:00Z,2026-10-03T23:59:59Z,,,,68.676,GB,8.8576,0.128977,8.8576,Microsoft Corporation,8.8576,0.128977,Standard,68.676,GB,brazilsouth,Brazil South,,,,Networking,Data Transfer,Bandwidth,Microsoft Azure,MIC-Bandwidth,MIC-Bandwidt-brazilsouth,sub-a1b2c3d4,assinatura-producao,Subscription,{}
1.9212,sub-a1b2c3d4,cloudfinops-demo,Billing Account,USD,2026-08-01T00:00:00Z,2026-09-01T00:00:00Z,Usage,,Bandwidth - Data Transfer,Usage-Based,2026-08-01T00:00:00Z,2026-08-01T23:59:59Z,,,,8.381,GB,1.9212,0.229233,1.9212,Microsoft Corporation,1.9212,0.229233,Standard,8.381,GB,brazilsouth,Brazil South,,,,Networking,Data Transfer,Bandwidth,Microsoft Azure,MIC-Bandwidth,MIC-Bandwidt-brazilsouth,sub-d4e5f6a7,assinatura-dev,Subscription,{}
1.9503,sub-a1b2c3d4,cloudfinops-demo,Billing Account,USD,2026-08-01T00:00:00Z,2026-09-01T00:00:00Z,Usage,,Bandwidth - Data Transfer,Usage-Based,2026-08-02T00:00:00Z,2026-08-02T23:59:59Z,,,,5.512,GB,1.9503,0.353828,1.9503,Microsoft Corporation,1.9503,0.353828,Standard,5.512,GB,brazilsouth,Brazil South,,,,Networking,Data Transfer,Bandwidth,Microsoft Azure,MIC-Bandwidth,MIC-Bandwidt-brazilsouth,sub-d4e5f6a7,assinatura-dev,Subscription,{}
2.4142,sub-a1b2c3d4,cloudfinops-demo,Billing Account,USD,2026-08-01T00:00:00Z,2026-09-01T00:00:00Z,Usage,,Bandwidth - Data Transfer,Usage-Based,2026-08-03T00:00:00Z,2026-08-03T23:59:59Z,,,,10.511,GB,2.4142,0.229683,2.4142,Microsoft Corporation,2.4142,0.229683,Standard,10.511,GB,brazilsouth,Brazil South,,,,Networking,Data Transfer,Bandwidth,Microsoft Azure,MIC-Bandwidth,MIC-Bandwidt-brazilsouth,sub-d4e5f6a7,assinatura-dev,Subscription,{}
2.3577,sub-a1b2c3d4,cloudfinops-demo,Billing Account,USD,2026-08-01T00:00:00Z,2026-09-01T00:00:00Z,Usage,,Bandwidth - Data Transfer,Usage-Based,2026-08-04T00:00:00Z,2026-08-04T23:59:59Z,,,,17.847,GB,2.3577,0.132106,2.3577,Microsoft Corporation,2.3577,0.132106,Standard,17.847,GB,brazilsouth,Brazil South,,,,Networking,Data Transfer,Bandwidth,Microsoft Azure,MIC-Bandwidth,MIC-Bandwidt-brazilsouth,sub-d4e5f6a7,assinatura-dev,Subscription,{}
2.3548,sub-a1b2c3d4,cloudfinops-demo,Billing Account,USD,2026-08-01T00:00:00Z,2026-09-01T00:00:00Z,Usage,,Bandwidth - Data Transfer,Usage-Based,2026-08-05T00:00:00Z,2026-08-05T23:59:59Z,,,,29.935,GB,2.3548,0.078664,2.3548,Microsoft Corporation,2.3548,0.078664,Standard,29.935,GB,brazilsouth,Brazil South,,,,Networking,Data Transfer,Bandwidth,Microsoft Azure,MIC-Bandwidth,MIC-Bandwidt-brazilsouth,sub-d4e5f6a7,assinatura-dev,Subscription,{}
2.3999,sub-a1b2c3d4,cloudfinops-demo,Billing Account,USD,2026-08-01T00:00:00Z,2026-09-01T00:00:00Z,Usage,,Bandwidth - Data Transfer,Usage-Based,2026-08-06T00:00:00Z,2026-08-06T23:59:59Z,,,,27.6,GB,2.3999,0.086953,2.3999,Microsoft Corporation,2.3999,0.086953,Standard,27.6,GB,brazilsouth,Brazil South,,,,Networking,Data Transfer,Bandwidth,Microsoft Azure,MIC-Bandwidth,MIC-Bandwidt-brazilsouth,sub-d4e5f6a7,assinatura-dev,Subscription,{}
2.3599,sub-a1b2c3d4,cloudfinops-demo,Billing Account,USD,2026-08-01T00:00:00Z,2026-09-01T00:00:00Z,Usage,,Bandwidth - Data Transfer,Usage-Based,2026-08-07T00:00:00Z,2026-08-07T23:59:59Z,,,,5.616,GB,2.3599,0.42021,2.3599,Microsoft Corporation,2.3599,0.42021,Standard,5.616,GB,brazilsouth,Brazil South,,,,Networking,Data Transfer,Bandwidth,Microsoft Azure,MIC-Bandwidth,MIC-Bandwidt-brazilsouth,sub-d4e5f6a7,assinatura-dev,Subscription,{}
1.9323,sub-a1b2c3d4,cloudfinops-demo,Billing Account,USD,2026-08-01T00:00:00Z,2026-09-01T00:00:00Z,Usage,,Bandwidth - Data Transfer,Usage-Based,2026-08-08T00:00:00Z,2026-08-08T23:59:59Z,,,,12.086,GB,1.9323,0.159879,1.9323,Microsoft Corporation,1.9323,0.159879,Standard,12.086,GB,brazilsouth,Brazil South,,,,Networking,Data Transfer,Bandwidth,Microsoft Azure,MIC-Bandwidth,MIC-Bandwidt-brazilsouth,sub-d4e5f6a7,assinatura-dev,Subscription,{}
2.0108,sub-a1b2c3d4,cloudfinops-demo,Billing Account,USD,2026-08-01T00:00:00Z,2026-09-01T00:00:00Z,Usage,,Bandwidth - Data Transfer,Usage-Based,2026-08-09T00:00:00Z,2026-08-09T23:59:59Z,,,,12.116,GB,2.0108,0.165962,2.0108,Microsoft Corporation,2.0108,0.165962,Standard,12.116,GB,brazilsouth,Brazil South,,,,Networking,Data Transfer,Bandwidth,Microsoft Azure,MIC-Bandwidth,MIC-Bandwidt-brazilsouth,sub-d4e5f6a7,assinatura-dev,Subscription,{}
2.3454,sub-a1b2c3d4,cloudfinops-demo,Billing Account,USD,2026-08-01T00:00:00Z,2026-09-01T00:00:00Z,Usage,,Bandwidth - Data Transfer,Usage-Based,2026-08-10T00:00:00Z,2026-08-10T23:59:59Z,,,,5.844,GB,2.3454,0.401335,2.3454,Microsoft Corporation,2.3454,0.401335,Standard,5.844,GB,brazilsouth,Brazil South,,,,Networking,Data Transfer,Bandwidth,Microsoft Azure,MIC-Bandwidth,MIC-Bandwidt-brazilsouth,sub-d4e5f6a7,assinatura-dev,Subscription,{}
2.3773,sub-a1b2c3d4,cloudfinops-demo,Billing Account,USD,2026-08-01T00:00:00Z,2026-09-01T00:00:00Z,Usage,,Bandwidth - Data Transfer,Usage-Based,2026-08-11T00:00:00Z,2026-08-11T23:59:59Z,,,,49.984,GB,2.3773,0.047561,2.3773,Microsoft Corporation,2.3773,0.047561,Standard,49.984,GB,brazilsouth,Brazil South,,,,Networking,Data Transfer,Bandwidth,Microsoft Azure,MIC-Bandwidth,MIC-Bandwidt-brazilsouth,sub-d4e5f6a7,assinatura-dev,Subscription,{}
2.3481,sub-a1b2c3d4,cloudfinops-demo,Billing Account,USD,2026-08-01T00:00:00Z,2026-09-01T00:00:00Z,Usage,,Bandwidth - Data Transfer,Usage-Based,2026-08-12T00:00:00Z,2026-08-12T23:59:59Z,,,,8.013,GB,2.3481,0.293036,2.3481,Microsoft Corporation,2.3481,0.293036,Standard,8.013,GB,brazilsouth,Brazil South,,,,Networking,Data Transfer,Bandwidth,Microsoft Azure,MIC-Bandwidth,MIC-Bandwidt-brazilsouth,sub-d4e5f6a7,assinatura-dev,Subscription,{}
2.4089,sub-a1b2c3d4,cloudfinops-demo,Billing Account,USD,2026-08-01T00:00:00Z,2026-09-01T00:00:00Z,Usage,,Bandwidth - Data Transfer,Usage-Based,2026-08-13T00:00:00Z,2026-08-13T23:59:59Z,,,,10.052,GB,2.4089,0.239644,2.4089,Microsoft Corporation,2.4089,0.239644,Standard,10.052,GB,brazilsouth,Brazil South,,,,Networking,Data Transfer,Bandwidth,Microsoft Azure,MIC-Bandwidth,MIC-Bandwidt-brazilsouth,sub-d4e5f6a7,assinatura-dev,Subscription,{}
2.3854,sub-a1b2c3d4,cloudfinops-demo,Billing Account,USD,2026-08-01T00:00:00Z,2026-09-01T00:00:00Z,Usage,,Bandwidth - Data Transfer,Usage-Based,2026-08-14T00:00:00Z,2026-08-14T23:59:59Z,,,,10.502,GB,2.3854,0.227138,2.3854,Microsoft Corporation,2.3854,0.227138,Standard,10.502,GB,brazilsouth,Brazil South,,,,Networking,Data Transfer,Bandwidth,Microsoft Azure,MIC-Bandwidth,MIC-Bandwidt-brazilsouth,sub-d4e5f6a7,assinatura-dev,Subscription,{}
1.9995,sub-a1b2c3d4,cloudfinops-demo,Billing Account,USD,2026-08-01T00:00:00Z,2026-09-01T00:00:00Z,Usage,,Bandwidth - Data Transfer,Usage-Based,2026-08-15T00:00:00Z,2026-08-15T23:59:59Z,,,,26.493,GB,1.9995,0.075473,1.9995,Microsoft Corporation,1.9995,0.075473,Standard,26.493,GB,brazilsouth,Brazil South,,,,Networking,Data Transfer,Bandwidth,Microsoft Azure,MIC-Bandwidth,MIC-Bandwidt-brazilsouth,sub-d4e5f6a7,assinatura-dev,Subscription,{}
1.9447,sub-a1b2c3d4,cloudfinops-demo,Billing Account,USD,2026-08-01T00:00:00Z,2026-09-01T00:00:00Z,Usage,,Bandwidth - Data Transfer,Usage-Based,2026-08-16T00:00:00Z,2026-08-16T23:59:59Z,,,,7.724,GB,1.9447,0.251774,1.9447,Microsoft Corporation,1.9447,0.251774,Standard,7.724,GB,brazilsouth,Brazil South,,,,Networking,Data Transfer,Bandwidth,Microsoft Azure,MIC-Bandwidth,MIC-Bandwidt-brazilsouth,sub-d4e5f6a7,assinatura-dev,Subscription,{}
2.2755,sub-a1b2c3d4,cloudfinops-demo,Billing Account,USD,2026-08-01T00:00:00Z,2026-09-01T00:00:00Z,Usage,,Bandwidth - Data Transfer,Usage-Based,2026-08-17T00:00:00Z,2026-08-17T23:59:59Z,,,,50.588,GB,2.2755,0.044981,2.2755,Microsoft Corporation,2.2755,0.044981,Standard,50.588,GB,brazilsouth,Brazil South,,,,Networking,Data Transfer,Bandwidth,Microsoft Azure,MIC-Bandwidth,MIC-Bandwidt-brazilsouth,sub-d4e5f6a7,assinatura-dev,Subscription,{}
2.3845,sub-a1b2c3d4,cloudfinops-demo,Billing Account,USD,2026-08-01T00:00:00Z,2026-09-01T00:00:00Z,Usage,,Bandwidth - Data Transfer,Usage-Based,2026-08-18T00:00:00Z,2026-08-18T23:59:59Z,,,,11.515,GB,2.3845,0.207078,2.3845,Microsoft Corporation,2.3845,0.207078,Standard,11.515,GB,brazilsouth,Brazil South,,,,Networking,Data Transfer,Bandwidth,Microsoft Azure,MIC-Bandwidth,MIC-Bandwidt-brazilsouth,sub-d4e5f6a7,assinatura-dev,Subscription,{}
2.3447,sub-a1b2c3d4,cloudfinops-demo,Billing Account,USD,2026-08-01T00:00:00Z,2026-09-01T00:00:00Z,Usage,,Bandwidth - Data Transfer,Usage-Based,2026-08-19T00:00:00Z,2026-08-19T23:59:59Z,,,,8.281,GB,2.3447,0.283142,2.3447,Microsoft Corporation,2.3447,0.283142,Standard,8.281,GB,brazilsouth,Brazil South,,,,Networking,Data Transfer,Bandwidth,Microsoft Azure,MIC-Bandwidth,MIC-Bandwidt-brazilsouth,sub-d4e5f6a7,assinatura-dev,Subscription,{}
2.364,sub-a1b2c3d4,cloudfinops-demo,Billing Account,USD,2026-08-01T00:00:00Z,2026-09-01T00:00:00Z,Usage,,Bandwidth - Data Transfer,Usage-Based,2026-08-20T00:00:00Z,2026-08-20T23:59:59Z,,,,6.607,GB,2.364,0.357802,2.364,Microsoft Corporation,2.364,0.357802,Standard,6.607,GB,brazilsouth,Brazil South,,,,Networking,Data Transfer,Bandwidth,Microsoft Azure,MIC-Bandwidth,MIC-Bandwidt-brazilsouth,sub-d4e5f6a7,assinatura-dev,Subscription,{}
2.3854,sub-a1b2c3d4,cloudfinops-demo,Billing Account,USD,2026-08-01T00:00:00Z,2026-09-01T00:00:00Z,Usage,,Bandwidth - Data Transfer,Usage-Based,2026-08-21T00:00:00Z,2026-08-21T23:59:59Z,,,,11.205,GB,2.3854,0.212887,2.3854,Microsoft Corporation,2.3854,0.212887,Standard,11.205,GB,brazilsouth,Brazil South,,,,Networking,Data Transfer,Bandwidth,Microsoft Azure,MIC-Bandwidth,MIC-Bandwidt-brazilsouth,sub-d4e5f6a7,assinatura-dev,Subscription,{}
1.9764,sub-a1b2c3d4,cloudfinops-demo,Billing Account,USD,2026-08-01T00:00:00Z,2026-09-01T00:00:00Z,Usage,,Bandwidth - Data Transfer,Usage-Based,2026-08-22T00:00:00Z,2026-08-22T23:59:59Z,,,,7.016,GB,1.9764,0.281699,1.9764,Microsoft Corporation,1.9764,0.281699,Standard,7.016,GB,brazilsouth,Brazil South,,,,Networking,Data Transfer,Bandwidth,Microsoft Azure,MIC-Bandwidth,MIC-Bandwidt-brazilsouth,sub-d4e5f6a7,assinatura-dev,Subscription,{}
2.0147,sub-a1b2c3d4,cloudfinops-demo,Billing Account,USD,2026-08-01T00:00:00Z,2026-09-01T00:00:00Z,Usage,,Bandwidth - Data Transfer,Usage-Based,2026-08-23T00:00:00Z,2026-08-23T23:59:59Z,,,,9.172,GB,2.0147,0.219658,2.0147,Microsoft Corporation,2.0147,0.219658,Standard,9.172,GB,brazilsouth,Brazil South,,,,Networking,Data Transfer,Bandwidth,Microsoft Azure,MIC-Bandwidth,MIC-Bandwidt-brazilsouth,sub-d4e5f6a7,assinatura-dev,Subscription,{}
2.344,sub-a1b2c3d4,cloudfinops-demo,Billing Account,USD,2026-08-01T00:00:00Z,2026-09-01T00:00:00Z,Usage,,Bandwidth - Data Transfer,Usage-Based,2026-08-24T00:00:00Z,2026-08-24T23:59:59Z,,,,13.239,GB,2.344,0.177053,2.344,Microsoft Corporation,2.344,0.177053,Standard,13.239,GB,brazilsouth,Brazil South,,,,Networking,Data Transfer,Bandwidth,Microsoft Azure,MIC-Bandwidth,MIC-Bandwidt-brazilsouth,sub-d4e5f6a7,assinatura-dev,Subscription,{}
2.4028,sub-a1b2c3d4,cloudfinops-demo,Billing Account,USD,2026-08-01T00:00:00Z,2026-09-01T00:00:00Z,Usage,,Bandwidth - Data Transfer,Usage-Based,2026-08-25T00:00:00Z,2026-08-25T23:59:59Z,,,,17.966,GB,2.4028,0.133742,2.4028,Microsoft Corporation,2.4028,0.133742,Standard,17.966,GB,brazilsouth,Brazil South,,,,Networking,Data Transfer,Bandwidth,Microsoft Azure,MIC-Bandwidth,MIC-Bandwidt-brazilsouth,sub-d4e5f6a7,assinatura-dev,Subscription,{}
2.313,sub-a1b2c3d4,cloudfinops-demo,Billing Account,USD,2026-08-01T00:00:00Z,2026-09-01T00:00:00Z,Usage,,Bandwidth - Data Transfer,Usage-Based,2026-08-26T00:00:00Z,2026-08-26T23:59:59Z,,,,7.032,GB,2.313,0.328925,2.313,Microsoft Corporation,2.313,0.328925,Standard,7.032,GB,brazilsouth,Brazil South,,,,Networking,Data Transfer,Bandwidth,Microsoft Azure,MIC-Bandwidth,MIC-Bandwidt-brazilsouth,sub-d4e5f6a7,assinatura-dev,Subscription,{}
2.2987,sub-a1b2c3d4,cloudfinops-demo,Billing Account,USD,2026-08-01T00:00:00Z,2026-09-01T00:00:00Z,Usage,,Bandwidth - Data Transfer,Usage-Based,2026-08-27T00:00:00Z,2026-08-27T23:59:59Z,,,,7.014,GB,2.2987,0.32773,2.2987,Microsoft Corporation,2.2987,0.32773,Standard,7.014,GB,brazilsouth,Brazil South,,,,Networking,Data Transfer,Bandwidth,Microsoft Azure,MIC-Bandwidth,MIC-Bandwidt-brazilsouth,sub-d4e5f6a7,assinatura-dev,Subscription,{}
2.3726,sub-a1b2c3d4,cloudfinops-demo,Billing Account,USD,2026-08-01T00:00:00Z,2026-09-01T00:00:00Z,Usage,,Bandwidth - Data Transfer,Usage-Based,2026-08-28T00:00:00Z,2026-08-28T23:59:59Z,,,,55.769,GB,2.3726,0.042543,2.3726,Microsoft Corporation,2.3726,0.042543,Standard,55.769,GB,brazilsouth,Brazil South,,,,Networking,Data Transfer,Bandwidth,Microsoft Azure,MIC-Bandwidth,MIC-Bandwidt-brazilsouth,sub-d4e5f6a7,assinatura-dev,Subscription,{}
1.9315,sub-a1b2c3d4,cloudfinops-demo,Billing Account,USD,2026-08-01T00:00:00Z,2026-09-01T00:00:00Z,Usage,,Bandwidth - Data Transfer,Usage-Based,2026-08-29T00:00:00Z,2026-08-29T23:59:59Z,,,,10.944,GB,1.9315,0.176489,1.9315,Microsoft Corporation,1.9315,0.176489,Standard,10.944,GB,brazilsouth,Brazil South,,,,Networking,Data Transfer,Bandwidth,Microsoft Azure,MIC-Bandwidth,MIC-Bandwidt-brazilsouth,sub-d4e5f6a7,assinatura-dev,Subscription,{}
2.0335,sub-a1b2c3d4,cloudfinops-demo,Billing Account,USD,2026-08-01T00:00:00Z,2026-09-01T00:00:00Z,Usage,,Bandwidth - Data Transfer,Usage-Based,2026-08-30T00:00:00Z,2026-08-30T23:59:59Z,,,,5.286,GB,2.0335,0.384695,2.0335,Microsoft Corporation,2.0335,0.384695,Standard,5.286,GB,brazilsouth,Brazil South,,,,Networking,Data Transfer,Bandwidth,Microsoft Azure,MIC-Bandwidth,MIC-Bandwidt-brazilsouth,sub-d4e5f6a7,assinatura-dev,Subscription,{}
2.2666,sub-a1b2c3d4,cloudfinops-demo,Billing Account,USD,2026-08-01T00:00:00Z,2026-09-01T00:00:00Z,Usage,,Bandwidth - Data Transfer,Usage-Based,2026-08-31T00:00:00Z,2026-08-31T23:59:59Z,,,,16.669,GB,2.2666,0.135977,2.2666,Microsoft Corporation,2.2666,0.135977,Standard,16.669,GB,brazilsouth,Brazil South,,,,Networking,Data Transfer,Bandwidth,Microsoft Azure,MIC-Bandwidth,MIC-Bandwidt-brazilsouth,sub-d4e5f6a7,assinatura-dev,Subscription,{}
2.4171,sub-a1b2c3d4,cloudfinops-demo,Billing Account,USD,2026-09-01T00:00:00Z,2026-10-01T00:00:00Z,Usage,,Bandwidth - Data Transfer,Usage-Based,2026-09-01T00:00:00Z,2026-09-01T23:59:59Z,,,,10.052,GB,2.4171,0.24046,2.4171,Microsoft Corporation,2.4171,0.24046,Standard,10.052,GB,brazilsouth,Brazil South,,,,Networking,Data Transfer,Bandwidth,Microsoft Azure,MIC-Bandwidth,MIC-Bandwidt-brazilsouth,sub-d4e5f6a7,assinatura-dev,Subscription,{}
2.5076,sub-a1b2c3d4,cloudfinops-demo,Billing Account,USD,2026-09-01T00:00:00Z,2026-10-01T00:00:00Z,Usage,,Bandwidth - Data Transfer,Usage-Based,2026-09-02T00:00:00Z,2026-09-02T23:59:59Z,,,,6.571,GB,2.5076,0.381616,2.5076,Microsoft Corporation,2.5076,0.381616,Standard,6.571,GB,brazilsouth,Brazil South,,,,Networking,Data Transfer,Bandwidth,Microsoft Azure,MIC-Bandwidth,MIC-Bandwidt-brazilsouth,sub-d4e5f6a7,assinatura-dev,Subscription,{}
2.4788,sub-a1b2c3d4,cloudfinops-demo,Billing Account,USD,2026-09-01T00:00:00Z,2026-10-01T00:00:00Z,Usage,,Bandwidth - Data Transfer,Usage-Based,2026-09-03T00:00:00Z,2026-09-03T23:59:59Z,,,,36.144,GB,2.4788,0.068581,2.4788,Microsoft Corporation,2.4788,0.068581,Standard,36.144,GB,brazilsouth,Brazil South,,,,Networking,Data Transfer,Bandwidth,Microsoft Azure,MIC-Bandwidth,MIC-Bandwidt-brazilsouth,sub-d4e5f6a7,assinatura-dev,Subscription,{}
2.3973,sub-a1b2c3d4,cloudfinops-demo,Billing Account,USD,2026-09-01T00:00:00Z,2026-10-01T00:00:00Z,Usage,,Bandwidth - Data Transfer,Usage-Based,2026-09-04T00:00:00Z,2026-09-04T23:59:59Z,,,,6.732,GB,2.3973,0.356105,2.3973,Microsoft Corporation,2.3973,0.356105,Standard,6.732,GB,brazilsouth,Brazil South,,,,Networking,Data Transfer,Bandwidth,Microsoft Azure,MIC-Bandwidth,MIC-Bandwidt-brazilsouth,sub-d4e5f6a7,assinatura-dev,Subscription,{}
2.0915,sub-a1b2c3d4,cloudfinops-demo,Billing Account,USD,2026-09-01T00:00:00Z,2026-10-01T00:00:00Z,Usage,,Bandwidth - Data Transfer,Usage-Based,2026-09-05T00:00:00Z,2026-09-05T23:59:59Z,,,,6.549,GB,2.0915,0.319362,2.0915,Microsoft Corporation,2.0915,0.319362,Standard,6.549,GB,brazilsouth,Brazil South,,,,Networking,Data Transfer,Bandwidth,Microsoft Azure,MIC-Bandwidth,MIC-Bandwidt-brazilsouth,sub-d4e5f6a7,assinatura-dev,Subscription,{}
2.1057,sub-a1b2c3d4,cloudfinops-demo,Billing Account,USD,2026-09-01T00:00:00Z,2026-10-01T00:00:00Z,Usage,,Bandwidth - Data Transfer,Usage-Based,2026-09-06T00:00:00Z,2026-09-06T23:59:59Z,,,,12.126,GB,2.1057,0.173652,2.1057,Microsoft Corporation,2.1057,0.173652,Standard,12.126,GB,brazilsouth,Brazil South,,,,Networking,Data Transfer,Bandwidth,Microsoft Azure,MIC-Bandwidth,MIC-Bandwidt-brazilsouth,sub-d4e5f6a7,assinatura-dev,Subscription,{}
2.4044,sub-a1b2c3d4,cloudfinops-demo,Billing Account,USD,2026-09-01T00:00:00Z,2026-10-01T00:00:00Z,Usage,,Bandwidth - Data Transfer,Usage-Based,2026-09-07T00:00:00Z,2026-09-07T23:59:59Z,,,,7.687,GB,2.4044,0.312788,2.4044,Microsoft Corporation,2.4044,0.312788,Standard,7.687,GB,brazilsouth,Brazil South,,,,Networking,Data Transfer,Bandwidth,Microsoft Azure,MIC-Bandwidth,MIC-Bandwidt-brazilsouth,sub-d4e5f6a7,assinatura-dev,Subscription,{}
2.4398,sub-a1b2c3d4,cloudfinops-demo,Billing Account,USD,2026-09-01T00:00:00Z,2026-10-01T00:00:00Z,Usage,,Bandwidth - Data Transfer,Usage-Based,2026-09-08T00:00:00Z,2026-09-08T23:59:59Z,,,,18.4,GB,2.4398,0.132598,2.4398,Microsoft Corporation,2.4398,0.132598,Standard,18.4,GB,brazilsouth,Brazil South,,,,Networking,Data Transfer,Bandwidth,Microsoft Azure,MIC-Bandwidth,MIC-Bandwidt-brazilsouth,sub-d4e5f6a7,assinatura-dev,Subscription,{}
2.5016,sub-a1b2c3d4,cloudfinops-demo,Billing Account,USD,2026-09-01T00:00:00Z,2026-10-01T00:00:00Z,Usage,,Bandwidth - Data Transfer,Usage-Based,2026-09-09T00:00:00Z,2026-09-09T23:59:59Z,,,,18.841,GB,2.5016,0.132774,2.5016,Microsoft Corporation,2.5016,0.132774,Standard,18.841,GB,brazilsouth,Brazil South,,,,Networking,Data Transfer,Bandwidth,Microsoft Azure,MIC-Bandwidth,MIC-Bandwidt-brazilsouth,sub-d4e5f6a7,assinatura-dev,Subscription,{}
2.4359,sub-a1b2c3d4,cloudfinops-demo,Billing Account,USD,2026-09-01T00:00:00Z,2026-10-01T00:00:00Z,Usage,,Bandwidth - Data Transfer,Usage-Based,2026-09-10T00:00:00Z,2026-09-10T23:59:59Z,,,,5.922,GB,2.4359,0.411331,2.4359,Microsoft Corporation,2.4359,0.411331,Standard,5.922,GB,brazilsouth,Brazil South,,,,Networking,Data Transfer,Bandwidth,Microsoft Azure,MIC-Bandwidth,MIC-Bandwidt-brazilsouth,sub-d4e5f6a7,assinatura-dev,Subscription,{}
2.3894,sub-a1b2c3d4,cloudfinops-demo,Billing Account,USD,2026-09-01T00:00:00Z,2026-10-01T00:00:00Z,Usage,,Bandwidth - Data Transfer,Usage-Based,2026-09-11T00:00:00Z,2026-09-11T23:59:59Z,,,,6.736,GB,2.3894,0.354721,2.3894,Microsoft Corporation,2.3894,0.354721,Standard,6.736,GB,brazilsouth,Brazil South,,,,Networking,Data Transfer,Bandwidth,Microsoft Azure,MIC-Bandwidth,MIC-Bandwidt-brazilsouth,sub-d4e5f6a7,assinatura-dev,Subscription,{}
2.1329,sub-a1b2c3d4,cloudfinops-demo,Billing Account,USD,2026-09-01T00:00:00Z,2026-10-01T00:00:00Z,Usage,,Bandwidth - Data Transfer,Usage-Based,2026-09-12T00:00:00Z,2026-09-12T23:59:59Z,,,,5.553,GB,2.1329,0.384099,2.1329,Microsoft Corporation,2.1329,0.384099,Standard,5.553,GB,brazilsouth,Brazil South,,,,Networking,Data Transfer,Bandwidth,Microsoft Azure,MIC-Bandwidth,MIC-Bandwidt-brazilsouth,sub-d4e5f6a7,assinatura-dev,Subscription,{}
2.0763,sub-a1b2c3d4,cloudfinops-demo,Billing Account,USD,2026-09-01T00:00:00Z,2026-10-01T00:00:00Z,Usage,,Bandwidth - Data Transfer,Usage-Based,2026-09-13T00:00:00Z,2026-09-13T23:59:59Z,,,,9.66,GB,2.0763,0.214938,2.0763,Microsoft Corporation,2.0763,0.214938,Standard,9.66,GB,brazilsouth,Brazil South,,,,Networking,Data Transfer,Bandwidth,Microsoft Azure,MIC-Bandwidth,MIC-Bandwidt-brazilsouth,sub-d4e5f6a7,assinatura-dev,Subscription,{}
2.4397,sub-a1b2c3d4,cloudfinops-demo,Billing Account,USD,2026-09-01T00:00:00Z,2026-10-01T00:00:00Z,Usage,,Bandwidth - Data Transfer,Usage-Based,2026-09-14T00:00:00Z,2026-09-14T23:59:59Z,,,,12.08,GB,2.4397,0.201962,2.4397,Microsoft Corporation,2.4397,0.201962,Standard,12.08,GB,brazilsouth,Brazil South,,,,Networking,Data Transfer,Bandwidth,Microsoft Azure,MIC-Bandwidth,MIC-Bandwidt-brazilsouth,sub-d4e5f6a7,assinatura-dev,Subscription,{}
2.3715,sub-a1b2c3d4,cloudfinops-demo,Billing Account,USD,2026-09-01T00:00:00Z,2026-10-01T00:00:00Z,Usage,,Bandwidth - Data Transfer,Usage-Based,2026-09-15T00:00:00Z,2026-09-15T23:59:59Z,,,,6.195,GB,2.3715,0.382809,2.3715,Microsoft Corporation,2.3715,0.382809,Standard,6.195,GB,brazilsouth,Brazil South,,,,Networking,Data Transfer,Bandwidth,Microsoft Azure,MIC-Bandwidth,MIC-Bandwidt-brazilsouth,sub-d4e5f6a7,assinatura-dev,Subscription,{}
2.3794,sub-a1b2c3d4,cloudfinops-demo,Billing Account,USD,2026-09-01T00:00:00Z,2026-10-01T00:00:00Z,Usage,,Bandwidth - Data Transfer,Usage-Based,2026-09-16T00:00:00Z,2026-09-16T23:59:59Z,,,,15.756,GB,2.3794,0.151015,2.3794,Microsoft Corporation,2.3794,0.151015,Standard,15.756,GB,brazilsouth,Brazil South,,,,Networking,Data Transfer,Bandwidth,Microsoft Azure,MIC-Bandwidth,MIC-Bandwidt-brazilsouth,sub-d4e5f6a7,assinatura-dev,Subscription,{}
2.4568,sub-a1b2c3d4,cloudfinops-demo,Billing Account,USD,2026-09-01T00:00:00Z,2026-10-01T00:00:00Z,Usage,,Bandwidth - Data Transfer,Usage-Based,2026-09-17T00:00:00Z,2026-09-17T23:59:59Z,,,,8.022,GB,2.4568,0.306258,2.4568,Microsoft Corporation,2.4568,0.306258,Standard,8.022,GB,brazilsouth,Brazil South,,,,Networking,Data Transfer,Bandwidth,Microsoft Azure,MIC-Bandwidth,MIC-Bandwidt-brazilsouth,sub-d4e5f6a7,assinatura-dev,Subscription,{}
2.4442,sub-a1b2c3d4,cloudfinops-demo,Billing Account,USD,2026-09-01T00:00:00Z,2026-10-01T00:00:00Z,Usage,,Bandwidth - Data Transfer,Usage-Based,2026-09-18T00:00:00Z,2026-09-18T23:59:59Z,,,,13.342,GB,2.4442,0.183196,2.4442,Microsoft Corporation,2.4442,0.183196,Standard,13.342,GB,brazilsouth,Brazil South,,,,Networking,Data Transfer,Bandwidth,Microsoft Azure,MIC-Bandwidth,MIC-Bandwidt-brazilsouth,sub-d4e5f6a7,assinatura-dev,Subscription,{}
2.0395,sub-a1b2c3d4,cloudfinops-demo,Billing Account,USD,2026-09-01T00:00:00Z,2026-10-01T00:00:00Z,Usage,,Bandwidth - Data Transfer,Usage-Based,2026-09-19T00:00:00Z,2026-09-19T23:59:59Z,,,,8.684,GB,2.0395,0.234857,2.0395,Microsoft Corporation,2.0395,0.234857,Standard,8.684,GB,brazilsouth,Brazil South,,,,Networking,Data Transfer,Bandwidth,Microsoft Azure,MIC-Bandwidth,MIC-Bandwidt-brazilsouth,sub-d4e5f6a7,assinatura-dev,Subscription,{}
2.0008,sub-a1b2c3d4,cloudfinops-demo,Billing Account,USD,2026-09-01T00:00:00Z,2026-10-01T00:00:00Z,Usage,,Bandwidth - Data Transfer,Usage-Based,2026-09-20T00:00:00Z,2026-09-20T23:59:59Z,,,,6.045,GB,2.0008,0.330984,2.0008,Microsoft Corporation,2.0008,0.330984,Standard,6.045,GB,brazilsouth,Brazil South,,,,Networking,Data Transfer,Bandwidth,Microsoft Azure,MIC-Bandwidth,MIC-Bandwidt-brazilsouth,sub-d4e5f6a7,assinatura-dev,Subscription,{}
2.3988,sub-a1b2c3d4,cloudfinops-demo,Billing Account,USD,2026-09-01T00:00:00Z,2026-10-01T00:00:00Z,Usage,,Bandwidth - Data Transfer,Usage-Based,2026-09-21T00:00:00Z,2026-09-21T23:59:59Z,,,,5.42,GB,2.3988,0.442583,2.3988,Microsoft Corporation,2.3988,0.442583,Standard,5.42,GB,brazilsouth,Brazil South,,,,Networking,Data Transfer,Bandwidth,Microsoft Azure,MIC-Bandwidth,MIC-Bandwidt-brazilsouth,sub-d4e5f6a7,assinatura-dev,Subscription,{}
2.4182,sub-a1b2c3d4,cloudfinops-demo,Billing Account,USD,2026-09-01T00:00:00Z,2026-10-01T00:00:00Z,Usage,,Bandwidth - Data Transfer,Usage-Based,2026-09-22T00:00:00Z,2026-09-22T23:59:59Z,,,,5.586,GB,2.4182,0.432904,2.4182,Microsoft Corporation,2.4182,0.432904,Standard,5.586,GB,brazilsouth,Brazil South,,,,Networking,Data Transfer,Bandwidth,Microsoft Azure,MIC-Bandwidth,MIC-Bandwidt-brazilsouth,sub-d4e5f6a7,assinatura-dev,Subscription,{}
2.5282,sub-a1b2c3d4,cloudfinops-demo,Billing Account,USD,2026-09-01T00:00:00Z,2026-10-01T00:00:00Z,Usage,,Bandwidth - Data Transfer,Usage-Based,2026-09-23T00:00:00Z,2026-09-23T23:59:59Z,,,,7.619,GB,2.5282,0.331828,2.5282,Microsoft Corporation,2.5282,0.331828,Standard,7.619,GB,brazilsouth,Brazil South,,,,Networking,Data Transfer,Bandwidth,Microsoft Azure,MIC-Bandwidth,MIC-Bandwidt-brazilsouth,sub-d4e5f6a7,assinatura-dev,Subscription,{}
3.9276,sub-a1b2c3d4,cloudfinops-demo,Billing Account,USD,2026-09-01T00:00:00Z,2026-10-01T00:00:00Z,Usage,,Bandwidth - Data Transfer,Usage-Based,2026-09-24T00:00:00Z,2026-09-24T23:59:59Z,,,,10.337,GB,3.9276,0.379955,3.9276,Microsoft Corporation,3.9276,0.379955,Standard,10.337,GB,brazilsouth,Brazil South,,,,Networking,Data Transfer,Bandwidth,Microsoft Azure,MIC-Bandwidth,MIC-Bandwidt-brazilsouth,sub-d4e5f6a7,assinatura-dev,Subscription,{}
3.961,sub-a1b2c3d4,cloudfinops-demo,Billing Account,USD,2026-09-01T00:00:00Z,2026-10-01T00:00:00Z,Usage,,Bandwidth - Data Transfer,Usage-Based,2026-09-25T00:00:00Z,2026-09-25T23:59:59Z,,,,39.255,GB,3.961,0.100904,3.961,Microsoft Corporation,3.961,0.100904,Standard,39.255,GB,brazilsouth,Brazil South,,,,Networking,Data Transfer,Bandwidth,Microsoft Azure,MIC-Bandwidth,MIC-Bandwidt-brazilsouth,sub-d4e5f6a7,assinatura-dev,Subscription,{}
3.2333,sub-a1b2c3d4,cloudfinops-demo,Billing Account,USD,2026-09-01T00:00:00Z,2026-10-01T00:00:00Z,Usage,,Bandwidth - Data Transfer,Usage-Based,2026-09-26T00:00:00Z,2026-09-26T23:59:59Z,,,,10.905,GB,3.2333,0.296497,3.2333,Microsoft Corporation,3.2333,0.296497,Standard,10.905,GB,brazilsouth,Brazil South,,,,Networking,Data Transfer,Bandwidth,Microsoft Azure,MIC-Bandwidth,MIC-Bandwidt-brazilsouth,sub-d4e5f6a7,assinatura-dev,Subscription,{}
3.4008,sub-a1b2c3d4,cloudfinops-demo,Billing Account,USD,2026-09-01T00:00:00Z,2026-10-01T00:00:00Z,Usage,,Bandwidth - Data Transfer,Usage-Based,2026-09-27T00:00:00Z,2026-09-27T23:59:59Z,,,,19.682,GB,3.4008,0.172787,3.4008,Microsoft Corporation,3.4008,0.172787,Standard,19.682,GB,brazilsouth,Brazil South,,,,Networking,Data Transfer,Bandwidth,Microsoft Azure,MIC-Bandwidth,MIC-Bandwidt-brazilsouth,sub-d4e5f6a7,assinatura-dev,Subscription,{}
3.9254,sub-a1b2c3d4,cloudfinops-demo,Billing Account,USD,2026-09-01T00:00:00Z,2026-10-01T00:00:00Z,Usage,,Bandwidth - Data Transfer,Usage-Based,2026-09-28T00:00:00Z,2026-09-28T23:59:59Z,,,,12.965,GB,3.9254,0.302769,3.9254,Microsoft Corporation,3.9254,0.302769,Standard,12.965,GB,brazilsouth,Brazil South,,,,Networking,Data Transfer,Bandwidth,Microsoft Azure,MIC-Bandwidth,MIC-Bandwidt-brazilsouth,sub-d4e5f6a7,assinatura-dev,Subscription,{}
4.0196,sub-a1b2c3d4,cloudfinops-demo,Billing Account,USD,2026-09-01T00:00:00Z,2026-10-01T00:00:00Z,Usage,,Bandwidth - Data Transfer,Usage-Based,2026-09-29T00:00:00Z,2026-09-29T23:59:59Z,,,,17.978,GB,4.0196,0.223584,4.0196,Microsoft Corporation,4.0196,0.223584,Standard,17.978,GB,brazilsouth,Brazil South,,,,Networking,Data Transfer,Bandwidth,Microsoft Azure,MIC-Bandwidth,MIC-Bandwidt-brazilsouth,sub-d4e5f6a7,assinatura-dev,Subscription,{}
4.1123,sub-a1b2c3d4,cloudfinops-demo,Billing Account,USD,2026-09-01T00:00:00Z,2026-10-01T00:00:00Z,Usage,,Bandwidth - Data Transfer,Usage-Based,2026-09-30T00:00:00Z,2026-09-30T23:59:59Z,,,,22.321,GB,4.1123,0.184235,4.1123,Microsoft Corporation,4.1123,0.184235,Standard,22.321,GB,brazilsouth,Brazil South,,,,Networking,Data Transfer,Bandwidth,Microsoft Azure,MIC-Bandwidth,MIC-Bandwidt-brazilsouth,sub-d4e5f6a7,assinatura-dev,Subscription,{}
4.118,sub-a1b2c3d4,cloudfinops-demo,Billing Account,USD,2026-10-01T00:00:00Z,2026-11-01T00:00:00Z,Usage,,Bandwidth - Data Transfer,Usage-Based,2026-10-01T00:00:00Z,2026-10-01T23:59:59Z,,,,9.85,GB,4.118,0.418071,4.118,Microsoft Corporation,4.118,0.418071,Standard,9.85,GB,brazilsouth,Brazil South,,,,Networking,Data Transfer,Bandwidth,Microsoft Azure,MIC-Bandwidth,MIC-Bandwidt-brazilsouth,sub-d4e5f6a7,assinatura-dev,Subscription,{}
4.0593,sub-a1b2c3d4,cloudfinops-demo,Billing Account,USD,2026-10-01T00:00:00Z,2026-11-01T00:00:00Z,Usage,,Bandwidth - Data Transfer,Usage-Based,2026-10-02T00:00:00Z,2026-10-02T23:59:59Z,,,,10.739,GB,4.0593,0.377996,4.0593,Microsoft Corporation,4.0593,0.377996,Standard,10.739,GB,brazilsouth,Brazil South,,,,Networking,Data Transfer,Bandwidth,Microsoft Azure,MIC-Bandwidth,MIC-Bandwidt-brazilsouth,sub-d4e5f6a7,assinatura-dev,Subscription,{}
3.3601,sub-a1b2c3d4,cloudfinops-demo,Billing Account,USD,2026-10-01T00:00:00Z,2026-11-01T00:00:00Z,Usage,,Bandwidth - Data Transfer,Usage-Based,2026-10-03T00:00:00Z,2026-10-03T23:59:59Z,,,,11.402,GB,3.3601,0.294694,3.3601,Microsoft Corporation,3.3601,0.294694,Standard,11.402,GB,brazilsouth,Brazil South,,,,Networking,Data Transfer,Bandwidth,Microsoft Azure,MIC-Bandwidth,MIC-Bandwidt-brazilsouth,sub-d4e5f6a7,assinatura-dev,Subscription,{}
2.2684,sub-a1b2c3d4,cloudfinops-demo,Billing Account,USD,2026-08-01T00:00:00Z,2026-09-01T00:00:00Z,Usage,,Azure Functions - Serverless Compute,Usage-Based,2026-08-01T00:00:00Z,2026-08-01T23:59:59Z,,,,8.419,Request,2.2684,0.269438,2.2684,Microsoft Corporation,2.2684,0.269438,Standard,8.419,Request,eastus,East US,microsoft/sub-a1b2c3d4/azure-functions,azure-functions-prod,Function App,Compute,Serverless Compute,Azure Functions,Microsoft Azure,MIC-AzureFunctio,MIC-AzureFun-eastus,sub-a1b2c3d4,assinatura-producao,Subscription,"{""OwnerTeam"": ""plataforma"", ""Environment"": ""prod"", ""ManagedBy"": ""terraform""}"
2.3388,sub-a1b2c3d4,cloudfinops-demo,Billing Account,USD,2026-08-01T00:00:00Z,2026-09-01T00:00:00Z,Usage,,Azure Functions - Serverless Compute,Usage-Based,2026-08-02T00:00:00Z,2026-08-02T23:59:59Z,cd-microsoft-compute,Usage,Used,6.234,Request,1.9646,0.375168,1.9646,Microsoft Corporation,2.3388,0.375168,Committed,6.234,Request,eastus,East US,microsoft/sub-a1b2c3d4/azure-functions,azure-functions-prod,Function App,Compute,Serverless Compute,Azure Functions,Microsoft Azure,MIC-AzureFunctio,MIC-AzureFun-eastus,sub-a1b2c3d4,assinatura-producao,Subscription,"{""OwnerTeam"": ""redes"", ""Environment"": ""prod"", ""ManagedBy"": ""manual""}"
2.7067,sub-a1b2c3d4,cloudfinops-demo,Billing Account,USD,2026-08-01T00:00:00Z,2026-09-01T00:00:00Z,Usage,,Azure Functions - Serverless Compute,Usage-Based,2026-08-03T00:00:00Z,2026-08-03T23:59:59Z,,,,9.651,Request,2.7067,0.280458,2.7067,Microsoft Corporation,2.7067,0.280458,Standard,9.651,Request,eastus,East US,microsoft/sub-a1b2c3d4/azure-functions,azure-functions-prod,Function App,Compute,Serverless Compute,Azure Functions,Microsoft Azure,MIC-AzureFunctio,MIC-AzureFun-eastus,sub-a1b2c3d4,assinatura-producao,Subscription,"{""OwnerTeam"": ""plataforma"", ""Environment"": ""prod"", ""ManagedBy"": ""terraform""}"
2.7641,sub-a1b2c3d4,cloudfinops-demo,Billing Account,USD,2026-08-01T00:00:00Z,2026-09-01T00:00:00Z,Usage,,Azure Functions - Serverless Compute,Usage-Based,2026-08-04T00:00:00Z,2026-08-04T23:59:59Z,,,,46.587,Request,2.7641,0.059332,2.7641,Microsoft Corporation,2.7641,0.059332,Standard,46.587,Request,eastus,East US,microsoft/sub-a1b2c3d4/azure-functions,azure-functions-prod,Function App,Compute,Serverless Compute,Azure Functions,Microsoft Azure,MIC-AzureFunctio,MIC-AzureFun-eastus,sub-a1b2c3d4,assinatura-producao,Subscription,"{""OwnerTeam"": ""backend"", ""Environment"": ""prod"", ""ManagedBy"": ""manual""}"
2.7244,sub-a1b2c3d4,cloudfinops-demo,Billing Account,USD,2026-08-01T00:00:00Z,2026-09-01T00:00:00Z,Usage,,Azure Functions - Serverless Compute,Usage-Based,2026-08-05T00:00:00Z,2026-08-05T23:59:59Z,cd-microsoft-compute,Usage,Used,35.653,Request,2.2885,0.076414,2.2885,Microsoft Corporation,2.7244,0.076414,Committed,35.653,Request,eastus,East US,microsoft/sub-a1b2c3d4/azure-functions,azure-functions-prod,Function App,Compute,Serverless Compute,Azure Functions,Microsoft Azure,MIC-AzureFunctio,MIC-AzureFun-eastus,sub-a1b2c3d4,assinatura-producao,Subscription,"{""OwnerTeam"": ""redes"", ""Environment"": ""prod"", ""ManagedBy"": ""cloudformation""}"
2.7482,sub-a1b2c3d4,cloudfinops-demo,Billing Account,USD,2026-08-01T00:00:00Z,2026-09-01T00:00:00Z,Usage,,Azure Functions - Serverless Compute,Usage-Based,2026-08-06T00:00:00Z,2026-08-06T23:59:59Z,cd-microsoft-compute,Usage,Used,18.68,Request,2.3085,0.14712,2.3085,Microsoft Corporation,2.7482,0.14712,Committed,18.68,Request,eastus,East US,microsoft/sub-a1b2c3d4/azure-functions,azure-functions-prod,Function App,Compute,Serverless Compute,Azure Functions,Microsoft Azure,MIC-AzureFunctio,MIC-AzureFun-eastus,sub-a1b2c3d4,assinatura-producao,Subscription,"{""OwnerTeam"": ""dados"", ""Environment"": ""prod"", ""ManagedBy"": ""terraform""}"
2.8226,sub-a1b2c3d4,cloudfinops-demo,Billing Account,USD,2026-08-01T00:00:00Z,2026-09-01T00:00:00Z,Usage,,Azure Functions - Serverless Compute,Usage-Based,2026-08-07T00:00:00Z,2026-08-07T23:59:59Z,,,,7.784,Request,2.8226,0.362616,2.8226,Microsoft Corporation,2.8226,0.362616,Standard,7.784,Request,eastus,East US,microsoft/sub-a1b2c3d4/azure-functions,azure-functions-prod,Function App,Compute,Serverless Compute,Azure Functions,Microsoft Azure,MIC-AzureFunctio,MIC-AzureFun-eastus,sub-a1b2c3d4,assinatura-producao,Subscription,"{""OwnerTeam"": ""plataforma"", ""Environment"": ""prod"", ""ManagedBy"": ""manual""}"
2.4236,sub-a1b2c3d4,cloudfinops-demo,Billing Account,USD,2026-08-01T00:00:00Z,2026-09-01T00:00:00Z,Usage,,Azure Functions - Serverless Compute,Usage-Based,2026-08-08T00:00:00Z,2026-08-08T23:59:59Z,,,,6.617,Request,2.4236,0.366269,2.4236,Microsoft Corporation,2.4236,0.366269,Standard,6.617,Request,eastus,East US,microsoft/sub-a1b2c3d4/azure-functions,azure-functions-prod,Function App,Compute,Serverless Compute,Azure Functions,Microsoft Azure,MIC-AzureFunctio,MIC-AzureFun-eastus,sub-a1b2c3d4,assinatura-producao,Subscription,"{""OwnerTeam"": ""redes"", ""Environment"": ""prod"", ""ManagedBy"": ""manual""}"
2.3531,sub-a1b2c3d4,cloudfinops-demo,Billing Account,USD,2026-08-01T00:00:00Z,2026-09-01T00:00:00Z,Usage,,Azure Functions - Serverless Compute,Usage-Based,2026-08-09T00:00:00Z,2026-08-09T23:59:59Z,cd-microsoft-compute,Usage,Used,7.007,Request,1.9766,0.335821,1.9766,Microsoft Corporation,2.3531,0.335821,Committed,7.007,Request,eastus,East US,microsoft/sub-a1b2c3d4/azure-functions,azure-functions-prod,Function App,Compute,Serverless Compute,Azure Functions,Microsoft Azure,MIC-AzureFunctio,MIC-AzureFun-eastus,sub-a1b2c3d4,assinatura-producao,Subscription,"{""OwnerTeam"": ""redes"", ""Environment"": ""prod"", ""ManagedBy"": ""cloudformation""}"
2.8263,sub-a1b2c3d4,cloudfinops-demo,Billing Account,USD,2026-08-01T00:00:00Z,2026-09-01T00:00:00Z,Usage,,Azure Functions - Serverless Compute,Usage-Based,2026-08-10T00:00:00Z,2026-08-10T23:59:59Z,cd-microsoft-compute,Usage,Used,16.904,Request,2.3741,0.167197,2.3741,Microsoft Corporation,2.8263,0.167197,Committed,16.904,Request,eastus,East US,microsoft/sub-a1b2c3d4/azure-functions,azure-functions-prod,Function App,Compute,Serverless Compute,Azure Functions,Microsoft Azure,MIC-AzureFunctio,MIC-AzureFun-eastus,sub-a1b2c3d4,assinatura-producao,Subscription,"{""OwnerTeam"": ""plataforma"", ""Environment"": ""prod"", ""ManagedBy"": ""manual""}"
2.7324,sub-a1b2c3d4,cloudfinops-demo,Billing Account,USD,2026-08-01T00:00:00Z,2026-09-01T00:00:00Z,Usage,,Azure Functions - Serverless Compute,Usage-Based,2026-08-11T00:00:00Z,2026-08-11T23:59:59Z,,,,11.181,Request,2.7324,0.244379,2.7324,Microsoft Corporation,2.7324,0.244379,Standard,11.181,Request,eastus,East US,microsoft/sub-a1b2c3d4/azure-functions,azure-functions-prod,Function App,Compute,Serverless Compute,Azure Functions,Microsoft Azure,MIC-AzureFunctio,MIC-AzureFun-eastus,sub-a1b2c3d4,assinatura-producao,Subscription,"{""OwnerTeam"": ""plataforma"", ""Environment"": ""prod"", ""ManagedBy"": ""serverless""}"
2.7796,sub-a1b2c3d4,cloudfinops-demo,Billing Account,USD,2026-08-01T00:00:00Z,2026-09-01T00:00:00Z,Usage,,Azure Functions - Serverless Compute,Usage-Based,2026-08-12T00:00:00Z,2026-08-12T23:59:59Z,cd-microsoft-compute,Usage,Used,52.828,Request,2.3349,0.052616,2.3349,Microsoft Corporation,2.7796,0.052616,Committed,52.828,Request,eastus,East US,microsoft/sub-a1b2c3d4/azure-functions,azure-functions-prod,Function App,Compute,Serverless Compute,Azure Functions,Microsoft Azure,MIC-AzureFunctio,MIC-AzureFun-eastus,sub-a1b2c3d4,assinatura-producao,Subscription,"{""OwnerTeam"": ""plataforma"", ""Environment"": ""prod"", ""ManagedBy"": ""manual""}"
2.7353,sub-a1b2c3d4,cloudfinops-demo,Billing Account,USD,2026-08-01T00:00:00Z,2026-09-01T00:00:00Z,Usage,,Azure Functions - Serverless Compute,Usage-Based,2026-08-13T00:00:00Z,2026-08-13T23:59:59Z,,,,64.622,Request,2.7353,0.042328,2.7353,Microsoft Corporation,2.7353,0.042328,Standard,64.622,Request,eastus,East US,microsoft/sub-a1b2c3d4/azure-functions,azure-functions-prod,Function App,Compute,Serverless Compute,Azure Functions,Microsoft Azure,MIC-AzureFunctio,MIC-AzureFun-eastus,sub-a1b2c3d4,assinatura-producao,Subscription,"{""OwnerTeam"": ""plataforma"", ""Environment"": ""prod"", ""ManagedBy"": ""terraform""}"
2.7063,sub-a1b2c3d4,cloudfinops-demo,Billing Account,USD,2026-08-01T00:00:00Z,2026-09-01T00:00:00Z,Usage,,Azure Functions - Serverless Compute,Usage-Based,2026-08-14T00:00:00Z,2026-08-14T23:59:59Z,,,,10.841,Request,2.7063,0.249636,2.7063,Microsoft Corporation,2.7063,0.249636,Standard,10.841,Request,eastus,East US,microsoft/sub-a1b2c3d4/azure-functions,azure-functions-prod,Function App,Compute,Serverless Compute,Azure Functions,Microsoft Azure,MIC-AzureFunctio,MIC-AzureFun-eastus,sub-a1b2c3d4,assinatura-producao,Subscription,"{""OwnerTeam"": ""dados"", ""Environment"": ""prod"", ""ManagedBy"": ""manual""}"
2.359,sub-a1b2c3d4,cloudfinops-demo,Billing Account,USD,2026-08-01T00:00:00Z,2026-09-01T00:00:00Z,Usage,,Azure Functions - Serverless Compute,Usage-Based,2026-08-15T00:00:00Z,2026-08-15T23:59:59Z,,,,21.533,Request,2.359,0.109553,2.359,Microsoft Corporation,2.359,0.109553,Standard,21.533,Request,eastus,East US,microsoft/sub-a1b2c3d4/azure-functions,azure-functions-prod,Function App,Compute,Serverless Compute,Azure Functions,Microsoft Azure,MIC-AzureFunctio,MIC-AzureFun-eastus,sub-a1b2c3d4,assinatura-producao,Subscription,"{""OwnerTeam"": ""plataforma"", ""Environment"": ""prod"", ""ManagedBy"": ""manual""}"
2.3667,sub-a1b2c3d4,cloudfinops-demo,Billing Account,USD,2026-08-01T00:00:00Z,2026-09-01T00:00:00Z,Usage,,Azure Functions - Serverless Compute,Usage-Based,2026-08-16T00:00:00Z,2026-08-16T23:59:59Z,,,,5.459,Request,2.3667,0.433541,2.3667,Microsoft Corporation,2.3667,0.433541,Standard,5.459,Request,eastus,East US,microsoft/sub-a1b2c3d4/azure-functions,azure-functions-prod,Function App,Compute,Serverless Compute,Azure Functions,Microsoft Azure,MIC-AzureFunctio,MIC-AzureFun-eastus,sub-a1b2c3d4,assinatura-producao,Subscription,"{""OwnerTeam"": ""dados"", ""Environment"": ""prod"", ""ManagedBy"": ""terraform""}"
2.8392,sub-a1b2c3d4,cloudfinops-demo,Billing Account,USD,2026-08-01T00:00:00Z,2026-09-01T00:00:00Z,Usage,,Azure Functions - Serverless Compute,Usage-Based,2026-08-17T00:00:00Z,2026-08-17T23:59:59Z,cd-microsoft-compute,Usage,Used,10.562,Request,2.3849,0.268813,2.3849,Microsoft Corporation,2.8392,0.268813,Committed,10.562,Request,eastus,East US,microsoft/sub-a1b2c3d4/azure-functions,azure-functions-prod,Function App,Compute,Serverless Compute,Azure Functions,Microsoft Azure,MIC-AzureFunctio,MIC-AzureFun-eastus,sub-a1b2c3d4,assinatura-producao,Subscription,"{""OwnerTeam"": ""redes"", ""Environment"": ""prod"", ""ManagedBy"": ""serverless""}"
2.7736,sub-a1b2c3d4,cloudfinops-demo,Billing Account,USD,2026-08-01T00:00:00Z,2026-09-01T00:00:00Z,Usage,,Azure Functions - Serverless Compute,Usage-Based,2026-08-18T00:00:00Z,2026-08-18T23:59:59Z,,,,6.269,Request,2.7736,0.442431,2.7736,Microsoft Corporation,2.7736,0.442431,Standard,6.269,Request,eastus,East US,microsoft/sub-a1b2c3d4/azure-functions,azure-functions-prod,Function App,Compute,Serverless Compute,Azure Functions,Microsoft Azure,MIC-AzureFunctio,MIC-AzureFun-eastus,sub-a1b2c3d4,assinatura-producao,Subscription,"{""OwnerTeam"": ""dados"", ""Environment"": ""prod"", ""ManagedBy"": ""terraform""}"
2.7326,sub-a1b2c3d4,cloudfinops-demo,Billing Account,USD,2026-08-01T00:00:00Z,2026-09-01T00:00:00Z,Usage,,Azure Functions - Serverless Compute,Usage-Based,2026-08-19T00:00:00Z,2026-08-19T23:59:59Z,,,,8.597,Request,2.7326,0.317855,2.7326,Microsoft Corporation,2.7326,0.317855,Standard,8.597,Request,eastus,East US,microsoft/sub-a1b2c3d4/azure-functions,azure-functions-prod,Function App,Compute,Serverless Compute,Azure Functions,Microsoft Azure,MIC-AzureFunctio,MIC-AzureFun-eastus,sub-a1b2c3d4,assinatura-producao,Subscription,"{""OwnerTeam"": ""dados"", ""Environment"": ""prod"", ""ManagedBy"": ""manual""}"
2.7086,sub-a1b2c3d4,cloudfinops-demo,Billing Account,USD,2026-08-01T00:00:00Z,2026-09-01T00:00:00Z,Usage,,Azure Functions - Serverless Compute,Usage-Based,2026-08-20T00:00:00Z,2026-08-20T23:59:59Z,,,,6.92,Request,2.7086,0.391416,2.7086,Microsoft Corporation,2.7086,0.391416,Standard,6.92,Request,eastus,East US,microsoft/sub-a1b2c3d4/azure-functions,azure-functions-prod,Function App,Compute,Serverless Compute,Azure Functions,Microsoft Azure,MIC-AzureFunctio,MIC-AzureFun-eastus,sub-a1b2c3d4,assinatura-producao,Subscription,"{""OwnerTeam"": ""backend"", ""Environment"": ""prod"", ""ManagedBy"": ""serverless""}"
2.782,sub-a1b2c3d4,cloudfinops-demo,Billing Account,USD,2026-08-01T00:00:00Z,2026-09-01T00:00:00Z,Usage,,Azure Functions - Serverless Compute,Usage-Based,2026-08-21T00:00:00Z,2026-08-21T23:59:59Z,cd-microsoft-compute,Usage,Used,8.403,Request,2.3369,0.331072,2.3369,Microsoft Corporation,2.782,0.331072,Committed,8.403,Request,eastus,East US,microsoft/sub-a1b2c3d4/azure-functions,azure-functions-prod,Function App,Compute,Serverless Compute,Azure Functions,Microsoft Azure,MIC-AzureFunctio,MIC-AzureFun-eastus,sub-a1b2c3d4,assinatura-producao,Subscription,"{""OwnerTeam"": ""backend"", ""Environment"": ""prod"", ""ManagedBy"": ""serverless""}"
2.381,sub-a1b2c3d4,cloudfinops-demo,Billing Account,USD,2026-08-01T00:00:00Z,2026-09-01T00:00:00Z,Usage,,Azure Functions - Serverless Compute,Usage-Based,2026-08-22T00:00:00Z,2026-08-22T23:59:59Z,cd-microsoft-compute,Usage,Used,11.29,Request,2.0,0.210895,2.0,Microsoft Corporation,2.381,0.210895,Committed,11.29,Request,eastus,East US,microsoft/sub-a1b2c3d4/azure-functions,azure-functions-prod,Function App,Compute,Serverless Compute,Azure Functions,Microsoft Azure,MIC-AzureFunctio,MIC-AzureFun-eastus,sub-a1b2c3d4,assinatura-producao,Subscription,"{""OwnerTeam"": ""backend"", ""Environment"": ""prod"", ""ManagedBy"": ""manual""}"
2.3626,sub-a1b2c3d4,cloudfinops-demo,Billing Account,USD,2026-08-01T00:00:00Z,2026-09-01T00:00:00Z,Usage,,Azure Functions - Serverless Compute,Usage-Based,2026-08-23T00:00:00Z,2026-08-23T23:59:59Z,,,,11.285,Request,2.3626,0.209358,2.3626,Microsoft Corporation,2.3626,0.209358,Standard,11.285,Request,eastus,East US,microsoft/sub-a1b2c3d4/azure-functions,azure-functions-prod,Function App,Compute,Serverless Compute,Azure Functions,Microsoft Azure,MIC-AzureFunctio,MIC-AzureFun-eastus,sub-a1b2c3d4,assinatura-producao,Subscription,"{""OwnerTeam"": ""backend"", ""Environment"": ""prod"", ""ManagedBy"": ""serverless""}"
2.761,sub-a1b2c3d4,cloudfinops-demo,Billing Account,USD,2026-08-01T00:00:00Z,2026-09-01T00:00:00Z,Usage,,Azure Functions - Serverless Compute,Usage-Based,2026-08-24T00:00:00Z,2026-08-24T23:59:59Z,cd-microsoft-compute,Usage,Used,10.837,Request,2.3192,0.254775,2.3192,Microsoft Corporation,2.761,0.254775,Committed,10.837,Request,eastus,East US,microsoft/sub-a1b2c3d4/azure-functions,azure-functions-prod,Function App,Compute,Serverless Compute,Azure Functions,Microsoft Azure,MIC-AzureFunctio,MIC-AzureFun-eastus,sub-a1b2c3d4,assinatura-producao,Subscription,"{""OwnerTeam"": ""redes"", ""Environment"": ""prod"", ""ManagedBy"": ""manual""}"
2.8553,sub-a1b2c3d4,cloudfinops-demo,Billing Account,USD,2026-08-01T00:00:00Z,2026-09-01T00:00:00Z,Usage,,Azure Functions - Serverless Compute,Usage-Based,2026-08-25T00:00:00Z,2026-08-25T23:59:59Z,cd-microsoft-compute,Usage,Used,10.541,Request,2.3985,0.270876,2.3985,Microsoft Corporation,2.8553,0.270876,Committed,10.541,Request,eastus,East US,microsoft/sub-a1b2c3d4/azure-functions,azure-functions-prod,Function App,Compute,Serverless Compute,Azure Functions,Microsoft Azure,MIC-AzureFunctio,MIC-AzureFun-eastus,sub-a1b2c3d4,assinatura-producao,Subscription,"{""OwnerTeam"": ""dados"", ""Environment"": ""prod"", ""ManagedBy"": ""serverless""}"
2.7782,sub-a1b2c3d4,cloudfinops-demo,Billing Account,USD,2026-08-01T00:00:00Z,2026-09-01T00:00:00Z,Usage,,Azure Functions - Serverless Compute,Usage-Based,2026-08-26T00:00:00Z,2026-08-26T23:59:59Z,cd-microsoft-compute,Usage,Used,8.029,Request,2.3337,0.346021,2.3337,Microsoft Corporation,2.7782,0.346021,Committed,8.029,Request,eastus,East US,microsoft/sub-a1b2c3d4/azure-functions,azure-functions-prod,Function App,Compute,Serverless Compute,Azure Functions,Microsoft Azure,MIC-AzureFunctio,MIC-AzureFun-eastus,sub-a1b2c3d4,assinatura-producao,Subscription,"{""OwnerTeam"": ""dados"", ""Environment"": ""prod"", ""ManagedBy"": ""terraform""}"
2.8775,sub-a1b2c3d4,cloudfinops-demo,Billing Account,USD,2026-08-01T00:00:00Z,2026-09-01T00:00:00Z,Usage,,Azure Functions - Serverless Compute,Usage-Based,2026-08-27T00:00:00Z,2026-08-27T23:59:59Z,cd-microsoft-compute,Usage,Used,35.806,Request,2.4171,0.080364,2.4171,Microsoft Corporation,2.8775,0.080364,Committed,35.806,Request,eastus,East US,microsoft/sub-a1b2c3d4/azure-functions,azure-functions-prod,Function App,Compute,Serverless Compute,Azure Functions,Microsoft Azure,MIC-AzureFunctio,MIC-AzureFun-eastus,sub-a1b2c3d4,assinatura-producao,Subscription,"{""OwnerTeam"": ""redes"", ""Environment"": ""prod"", ""ManagedBy"": ""terraform""}"
2.6982,sub-a1b2c3d4,cloudfinops-demo,Billing Account,USD,2026-08-01T00:00:00Z,2026-09-01T00:00:00Z,Usage,,Azure Functions - Serverless Compute,Usage-Based,2026-08-28T00:00:00Z,2026-08-28T23:59:59Z,cd-microsoft-compute,Usage,Used,6.866,Request,2.2665,0.39298,2.2665,Microsoft Corporation,2.6982,0.39298,Committed,6.866,Request,eastus,East US,microsoft/sub-a1b2c3d4/azure-functions,azure-functions-prod,Function App,Compute,Serverless Compute,Azure Functions,Microsoft Azure,MIC-AzureFunctio,MIC-AzureFun-eastus,sub-a1b2c3d4,assinatura-producao,Subscription,"{""OwnerTeam"": ""dados"", ""Environment"": ""prod"", ""ManagedBy"": ""serverless""}"
2.3759,sub-a1b2c3d4,cloudfinops-demo,Billing Account,USD,2026-08-01T00:00:00Z,2026-09-01T00:00:00Z,Usage,,Azure Functions - Serverless Compute,Usage-Based,2026-08-29T00:00:00Z,2026-08-29T23:59:59Z,,,,52.012,Request,2.3759,0.04568,2.3759,Microsoft Corporation,2.3759,0.04568,Standard,52.012,Request,eastus,East US,microsoft/sub-a1b2c3d4/azure-functions,azure-functions-prod,Function App,Compute,Serverless Compute,Azure Functions,Microsoft Azure,MIC-AzureFunctio,MIC-AzureFun-eastus,sub-a1b2c3d4,assinatura-producao,Subscription,"{""OwnerTeam"": ""redes"", ""Environment"": ""prod"", ""ManagedBy"": ""serverless""}"
2.3542,sub-a1b2c3d4,cloudfinops-demo,Billing Account,USD,2026-08-01T00:00:00Z,2026-09-01T00:00:00Z,Usage,,Azure Functions - Serverless Compute,Usage-Based,2026-08-30T00:00:00Z,2026-08-30T23:59:59Z,,,,7.725,Request,2.3542,0.304751,2.3542,Microsoft Corporation,2.3542,0.304751,Standard,7.725,Request,eastus,East US,microsoft/sub-a1b2c3d4/azure-functions,azure-functions-prod,Function App,Compute,Serverless Compute,Azure Functions,Microsoft Azure,MIC-AzureFunctio,MIC-AzureFun-eastus,sub-a1b2c3d4,assinatura-producao,Subscription,"{""OwnerTeam"": ""backend"", ""Environment"": ""prod"", ""ManagedBy"": ""terraform""}"
2.7912,sub-a1b2c3d4,cloudfinops-demo,Billing Account,USD,2026-08-01T00:00:00Z,2026-09-01T00:00:00Z,Usage,,Azure Functions - Serverless Compute,Usage-Based,2026-08-31T00:00:00Z,2026-08-31T23:59:59Z,,,,34.912,Request,2.7912,0.07995,2.7912,Microsoft Corporation,2.7912,0.07995,Standard,34.912,Request,eastus,East US,microsoft/sub-a1b2c3d4/azure-functions,azure-functions-prod,Function App,Compute,Serverless Compute,Azure Functions,Microsoft Azure,MIC-AzureFunctio,MIC-AzureFun-eastus,sub-a1b2c3d4,assinatura-producao,Subscription,"{""OwnerTeam"": ""dados"", ""Environment"": ""prod"", ""ManagedBy"": ""terraform""}"
2.8849,sub-a1b2c3d4,cloudfinops-demo,Billing Account,USD,2026-09-01T00:00:00Z,2026-10-01T00:00:00Z,Usage,,Azure Functions - Serverless Compute,Usage-Based,2026-09-01T00:00:00Z,2026-09-01T23:59:59Z,,,,44.655,Request,2.8849,0.064604,2.8849,Microsoft Corporation,2.8849,0.064604,Standard,44.655,Request,eastus,East US,microsoft/sub-a1b2c3d4/azure-functions,azure-functions-prod,Function App,Compute,Serverless Compute,Azure Functions,Microsoft Azure,MIC-AzureFunctio,MIC-AzureFun-eastus,sub-a1b2c3d4,assinatura-producao,Subscription,"{""OwnerTeam"": ""plataforma"", ""Environment"": ""prod"", ""ManagedBy"": ""cloudformation""}"
2.8664,sub-a1b2c3d4,cloudfinops-demo,Billing Account,USD,2026-09-01T00:00:00Z,2026-10-01T00:00:00Z,Usage,,Azure Functions - Serverless Compute,Usage-Based,2026-09-02T00:00:00Z,2026-09-02T23:59:59Z,,,,14.693,Request,2.8664,0.195086,2.8664,Microsoft Corporation,2.8664,0.195086,Standard,14.693,Request,eastus,East US,microsoft/sub-a1b2c3d4/azure-functions,azure-functions-prod,Function App,Compute,Serverless Compute,Azure Functions,Microsoft Azure,MIC-AzureFunctio,MIC-AzureFun-eastus,sub-a1b2c3d4,assinatura-producao,Subscription,"{""OwnerTeam"": ""dados"", ""Environment"": ""prod"", ""ManagedBy"": ""cloudformation""}"
2.9407,sub-a1b2c3d4,cloudfinops-demo,Billing Account,USD,2026-09-01T00:00:00Z,2026-10-01T00:00:00Z,Usage,,Azure Functions - Serverless Compute,Usage-Based,2026-09-03T00:00:00Z,2026-09-03T23:59:59Z,cd-microsoft-compute,Usage,Used,19.431,Request,2.4702,0.151341,2.4702,Microsoft Corporation,2.9407,0.151341,Committed,19.431,Request,eastus,East US,microsoft/sub-a1b2c3d4/azure-functions,azure-functions-prod,Function App,Compute,Serverless Compute,Azure Functions,Microsoft Azure,MIC-AzureFunctio,MIC-AzureFun-eastus,sub-a1b2c3d4,assinatura-producao,Subscription,"{""OwnerTeam"": ""plataforma"", ""Environment"": ""prod"", ""ManagedBy"": ""terraform""}"
2.942,sub-a1b2c3d4,cloudfinops-demo,Billing Account,USD,2026-09-01T00:00:00Z,2026-10-01T00:00:00Z,Usage,,Azure Functions - Serverless Compute,Usage-Based,2026-09-04T00:00:00Z,2026-09-04T23:59:59Z,,,,23.26,Request,2.942,0.126483,2.942,Microsoft Corporation,2.942,0.126483,Standard,23.26,Request,eastus,East US,microsoft/sub-a1b2c3d4/azure-functions,azure-functions-prod,Function App,Compute,Serverless Compute,Azure Functions,Microsoft Azure,MIC-AzureFunctio,MIC-AzureFun-eastus,sub-a1b2c3d4,assinatura-producao,Subscription,"{""OwnerTeam"": ""plataforma"", ""Environment"": ""prod"", ""ManagedBy"": ""terraform""}"
2.4472,sub-a1b2c3d4,cloudfinops-demo,Billing Account,USD,2026-09-01T00:00:00Z,2026-10-01T00:00:00Z,Usage,,Azure Functions - Serverless Compute,Usage-Based,2026-09-05T00:00:00Z,2026-09-05T23:59:59Z,,,,9.953,Request,2.4472,0.245876,2.4472,Microsoft Corporation,2.4472,0.245876,Standard,9.953,Request,eastus,East US,microsoft/sub-a1b2c3d4/azure-functions,azure-functions-prod,Function App,Compute,Serverless Compute,Azure Functions,Microsoft Azure,MIC-AzureFunctio,MIC-AzureFun-eastus,sub-a1b2c3d4,assinatura-producao,Subscription,"{""OwnerTeam"": ""dados"", ""Environment"": ""prod"", ""ManagedBy"": ""terraform""}"
2.4559,sub-a1b2c3d4,cloudfinops-demo,Billing Account,USD,2026-09-01T00:00:00Z,2026-10-01T00:00:00Z,Usage,,Azure Functions - Serverless Compute,Usage-Based,2026-09-06T00:00:00Z,2026-09-06T23:59:59Z,,,,7.561,Request,2.4559,0.324812,2.4559,Microsoft Corporation,2.4559,0.324812,Standard,7.561,Request,eastus,East US,microsoft/sub-a1b2c3d4/azure-functions,azure-functions-prod,Function App,Compute,Serverless Compute,Azure Functions,Microsoft Azure,MIC-AzureFunctio,MIC-AzureFun-eastus,sub-a1b2c3d4,assinatura-producao,Subscription,"{""OwnerTeam"": ""dados"", ""Environment"": ""prod"", ""ManagedBy"": ""terraform""}"
2.8366,sub-a1b2c3d4,cloudfinops-demo,Billing Account,USD,2026-09-01T00:00:00Z,2026-10-01T00:00:00Z,Usage,,Azure Functions - Serverless Compute,Usage-Based,2026-09-07T00:00:00Z,2026-09-07T23:59:59Z,cd-microsoft-compute,Usage,Used,16.501,Request,2.3827,0.171905,2.3827,Microsoft Corporation,2.8366,0.171905,Committed,16.501,Request,eastus,East US,microsoft/sub-a1b2c3d4/azure-functions,azure-functions-prod,Function App,Compute,Serverless Compute,Azure Functions,Microsoft Azure,MIC-AzureFunctio,MIC-AzureFun-eastus,sub-a1b2c3d4,assinatura-producao,Subscription,"{""OwnerTeam"": ""redes"", ""Environment"": ""prod"", ""ManagedBy"": ""cloudformation""}"
2.9872,sub-a1b2c3d4,cloudfinops-demo,Billing Account,USD,2026-09-01T00:00:00Z,2026-10-01T00:00:00Z,Usage,,Azure Functions - Serverless Compute,Usage-Based,2026-09-08T00:00:00Z,2026-09-08T23:59:59Z,,,,6.729,Request,2.9872,0.443929,2.9872,Microsoft Corporation,2.9872,0.443929,Standard,6.729,Request,eastus,East US,microsoft/sub-a1b2c3d4/azure-functions,azure-functions-prod,Function App,Compute,Serverless Compute,Azure Functions,Microsoft Azure,MIC-AzureFunctio,MIC-AzureFun-eastus,sub-a1b2c3d4,assinatura-producao,Subscription,"{""OwnerTeam"": ""redes"", ""Environment"": ""prod"", ""ManagedBy"": ""manual""}"
2.962,sub-a1b2c3d4,cloudfinops-demo,Billing Account,USD,2026-09-01T00:00:00Z,2026-10-01T00:00:00Z,Usage,,Azure Functions - Serverless Compute,Usage-Based,2026-09-09T00:00:00Z,2026-09-09T23:59:59Z,,,,48.863,Request,2.962,0.060618,2.962,Microsoft Corporation,2.962,0.060618,Standard,48.863,Request,eastus,East US,microsoft/sub-a1b2c3d4/azure-functions,azure-functions-prod,Function App,Compute,Serverless Compute,Azure Functions,Microsoft Azure,MIC-AzureFunctio,MIC-AzureFun-eastus,sub-a1b2c3d4,assinatura-producao,Subscription,"{""OwnerTeam"": ""backend"", ""Environment"": ""prod"", ""ManagedBy"": ""manual""}"
2.9701,sub-a1b2c3d4,cloudfinops-demo,Billing Account,USD,2026-09-01T00:00:00Z,2026-10-01T00:00:00Z,Usage,,Azure Functions - Serverless Compute,Usage-Based,2026-09-10T00:00:00Z,2026-09-10T23:59:59Z,cd-microsoft-compute,Usage,Used,11.21,Request,2.4949,0.264951,2.4949,Microsoft Corporation,2.9701,0.264951,Committed,11.21,Request,eastus,East US,microsoft/sub-a1b2c3d4/azure-functions,azure-functions-prod,Function App,Compute,Serverless Compute,Azure Functions,Microsoft Azure,MIC-AzureFunctio,MIC-AzureFun-eastus,sub-a1b2c3d4,assinatura-producao,Subscription,"{""OwnerTeam"": ""redes"", ""Environment"": ""prod"", ""ManagedBy"": ""cloudformation""}"
2.9215,sub-a1b2c3d4,cloudfinops-demo,Billing Account,USD,2026-09-01T00:00:00Z,2026-10-01T00:00:00Z,Usage,,Azure Functions - Serverless Compute,Usage-Based,2026-09-11T00:00:00Z,2026-09-11T23:59:59Z,cd-microsoft-compute,Usage,Used,13.129,Request,2.4541,0.222523,2.4541,Microsoft Corporation,2.9215,0.222523,Committed,13.129,Request,eastus,East US,microsoft/sub-a1b2c3d4/azure-functions,azure-functions-prod,Function App,Compute,Serverless Compute,Azure Functions,Microsoft Azure,MIC-AzureFunctio,MIC-AzureFun-eastus,sub-a1b2c3d4,assinatura-producao,Subscription,"{""OwnerTeam"": ""dados"", ""Environment"": ""prod"", ""ManagedBy"": ""terraform""}"
2.4492,sub-a1b2c3d4,cloudfinops-demo,Billing Account,USD,2026-09-01T00:00:00Z,2026-10-01T00:00:00Z,Usage,,Azure Functions - Serverless Compute,Usage-Based,2026-09-12T00:00:00Z,2026-09-12T23:59:59Z,,,,5.783,Request,2.4492,0.423517,2.4492,Microsoft Corporation,2.4492,0.423517,Standard,5.783,Request,eastus,East US,microsoft/sub-a1b2c3d4/azure-functions,azure-functions-prod,Function App,Compute,Serverless Compute,Azure Functions,Microsoft Azure,MIC-AzureFunctio,MIC-AzureFun-eastus,sub-a1b2c3d4,assinatura-producao,Subscription,"{""OwnerTeam"": ""plataforma"", ""Environment"": ""prod"", ""ManagedBy"": ""serverless""}"
2.4471,sub-a1b2c3d4,cloudfinops-demo,Billing Account,USD,2026-09-01T00:00:00Z,2026-10-01T00:00:00Z,Usage,,Azure Functions - Serverless Compute,Usage-Based,2026-09-13T00:00:00Z,2026-09-13T23:59:59Z,cd-microsoft-compute,Usage,Used,14.887,Request,2.0556,0.164378,2.0556,Microsoft Corporation,2.4471,0.164378,Committed,14.887,Request,eastus,East US,microsoft/sub-a1b2c3d4/azure-functions,azure-functions-prod,Function App,Compute,Serverless Compute,Azure Functions,Microsoft Azure,MIC-AzureFunctio,MIC-AzureFun-eastus,sub-a1b2c3d4,assinatura-producao,Subscription,"{""OwnerTeam"": ""dados"", ""Environment"": ""prod"", ""ManagedBy"": ""cloudformation""}"
2.8505,sub-a1b2c3d4,cloudfinops-demo,Billing Account,USD,2026-09-01T00:00:00Z,2026-10-01T00:00:00Z,Usage,,Azure Functions - Serverless Compute,Usage-Based,2026-09-14T00:00:00Z,2026-09-14T23:59:59Z,,,,11.239,Request,2.8505,0.253626,2.8505,Microsoft Corporation,2.8505,0.253626,Standard,11.239,Request,eastus,East US,microsoft/sub-a1b2c3d4/azure-functions,azure-functions-prod,Function App,Compute,Serverless Compute,Azure Functions,Microsoft Azure,MIC-AzureFunctio,MIC-AzureFun-eastus,sub-a1b2c3d4,assinatura-producao,Subscription,"{""OwnerTeam"": ""redes"", ""Environment"": ""prod"", ""ManagedBy"": ""manual""}"
2.9433,sub-a1b2c3d4,cloudfinops-demo,Billing Account,USD,2026-09-01T00:00:00Z,2026-10-01T00:00:00Z,Usage,,Azure Functions - Serverless Compute,Usage-Based,2026-09-15T00:00:00Z,2026-09-15T23:59:59Z,,,,6.695,Request,2.9433,0.439627,2.9433,Microsoft Corporation,2.9433,0.439627,Standard,6.695,Request,eastus,East US,microsoft/sub-a1b2c3d4/azure-functions,azure-functions-prod,Function App,Compute,Serverless Compute,Azure Functions,Microsoft Azure,MIC-AzureFunctio,MIC-AzureFun-eastus,sub-a1b2c3d4,assinatura-producao,Subscription,"{""OwnerTeam"": ""backend"", ""Environment"": ""prod"", ""ManagedBy"": ""serverless""}"
2.9944,sub-a1b2c3d4,cloudfinops-demo,Billing Account,USD,2026-09-01T00:00:00Z,2026-10-01T00:00:00Z,Usage,,Azure Functions - Serverless Compute,Usage-Based,2026-09-16T00:00:00Z,2026-09-16T23:59:59Z,cd-microsoft-compute,Usage,Used,34.522,Request,2.5153,0.086739,2.5153,Microsoft Corporation,2.9944,0.086739,Committed,34.522,Request,eastus,East US,microsoft/sub-a1b2c3d4/azure-functions,azure-functions-prod,Function App,Compute,Serverless Compute,Azure Functions,Microsoft Azure,MIC-AzureFunctio,MIC-AzureFun-eastus,sub-a1b2c3d4,assinatura-producao,Subscription,"{""OwnerTeam"": ""backend"", ""Environment"": ""prod"", ""ManagedBy"": ""manual""}"
2.8144,sub-a1b2c3d4,cloudfinops-demo,Billing Account,USD,2026-09-01T00:00:00Z,2026-10-01T00:00:00Z,Usage,,Azure Functions - Serverless Compute,Usage-Based,2026-09-17T00:00:00Z,2026-09-17T23:59:59Z,,,,45.942,Request,2.8144,0.06126,2.8144,Microsoft Corporation,2.8144,0.06126,Standard,45.942,Request,eastus,East US,microsoft/sub-a1b2c3d4/azure-functions,azure-functions-prod,Function App,Compute,Serverless Compute,Azure Functions,Microsoft Azure,MIC-AzureFunctio,MIC-AzureFun-eastus,sub-a1b2c3d4,assinatura-producao,Subscription,"{""OwnerTeam"": ""redes"", ""Environment"": ""prod"", ""ManagedBy"": ""serverless""}"
2.8214,sub-a1b2c3d4,cloudfinops-demo,Billing Account,USD,2026-09-01T00:00:00Z,2026-10-01T00:00:00Z,Usage,,Azure Functions - Serverless Compute,Usage-Based,2026-09-18T00:00:00Z,2026-09-18T23:59:59Z,,,,18.203,Request,2.8214,0.154996,2.8214,Microsoft Corporation,2.8214,0.154996,Standard,18.203,Request,eastus,East US,microsoft/sub-a1b2c3d4/azure-functions,azure-functions-prod,Function App,Compute,Serverless Compute,Azure Functions,Microsoft Azure,MIC-AzureFunctio,MIC-AzureFun-eastus,sub-a1b2c3d4,assinatura-producao,Subscription,"{""OwnerTeam"": ""plataforma"", ""Environment"": ""prod"", ""ManagedBy"": ""manual""}"
2.5361,sub-a1b2c3d4,cloudfinops-demo,Billing Account,USD,2026-09-01T00:00:00Z,2026-10-01T00:00:00Z,Usage,,Azure Functions - Serverless Compute,Usage-Based,2026-09-19T00:00:00Z,2026-09-19T23:59:59Z,cd-microsoft-compute,Usage,Used,6.778,Request,2.1303,0.374166,2.1303,Microsoft Corporation,2.5361,0.374166,Committed,6.778,Request,eastus,East US,microsoft/sub-a1b2c3d4/azure-functions,azure-functions-prod,Function App,Compute,Serverless Compute,Azure Functions,Microsoft Azure,MIC-AzureFunctio,MIC-AzureFun-eastus,sub-a1b2c3d4,assinatura-producao,Subscription,"{""OwnerTeam"": ""plataforma"", ""Environment"": ""prod"", ""ManagedBy"": ""serverless""}"
2.3868,sub-a1b2c3d4,cloudfinops-demo,Billing Account,USD,2026-09-01T00:00:00Z,2026-10-01T00:00:00Z,Usage,,Azure Functions - Serverless Compute,Usage-Based,2026-09-20T00:00:00Z,2026-09-20T23:59:59Z,cd-microsoft-compute,Usage,Used,13.973,Request,2.0049,0.170815,2.0049,Microsoft Corporation,2.3868,0.170815,Committed,13.973,Request,eastus,East US,microsoft/sub-a1b2c3d4/azure-functions,azure-functions-prod,Function App,Compute,Serverless Compute,Azure Functions,Microsoft Azure,MIC-AzureFunctio,MIC-AzureFun-eastus,sub-a1b2c3d4,assinatura-producao,Subscription,"{""OwnerTeam"": ""backend"", ""Environment"": ""prod"", ""ManagedBy"": ""serverless""}"
2.8768,sub-a1b2c3d4,cloudfinops-demo,Billing Account,USD,2026-09-01T00:00:00Z,2026-10-01T00:00:00Z,Usage,,Azure Functions - Serverless Compute,Usage-Based,2026-09-21T00:00:00Z,2026-09-21T23:59:59Z,,,,59.108,Request,2.8768,0.04867,2.8768,Microsoft Corporation,2.8768,0.04867,Standard,59.108,Request,eastus,East US,microsoft/sub-a1b2c3d4/azure-functions,azure-functions-prod,Function App,Compute,Serverless Compute,Azure Functions,Microsoft Azure,MIC-AzureFunctio,MIC-AzureFun-eastus,sub-a1b2c3d4,assinatura-producao,Subscription,"{""OwnerTeam"": ""plataforma"", ""Environment"": ""prod"", ""ManagedBy"": ""serverless""}"
2.9073,sub-a1b2c3d4,cloudfinops-demo,Billing Account,USD,2026-09-01T00:00:00Z,2026-10-01T00:00:00Z,Usage,,Azure Functions - Serverless Compute,Usage-Based,2026-09-22T00:00:00Z,2026-09-22T23:59:59Z,cd-microsoft-compute,Usage,Used,7.698,Request,2.4421,0.37767,2.4421,Microsoft Corporation,2.9073,0.37767,Committed,7.698,Request,eastus,East US,microsoft/sub-a1b2c3d4/azure-functions,azure-functions-prod,Function App,Compute,Serverless Compute,Azure Functions,Microsoft Azure,MIC-AzureFunctio,MIC-AzureFun-eastus,sub-a1b2c3d4,assinatura-producao,Subscription,"{""OwnerTeam"": ""plataforma"", ""Environment"": ""prod"", ""ManagedBy"": ""serverless""}"
2.872,sub-a1b2c3d4,cloudfinops-demo,Billing Account,USD,2026-09-01T00:00:00Z,2026-10-01T00:00:00Z,Usage,,Azure Functions - Serverless Compute,Usage-Based,2026-09-23T00:00:00Z,2026-09-23T23:59:59Z,cd-microsoft-compute,Usage,Used,20.39,Request,2.4125,0.140853,2.4125,Microsoft Corporation,2.872,0.140853,Committed,20.39,Request,eastus,East US,microsoft/sub-a1b2c3d4/azure-functions,azure-functions-prod,Function App,Compute,Serverless Compute,Azure Functions,Microsoft Azure,MIC-AzureFunctio,MIC-AzureFun-eastus,sub-a1b2c3d4,assinatura-producao,Subscription,"{""OwnerTeam"": ""backend"", ""Environment"": ""prod"", ""ManagedBy"": ""terraform""}"
2.8399,sub-a1b2c3d4,cloudfinops-demo,Billing Account,USD,2026-09-01T00:00:00Z,2026-10-01T00:00:00Z,Usage,,Azure Functions - Serverless Compute,Usage-Based,2026-09-24T00:00:00Z,2026-09-24T23:59:59Z,,,,42.134,Request,2.8399,0.067402,2.8399,Microsoft Corporation,2.8399,0.067402,Standard,42.134,Request,eastus,East US,microsoft/sub-a1b2c3d4/azure-functions,azure-functions-prod,Function App,Compute,Serverless Compute,Azure Functions,Microsoft Azure,MIC-AzureFunctio,MIC-AzureFun-eastus,sub-a1b2c3d4,assinatura-producao,Subscription,"{""OwnerTeam"": ""backend"", ""Environment"": ""prod"", ""ManagedBy"": ""serverless""}"
2.9338,sub-a1b2c3d4,cloudfinops-demo,Billing Account,USD,2026-09-01T00:00:00Z,2026-10-01T00:00:00Z,Usage,,Azure Functions - Serverless Compute,Usage-Based,2026-09-25T00:00:00Z,2026-09-25T23:59:59Z,,,,10.416,Request,2.9338,0.281663,2.9338,Microsoft Corporation,2.9338,0.281663,Standard,10.416,Request,eastus,East US,microsoft/sub-a1b2c3d4/azure-functions,azure-functions-prod,Function App,Compute,Serverless Compute,Azure Functions,Microsoft Azure,MIC-AzureFunctio,MIC-AzureFun-eastus,sub-a1b2c3d4,assinatura-producao,Subscription,"{""OwnerTeam"": ""redes"", ""Environment"": ""prod"", ""ManagedBy"": ""cloudformation""}"
2.5162,sub-a1b2c3d4,cloudfinops-demo,Billing Account,USD,2026-09-01T00:00:00Z,2026-10-01T00:00:00Z,Usage,,Azure Functions - Serverless Compute,Usage-Based,2026-09-26T00:00:00Z,2026-09-26T23:59:59Z,,,,9.891,Request,2.5162,0.254393,2.5162,Microsoft Corporation,2.5162,0.254393,Standard,9.891,Request,eastus,East US,microsoft/sub-a1b2c3d4/azure-functions,azure-functions-prod,Function App,Compute,Serverless Compute,Azure Functions,Microsoft Azure,MIC-AzureFunctio,MIC-AzureFun-eastus,sub-a1b2c3d4,assinatura-producao,Subscription,"{""OwnerTeam"": ""redes"", ""Environment"": ""prod"", ""ManagedBy"": ""terraform""}"
2.5163,sub-a1b2c3d4,cloudfinops-demo,Billing Account,USD,2026-09-01T00:00:00Z,2026-10-01T00:00:00Z,Usage,,Azure Functions - Serverless Compute,Usage-Based,2026-09-27T00:00:00Z,2026-09-27T23:59:59Z,,,,6.857,Request,2.5163,0.366968,2.5163,Microsoft Corporation,2.5163,0.366968,Standard,6.857,Request,eastus,East US,microsoft/sub-a1b2c3d4/azure-functions,azure-functions-prod,Function App,Compute,Serverless Compute,Azure Functions,Microsoft Azure,MIC-AzureFunctio,MIC-AzureFun-eastus,sub-a1b2c3d4,assinatura-producao,Subscription,"{""OwnerTeam"": ""dados"", ""Environment"": ""prod"", ""ManagedBy"": ""manual""}"
2.9306,sub-a1b2c3d4,cloudfinops-demo,Billing Account,USD,2026-09-01T00:00:00Z,2026-10-01T00:00:00Z,Usage,,Azure Functions - Serverless Compute,Usage-Based,2026-09-28T00:00:00Z,2026-09-28T23:59:59Z,,,,20.835,Request,2.9306,0.140658,2.9306,Microsoft Corporation,2.9306,0.140658,Standard,20.835,Request,eastus,East US,microsoft/sub-a1b2c3d4/azure-functions,azure-functions-prod,Function App,Compute,Serverless Compute,Azure Functions,Microsoft Azure,MIC-AzureFunctio,MIC-AzureFun-eastus,sub-a1b2c3d4,assinatura-producao,Subscription,"{""OwnerTeam"": ""redes"", ""Environment"": ""prod"", ""ManagedBy"": ""terraform""}"
2.8855,sub-a1b2c3d4,cloudfinops-demo,Billing Account,USD,2026-09-01T00:00:00Z,2026-10-01T00:00:00Z,Usage,,Azure Functions - Serverless Compute,Usage-Based,2026-09-29T00:00:00Z,2026-09-29T23:59:59Z,,,,9.545,Request,2.8855,0.302305,2.8855,Microsoft Corporation,2.8855,0.302305,Standard,9.545,Request,eastus,East US,microsoft/sub-a1b2c3d4/azure-functions,azure-functions-prod,Function App,Compute,Serverless Compute,Azure Functions,Microsoft Azure,MIC-AzureFunctio,MIC-AzureFun-eastus,sub-a1b2c3d4,assinatura-producao,Subscription,"{""OwnerTeam"": ""backend"", ""Environment"": ""prod"", ""ManagedBy"": ""terraform""}"
2.9496,sub-a1b2c3d4,cloudfinops-demo,Billing Account,USD,2026-09-01T00:00:00Z,2026-10-01T00:00:00Z,Usage,,Azure Functions - Serverless Compute,Usage-Based,2026-09-30T00:00:00Z,2026-09-30T23:59:59Z,,,,12.518,Request,2.9496,0.235629,2.9496,Microsoft Corporation,2.9496,0.235629,Standard,12.518,Request,eastus,East US,microsoft/sub-a1b2c3d4/azure-functions,azure-functions-prod,Function App,Compute,Serverless Compute,Azure Functions,Microsoft Azure,MIC-AzureFunctio,MIC-AzureFun-eastus,sub-a1b2c3d4,assinatura-producao,Subscription,"{""OwnerTeam"": ""redes"", ""Environment"": ""prod"", ""ManagedBy"": ""terraform""}"
3.0991,sub-a1b2c3d4,cloudfinops-demo,Billing Account,USD,2026-10-01T00:00:00Z,2026-11-01T00:00:00Z,Usage,,Azure Functions - Serverless Compute,Usage-Based,2026-10-01T00:00:00Z,2026-10-01T23:59:59Z,cd-microsoft-compute,Usage,Used,8.965,Request,2.6032,0.345689,2.6032,Microsoft Corporation,3.0991,0.345689,Committed,8.965,Request,eastus,East US,microsoft/sub-a1b2c3d4/azure-functions,azure-functions-prod,Function App,Compute,Serverless Compute,Azure Functions,Microsoft Azure,MIC-AzureFunctio,MIC-AzureFun-eastus,sub-a1b2c3d4,assinatura-producao,Subscription,"{""OwnerTeam"": ""redes"", ""Environment"": ""prod"", ""ManagedBy"": ""serverless""}"
3.0804,sub-a1b2c3d4,cloudfinops-demo,Billing Account,USD,2026-10-01T00:00:00Z,2026-11-01T00:00:00Z,Usage,,Azure Functions - Serverless Compute,Usage-Based,2026-10-02T00:00:00Z,2026-10-02T23:59:59Z,cd-microsoft-compute,Usage,Used,27.676,Request,2.5875,0.111302,2.5875,Microsoft Corporation,3.0804,0.111302,Committed,27.676,Request,eastus,East US,microsoft/sub-a1b2c3d4/azure-functions,azure-functions-prod,Function App,Compute,Serverless Compute,Azure Functions,Microsoft Azure,MIC-AzureFunctio,MIC-AzureFun-eastus,sub-a1b2c3d4,assinatura-producao,Subscription,"{""OwnerTeam"": ""backend"", ""Environment"": ""prod"", ""ManagedBy"": ""serverless""}"
2.6127,sub-a1b2c3d4,cloudfinops-demo,Billing Account,USD,2026-10-01T00:00:00Z,2026-11-01T00:00:00Z,Usage,,Azure Functions - Serverless Compute,Usage-Based,2026-10-03T00:00:00Z,2026-10-03T23:59:59Z,,,,7.281,Request,2.6127,0.358838,2.6127,Microsoft Corporation,2.6127,0.358838,Standard,7.281,Request,eastus,East US,microsoft/sub-a1b2c3d4/azure-functions,azure-functions-prod,Function App,Compute,Serverless Compute,Azure Functions,Microsoft Azure,MIC-AzureFunctio,MIC-AzureFun-eastus,sub-a1b2c3d4,assinatura-producao,Subscription,"{""OwnerTeam"": ""plataforma"", ""Environment"": ""prod"", ""ManagedBy"": ""manual""}"
0.9066,sub-a1b2c3d4,cloudfinops-demo,Billing Account,USD,2026-08-01T00:00:00Z,2026-09-01T00:00:00Z,Usage,,Azure Functions - Serverless Compute,Usage-Based,2026-08-01T00:00:00Z,2026-08-01T23:59:59Z,cd-microsoft-compute,Usage,Used,3.967,Request,0.7615,0.228535,0.7615,Microsoft Corporation,0.9066,0.228535,Committed,3.967,Request,eastus,East US,microsoft/sub-d4e5f6a7/azure-functions,azure-functions-dev,Function App,Compute,Serverless Compute,Azure Functions,Microsoft Azure,MIC-AzureFunctio,MIC-AzureFun-eastus,sub-d4e5f6a7,assinatura-dev,Subscription,"{""OwnerTeam"": ""redes"", ""Environment"": ""dev"", ""ManagedBy"": ""serverless""}"
0.9035,sub-a1b2c3d4,cloudfinops-demo,Billing Account,USD,2026-08-01T00:00:00Z,2026-09-01T00:00:00Z,Usage,,Azure Functions - Serverless Compute,Usage-Based,2026-08-02T00:00:00Z,2026-08-02T23:59:59Z,,,,3.153,Request,0.9035,0.286552,0.9035,Microsoft Corporation,0.9035,0.286552,Standard,3.153,Request,eastus,East US,microsoft/sub-d4e5f6a7/azure-functions,azure-functions-dev,Function App,Compute,Serverless Compute,Azure Functions,Microsoft Azure,MIC-AzureFunctio,MIC-AzureFun-eastus,sub-d4e5f6a7,assinatura-dev,Subscription,"{""OwnerTeam"": ""redes"", ""Environment"": ""dev"", ""ManagedBy"": ""cloudformation""}"
1.0848,sub-a1b2c3d4,cloudfinops-demo,Billing Account,USD,2026-08-01T00:00:00Z,2026-09-01T00:00:00Z,Usage,,Azure Functions - Serverless Compute,Usage-Based,2026-08-03T00:00:00Z,2026-08-03T23:59:59Z,,,,3.096,Request,1.0848,0.350388,1.0848,Microsoft Corporation,1.0848,0.350388,Standard,3.096,Request,eastus,East US,microsoft/sub-d4e5f6a7/azure-functions,azure-functions-dev,Function App,Compute,Serverless Compute,Azure Functions,Microsoft Azure,MIC-AzureFunctio,MIC-AzureFun-eastus,sub-d4e5f6a7,assinatura-dev,Subscription,"{""OwnerTeam"": ""dados"", ""Environment"": ""dev"", ""ManagedBy"": ""serverless""}"
1.0856,sub-a1b2c3d4,cloudfinops-demo,Billing Account,USD,2026-08-01T00:00:00Z,2026-09-01T00:00:00Z,Usage,,Azure Functions - Serverless Compute,Usage-Based,2026-08-04T00:00:00Z,2026-08-04T23:59:59Z,cd-microsoft-compute,Usage,Used,9.546,Request,0.9119,0.113723,0.9119,Microsoft Corporation,1.0856,0.113723,Committed,9.546,Request,eastus,East US,microsoft/sub-d4e5f6a7/azure-functions,azure-functions-dev,Function App,Compute,Serverless Compute,Azure Functions,Microsoft Azure,MIC-AzureFunctio,MIC-AzureFun-eastus,sub-d4e5f6a7,assinatura-dev,Subscription,"{""OwnerTeam"": ""redes"", ""Environment"": ""dev"", ""ManagedBy"": ""terraform""}"
1.0988,sub-a1b2c3d4,cloudfinops-demo,Billing Account,USD,2026-08-01T00:00:00Z,2026-09-01T00:00:00Z,Usage,,Azure Functions - Serverless Compute,Usage-Based,2026-08-05T00:00:00Z,2026-08-05T23:59:59Z,,,,5.43,Request,1.0988,0.202357,1.0988,Microsoft Corporation,1.0988,0.202357,Standard,5.43,Request,eastus,East US,microsoft/sub-d4e5f6a7/azure-functions,azure-functions-dev,Function App,Compute,Serverless Compute,Azure Functions,Microsoft Azure,MIC-AzureFunctio,MIC-AzureFun-eastus,sub-d4e5f6a7,assinatura-dev,Subscription,"{""OwnerTeam"": ""plataforma"", ""Environment"": ""dev"", ""ManagedBy"": ""terraform""}"
1.0718,sub-a1b2c3d4,cloudfinops-demo,Billing Account,USD,2026-08-01T00:00:00Z,2026-09-01T00:00:00Z,Usage,,Azure Functions - Serverless Compute,Usage-Based,2026-08-06T00:00:00Z,2026-08-06T23:59:59Z,,,,3.083,Request,1.0718,0.347648,1.0718,Microsoft Corporation,1.0718,0.347648,Standard,3.083,Request,eastus,East US,microsoft/sub-d4e5f6a7/azure-functions,azure-functions-dev,Function App,Compute,Serverless Compute,Azure Functions,Microsoft Azure,MIC-AzureFunctio,MIC-AzureFun-eastus,sub-d4e5f6a7,assinatura-dev,Subscription,"{""OwnerTeam"": ""dados"", ""Environment"": ""dev"", ""ManagedBy"": ""terraform""}"
1.0962,sub-a1b2c3d4,cloudfinops-demo,Billing Account,USD,2026-08-01T00:00:00Z,2026-09-01T00:00:00Z,Usage,,Azure Functions - Serverless Compute,Usage-Based,2026-08-07T00:00:00Z,2026-08-07T23:59:59Z,cd-microsoft-compute,Usage,Used,10.494,Request,0.9208,0.10446,0.9208,Microsoft Corporation,1.0962,0.10446,Committed,10.494,Request,eastus,East US,microsoft/sub-d4e5f6a7/azure-functions,azure-functions-dev,Function App,Compute,Serverless Compute,Azure Functions,Microsoft Azure,MIC-AzureFunctio,MIC-AzureFun-eastus,sub-d4e5f6a7,assinatura-dev,Subscription,"{""OwnerTeam"": ""redes"", ""Environment"": ""dev"", ""ManagedBy"": ""serverless""}"
0.8945,sub-a1b2c3d4,cloudfinops-demo,Billing Account,USD,2026-08-01T00:00:00Z,2026-09-01T00:00:00Z,Usage,,Azure Functions - Serverless Compute,Usage-Based,2026-08-08T00:00:00Z,2026-08-08T23:59:59Z,cd-microsoft-compute,Usage,Used,2.203,Request,0.7514,0.406037,0.7514,Microsoft Corporation,0.8945,0.406037,Committed,2.203,Request,eastus,East US,microsoft/sub-d4e5f6a7/azure-functions,azure-functions-dev,Function App,Compute,Serverless Compute,Azure Functions,Microsoft Azure,MIC-AzureFunctio,MIC-AzureFun-eastus,sub-d4e5f6a7,assinatura-dev,Subscription,"{""OwnerTeam"": ""backend"", ""Environment"": ""dev"", ""ManagedBy"": ""cloudformation""}"
0.9167,sub-a1b2c3d4,cloudfinops-demo,Billing Account,USD,2026-08-01T00:00:00Z,2026-09-01T00:00:00Z,Usage,,Azure Functions - Serverless Compute,Usage-Based,2026-08-09T00:00:00Z,2026-08-09T23:59:59Z,,,,2.961,Request,0.9167,0.309591,0.9167,Microsoft Corporation,0.9167,0.309591,Standard,2.961,Request,eastus,East US,microsoft/sub-d4e5f6a7/azure-functions,azure-functions-dev,Function App,Compute,Serverless Compute,Azure Functions,Microsoft Azure,MIC-AzureFunctio,MIC-AzureFun-eastus,sub-d4e5f6a7,assinatura-dev,Subscription,"{""OwnerTeam"": ""plataforma"", ""Environment"": ""dev"", ""ManagedBy"": ""manual""}"
1.0953,sub-a1b2c3d4,cloudfinops-demo,Billing Account,USD,2026-08-01T00:00:00Z,2026-09-01T00:00:00Z,Usage,,Azure Functions - Serverless Compute,Usage-Based,2026-08-10T00:00:00Z,2026-08-10T23:59:59Z,,,,4.109,Request,1.0953,0.266561,1.0953,Microsoft Corporation,1.0953,0.266561,Standard,4.109,Request,eastus,East US,microsoft/sub-d4e5f6a7/azure-functions,azure-functions-dev,Function App,Compute,Serverless Compute,Azure Functions,Microsoft Azure,MIC-AzureFunctio,MIC-AzureFun-eastus,sub-d4e5f6a7,assinatura-dev,Subscription,"{""OwnerTeam"": ""backend"", ""Environment"": ""dev"", ""ManagedBy"": ""cloudformation""}"
1.1056,sub-a1b2c3d4,cloudfinops-demo,Billing Account,USD,2026-08-01T00:00:00Z,2026-09-01T00:00:00Z,Usage,,Azure Functions - Serverless Compute,Usage-Based,2026-08-11T00:00:00Z,2026-08-11T23:59:59Z,,,,6.75,Request,1.1056,0.163793,1.1056,Microsoft Corporation,1.1056,0.163793,Standard,6.75,Request,eastus,East US,microsoft/sub-d4e5f6a7/azure-functions,azure-functions-dev,Function App,Compute,Serverless Compute,Azure Functions,Microsoft Azure,MIC-AzureFunctio,MIC-AzureFun-eastus,sub-d4e5f6a7,assinatura-dev,Subscription,"{""OwnerTeam"": ""dados"", ""Environment"": ""dev"", ""ManagedBy"": ""cloudformation""}"
1.0713,sub-a1b2c3d4,cloudfinops-demo,Billing Account,USD,2026-08-01T00:00:00Z,2026-09-01T00:00:00Z,Usage,,Azure Functions - Serverless Compute,Usage-Based,2026-08-12T00:00:00Z,2026-08-12T23:59:59Z,,,,2.896,Request,1.0713,0.369924,1.0713,Microsoft Corporation,1.0713,0.369924,Standard,2.896,Request,eastus,East US,microsoft/sub-d4e5f6a7/azure-functions,azure-functions-dev,Function App,Compute,Serverless Compute,Azure Functions,Microsoft Azure,MIC-AzureFunctio,MIC-AzureFun-eastus,sub-d4e5f6a7,assinatura-dev,Subscription,"{""OwnerTeam"": ""plataforma"", ""Environment"": ""dev"", ""ManagedBy"": ""cloudformation""}"
1.0812,sub-a1b2c3d4,cloudfinops-demo,Billing Account,USD,2026-08-01T00:00:00Z,2026-09-01T00:00:00Z,Usage,,Azure Functions - Serverless Compute,Usage-Based,2026-08-13T00:00:00Z,2026-08-13T23:59:59Z,cd-microsoft-compute,Usage,Used,9.428,Request,0.9082,0.11468,0.9082,Microsoft Corporation,1.0812,0.11468,Committed,9.428,Request,eastus,East US,microsoft/sub-d4e5f6a7/azure-functions,azure-functions-dev,Function App,Compute,Serverless Compute,Azure Functions,Microsoft Azure,MIC-AzureFunctio,MIC-AzureFun-eastus,sub-d4e5f6a7,assinatura-dev,Subscription,"{""OwnerTeam"": ""dados"", ""Environment"": ""dev"", ""ManagedBy"": ""terraform""}"
1.0498,sub-a1b2c3d4,cloudfinops-demo,Billing Account,USD,2026-08-01T00:00:00Z,2026-09-01T00:00:00Z,Usage,,Azure Functions - Serverless Compute,Usage-Based,2026-08-14T00:00:00Z,2026-08-14T23:59:59Z,cd-microsoft-compute,Usage,Used,7.221,Request,0.8818,0.145382,0.8818,Microsoft Corporation,1.0498,0.145382,Committed,7.221,Request,eastus,East US,microsoft/sub-d4e5f6a7/azure-functions,azure-functions-dev,Function App,Compute,Serverless Compute,Azure Functions,Microsoft Azure,MIC-AzureFunctio,MIC-AzureFun-eastus,sub-d4e5f6a7,assinatura-dev,Subscription,"{""OwnerTeam"": ""plataforma"", ""Environment"": ""dev"", ""ManagedBy"": ""serverless""}"
0.8844,sub-a1b2c3d4,cloudfinops-demo,Billing Account,USD,2026-08-01T00:00:00Z,2026-09-01T00:00:00Z,Usage,,Azure Functions - Serverless Compute,Usage-Based,2026-08-15T00:00:00Z,2026-08-15T23:59:59Z,,,,36.639,Request,0.8844,0.024138,0.8844,Microsoft Corporation,0.8844,0.024138,Standard,36.639,Request,eastus,East US,microsoft/sub-d4e5f6a7/azure-functions,azure-functions-dev,Function App,Compute,Serverless Compute,Azure Functions,Microsoft Azure,MIC-AzureFunctio,MIC-AzureFun-eastus,sub-d4e5f6a7,assinatura-dev,Subscription,"{""OwnerTeam"": ""plataforma"", ""Environment"": ""dev"", ""ManagedBy"": ""manual""}"
0.9127,sub-a1b2c3d4,cloudfinops-demo,Billing Account,USD,2026-08-01T00:00:00Z,2026-09-01T00:00:00Z,Usage,,Azure Functions - Serverless Compute,Usage-Based,2026-08-16T00:00:00Z,2026-08-16T23:59:59Z,cd-microsoft-compute,Usage,Used,5.554,Request,0.7667,0.164332,0.7667,Microsoft Corporation,0.9127,0.164332,Committed,5.554,Request,eastus,East US,microsoft/sub-d4e5f6a7/azure-functions,azure-functions-dev,Function App,Compute,Serverless Compute,Azure Functions,Microsoft Azure,MIC-AzureFunctio,MIC-AzureFun-eastus,sub-d4e5f6a7,assinatura-dev,Subscription,"{""OwnerTeam"": ""dados"", ""Environment"": ""dev"", ""ManagedBy"": ""manual""}"
1.0875,sub-a1b2c3d4,cloudfinops-demo,Billing Account,USD,2026-08-01T00:00:00Z,2026-09-01T00:00:00Z,Usage,,Azure Functions - Serverless Compute,Usage-Based,2026-08-17T00:00:00Z,2026-08-17T23:59:59Z,,,,40.812,Request,1.0875,0.026647,1.0875,Microsoft Corporation,1.0875,0.026647,Standard,40.812,Request,eastus,East US,microsoft/sub-d4e5f6a7/azure-functions,azure-functions-dev,Function App,Compute,Serverless Compute,Azure Functions,Microsoft Azure,MIC-AzureFunctio,MIC-AzureFun-eastus,sub-d4e5f6a7,assinatura-dev,Subscription,"{""OwnerTeam"": ""backend"", ""Environment"": ""dev"", ""ManagedBy"": ""terraform""}"
1.0837,sub-a1b2c3d4,cloudfinops-demo,Billing Account,USD,2026-08-01T00:00:00Z,2026-09-01T00:00:00Z,Usage,,Azure Functions - Serverless Compute,Usage-Based,2026-08-18T00:00:00Z,2026-08-18T23:59:59Z,,,,2.413,Request,1.0837,0.449109,1.0837,Microsoft Corporation,1.0837,0.449109,Standard,2.413,Request,eastus,East US,microsoft/sub-d4e5f6a7/azure-functions,azure-functions-dev,Function App,Compute,Serverless Compute,Azure Functions,Microsoft Azure,MIC-AzureFunctio,MIC-AzureFun-eastus,sub-d4e5f6a7,assinatura-dev,Subscription,"{""OwnerTeam"": ""plataforma"", ""Environment"": ""dev"", ""ManagedBy"": ""terraform""}"
1.0649,sub-a1b2c3d4,cloudfinops-demo,Billing Account,USD,2026-08-01T00:00:00Z,2026-09-01T00:00:00Z,Usage,,Azure Functions - Serverless Compute,Usage-Based,2026-08-19T00:00:00Z,2026-08-19T23:59:59Z,cd-microsoft-compute,Usage,Used,8.031,Request,0.8945,0.132599,0.8945,Microsoft Corporation,1.0649,0.132599,Committed,8.031,Request,eastus,East US,microsoft/sub-d4e5f6a7/azure-functions,azure-functions-dev,Function App,Compute,Serverless Compute,Azure Functions,Microsoft Azure,MIC-AzureFunctio,MIC-AzureFun-eastus,sub-d4e5f6a7,assinatura-dev,Subscription,"{""OwnerTeam"": ""plataforma"", ""Environment"": ""dev"", ""ManagedBy"": ""manual""}"
1.0561,sub-a1b2c3d4,cloudfinops-demo,Billing Account,USD,2026-08-01T00:00:00Z,2026-09-01T00:00:00Z,Usage,,Azure Functions - Serverless Compute,Usage-Based,2026-08-20T00:00:00Z,2026-08-20T23:59:59Z,cd-microsoft-compute,Usage,Used,9.663,Request,0.8871,0.109293,0.8871,Microsoft Corporation,1.0561,0.109293,Committed,9.663,Request,eastus,East US,microsoft/sub-d4e5f6a7/azure-functions,azure-functions-dev,Function App,Compute,Serverless Compute,Azure Functions,Microsoft Azure,MIC-AzureFunctio,MIC-AzureFun-eastus,sub-d4e5f6a7,assinatura-dev,Subscription,"{""OwnerTeam"": ""plataforma"", ""Environment"": ""dev"", ""ManagedBy"": ""manual""}"
1.0783,sub-a1b2c3d4,cloudfinops-demo,Billing Account,USD,2026-08-01T00:00:00Z,2026-09-01T00:00:00Z,Usage,,Azure Functions - Serverless Compute,Usage-Based,2026-08-21T00:00:00Z,2026-08-21T23:59:59Z,,,,49.923,Request,1.0783,0.021599,1.0783,Microsoft Corporation,1.0783,0.021599,Standard,49.923,Request,eastus,East US,microsoft/sub-d4e5f6a7/azure-functions,azure-functions-dev,Function App,Compute,Serverless Compute,Azure Functions,Microsoft Azure,MIC-AzureFunctio,MIC-AzureFun-eastus,sub-d4e5f6a7,assinatura-dev,Subscription,"{""OwnerTeam"": ""plataforma"", ""Environment"": ""dev"", ""ManagedBy"": ""terraform""}"
0.927,sub-a1b2c3d4,cloudfinops-demo,Billing Account,USD,2026-08-01T00:00:00Z,2026-09-01T00:00:00Z,Usage,,Azure Functions - Serverless Compute,Usage-Based,2026-08-22T00:00:00Z,2026-08-22T23:59:59Z,cd-microsoft-compute,Usage,Used,2.38,Request,0.7787,0.389496,0.7787,Microsoft Corporation,0.927,0.389496,Committed,2.38,Request,eastus,East US,microsoft/sub-d4e5f6a7/azure-functions,azure-functions-dev,Function App,Compute,Serverless Compute,Azure Functions,Microsoft Azure,MIC-AzureFunctio,MIC-AzureFun-eastus,sub-d4e5f6a7,assinatura-dev,Subscription,"{""OwnerTeam"": ""dados"", ""Environment"": ""dev"", ""ManagedBy"": ""cloudformation""}"
0.9299,sub-a1b2c3d4,cloudfinops-demo,Billing Account,USD,2026-08-01T00:00:00Z,2026-09-01T00:00:00Z,Usage,,Azure Functions - Serverless Compute,Usage-Based,2026-08-23T00:00:00Z,2026-08-23T23:59:59Z,cd-microsoft-compute,Usage,Used,2.85,Request,0.7811,0.326281,0.7811,Microsoft Corporation,0.9299,0.326281,Committed,2.85,Request,eastus,East US,microsoft/sub-d4e5f6a7/azure-functions,azure-functions-dev,Function App,Compute,Serverless Compute,Azure Functions,Microsoft Azure,MIC-AzureFunctio,MIC-AzureFun-eastus,sub-d4e5f6a7,assinatura-dev,Subscription,"{""OwnerTeam"": ""dados"", ""Environment"": ""dev"", ""ManagedBy"": ""terraform""}"
1.1084,sub-a1b2c3d4,cloudfinops-demo,Billing Account,USD,2026-08-01T00:00:00Z,2026-09-01T00:00:00Z,Usage,,Azure Functions - Serverless Compute,Usage-Based,2026-08-24T00:00:00Z,2026-08-24T23:59:59Z,,,,16.932,Request,1.1084,0.065462,1.1084,Microsoft Corporation,1.1084,0.065462,Standard,16.932,Request,eastus,East US,microsoft/sub-d4e5f6a7/azure-functions,azure-functions-dev,Function App,Compute,Serverless Compute,Azure Functions,Microsoft Azure,MIC-AzureFunctio,MIC-AzureFun-eastus,sub-d4e5f6a7,assinatura-dev,Subscription,"{""OwnerTeam"": ""backend"", ""Environment"": ""dev"", ""ManagedBy"": ""terraform""}"
1.0532,sub-a1b2c3d4,cloudfinops-demo,Billing Account,USD,2026-08-01T00:00:00Z,2026-09-01T00:00:00Z,Usage,,Azure Functions - Serverless Compute,Usage-Based,2026-08-25T00:00:00Z,2026-08-25T23:59:59Z,,,,2.993,Request,1.0532,0.351888,1.0532,Microsoft Corporation,1.0532,0.351888,Standard,2.993,Request,eastus,East US,microsoft/sub-d4e5f6a7/azure-functions,azure-functions-dev,Function App,Compute,Serverless Compute,Azure Functions,Microsoft Azure,MIC-AzureFunctio,MIC-AzureFun-eastus,sub-d4e5f6a7,assinatura-dev,Subscription,"{""OwnerTeam"": ""dados"", ""Environment"": ""dev"", ""ManagedBy"": ""serverless""}"
1.1058,sub-a1b2c3d4,cloudfinops-demo,Billing Account,USD,2026-08-01T00:00:00Z,2026-09-01T00:00:00Z,Usage,,Azure Functions - Serverless Compute,Usage-Based,2026-08-26T00:00:00Z,2026-08-26T23:59:59Z,,,,7.806,Request,1.1058,0.14166,1.1058,Microsoft Corporation,1.1058,0.14166,Standard,7.806,Request,eastus,East US,microsoft/sub-d4e5f6a7/azure-functions,azure-functions-dev,Function App,Compute,Serverless Compute,Azure Functions,Microsoft Azure,MIC-AzureFunctio,MIC-AzureFun-eastus,sub-d4e5f6a7,assinatura-dev,Subscription,"{""OwnerTeam"": ""plataforma"", ""Environment"": ""dev"", ""ManagedBy"": ""cloudformation""}"
1.0595,sub-a1b2c3d4,cloudfinops-demo,Billing Account,USD,2026-08-01T00:00:00Z,2026-09-01T00:00:00Z,Usage,,Azure Functions - Serverless Compute,Usage-Based,2026-08-27T00:00:00Z,2026-08-27T23:59:59Z,,,,4.234,Request,1.0595,0.250236,1.0595,Microsoft Corporation,1.0595,0.250236,Standard,4.234,Request,eastus,East US,microsoft/sub-d4e5f6a7/azure-functions,azure-functions-dev,Function App,Compute,Serverless Compute,Azure Functions,Microsoft Azure,MIC-AzureFunctio,MIC-AzureFun-eastus,sub-d4e5f6a7,assinatura-dev,Subscription,"{""OwnerTeam"": ""redes"", ""Environment"": ""dev"", ""ManagedBy"": ""serverless""}"
1.0904,sub-a1b2c3d4,cloudfinops-demo,Billing Account,USD,2026-08-01T00:00:00Z,2026-09-01T00:00:00Z,Usage,,Azure Functions - Serverless Compute,Usage-Based,2026-08-28T00:00:00Z,2026-08-28T23:59:59Z,,,,2.456,Request,1.0904,0.443974,1.0904,Microsoft Corporation,1.0904,0.443974,Standard,2.456,Request,eastus,East US,microsoft/sub-d4e5f6a7/azure-functions,azure-functions-dev,Function App,Compute,Serverless Compute,Azure Functions,Microsoft Azure,MIC-AzureFunctio,MIC-AzureFun-eastus,sub-d4e5f6a7,assinatura-dev,Subscription,"{""OwnerTeam"": ""plataforma"", ""Environment"": ""dev"", ""ManagedBy"": ""terraform""}"
0.9126,sub-a1b2c3d4,cloudfinops-demo,Billing Account,USD,2026-08-01T00:00:00Z,2026-09-01T00:00:00Z,Usage,,Azure Functions - Serverless Compute,Usage-Based,2026-08-29T00:00:00Z,2026-08-29T23:59:59Z,,,,4.49,Request,0.9126,0.203252,0.9126,Microsoft Corporation,0.9126,0.203252,Standard,4.49,Request,eastus,East US,microsoft/sub-d4e5f6a7/azure-functions,azure-functions-dev,Function App,Compute,Serverless Compute,Azure Functions,Microsoft Azure,MIC-AzureFunctio,MIC-AzureFun-eastus,sub-d4e5f6a7,assinatura-dev,Subscription,"{""OwnerTeam"": ""plataforma"", ""Environment"": ""dev"", ""ManagedBy"": ""cloudformation""}"
0.8811,sub-a1b2c3d4,cloudfinops-demo,Billing Account,USD,2026-08-01T00:00:00Z,2026-09-01T00:00:00Z,Usage,,Azure Functions - Serverless Compute,Usage-Based,2026-08-30T00:00:00Z,2026-08-30T23:59:59Z,,,,4.339,Request,0.8811,0.203065,0.8811,Microsoft Corporation,0.8811,0.203065,Standard,4.339,Request,eastus,East US,microsoft/sub-d4e5f6a7/azure-functions,azure-functions-dev,Function App,Compute,Serverless Compute,Azure Functions,Microsoft Azure,MIC-AzureFunctio,MIC-AzureFun-eastus,sub-d4e5f6a7,assinatura-dev,Subscription,"{""OwnerTeam"": ""dados"", ""Environment"": ""dev"", ""ManagedBy"": ""manual""}"
1.0732,sub-a1b2c3d4,cloudfinops-demo,Billing Account,USD,2026-08-01T00:00:00Z,2026-09-01T00:00:00Z,Usage,,Azure Functions - Serverless Compute,Usage-Based,2026-08-31T00:00:00Z,2026-08-31T23:59:59Z,,,,6.503,Request,1.0732,0.165032,1.0732,Microsoft Corporation,1.0732,0.165032,Standard,6.503,Request,eastus,East US,microsoft/sub-d4e5f6a7/azure-functions,azure-functions-dev,Function App,Compute,Serverless Compute,Azure Functions,Microsoft Azure,MIC-AzureFunctio,MIC-AzureFun-eastus,sub-d4e5f6a7,assinatura-dev,Subscription,"{""OwnerTeam"": ""dados"", ""Environment"": ""dev"", ""ManagedBy"": ""cloudformation""}"
1.1063,sub-a1b2c3d4,cloudfinops-demo,Billing Account,USD,2026-09-01T00:00:00Z,2026-10-01T00:00:00Z,Usage,,Azure Functions - Serverless Compute,Usage-Based,2026-09-01T00:00:00Z,2026-09-01T23:59:59Z,,,,3.194,Request,1.1063,0.346368,1.1063,Microsoft Corporation,1.1063,0.346368,Standard,3.194,Request,eastus,East US,microsoft/sub-d4e5f6a7/azure-functions,azure-functions-dev,Function App,Compute,Serverless Compute,Azure Functions,Microsoft Azure,MIC-AzureFunctio,MIC-AzureFun-eastus,sub-d4e5f6a7,assinatura-dev,Subscription,"{""OwnerTeam"": ""backend"", ""Environment"": ""dev"", ""ManagedBy"": ""terraform""}"
1.1243,sub-a1b2c3d4,cloudfinops-demo,Billing Account,USD,2026-09-01T00:00:00Z,2026-10-01T00:00:00Z,Usage,,Azure Functions - Serverless Compute,Usage-Based,2026-09-02T00:00:00Z,2026-09-02T23:59:59Z,cd-microsoft-compute,Usage,Used,4.522,Request,0.9444,0.248629,0.9444,Microsoft Corporation,1.1243,0.248629,Committed,4.522,Request,eastus,East US,microsoft/sub-d4e5f6a7/azure-functions,azure-functions-dev,Function App,Compute,Serverless Compute,Azure Functions,Microsoft Azure,MIC-AzureFunctio,MIC-AzureFun-eastus,sub-d4e5f6a7,assinatura-dev,Subscription,"{""OwnerTeam"": ""redes"", ""Environment"": ""dev"", ""ManagedBy"": ""cloudformation""}"
1.1718,sub-a1b2c3d4,cloudfinops-demo,Billing Account,USD,2026-09-01T00:00:00Z,2026-10-01T00:00:00Z,Usage,,Azure Functions - Serverless Compute,Usage-Based,2026-09-03T00:00:00Z,2026-09-03T23:59:59Z,,,,8.755,Request,1.1718,0.133844,1.1718,Microsoft Corporation,1.1718,0.133844,Standard,8.755,Request,eastus,East US,microsoft/sub-d4e5f6a7/azure-functions,azure-functions-dev,Function App,Compute,Serverless Compute,Azure Functions,Microsoft Azure,MIC-AzureFunctio,MIC-AzureFun-eastus,sub-d4e5f6a7,assinatura-dev,Subscription,"{""OwnerTeam"": ""backend"", ""Environment"": ""dev"", ""ManagedBy"": ""terraform""}"
1.1551,sub-a1b2c3d4,cloudfinops-demo,Billing Account,USD,2026-09-01T00:00:00Z,2026-10-01T00:00:00Z,Usage,,Azure Functions - Serverless Compute,Usage-Based,2026-09-04T00:00:00Z,2026-09-04T23:59:59Z,,,,5.009,Request,1.1551,0.230605,1.1551,Microsoft Corporation,1.1551,0.230605,Standard,5.009,Request,eastus,East US,microsoft/sub-d4e5f6a7/azure-functions,azure-functions-dev,Function App,Compute,Serverless Compute,Azure Functions,Microsoft Azure,MIC-AzureFunctio,MIC-AzureFun-eastus,sub-d4e5f6a7,assinatura-dev,Subscription,"{""OwnerTeam"": ""dados"", ""Environment"": ""dev"", ""ManagedBy"": ""terraform""}"
0.9339,sub-a1b2c3d4,cloudfinops-demo,Billing Account,USD,2026-09-01T00:00:00Z,2026-10-01T00:00:00Z,Usage,,Azure Functions - Serverless Compute,Usage-Based,2026-09-05T00:00:00Z,2026-09-05T23:59:59Z,,,,12.894,Request,0.9339,0.072429,0.9339,Microsoft Corporation,0.9339,0.072429,Standard,12.894,Request,eastus,East US,microsoft/sub-d4e5f6a7/azure-functions,azure-functions-dev,Function App,Compute,Serverless Compute,Azure Functions,Microsoft Azure,MIC-AzureFunctio,MIC-AzureFun-eastus,sub-d4e5f6a7,assinatura-dev,Subscription,"{""OwnerTeam"": ""plataforma"", ""Environment"": ""dev"", ""ManagedBy"": ""terraform""}"
0.9428,sub-a1b2c3d4,cloudfinops-demo,Billing Account,USD,2026-09-01T00:00:00Z,2026-10-01T00:00:00Z,Usage,,Azure Functions - Serverless Compute,Usage-Based,2026-09-06T00:00:00Z,2026-09-06T23:59:59Z,,,,2.583,Request,0.9428,0.365002,0.9428,Microsoft Corporation,0.9428,0.365002,Standard,2.583,Request,eastus,East US,microsoft/sub-d4e5f6a7/azure-functions,azure-functions-dev,Function App,Compute,Serverless Compute,Azure Functions,Microsoft Azure,MIC-AzureFunctio,MIC-AzureFun-eastus,sub-d4e5f6a7,assinatura-dev,Subscription,"{""OwnerTeam"": ""plataforma"", ""Environment"": ""dev"", ""ManagedBy"": ""manual""}"
1.1491,sub-a1b2c3d4,cloudfinops-demo,Billing Account,USD,2026-09-01T00:00:00Z,2026-10-01T00:00:00Z,Usage,,Azure Functions - Serverless Compute,Usage-Based,2026-09-07T00:00:00Z,2026-09-07T23:59:59Z,,,,2.593,Request,1.1491,0.443155,1.1491,Microsoft Corporation,1.1491,0.443155,Standard,2.593,Request,eastus,East US,microsoft/sub-d4e5f6a7/azure-functions,azure-functions-dev,Function App,Compute,Serverless Compute,Azure Functions,Microsoft Azure,MIC-AzureFunctio,MIC-AzureFun-eastus,sub-d4e5f6a7,assinatura-dev,Subscription,"{""OwnerTeam"": ""dados"", ""Environment"": ""dev"", ""ManagedBy"": ""cloudformation""}"
1.1469,sub-a1b2c3d4,cloudfinops-demo,Billing Account,USD,2026-09-01T00:00:00Z,2026-10-01T00:00:00Z,Usage,,Azure Functions - Serverless Compute,Usage-Based,2026-09-08T00:00:00Z,2026-09-08T23:59:59Z,cd-microsoft-compute,Usage,Used,8.891,Request,0.9634,0.128996,0.9634,Microsoft Corporation,1.1469,0.128996,Committed,8.891,Request,eastus,East US,microsoft/sub-d4e5f6a7/azure-functions,azure-functions-dev,Function App,Compute,Serverless Compute,Azure Functions,Microsoft Azure,MIC-AzureFunctio,MIC-AzureFun-eastus,sub-d4e5f6a7,assinatura-dev,Subscription,"{""OwnerTeam"": ""dados"", ""Environment"": ""dev"", ""ManagedBy"": ""cloudformation""}"
1.1085,sub-a1b2c3d4,cloudfinops-demo,Billing Account,USD,2026-09-01T00:00:00Z,2026-10-01T00:00:00Z,Usage,,Azure Functions - Serverless Compute,Usage-Based,2026-09-09T00:00:00Z,2026-09-09T23:59:59Z,,,,4.426,Request,1.1085,0.250452,1.1085,Microsoft Corporation,1.1085,0.250452,Standard,4.426,Request,eastus,East US,microsoft/sub-d4e5f6a7/azure-functions,azure-functions-dev,Function App,Compute,Serverless Compute,Azure Functions,Microsoft Azure,MIC-AzureFunctio,MIC-AzureFun-eastus,sub-d4e5f6a7,assinatura-dev,Subscription,"{""OwnerTeam"": ""redes"", ""Environment"": ""dev"", ""ManagedBy"": ""cloudformation""}"
1.1358,sub-a1b2c3d4,cloudfinops-demo,Billing Account,USD,2026-09-01T00:00:00Z,2026-10-01T00:00:00Z,Usage,,Azure Functions - Serverless Compute,Usage-Based,2026-09-10T00:00:00Z,2026-09-10T23:59:59Z,,,,3.071,Request,1.1358,0.369847,1.1358,Microsoft Corporation,1.1358,0.369847,Standard,3.071,Request,eastus,East US,microsoft/sub-d4e5f6a7/azure-functions,azure-functions-dev,Function App,Compute,Serverless Compute,Azure Functions,Microsoft Azure,MIC-AzureFunctio,MIC-AzureFun-eastus,sub-d4e5f6a7,assinatura-dev,Subscription,"{""OwnerTeam"": ""plataforma"", ""Environment"": ""dev"", ""ManagedBy"": ""serverless""}"
1.1306,sub-a1b2c3d4,cloudfinops-demo,Billing Account,USD,2026-09-01T00:00:00Z,2026-10-01T00:00:00Z,Usage,,Azure Functions - Serverless Compute,Usage-Based,2026-09-11T00:00:00Z,2026-09-11T23:59:59Z,cd-microsoft-compute,Usage,Used,7.142,Request,0.9497,0.158303,0.9497,Microsoft Corporation,1.1306,0.158303,Committed,7.142,Request,eastus,East US,microsoft/sub-d4e5f6a7/azure-functions,azure-functions-dev,Function App,Compute,Serverless Compute,Azure Functions,Microsoft Azure,MIC-AzureFunctio,MIC-AzureFun-eastus,sub-d4e5f6a7,assinatura-dev,Subscription,"{""OwnerTeam"": ""backend"", ""Environment"": ""dev"", ""ManagedBy"": ""cloudformation""}"
0.9423,sub-a1b2c3d4,cloudfinops-demo,Billing Account,USD,2026-09-01T00:00:00Z,2026-10-01T00:00:00Z,Usage,,Azure Functions - Serverless Compute,Usage-Based,2026-09-12T00:00:00Z,2026-09-12T23:59:59Z,,,,2.674,Request,0.9423,0.352393,0.9423,Microsoft Corporation,0.9423,0.352393,Standard,2.674,Request,eastus,East US,microsoft/sub-d4e5f6a7/azure-functions,azure-functions-dev,Function App,Compute,Serverless Compute,Azure Functions,Microsoft Azure,MIC-AzureFunctio,MIC-AzureFun-eastus,sub-d4e5f6a7,assinatura-dev,Subscription,"{""OwnerTeam"": ""plataforma"", ""Environment"": ""dev"", ""ManagedBy"": ""serverless""}"
0.9749,sub-a1b2c3d4,cloudfinops-demo,Billing Account,USD,2026-09-01T00:00:00Z,2026-10-01T00:00:00Z,Usage,,Azure Functions - Serverless Compute,Usage-Based,2026-09-13T00:00:00Z,2026-09-13T23:59:59Z,cd-microsoft-compute,Usage,Used,6.22,Request,0.8189,0.156736,0.8189,Microsoft Corporation,0.9749,0.156736,Committed,6.22,Request,eastus,East US,microsoft/sub-d4e5f6a7/azure-functions,azure-functions-dev,Function App,Compute,Serverless Compute,Azure Functions,Microsoft Azure,MIC-AzureFunctio,MIC-AzureFun-eastus,sub-d4e5f6a7,assinatura-dev,Subscription,"{""OwnerTeam"": ""redes"", ""Environment"": ""dev"", ""ManagedBy"": ""cloudformation""}"
1.098,sub-a1b2c3d4,cloudfinops-demo,Billing Account,USD,2026-09-01T00:00:00Z,2026-10-01T00:00:00Z,Usage,,Azure Functions - Serverless Compute,Usage-Based,2026-09-14T00:00:00Z,2026-09-14T23:59:59Z,cd-microsoft-compute,Usage,Used,15.5,Request,0.9223,0.070839,0.9223,Microsoft Corporation,1.098,0.070839,Committed,15.5,Request,eastus,East US,microsoft/sub-d4e5f6a7/azure-functions,azure-functions-dev,Function App,Compute,Serverless Compute,Azure Functions,Microsoft Azure,MIC-AzureFunctio,MIC-AzureFun-eastus,sub-d4e5f6a7,assinatura-dev,Subscription,"{""OwnerTeam"": ""redes"", ""Environment"": ""dev"", ""ManagedBy"": ""manual""}"
1.1176,sub-a1b2c3d4,cloudfinops-demo,Billing Account,USD,2026-09-01T00:00:00Z,2026-10-01T00:00:00Z,Usage,,Azure Functions - Serverless Compute,Usage-Based,2026-09-15T00:00:00Z,2026-09-15T23:59:59Z,cd-microsoft-compute,Usage,Used,11.818,Request,0.9388,0.094568,0.9388,Microsoft Corporation,1.1176,0.094568,Committed,11.818,Request,eastus,East US,microsoft/sub-d4e5f6a7/azure-functions,azure-functions-dev,Function App,Compute,Serverless Compute,Azure Functions,Microsoft Azure,MIC-AzureFunctio,MIC-AzureFun-eastus,sub-d4e5f6a7,assinatura-dev,Subscription,"{""OwnerTeam"": ""dados"", ""Environment"": ""dev"", ""ManagedBy"": ""terraform""}"
1.1576,sub-a1b2c3d4,cloudfinops-demo,Billing Account,USD,2026-09-01T00:00:00Z,2026-10-01T00:00:00Z,Usage,,Azure Functions - Serverless Compute,Usage-Based,2026-09-16T00:00:00Z,2026-09-16T23:59:59Z,cd-microsoft-compute,Usage,Used,3.826,Request,0.9724,0.302561,0.9724,Microsoft Corporation,1.1576,0.302561,Committed,3.826,Request,eastus,East US,microsoft/sub-d4e5f6a7/azure-functions,azure-functions-dev,Function App,Compute,Serverless Compute,Azure Functions,Microsoft Azure,MIC-AzureFunctio,MIC-AzureFun-eastus,sub-d4e5f6a7,assinatura-dev,Subscription,"{""OwnerTeam"": ""plataforma"", ""Environment"": ""dev"", ""ManagedBy"": ""serverless""}"
1.124,sub-a1b2c3d4,cloudfinops-demo,Billing Account,USD,2026-09-01T00:00:00Z,2026-10-01T00:00:00Z,Usage,,Azure Functions - Serverless Compute,Usage-Based,2026-09-17T00:00:00Z,2026-09-17T23:59:59Z,,,,8.665,Request,1.124,0.129717,1.124,Microsoft Corporation,1.124,0.129717,Standard,8.665,Request,eastus,East US,microsoft/sub-d4e5f6a7/azure-functions,azure-functions-dev,Function App,Compute,Serverless Compute,Azure Functions,Microsoft Azure,MIC-AzureFunctio,MIC-AzureFun-eastus,sub-d4e5f6a7,assinatura-dev,Subscription,"{""OwnerTeam"": ""backend"", ""Environment"": ""dev"", ""ManagedBy"": ""terraform""}"
1.1547,sub-a1b2c3d4,cloudfinops-demo,Billing Account,USD,2026-09-01T00:00:00Z,2026-10-01T00:00:00Z,Usage,,Azure Functions - Serverless Compute,Usage-Based,2026-09-18T00:00:00Z,2026-09-18T23:59:59Z,cd-microsoft-compute,Usage,Used,3.321,Request,0.9699,0.347696,0.9699,Microsoft Corporation,1.1547,0.347696,Committed,3.321,Request,eastus,East US,microsoft/sub-d4e5f6a7/azure-functions,azure-functions-dev,Function App,Compute,Serverless Compute,Azure Functions,Microsoft Azure,MIC-AzureFunctio,MIC-AzureFun-eastus,sub-d4e5f6a7,assinatura-dev,Subscription,"{""OwnerTeam"": ""redes"", ""Environment"": ""dev"", ""ManagedBy"": ""serverless""}"
0.933,sub-a1b2c3d4,cloudfinops-demo,Billing Account,USD,2026-09-01T00:00:00Z,2026-10-01T00:00:00Z,Usage,,Azure Functions - Serverless Compute,Usage-Based,2026-09-19T00:00:00Z,2026-09-19T23:59:59Z,,,,2.37,Request,0.933,0.393671,0.933,Microsoft Corporation,0.933,0.393671,Standard,2.37,Request,eastus,East US,microsoft/sub-d4e5f6a7/azure-functions,azure-functions-dev,Function App,Compute,Serverless Compute,Azure Functions,Microsoft Azure,MIC-AzureFunctio,MIC-AzureFun-eastus,sub-d4e5f6a7,assinatura-dev,Subscription,"{""OwnerTeam"": ""plataforma"", ""Environment"": ""dev"", ""ManagedBy"": ""manual""}"
0.9489,sub-a1b2c3d4,cloudfinops-demo,Billing Account,USD,2026-09-01T00:00:00Z,2026-10-01T00:00:00Z,Usage,,Azure Functions - Serverless Compute,Usage-Based,2026-09-20T00:00:00Z,2026-09-20T23:59:59Z,cd-microsoft-compute,Usage,Used,2.231,Request,0.7971,0.425325,0.7971,Microsoft Corporation,0.9489,0.425325,Committed,2.231,Request,eastus,East US,microsoft/sub-d4e5f6a7/azure-functions,azure-functions-dev,Function App,Compute,Serverless Compute,Azure Functions,Microsoft Azure,MIC-AzureFunctio,MIC-AzureFun-eastus,sub-d4e5f6a7,assinatura-dev,Subscription,"{""OwnerTeam"": ""plataforma"", ""Environment"": ""dev"", ""ManagedBy"": ""terraform""}"
1.0965,sub-a1b2c3d4,cloudfinops-demo,Billing Account,USD,2026-09-01T00:00:00Z,2026-10-01T00:00:00Z,Usage,,Azure Functions - Serverless Compute,Usage-Based,2026-09-21T00:00:00Z,2026-09-21T23:59:59Z,cd-microsoft-compute,Usage,Used,45.915,Request,0.9211,0.023881,0.9211,Microsoft Corporation,1.0965,0.023881,Committed,45.915,Request,eastus,East US,microsoft/sub-d4e5f6a7/azure-functions,azure-functions-dev,Function App,Compute,Serverless Compute,Azure Functions,Microsoft Azure,MIC-AzureFunctio,MIC-AzureFun-eastus,sub-d4e5f6a7,assinatura-dev,Subscription,"{""OwnerTeam"": ""redes"", ""Environment"": ""dev"", ""ManagedBy"": ""terraform""}"
1.0948,sub-a1b2c3d4,cloudfinops-demo,Billing Account,USD,2026-09-01T00:00:00Z,2026-10-01T00:00:00Z,Usage,,Azure Functions - Serverless Compute,Usage-Based,2026-09-22T00:00:00Z,2026-09-22T23:59:59Z,cd-microsoft-compute,Usage,Used,12.387,Request,0.9196,0.088383,0.9196,Microsoft Corporation,1.0948,0.088383,Committed,12.387,Request,eastus,East US,microsoft/sub-d4e5f6a7/azure-functions,azure-functions-dev,Function App,Compute,Serverless Compute,Azure Functions,Microsoft Azure,MIC-AzureFunctio,MIC-AzureFun-eastus,sub-d4e5f6a7,assinatura-dev,Subscription,"{""OwnerTeam"": ""redes"", ""Environment"": ""dev"", ""ManagedBy"": ""manual""}"
1.0999,sub-a1b2c3d4,cloudfinops-demo,Billing Account,USD,2026-09-01T00:00:00Z,2026-10-01T00:00:00Z,Usage,,Azure Functions - Serverless Compute,Usage-Based,2026-09-23T00:00:00Z,2026-09-23T23:59:59Z,,,,3.768,Request,1.0999,0.291906,1.0999,Microsoft Corporation,1.0999,0.291906,Standard,3.768,Request,eastus,East US,microsoft/sub-d4e5f6a7/azure-functions,azure-functions-dev,Function App,Compute,Serverless Compute,Azure Functions,Microsoft Azure,MIC-AzureFunctio,MIC-AzureFun-eastus,sub-d4e5f6a7,assinatura-dev,Subscription,"{""OwnerTeam"": ""plataforma"", ""Environment"": ""dev"", ""ManagedBy"": ""manual""}"
1.1074,sub-a1b2c3d4,cloudfinops-demo,Billing Account,USD,2026-09-01T00:00:00Z,2026-10-01T00:00:00Z,Usage,,Azure Functions - Serverless Compute,Usage-Based,2026-09-24T00:00:00Z,2026-09-24T23:59:59Z,cd-microsoft-compute,Usage,Used,11.125,Request,0.9302,0.099542,0.9302,Microsoft Corporation,1.1074,0.099542,Committed,11.125,Request,eastus,East US,microsoft/sub-d4e5f6a7/azure-functions,azure-functions-dev,Function App,Compute,Serverless Compute,Azure Functions,Microsoft Azure,MIC-AzureFunctio,MIC-AzureFun-eastus,sub-d4e5f6a7,assinatura-dev,Subscription,"{""OwnerTeam"": ""dados"", ""Environment"": ""dev"", ""ManagedBy"": ""manual""}"
1.1351,sub-a1b2c3d4,cloudfinops-demo,Billing Account,USD,2026-09-01T00:00:00Z,2026-10-01T00:00:00Z,Usage,,Azure Functions - Serverless Compute,Usage-Based,2026-09-25T00:00:00Z,2026-09-25T23:59:59Z,,,,3.429,Request,1.1351,0.331029,1.1351,Microsoft Corporation,1.1351,0.331029,Standard,3.429,Request,eastus,East US,microsoft/sub-d4e5f6a7/azure-functions,azure-functions-dev,Function App,Compute,Serverless Compute,Azure Functions,Microsoft Azure,MIC-AzureFunctio,MIC-AzureFun-eastus,sub-d4e5f6a7,assinatura-dev,Subscription,"{""OwnerTeam"": ""plataforma"", ""Environment"": ""dev"", ""ManagedBy"": ""serverless""}"
0.9489,sub-a1b2c3d4,cloudfinops-demo,Billing Account,USD,2026-09-01T00:00:00Z,2026-10-01T00:00:00Z,Usage,,Azure Functions - Serverless Compute,Usage-Based,2026-09-26T00:00:00Z,2026-09-26T23:59:59Z,,,,9.155,Request,0.9489,0.103648,0.9489,Microsoft Corporation,0.9489,0.103648,Standard,9.155,Request,eastus,East US,microsoft/sub-d4e5f6a7/azure-functions,azure-functions-dev,Function App,Compute,Serverless Compute,Azure Functions,Microsoft Azure,MIC-AzureFunctio,MIC-AzureFun-eastus,sub-d4e5f6a7,assinatura-dev,Subscription,"{""OwnerTeam"": ""redes"", ""Environment"": ""dev"", ""ManagedBy"": ""cloudformation""}"
0.9427,sub-a1b2c3d4,cloudfinops-demo,Billing Account,USD,2026-09-01T00:00:00Z,2026-10-01T00:00:00Z,Usage,,Azure Functions - Serverless Compute,Usage-Based,2026-09-27T00:00:00Z,2026-09-27T23:59:59Z,cd-microsoft-compute,Usage,Used,2.348,Request,0.7919,0.401491,0.7919,Microsoft Corporation,0.9427,0.401491,Committed,2.348,Request,eastus,East US,microsoft/sub-d4e5f6a7/azure-functions,azure-functions-dev,Function App,Compute,Serverless Compute,Azure Functions,Microsoft Azure,MIC-AzureFunctio,MIC-AzureFun-eastus,sub-d4e5f6a7,assinatura-dev,Subscription,"{""OwnerTeam"": ""redes"", ""Environment"": ""dev"", ""ManagedBy"": ""manual""}"
1.1661,sub-a1b2c3d4,cloudfinops-demo,Billing Account,USD,2026-09-01T00:00:00Z,2026-10-01T00:00:00Z,Usage,,Azure Functions - Serverless Compute,Usage-Based,2026-09-28T00:00:00Z,2026-09-28T23:59:59Z,,,,2.665,Request,1.1661,0.437561,1.1661,Microsoft Corporation,1.1661,0.437561,Standard,2.665,Request,eastus,East US,microsoft/sub-d4e5f6a7/azure-functions,azure-functions-dev,Function App,Compute,Serverless Compute,Azure Functions,Microsoft Azure,MIC-AzureFunctio,MIC-AzureFun-eastus,sub-d4e5f6a7,assinatura-dev,Subscription,"{""OwnerTeam"": ""dados"", ""Environment"": ""dev"", ""ManagedBy"": ""manual""}"
1.0954,sub-a1b2c3d4,cloudfinops-demo,Billing Account,USD,2026-09-01T00:00:00Z,2026-10-01T00:00:00Z,Usage,,Azure Functions - Serverless Compute,Usage-Based,2026-09-29T00:00:00Z,2026-09-29T23:59:59Z,,,,3.249,Request,1.0954,0.33715,1.0954,Microsoft Corporation,1.0954,0.33715,Standard,3.249,Request,eastus,East US,microsoft/sub-d4e5f6a7/azure-functions,azure-functions-dev,Function App,Compute,Serverless Compute,Azure Functions,Microsoft Azure,MIC-AzureFunctio,MIC-AzureFun-eastus,sub-d4e5f6a7,assinatura-dev,Subscription,"{""OwnerTeam"": ""backend"", ""Environment"": ""dev"", ""ManagedBy"": ""terraform""}"
1.1575,sub-a1b2c3d4,cloudfinops-demo,Billing Account,USD,2026-09-01T00:00:00Z,2026-10-01T00:00:00Z,Usage,,Azure Functions - Serverless Compute,Usage-Based,2026-09-30T00:00:00Z,2026-09-30T23:59:59Z,cd-microsoft-compute,Usage,Used,15.606,Request,0.9723,0.07417,0.9723,Microsoft Corporation,1.1575,0.07417,Committed,15.606,Request,eastus,East US,microsoft/sub-d4e5f6a7/azure-functions,azure-functions-dev,Function App,Compute,Serverless Compute,Azure Functions,Microsoft Azure,MIC-AzureFunctio,MIC-AzureFun-eastus,sub-d4e5f6a7,assinatura-dev,Subscription,"{""OwnerTeam"": ""redes"", ""Environment"": ""dev"", ""ManagedBy"": ""serverless""}"
1.161,sub-a1b2c3d4,cloudfinops-demo,Billing Account,USD,2026-10-01T00:00:00Z,2026-11-01T00:00:00Z,Usage,,Azure Functions - Serverless Compute,Usage-Based,2026-10-01T00:00:00Z,2026-10-01T23:59:59Z,,,,8.845,Request,1.161,0.131261,1.161,Microsoft Corporation,1.161,0.131261,Standard,8.845,Request,eastus,East US,microsoft/sub-d4e5f6a7/azure-functions,azure-functions-dev,Function App,Compute,Serverless Compute,Azure Functions,Microsoft Azure,MIC-AzureFunctio,MIC-AzureFun-eastus,sub-d4e5f6a7,assinatura-dev,Subscription,"{""OwnerTeam"": ""plataforma"", ""Environment"": ""dev"", ""ManagedBy"": ""terraform""}"
1.1627,sub-a1b2c3d4,cloudfinops-demo,Billing Account,USD,2026-10-01T00:00:00Z,2026-11-01T00:00:00Z,Usage,,Azure Functions - Serverless Compute,Usage-Based,2026-10-02T00:00:00Z,2026-10-02T23:59:59Z,,,,7.549,Request,1.1627,0.15402,1.1627,Microsoft Corporation,1.1627,0.15402,Standard,7.549,Request,eastus,East US,microsoft/sub-d4e5f6a7/azure-functions,azure-functions-dev,Function App,Compute,Serverless Compute,Azure Functions,Microsoft Azure,MIC-AzureFunctio,MIC-AzureFun-eastus,sub-d4e5f6a7,assinatura-dev,Subscription,"{""OwnerTeam"": ""dados"", ""Environment"": ""dev"", ""ManagedBy"": ""terraform""}"
0.9661,sub-a1b2c3d4,cloudfinops-demo,Billing Account,USD,2026-10-01T00:00:00Z,2026-11-01T00:00:00Z,Usage,,Azure Functions - Serverless Compute,Usage-Based,2026-10-03T00:00:00Z,2026-10-03T23:59:59Z,,,,15.795,Request,0.9661,0.061165,0.9661,Microsoft Corporation,0.9661,0.061165,Standard,15.795,Request,eastus,East US,microsoft/sub-d4e5f6a7/azure-functions,azure-functions-dev,Function App,Compute,Serverless Compute,Azure Functions,Microsoft Azure,MIC-AzureFunctio,MIC-AzureFun-eastus,sub-d4e5f6a7,assinatura-dev,Subscription,"{""OwnerTeam"": ""backend"", ""Environment"": ""dev"", ""ManagedBy"": ""manual""}"
1.1813,sub-a1b2c3d4,cloudfinops-demo,Billing Account,USD,2026-08-01T00:00:00Z,2026-09-01T00:00:00Z,Usage,,Azure DNS - Domain Name Services,Usage-Based,2026-08-01T00:00:00Z,2026-08-01T23:59:59Z,,,,2.7,Query,1.1813,0.437519,1.1813,Microsoft Corporation,1.1813,0.437519,Standard,2.7,Query,eastus,East US,microsoft/sub-a1b2c3d4/azure-dns,azure-dns-prod,DNS Zone,Networking,Domain Name Services,Azure DNS,Microsoft Azure,MIC-AzureDNS,MIC-AzureDNS-eastus,sub-a1b2c3d4,assinatura-producao,Subscription,"{""OwnerTeam"": ""redes"", ""Environment"": ""prod"", ""ManagedBy"": ""serverless""}"
1.168,sub-a1b2c3d4,cloudfinops-demo,Billing Account,USD,2026-08-01T00:00:00Z,2026-09-01T00:00:00Z,Usage,,Azure DNS - Domain Name Services,Usage-Based,2026-08-02T00:00:00Z,2026-08-02T23:59:59Z,,,,56.967,Query,1.168,0.020503,1.168,Microsoft Corporation,1.168,0.020503,Standard,56.967,Query,eastus,East US,microsoft/sub-a1b2c3d4/azure-dns,azure-dns-prod,DNS Zone,Networking,Domain Name Services,Azure DNS,Microsoft Azure,MIC-AzureDNS,MIC-AzureDNS-eastus,sub-a1b2c3d4,assinatura-producao,Subscription,"{""OwnerTeam"": ""plataforma"", ""Environment"": ""prod"", ""ManagedBy"": ""manual""}"
1.3914,sub-a1b2c3d4,cloudfinops-demo,Billing Account,USD,2026-08-01T00:00:00Z,2026-09-01T00:00:00Z,Usage,,Azure DNS - Domain Name Services,Usage-Based,2026-08-03T00:00:00Z,2026-08-03T23:59:59Z,,,,7.424,Query,1.3914,0.187419,1.3914,Microsoft Corporation,1.3914,0.187419,Standard,7.424,Query,eastus,East US,microsoft/sub-a1b2c3d4/azure-dns,azure-dns-prod,DNS Zone,Networking,Domain Name Services,Azure DNS,Microsoft Azure,MIC-AzureDNS,MIC-AzureDNS-eastus,sub-a1b2c3d4,assinatura-producao,Subscription,"{""OwnerTeam"": ""dados"", ""Environment"": ""prod"", ""ManagedBy"": ""manual""}"
1.3984,sub-a1b2c3d4,cloudfinops-demo,Billing Account,USD,2026-08-01T00:00:00Z,2026-09-01T00:00:00Z,Usage,,Azure DNS - Domain Name Services,Usage-Based,2026-08-04T00:00:00Z,2026-08-04T23:59:59Z,,,,17.716,Query,1.3984,0.078934,1.3984,Microsoft Corporation,1.3984,0.078934,Standard,17.716,Query,eastus,East US,microsoft/sub-a1b2c3d4/azure-dns,azure-dns-prod,DNS Zone,Networking,Domain Name Services,Azure DNS,Microsoft Azure,MIC-AzureDNS,MIC-AzureDNS-eastus,sub-a1b2c3d4,assinatura-producao,Subscription,"{""OwnerTeam"": ""backend"", ""Environment"": ""prod"", ""ManagedBy"": ""cloudformation""}"
1.3987,sub-a1b2c3d4,cloudfinops-demo,Billing Account,USD,2026-08-01T00:00:00Z,2026-09-01T00:00:00Z,Usage,,Azure DNS - Domain Name Services,Usage-Based,2026-08-05T00:00:00Z,2026-08-05T23:59:59Z,,,,5.322,Query,1.3987,0.262815,1.3987,Microsoft Corporation,1.3987,0.262815,Standard,5.322,Query,eastus,East US,microsoft/sub-a1b2c3d4/azure-dns,azure-dns-prod,DNS Zone,Networking,Domain Name Services,Azure DNS,Microsoft Azure,MIC-AzureDNS,MIC-AzureDNS-eastus,sub-a1b2c3d4,assinatura-producao,Subscription,"{""OwnerTeam"": ""plataforma"", ""Environment"": ""prod"", ""ManagedBy"": ""cloudformation""}"
1.3872,sub-a1b2c3d4,cloudfinops-demo,Billing Account,USD,2026-08-01T00:00:00Z,2026-09-01T00:00:00Z,Usage,,Azure DNS - Domain Name Services,Usage-Based,2026-08-06T00:00:00Z,2026-08-06T23:59:59Z,,,,5.805,Query,1.3872,0.238966,1.3872,Microsoft Corporation,1.3872,0.238966,Standard,5.805,Query,eastus,East US,microsoft/sub-a1b2c3d4/azure-dns,azure-dns-prod,DNS Zone,Networking,Domain Name Services,Azure DNS,Microsoft Azure,MIC-AzureDNS,MIC-AzureDNS-eastus,sub-a1b2c3d4,assinatura-producao,Subscription,"{""OwnerTeam"": ""redes"", ""Environment"": ""prod"", ""ManagedBy"": ""terraform""}"
1.3481,sub-a1b2c3d4,cloudfinops-demo,Billing Account,USD,2026-08-01T00:00:00Z,2026-09-01T00:00:00Z,Usage,,Azure DNS - Domain Name Services,Usage-Based,2026-08-07T00:00:00Z,2026-08-07T23:59:59Z,,,,6.276,Query,1.3481,0.214802,1.3481,Microsoft Corporation,1.3481,0.214802,Standard,6.276,Query,eastus,East US,microsoft/sub-a1b2c3d4/azure-dns,azure-dns-prod,DNS Zone,Networking,Domain Name Services,Azure DNS,Microsoft Azure,MIC-AzureDNS,MIC-AzureDNS-eastus,sub-a1b2c3d4,assinatura-producao,Subscription,"{""OwnerTeam"": ""dados"", ""Environment"": ""prod"", ""ManagedBy"": ""manual""}"
1.1818,sub-a1b2c3d4,cloudfinops-demo,Billing Account,USD,2026-08-01T00:00:00Z,2026-09-01T00:00:00Z,Usage,,Azure DNS - Domain Name Services,Usage-Based,2026-08-08T00:00:00Z,2026-08-08T23:59:59Z,,,,6.84,Query,1.1818,0.172778,1.1818,Microsoft Corporation,1.1818,0.172778,Standard,6.84,Query,eastus,East US,microsoft/sub-a1b2c3d4/azure-dns,azure-dns-prod,DNS Zone,Networking,Domain Name Services,Azure DNS,Microsoft Azure,MIC-AzureDNS,MIC-AzureDNS-eastus,sub-a1b2c3d4,assinatura-producao,Subscription,"{""OwnerTeam"": ""dados"", ""Environment"": ""prod"", ""ManagedBy"": ""manual""}"
1.1754,sub-a1b2c3d4,cloudfinops-demo,Billing Account,USD,2026-08-01T00:00:00Z,2026-09-01T00:00:00Z,Usage,,Azure DNS - Domain Name Services,Usage-Based,2026-08-09T00:00:00Z,2026-08-09T23:59:59Z,,,,3.974,Query,1.1754,0.295773,1.1754,Microsoft Corporation,1.1754,0.295773,Standard,3.974,Query,eastus,East US,microsoft/sub-a1b2c3d4/azure-dns,azure-dns-prod,DNS Zone,Networking,Domain Name Services,Azure DNS,Microsoft Azure,MIC-AzureDNS,MIC-AzureDNS-eastus,sub-a1b2c3d4,assinatura-producao,Subscription,"{""OwnerTeam"": ""dados"", ""Environment"": ""prod"", ""ManagedBy"": ""terraform""}"
1.4213,sub-a1b2c3d4,cloudfinops-demo,Billing Account,USD,2026-08-01T00:00:00Z,2026-09-01T00:00:00Z,Usage,,Azure DNS - Domain Name Services,Usage-Based,2026-08-10T00:00:00Z,2026-08-10T23:59:59Z,,,,11.076,Query,1.4213,0.128322,1.4213,Microsoft Corporation,1.4213,0.128322,Standard,11.076,Query,eastus,East US,microsoft/sub-a1b2c3d4/azure-dns,azure-dns-prod,DNS Zone,Networking,Domain Name Services,Azure DNS,Microsoft Azure,MIC-AzureDNS,MIC-AzureDNS-eastus,sub-a1b2c3d4,assinatura-producao,Subscription,"{""OwnerTeam"": ""dados"", ""Environment"": ""prod"", ""ManagedBy"": ""manual""}"
1.3581,sub-a1b2c3d4,cloudfinops-demo,Billing Account,USD,2026-08-01T00:00:00Z,2026-09-01T00:00:00Z,Usage,,Azure DNS - Domain Name Services,Usage-Based,2026-08-11T00:00:00Z,2026-08-11T23:59:59Z,,,,4.609,Query,1.3581,0.294663,1.3581,Microsoft Corporation,1.3581,0.294663,Standard,4.609,Query,eastus,East US,microsoft/sub-a1b2c3d4/azure-dns,azure-dns-prod,DNS Zone,Networking,Domain Name Services,Azure DNS,Microsoft Azure,MIC-AzureDNS,MIC-AzureDNS-eastus,sub-a1b2c3d4,assinatura-producao,Subscription,"{""OwnerTeam"": ""dados"", ""Environment"": ""prod"", ""ManagedBy"": ""manual""}"
1.4163,sub-a1b2c3d4,cloudfinops-demo,Billing Account,USD,2026-08-01T00:00:00Z,2026-09-01T00:00:00Z,Usage,,Azure DNS - Domain Name Services,Usage-Based,2026-08-12T00:00:00Z,2026-08-12T23:59:59Z,,,,21.386,Query,1.4163,0.066226,1.4163,Microsoft Corporation,1.4163,0.066226,Standard,21.386,Query,eastus,East US,microsoft/sub-a1b2c3d4/azure-dns,azure-dns-prod,DNS Zone,Networking,Domain Name Services,Azure DNS,Microsoft Azure,MIC-AzureDNS,MIC-AzureDNS-eastus,sub-a1b2c3d4,assinatura-producao,Subscription,"{""OwnerTeam"": ""backend"", ""Environment"": ""prod"", ""ManagedBy"": ""cloudformation""}"
1.4143,sub-a1b2c3d4,cloudfinops-demo,Billing Account,USD,2026-08-01T00:00:00Z,2026-09-01T00:00:00Z,Usage,,Azure DNS - Domain Name Services,Usage-Based,2026-08-13T00:00:00Z,2026-08-13T23:59:59Z,,,,3.974,Query,1.4143,0.355888,1.4143,Microsoft Corporation,1.4143,0.355888,Standard,3.974,Query,eastus,East US,microsoft/sub-a1b2c3d4/azure-dns,azure-dns-prod,DNS Zone,Networking,Domain Name Services,Azure DNS,Microsoft Azure,MIC-AzureDNS,MIC-AzureDNS-eastus,sub-a1b2c3d4,assinatura-producao,Subscription,"{""OwnerTeam"": ""backend"", ""Environment"": ""prod"", ""ManagedBy"": ""serverless""}"
1.3885,sub-a1b2c3d4,cloudfinops-demo,Billing Account,USD,2026-08-01T00:00:00Z,2026-09-01T00:00:00Z,Usage,,Azure DNS - Domain Name Services,Usage-Based,2026-08-14T00:00:00Z,2026-08-14T23:59:59Z,,,,7.095,Query,1.3885,0.195701,1.3885,Microsoft Corporation,1.3885,0.195701,Standard,7.095,Query,eastus,East US,microsoft/sub-a1b2c3d4/azure-dns,azure-dns-prod,DNS Zone,Networking,Domain Name Services,Azure DNS,Microsoft Azure,MIC-AzureDNS,MIC-AzureDNS-eastus,sub-a1b2c3d4,assinatura-producao,Subscription,"{""OwnerTeam"": ""dados"", ""Environment"": ""prod"", ""ManagedBy"": ""cloudformation""}"
1.2065,sub-a1b2c3d4,cloudfinops-demo,Billing Account,USD,2026-08-01T00:00:00Z,2026-09-01T00:00:00Z,Usage,,Azure DNS - Domain Name Services,Usage-Based,2026-08-15T00:00:00Z,2026-08-15T23:59:59Z,,,,3.081,Query,1.2065,0.391594,1.2065,Microsoft Corporation,1.2065,0.391594,Standard,3.081,Query,eastus,East US,microsoft/sub-a1b2c3d4/azure-dns,azure-dns-prod,DNS Zone,Networking,Domain Name Services,Azure DNS,Microsoft Azure,MIC-AzureDNS,MIC-AzureDNS-eastus,sub-a1b2c3d4,assinatura-producao,Subscription,"{""OwnerTeam"": ""redes"", ""Environment"": ""prod"", ""ManagedBy"": ""manual""}"
1.1956,sub-a1b2c3d4,cloudfinops-demo,Billing Account,USD,2026-08-01T00:00:00Z,2026-09-01T00:00:00Z,Usage,,Azure DNS - Domain Name Services,Usage-Based,2026-08-16T00:00:00Z,2026-08-16T23:59:59Z,,,,2.955,Query,1.1956,0.404602,1.1956,Microsoft Corporation,1.1956,0.404602,Standard,2.955,Query,eastus,East US,microsoft/sub-a1b2c3d4/azure-dns,azure-dns-prod,DNS Zone,Networking,Domain Name Services,Azure DNS,Microsoft Azure,MIC-AzureDNS,MIC-AzureDNS-eastus,sub-a1b2c3d4,assinatura-producao,Subscription,"{""OwnerTeam"": ""backend"", ""Environment"": ""prod"", ""ManagedBy"": ""manual""}"
1.3759,sub-a1b2c3d4,cloudfinops-demo,Billing Account,USD,2026-08-01T00:00:00Z,2026-09-01T00:00:00Z,Usage,,Azure DNS - Domain Name Services,Usage-Based,2026-08-17T00:00:00Z,2026-08-17T23:59:59Z,,,,7.109,Query,1.3759,0.193543,1.3759,Microsoft Corporation,1.3759,0.193543,Standard,7.109,Query,eastus,East US,microsoft/sub-a1b2c3d4/azure-dns,azure-dns-prod,DNS Zone,Networking,Domain Name Services,Azure DNS,Microsoft Azure,MIC-AzureDNS,MIC-AzureDNS-eastus,sub-a1b2c3d4,assinatura-producao,Subscription,"{""OwnerTeam"": ""redes"", ""Environment"": ""prod"", ""ManagedBy"": ""manual""}"
1.4026,sub-a1b2c3d4,cloudfinops-demo,Billing Account,USD,2026-08-01T00:00:00Z,2026-09-01T00:00:00Z,Usage,,Azure DNS - Domain Name Services,Usage-Based,2026-08-18T00:00:00Z,2026-08-18T23:59:59Z,,,,13.616,Query,1.4026,0.103011,1.4026,Microsoft Corporation,1.4026,0.103011,Standard,13.616,Query,eastus,East US,microsoft/sub-a1b2c3d4/azure-dns,azure-dns-prod,DNS Zone,Networking,Domain Name Services,Azure DNS,Microsoft Azure,MIC-AzureDNS,MIC-AzureDNS-eastus,sub-a1b2c3d4,assinatura-producao,Subscription,"{""OwnerTeam"": ""dados"", ""Environment"": ""prod"", ""ManagedBy"": ""manual""}"
1.4006,sub-a1b2c3d4,cloudfinops-demo,Billing Account,USD,2026-08-01T00:00:00Z,2026-09-01T00:00:00Z,Usage,,Azure DNS - Domain Name Services,Usage-Based,2026-08-19T00:00:00Z,2026-08-19T23:59:59Z,,,,3.744,Query,1.4006,0.374092,1.4006,Microsoft Corporation,1.4006,0.374092,Standard,3.744,Query,eastus,East US,microsoft/sub-a1b2c3d4/azure-dns,azure-dns-prod,DNS Zone,Networking,Domain Name Services,Azure DNS,Microsoft Azure,MIC-AzureDNS,MIC-AzureDNS-eastus,sub-a1b2c3d4,assinatura-producao,Subscription,"{""OwnerTeam"": ""redes"", ""Environment"": ""prod"", ""ManagedBy"": ""manual""}"
1.4015,sub-a1b2c3d4,cloudfinops-demo,Billing Account,USD,2026-08-01T00:00:00Z,2026-09-01T00:00:00Z,Usage,,Azure DNS - Domain Name Services,Usage-Based,2026-08-20T00:00:00Z,2026-08-20T23:59:59Z,,,,14.998,Query,1.4015,0.093446,1.4015,Microsoft Corporation,1.4015,0.093446,Standard,14.998,Query,eastus,East US,microsoft/sub-a1b2c3d4/azure-dns,azure-dns-prod,DNS Zone,Networking,Domain Name Services,Azure DNS,Microsoft Azure,MIC-AzureDNS,MIC-AzureDNS-eastus,sub-a1b2c3d4,assinatura-producao,Subscription,"{""OwnerTeam"": ""plataforma"", ""Environment"": ""prod"", ""ManagedBy"": ""cloudformation""}"
1.3719,sub-a1b2c3d4,cloudfinops-demo,Billing Account,USD,2026-08-01T00:00:00Z,2026-09-01T00:00:00Z,Usage,,Azure DNS - Domain Name Services,Usage-Based,2026-08-21T00:00:00Z,2026-08-21T23:59:59Z,,,,7.399,Query,1.3719,0.185417,1.3719,Microsoft Corporation,1.3719,0.185417,Standard,7.399,Query,eastus,East US,microsoft/sub-a1b2c3d4/azure-dns,azure-dns-prod,DNS Zone,Networking,Domain Name Services,Azure DNS,Microsoft Azure,MIC-AzureDNS,MIC-AzureDNS-eastus,sub-a1b2c3d4,assinatura-producao,Subscription,"{""OwnerTeam"": ""plataforma"", ""Environment"": ""prod"", ""ManagedBy"": ""cloudformation""}"
1.1563,sub-a1b2c3d4,cloudfinops-demo,Billing Account,USD,2026-08-01T00:00:00Z,2026-09-01T00:00:00Z,Usage,,Azure DNS - Domain Name Services,Usage-Based,2026-08-22T00:00:00Z,2026-08-22T23:59:59Z,,,,34.208,Query,1.1563,0.033802,1.1563,Microsoft Corporation,1.1563,0.033802,Standard,34.208,Query,eastus,East US,microsoft/sub-a1b2c3d4/azure-dns,azure-dns-prod,DNS Zone,Networking,Domain Name Services,Azure DNS,Microsoft Azure,MIC-AzureDNS,MIC-AzureDNS-eastus,sub-a1b2c3d4,assinatura-producao,Subscription,"{""OwnerTeam"": ""plataforma"", ""Environment"": ""prod"", ""ManagedBy"": ""serverless""}"
1.1852,sub-a1b2c3d4,cloudfinops-demo,Billing Account,USD,2026-08-01T00:00:00Z,2026-09-01T00:00:00Z,Usage,,Azure DNS - Domain Name Services,Usage-Based,2026-08-23T00:00:00Z,2026-08-23T23:59:59Z,,,,3.386,Query,1.1852,0.35003,1.1852,Microsoft Corporation,1.1852,0.35003,Standard,3.386,Query,eastus,East US,microsoft/sub-a1b2c3d4/azure-dns,azure-dns-prod,DNS Zone,Networking,Domain Name Services,Azure DNS,Microsoft Azure,MIC-AzureDNS,MIC-AzureDNS-eastus,sub-a1b2c3d4,assinatura-producao,Subscription,"{""OwnerTeam"": ""redes"", ""Environment"": ""prod"", ""ManagedBy"": ""serverless""}"
1.3886,sub-a1b2c3d4,cloudfinops-demo,Billing Account,USD,2026-08-01T00:00:00Z,2026-09-01T00:00:00Z,Usage,,Azure DNS - Domain Name Services,Usage-Based,2026-08-24T00:00:00Z,2026-08-24T23:59:59Z,,,,10.103,Query,1.3886,0.137444,1.3886,Microsoft Corporation,1.3886,0.137444,Standard,10.103,Query,eastus,East US,microsoft/sub-a1b2c3d4/azure-dns,azure-dns-prod,DNS Zone,Networking,Domain Name Services,Azure DNS,Microsoft Azure,MIC-AzureDNS,MIC-AzureDNS-eastus,sub-a1b2c3d4,assinatura-producao,Subscription,"{""OwnerTeam"": ""dados"", ""Environment"": ""prod"", ""ManagedBy"": ""serverless""}"
1.429,sub-a1b2c3d4,cloudfinops-demo,Billing Account,USD,2026-08-01T00:00:00Z,2026-09-01T00:00:00Z,Usage,,Azure DNS - Domain Name Services,Usage-Based,2026-08-25T00:00:00Z,2026-08-25T23:59:59Z,,,,4.604,Query,1.429,0.310382,1.429,Microsoft Corporation,1.429,0.310382,Standard,4.604,Query,eastus,East US,microsoft/sub-a1b2c3d4/azure-dns,azure-dns-prod,DNS Zone,Networking,Domain Name Services,Azure DNS,Microsoft Azure,MIC-AzureDNS,MIC-AzureDNS-eastus,sub-a1b2c3d4,assinatura-producao,Subscription,"{""OwnerTeam"": ""backend"", ""Environment"": ""prod"", ""ManagedBy"": ""terraform""}"
1.409,sub-a1b2c3d4,cloudfinops-demo,Billing Account,USD,2026-08-01T00:00:00Z,2026-09-01T00:00:00Z,Usage,,Azure DNS - Domain Name Services,Usage-Based,2026-08-26T00:00:00Z,2026-08-26T23:59:59Z,,,,11.423,Query,1.409,0.123348,1.409,Microsoft Corporation,1.409,0.123348,Standard,11.423,Query,eastus,East US,microsoft/sub-a1b2c3d4/azure-dns,azure-dns-prod,DNS Zone,Networking,Domain Name Services,Azure DNS,Microsoft Azure,MIC-AzureDNS,MIC-AzureDNS-eastus,sub-a1b2c3d4,assinatura-producao,Subscription,"{""OwnerTeam"": ""dados"", ""Environment"": ""prod"", ""ManagedBy"": ""terraform""}"
1.3599,sub-a1b2c3d4,cloudfinops-demo,Billing Account,USD,2026-08-01T00:00:00Z,2026-09-01T00:00:00Z,Usage,,Azure DNS - Domain Name Services,Usage-Based,2026-08-27T00:00:00Z,2026-08-27T23:59:59Z,,,,4.671,Query,1.3599,0.291137,1.3599,Microsoft Corporation,1.3599,0.291137,Standard,4.671,Query,eastus,East US,microsoft/sub-a1b2c3d4/azure-dns,azure-dns-prod,DNS Zone,Networking,Domain Name Services,Azure DNS,Microsoft Azure,MIC-AzureDNS,MIC-AzureDNS-eastus,sub-a1b2c3d4,assinatura-producao,Subscription,"{""OwnerTeam"": ""plataforma"", ""Environment"": ""prod"", ""ManagedBy"": ""serverless""}"
1.4265,sub-a1b2c3d4,cloudfinops-demo,Billing Account,USD,2026-08-01T00:00:00Z,2026-09-01T00:00:00Z,Usage,,Azure DNS - Domain Name Services,Usage-Based,2026-08-28T00:00:00Z,2026-08-28T23:59:59Z,,,,4.848,Query,1.4265,0.294245,1.4265,Microsoft Corporation,1.4265,0.294245,Standard,4.848,Query,eastus,East US,microsoft/sub-a1b2c3d4/azure-dns,azure-dns-prod,DNS Zone,Networking,Domain Name Services,Azure DNS,Microsoft Azure,MIC-AzureDNS,MIC-AzureDNS-eastus,sub-a1b2c3d4,assinatura-producao,Subscription,"{""OwnerTeam"": ""redes"", ""Environment"": ""prod"", ""ManagedBy"": ""cloudformation""}"
1.1371,sub-a1b2c3d4,cloudfinops-demo,Billing Account,USD,2026-08-01T00:00:00Z,2026-09-01T00:00:00Z,Usage,,Azure DNS - Domain Name Services,Usage-Based,2026-08-29T00:00:00Z,2026-08-29T23:59:59Z,,,,4.806,Query,1.1371,0.2366,1.1371,Microsoft Corporation,1.1371,0.2366,Standard,4.806,Query,eastus,East US,microsoft/sub-a1b2c3d4/azure-dns,azure-dns-prod,DNS Zone,Networking,Domain Name Services,Azure DNS,Microsoft Azure,MIC-AzureDNS,MIC-AzureDNS-eastus,sub-a1b2c3d4,assinatura-producao,Subscription,"{""OwnerTeam"": ""backend"", ""Environment"": ""prod"", ""ManagedBy"": ""manual""}"
1.1958,sub-a1b2c3d4,cloudfinops-demo,Billing Account,USD,2026-08-01T00:00:00Z,2026-09-01T00:00:00Z,Usage,,Azure DNS - Domain Name Services,Usage-Based,2026-08-30T00:00:00Z,2026-08-30T23:59:59Z,,,,3.96,Query,1.1958,0.30197,1.1958,Microsoft Corporation,1.1958,0.30197,Standard,3.96,Query,eastus,East US,microsoft/sub-a1b2c3d4/azure-dns,azure-dns-prod,DNS Zone,Networking,Domain Name Services,Azure DNS,Microsoft Azure,MIC-AzureDNS,MIC-AzureDNS-eastus,sub-a1b2c3d4,assinatura-producao,Subscription,"{""OwnerTeam"": ""backend"", ""Environment"": ""prod"", ""ManagedBy"": ""cloudformation""}"
1.4077,sub-a1b2c3d4,cloudfinops-demo,Billing Account,USD,2026-08-01T00:00:00Z,2026-09-01T00:00:00Z,Usage,,Azure DNS - Domain Name Services,Usage-Based,2026-08-31T00:00:00Z,2026-08-31T23:59:59Z,,,,4.676,Query,1.4077,0.301048,1.4077,Microsoft Corporation,1.4077,0.301048,Standard,4.676,Query,eastus,East US,microsoft/sub-a1b2c3d4/azure-dns,azure-dns-prod,DNS Zone,Networking,Domain Name Services,Azure DNS,Microsoft Azure,MIC-AzureDNS,MIC-AzureDNS-eastus,sub-a1b2c3d4,assinatura-producao,Subscription,"{""OwnerTeam"": ""dados"", ""Environment"": ""prod"", ""ManagedBy"": ""cloudformation""}"
1.4968,sub-a1b2c3d4,cloudfinops-demo,Billing Account,USD,2026-09-01T00:00:00Z,2026-10-01T00:00:00Z,Usage,,Azure DNS - Domain Name Services,Usage-Based,2026-09-01T00:00:00Z,2026-09-01T23:59:59Z,,,,7.746,Query,1.4968,0.193235,1.4968,Microsoft Corporation,1.4968,0.193235,Standard,7.746,Query,eastus,East US,microsoft/sub-a1b2c3d4/azure-dns,azure-dns-prod,DNS Zone,Networking,Domain Name Services,Azure DNS,Microsoft Azure,MIC-AzureDNS,MIC-AzureDNS-eastus,sub-a1b2c3d4,assinatura-producao,Subscription,"{""OwnerTeam"": ""backend"", ""Environment"": ""prod"", ""ManagedBy"": ""manual""}"
1.4417,sub-a1b2c3d4,cloudfinops-demo,Billing Account,USD,2026-09-01T00:00:00Z,2026-10-01T00:00:00Z,Usage,,Azure DNS - Domain Name Services,Usage-Based,2026-09-02T00:00:00Z,2026-09-02T23:59:59Z,,,,6.946,Query,1.4417,0.207558,1.4417,Microsoft Corporation,1.4417,0.207558,Standard,6.946,Query,eastus,East US,microsoft/sub-a1b2c3d4/azure-dns,azure-dns-prod,DNS Zone,Networking,Domain Name Services,Azure DNS,Microsoft Azure,MIC-AzureDNS,MIC-AzureDNS-eastus,sub-a1b2c3d4,assinatura-producao,Subscription,"{""OwnerTeam"": ""plataforma"", ""Environment"": ""prod"", ""ManagedBy"": ""cloudformation""}"
1.4797,sub-a1b2c3d4,cloudfinops-demo,Billing Account,USD,2026-09-01T00:00:00Z,2026-10-01T00:00:00Z,Usage,,Azure DNS - Domain Name Services,Usage-Based,2026-09-03T00:00:00Z,2026-09-03T23:59:59Z,,,,9.487,Query,1.4797,0.155971,1.4797,Microsoft Corporation,1.4797,0.155971,Standard,9.487,Query,eastus,East US,microsoft/sub-a1b2c3d4/azure-dns,azure-dns-prod,DNS Zone,Networking,Domain Name Services,Azure DNS,Microsoft Azure,MIC-AzureDNS,MIC-AzureDNS-eastus,sub-a1b2c3d4,assinatura-producao,Subscription,"{""OwnerTeam"": ""plataforma"", ""Environment"": ""prod"", ""ManagedBy"": ""terraform""}"
1.419,sub-a1b2c3d4,cloudfinops-demo,Billing Account,USD,2026-09-01T00:00:00Z,2026-10-01T00:00:00Z,Usage,,Azure DNS - Domain Name Services,Usage-Based,2026-09-04T00:00:00Z,2026-09-04T23:59:59Z,,,,4.503,Query,1.419,0.315123,1.419,Microsoft Corporation,1.419,0.315123,Standard,4.503,Query,eastus,East US,microsoft/sub-a1b2c3d4/azure-dns,azure-dns-prod,DNS Zone,Networking,Domain Name Services,Azure DNS,Microsoft Azure,MIC-AzureDNS,MIC-AzureDNS-eastus,sub-a1b2c3d4,assinatura-producao,Subscription,"{""OwnerTeam"": ""backend"", ""Environment"": ""prod"", ""ManagedBy"": ""terraform""}"
1.2545,sub-a1b2c3d4,cloudfinops-demo,Billing Account,USD,2026-09-01T00:00:00Z,2026-10-01T00:00:00Z,Usage,,Azure DNS - Domain Name Services,Usage-Based,2026-09-05T00:00:00Z,2026-09-05T23:59:59Z,,,,4.064,Query,1.2545,0.308686,1.2545,Microsoft Corporation,1.2545,0.308686,Standard,4.064,Query,eastus,East US,microsoft/sub-a1b2c3d4/azure-dns,azure-dns-prod,DNS Zone,Networking,Domain Name Services,Azure DNS,Microsoft Azure,MIC-AzureDNS,MIC-AzureDNS-eastus,sub-a1b2c3d4,assinatura-producao,Subscription,"{""OwnerTeam"": ""backend"", ""Environment"": ""prod"", ""ManagedBy"": ""terraform""}"
1.2477,sub-a1b2c3d4,cloudfinops-demo,Billing Account,USD,2026-09-01T00:00:00Z,2026-10-01T00:00:00Z,Usage,,Azure DNS - Domain Name Services,Usage-Based,2026-09-06T00:00:00Z,2026-09-06T23:59:59Z,,,,16.47,Query,1.2477,0.075756,1.2477,Microsoft Corporation,1.2477,0.075756,Standard,16.47,Query,eastus,East US,microsoft/sub-a1b2c3d4/azure-dns,azure-dns-prod,DNS Zone,Networking,Domain Name Services,Azure DNS,Microsoft Azure,MIC-AzureDNS,MIC-AzureDNS-eastus,sub-a1b2c3d4,assinatura-producao,Subscription,"{""OwnerTeam"": ""redes"", ""Environment"": ""prod"", ""ManagedBy"": ""cloudformation""}"
1.4565,sub-a1b2c3d4,cloudfinops-demo,Billing Account,USD,2026-09-01T00:00:00Z,2026-10-01T00:00:00Z,Usage,,Azure DNS - Domain Name Services,Usage-Based,2026-09-07T00:00:00Z,2026-09-07T23:59:59Z,,,,8.247,Query,1.4565,0.17661,1.4565,Microsoft Corporation,1.4565,0.17661,Standard,8.247,Query,eastus,East US,microsoft/sub-a1b2c3d4/azure-dns,azure-dns-prod,DNS Zone,Networking,Domain Name Services,Azure DNS,Microsoft Azure,MIC-AzureDNS,MIC-AzureDNS-eastus,sub-a1b2c3d4,assinatura-producao,Subscription,"{""OwnerTeam"": ""dados"", ""Environment"": ""prod"", ""ManagedBy"": ""terraform""}"
1.4295,sub-a1b2c3d4,cloudfinops-demo,Billing Account,USD,2026-09-01T00:00:00Z,2026-10-01T00:00:00Z,Usage,,Azure DNS - Domain Name Services,Usage-Based,2026-09-08T00:00:00Z,2026-09-08T23:59:59Z,,,,3.699,Query,1.4295,0.386456,1.4295,Microsoft Corporation,1.4295,0.386456,Standard,3.699,Query,eastus,East US,microsoft/sub-a1b2c3d4/azure-dns,azure-dns-prod,DNS Zone,Networking,Domain Name Services,Azure DNS,Microsoft Azure,MIC-AzureDNS,MIC-AzureDNS-eastus,sub-a1b2c3d4,assinatura-producao,Subscription,"{""OwnerTeam"": ""backend"", ""Environment"": ""prod"", ""ManagedBy"": ""serverless""}"
1.4132,sub-a1b2c3d4,cloudfinops-demo,Billing Account,USD,2026-09-01T00:00:00Z,2026-10-01T00:00:00Z,Usage,,Azure DNS - Domain Name Services,Usage-Based,2026-09-09T00:00:00Z,2026-09-09T23:59:59Z,,,,7.946,Query,1.4132,0.17785,1.4132,Microsoft Corporation,1.4132,0.17785,Standard,7.946,Query,eastus,East US,microsoft/sub-a1b2c3d4/azure-dns,azure-dns-prod,DNS Zone,Networking,Domain Name Services,Azure DNS,Microsoft Azure,MIC-AzureDNS,MIC-AzureDNS-eastus,sub-a1b2c3d4,assinatura-producao,Subscription,"{""OwnerTeam"": ""backend"", ""Environment"": ""prod"", ""ManagedBy"": ""terraform""}"
1.4383,sub-a1b2c3d4,cloudfinops-demo,Billing Account,USD,2026-09-01T00:00:00Z,2026-10-01T00:00:00Z,Usage,,Azure DNS - Domain Name Services,Usage-Based,2026-09-10T00:00:00Z,2026-09-10T23:59:59Z,,,,17.528,Query,1.4383,0.082057,1.4383,Microsoft Corporation,1.4383,0.082057,Standard,17.528,Query,eastus,East US,microsoft/sub-a1b2c3d4/azure-dns,azure-dns-prod,DNS Zone,Networking,Domain Name Services,Azure DNS,Microsoft Azure,MIC-AzureDNS,MIC-AzureDNS-eastus,sub-a1b2c3d4,assinatura-producao,Subscription,"{""OwnerTeam"": ""plataforma"", ""Environment"": ""prod"", ""ManagedBy"": ""terraform""}"
1.449,sub-a1b2c3d4,cloudfinops-demo,Billing Account,USD,2026-09-01T00:00:00Z,2026-10-01T00:00:00Z,Usage,,Azure DNS - Domain Name Services,Usage-Based,2026-09-11T00:00:00Z,2026-09-11T23:59:59Z,,,,59.63,Query,1.449,0.0243,1.449,Microsoft Corporation,1.449,0.0243,Standard,59.63,Query,eastus,East US,microsoft/sub-a1b2c3d4/azure-dns,azure-dns-prod,DNS Zone,Networking,Domain Name Services,Azure DNS,Microsoft Azure,MIC-AzureDNS,MIC-AzureDNS-eastus,sub-a1b2c3d4,assinatura-producao,Subscription,"{""OwnerTeam"": ""dados"", ""Environment"": ""prod"", ""ManagedBy"": ""serverless""}"
1.2447,sub-a1b2c3d4,cloudfinops-demo,Billing Account,USD,2026-09-01T00:00:00Z,2026-10-01T00:00:00Z,Usage,,Azure DNS - Domain Name Services,Usage-Based,2026-09-12T00:00:00Z,2026-09-12T23:59:59Z,,,,3.841,Query,1.2447,0.324056,1.2447,Microsoft Corporation,1.2447,0.324056,Standard,3.841,Query,eastus,East US,microsoft/sub-a1b2c3d4/azure-dns,azure-dns-prod,DNS Zone,Networking,Domain Name Services,Azure DNS,Microsoft Azure,MIC-AzureDNS,MIC-AzureDNS-eastus,sub-a1b2c3d4,assinatura-producao,Subscription,"{""OwnerTeam"": ""dados"", ""Environment"": ""prod"", ""ManagedBy"": ""terraform""}"
1.2123,sub-a1b2c3d4,cloudfinops-demo,Billing Account,USD,2026-09-01T00:00:00Z,2026-10-01T00:00:00Z,Usage,,Azure DNS - Domain Name Services,Usage-Based,2026-09-13T00:00:00Z,2026-09-13T23:59:59Z,,,,9.057,Query,1.2123,0.133852,1.2123,Microsoft Corporation,1.2123,0.133852,Standard,9.057,Query,eastus,East US,microsoft/sub-a1b2c3d4/azure-dns,azure-dns-prod,DNS Zone,Networking,Domain Name Services,Azure DNS,Microsoft Azure,MIC-AzureDNS,MIC-AzureDNS-eastus,sub-a1b2c3d4,assinatura-producao,Subscription,"{""OwnerTeam"": ""redes"", ""Environment"": ""prod"", ""ManagedBy"": ""terraform""}"
1.4093,sub-a1b2c3d4,cloudfinops-demo,Billing Account,USD,2026-09-01T00:00:00Z,2026-10-01T00:00:00Z,Usage,,Azure DNS - Domain Name Services,Usage-Based,2026-09-14T00:00:00Z,2026-09-14T23:59:59Z,,,,3.603,Query,1.4093,0.391146,1.4093,Microsoft Corporation,1.4093,0.391146,Standard,3.603,Query,eastus,East US,microsoft/sub-a1b2c3d4/azure-dns,azure-dns-prod,DNS Zone,Networking,Domain Name Services,Azure DNS,Microsoft Azure,MIC-AzureDNS,MIC-AzureDNS-eastus,sub-a1b2c3d4,assinatura-producao,Subscription,"{""OwnerTeam"": ""plataforma"", ""Environment"": ""prod"", ""ManagedBy"": ""terraform""}"
1.4599,sub-a1b2c3d4,cloudfinops-demo,Billing Account,USD,2026-09-01T00:00:00Z,2026-10-01T00:00:00Z,Usage,,Azure DNS - Domain Name Services,Usage-Based,2026-09-15T00:00:00Z,2026-09-15T23:59:59Z,,,,6.817,Query,1.4599,0.214156,1.4599,Microsoft Corporation,1.4599,0.214156,Standard,6.817,Query,eastus,East US,microsoft/sub-a1b2c3d4/azure-dns,azure-dns-prod,DNS Zone,Networking,Domain Name Services,Azure DNS,Microsoft Azure,MIC-AzureDNS,MIC-AzureDNS-eastus,sub-a1b2c3d4,assinatura-producao,Subscription,"{""OwnerTeam"": ""plataforma"", ""Environment"": ""prod"", ""ManagedBy"": ""serverless""}"
1.4844,sub-a1b2c3d4,cloudfinops-demo,Billing Account,USD,2026-09-01T00:00:00Z,2026-10-01T00:00:00Z,Usage,,Azure DNS - Domain Name Services,Usage-Based,2026-09-16T00:00:00Z,2026-09-16T23:59:59Z,,,,3.505,Query,1.4844,0.423509,1.4844,Microsoft Corporation,1.4844,0.423509,Standard,3.505,Query,eastus,East US,microsoft/sub-a1b2c3d4/azure-dns,azure-dns-prod,DNS Zone,Networking,Domain Name Services,Azure DNS,Microsoft Azure,MIC-AzureDNS,MIC-AzureDNS-eastus,sub-a1b2c3d4,assinatura-producao,Subscription,"{""OwnerTeam"": ""dados"", ""Environment"": ""prod"", ""ManagedBy"": ""terraform""}"
1.4075,sub-a1b2c3d4,cloudfinops-demo,Billing Account,USD,2026-09-01T00:00:00Z,2026-10-01T00:00:00Z,Usage,,Azure DNS - Domain Name Services,Usage-Based,2026-09-17T00:00:00Z,2026-09-17T23:59:59Z,,,,20.191,Query,1.4075,0.069709,1.4075,Microsoft Corporation,1.4075,0.069709,Standard,20.191,Query,eastus,East US,microsoft/sub-a1b2c3d4/azure-dns,azure-dns-prod,DNS Zone,Networking,Domain Name Services,Azure DNS,Microsoft Azure,MIC-AzureDNS,MIC-AzureDNS-eastus,sub-a1b2c3d4,assinatura-producao,Subscription,"{""OwnerTeam"": ""plataforma"", ""Environment"": ""prod"", ""ManagedBy"": ""manual""}"
1.4055,sub-a1b2c3d4,cloudfinops-demo,Billing Account,USD,2026-09-01T00:00:00Z,2026-10-01T00:00:00Z,Usage,,Azure DNS - Domain Name Services,Usage-Based,2026-09-18T00:00:00Z,2026-09-18T23:59:59Z,,,,5.384,Query,1.4055,0.261051,1.4055,Microsoft Corporation,1.4055,0.261051,Standard,5.384,Query,eastus,East US,microsoft/sub-a1b2c3d4/azure-dns,azure-dns-prod,DNS Zone,Networking,Domain Name Services,Azure DNS,Microsoft Azure,MIC-AzureDNS,MIC-AzureDNS-eastus,sub-a1b2c3d4,assinatura-producao,Subscription,"{""OwnerTeam"": ""plataforma"", ""Environment"": ""prod"", ""ManagedBy"": ""terraform""}"
1.2192,sub-a1b2c3d4,cloudfinops-demo,Billing Account,USD,2026-09-01T00:00:00Z,2026-10-01T00:00:00Z,Usage,,Azure DNS - Domain Name Services,Usage-Based,2026-09-19T00:00:00Z,2026-09-19T23:59:59Z,,,,3.117,Query,1.2192,0.391145,1.2192,Microsoft Corporation,1.2192,0.391145,Standard,3.117,Query,eastus,East US,microsoft/sub-a1b2c3d4/azure-dns,azure-dns-prod,DNS Zone,Networking,Domain Name Services,Azure DNS,Microsoft Azure,MIC-AzureDNS,MIC-AzureDNS-eastus,sub-a1b2c3d4,assinatura-producao,Subscription,"{""OwnerTeam"": ""backend"", ""Environment"": ""prod"", ""ManagedBy"": ""terraform""}"
1.2492,sub-a1b2c3d4,cloudfinops-demo,Billing Account,USD,2026-09-01T00:00:00Z,2026-10-01T00:00:00Z,Usage,,Azure DNS - Domain Name Services,Usage-Based,2026-09-20T00:00:00Z,2026-09-20T23:59:59Z,,,,8.067,Query,1.2492,0.154853,1.2492,Microsoft Corporation,1.2492,0.154853,Standard,8.067,Query,eastus,East US,microsoft/sub-a1b2c3d4/azure-dns,azure-dns-prod,DNS Zone,Networking,Domain Name Services,Azure DNS,Microsoft Azure,MIC-AzureDNS,MIC-AzureDNS-eastus,sub-a1b2c3d4,assinatura-producao,Subscription,"{""OwnerTeam"": ""plataforma"", ""Environment"": ""prod"", ""ManagedBy"": ""terraform""}"
1.5031,sub-a1b2c3d4,cloudfinops-demo,Billing Account,USD,2026-09-01T00:00:00Z,2026-10-01T00:00:00Z,Usage,,Azure DNS - Domain Name Services,Usage-Based,2026-09-21T00:00:00Z,2026-09-21T23:59:59Z,,,,5.947,Query,1.5031,0.252749,1.5031,Microsoft Corporation,1.5031,0.252749,Standard,5.947,Query,eastus,East US,microsoft/sub-a1b2c3d4/azure-dns,azure-dns-prod,DNS Zone,Networking,Domain Name Services,Azure DNS,Microsoft Azure,MIC-AzureDNS,MIC-AzureDNS-eastus,sub-a1b2c3d4,assinatura-producao,Subscription,"{""OwnerTeam"": ""redes"", ""Environment"": ""prod"", ""ManagedBy"": ""serverless""}"
1.4074,sub-a1b2c3d4,cloudfinops-demo,Billing Account,USD,2026-09-01T00:00:00Z,2026-10-01T00:00:00Z,Usage,,Azure DNS - Domain Name Services,Usage-Based,2026-09-22T00:00:00Z,2026-09-22T23:59:59Z,,,,3.64,Query,1.4074,0.386648,1.4074,Microsoft Corporation,1.4074,0.386648,Standard,3.64,Query,eastus,East US,microsoft/sub-a1b2c3d4/azure-dns,azure-dns-prod,DNS Zone,Networking,Domain Name Services,Azure DNS,Microsoft Azure,MIC-AzureDNS,MIC-AzureDNS-eastus,sub-a1b2c3d4,assinatura-producao,Subscription,"{""OwnerTeam"": ""backend"", ""Environment"": ""prod"", ""ManagedBy"": ""serverless""}"
1.4157,sub-a1b2c3d4,cloudfinops-demo,Billing Account,USD,2026-09-01T00:00:00Z,2026-10-01T00:00:00Z,Usage,,Azure DNS - Domain Name Services,Usage-Based,2026-09-23T00:00:00Z,2026-09-23T23:59:59Z,,,,41.791,Query,1.4157,0.033876,1.4157,Microsoft Corporation,1.4157,0.033876,Standard,41.791,Query,eastus,East US,microsoft/sub-a1b2c3d4/azure-dns,azure-dns-prod,DNS Zone,Networking,Domain Name Services,Azure DNS,Microsoft Azure,MIC-AzureDNS,MIC-AzureDNS-eastus,sub-a1b2c3d4,assinatura-producao,Subscription,"{""OwnerTeam"": ""backend"", ""Environment"": ""prod"", ""ManagedBy"": ""serverless""}"
1.4186,sub-a1b2c3d4,cloudfinops-demo,Billing Account,USD,2026-09-01T00:00:00Z,2026-10-01T00:00:00Z,Usage,,Azure DNS - Domain Name Services,Usage-Based,2026-09-24T00:00:00Z,2026-09-24T23:59:59Z,,,,4.257,Query,1.4186,0.333239,1.4186,Microsoft Corporation,1.4186,0.333239,Standard,4.257,Query,eastus,East US,microsoft/sub-a1b2c3d4/azure-dns,azure-dns-prod,DNS Zone,Networking,Domain Name Services,Azure DNS,Microsoft Azure,MIC-AzureDNS,MIC-AzureDNS-eastus,sub-a1b2c3d4,assinatura-producao,Subscription,"{""OwnerTeam"": ""dados"", ""Environment"": ""prod"", ""ManagedBy"": ""manual""}"
1.4749,sub-a1b2c3d4,cloudfinops-demo,Billing Account,USD,2026-09-01T00:00:00Z,2026-10-01T00:00:00Z,Usage,,Azure DNS - Domain Name Services,Usage-Based,2026-09-25T00:00:00Z,2026-09-25T23:59:59Z,,,,8.117,Query,1.4749,0.181705,1.4749,Microsoft Corporation,1.4749,0.181705,Standard,8.117,Query,eastus,East US,microsoft/sub-a1b2c3d4/azure-dns,azure-dns-prod,DNS Zone,Networking,Domain Name Services,Azure DNS,Microsoft Azure,MIC-AzureDNS,MIC-AzureDNS-eastus,sub-a1b2c3d4,assinatura-producao,Subscription,"{""OwnerTeam"": ""dados"", ""Environment"": ""prod"", ""ManagedBy"": ""manual""}"
1.2631,sub-a1b2c3d4,cloudfinops-demo,Billing Account,USD,2026-09-01T00:00:00Z,2026-10-01T00:00:00Z,Usage,,Azure DNS - Domain Name Services,Usage-Based,2026-09-26T00:00:00Z,2026-09-26T23:59:59Z,,,,3.756,Query,1.2631,0.336289,1.2631,Microsoft Corporation,1.2631,0.336289,Standard,3.756,Query,eastus,East US,microsoft/sub-a1b2c3d4/azure-dns,azure-dns-prod,DNS Zone,Networking,Domain Name Services,Azure DNS,Microsoft Azure,MIC-AzureDNS,MIC-AzureDNS-eastus,sub-a1b2c3d4,assinatura-producao,Subscription,"{""OwnerTeam"": ""redes"", ""Environment"": ""prod"", ""ManagedBy"": ""serverless""}"
1.2218,sub-a1b2c3d4,cloudfinops-demo,Billing Account,USD,2026-09-01T00:00:00Z,2026-10-01T00:00:00Z,Usage,,Azure DNS - Domain Name Services,Usage-Based,2026-09-27T00:00:00Z,2026-09-27T23:59:59Z,,,,3.762,Query,1.2218,0.324774,1.2218,Microsoft Corporation,1.2218,0.324774,Standard,3.762,Query,eastus,East US,microsoft/sub-a1b2c3d4/azure-dns,azure-dns-prod,DNS Zone,Networking,Domain Name Services,Azure DNS,Microsoft Azure,MIC-AzureDNS,MIC-AzureDNS-eastus,sub-a1b2c3d4,assinatura-producao,Subscription,"{""OwnerTeam"": ""plataforma"", ""Environment"": ""prod"", ""ManagedBy"": ""cloudformation""}"
1.4347,sub-a1b2c3d4,cloudfinops-demo,Billing Account,USD,2026-09-01T00:00:00Z,2026-10-01T00:00:00Z,Usage,,Azure DNS - Domain Name Services,Usage-Based,2026-09-28T00:00:00Z,2026-09-28T23:59:59Z,,,,6.675,Query,1.4347,0.214936,1.4347,Microsoft Corporation,1.4347,0.214936,Standard,6.675,Query,eastus,East US,microsoft/sub-a1b2c3d4/azure-dns,azure-dns-prod,DNS Zone,Networking,Domain Name Services,Azure DNS,Microsoft Azure,MIC-AzureDNS,MIC-AzureDNS-eastus,sub-a1b2c3d4,assinatura-producao,Subscription,"{""OwnerTeam"": ""plataforma"", ""Environment"": ""prod"", ""ManagedBy"": ""terraform""}"
1.4136,sub-a1b2c3d4,cloudfinops-demo,Billing Account,USD,2026-09-01T00:00:00Z,2026-10-01T00:00:00Z,Usage,,Azure DNS - Domain Name Services,Usage-Based,2026-09-29T00:00:00Z,2026-09-29T23:59:59Z,,,,27.243,Query,1.4136,0.051889,1.4136,Microsoft Corporation,1.4136,0.051889,Standard,27.243,Query,eastus,East US,microsoft/sub-a1b2c3d4/azure-dns,azure-dns-prod,DNS Zone,Networking,Domain Name Services,Azure DNS,Microsoft Azure,MIC-AzureDNS,MIC-AzureDNS-eastus,sub-a1b2c3d4,assinatura-producao,Subscription,"{""OwnerTeam"": ""dados"", ""Environment"": ""prod"", ""ManagedBy"": ""cloudformation""}"
1.4057,sub-a1b2c3d4,cloudfinops-demo,Billing Account,USD,2026-09-01T00:00:00Z,2026-10-01T00:00:00Z,Usage,,Azure DNS - Domain Name Services,Usage-Based,2026-09-30T00:00:00Z,2026-09-30T23:59:59Z,,,,28.919,Query,1.4057,0.048608,1.4057,Microsoft Corporation,1.4057,0.048608,Standard,28.919,Query,eastus,East US,microsoft/sub-a1b2c3d4/azure-dns,azure-dns-prod,DNS Zone,Networking,Domain Name Services,Azure DNS,Microsoft Azure,MIC-AzureDNS,MIC-AzureDNS-eastus,sub-a1b2c3d4,assinatura-producao,Subscription,"{""OwnerTeam"": ""redes"", ""Environment"": ""prod"", ""ManagedBy"": ""cloudformation""}"
1.5513,sub-a1b2c3d4,cloudfinops-demo,Billing Account,USD,2026-10-01T00:00:00Z,2026-11-01T00:00:00Z,Usage,,Azure DNS - Domain Name Services,Usage-Based,2026-10-01T00:00:00Z,2026-10-01T23:59:59Z,,,,4.352,Query,1.5513,0.356457,1.5513,Microsoft Corporation,1.5513,0.356457,Standard,4.352,Query,eastus,East US,microsoft/sub-a1b2c3d4/azure-dns,azure-dns-prod,DNS Zone,Networking,Domain Name Services,Azure DNS,Microsoft Azure,MIC-AzureDNS,MIC-AzureDNS-eastus,sub-a1b2c3d4,assinatura-producao,Subscription,"{""OwnerTeam"": ""plataforma"", ""Environment"": ""prod"", ""ManagedBy"": ""cloudformation""}"
1.5379,sub-a1b2c3d4,cloudfinops-demo,Billing Account,USD,2026-10-01T00:00:00Z,2026-11-01T00:00:00Z,Usage,,Azure DNS - Domain Name Services,Usage-Based,2026-10-02T00:00:00Z,2026-10-02T23:59:59Z,,,,3.815,Query,1.5379,0.403119,1.5379,Microsoft Corporation,1.5379,0.403119,Standard,3.815,Query,eastus,East US,microsoft/sub-a1b2c3d4/azure-dns,azure-dns-prod,DNS Zone,Networking,Domain Name Services,Azure DNS,Microsoft Azure,MIC-AzureDNS,MIC-AzureDNS-eastus,sub-a1b2c3d4,assinatura-producao,Subscription,"{""OwnerTeam"": ""plataforma"", ""Environment"": ""prod"", ""ManagedBy"": ""terraform""}"
1.2952,sub-a1b2c3d4,cloudfinops-demo,Billing Account,USD,2026-10-01T00:00:00Z,2026-11-01T00:00:00Z,Usage,,Azure DNS - Domain Name Services,Usage-Based,2026-10-03T00:00:00Z,2026-10-03T23:59:59Z,,,,3.879,Query,1.2952,0.3339,1.2952,Microsoft Corporation,1.2952,0.3339,Standard,3.879,Query,eastus,East US,microsoft/sub-a1b2c3d4/azure-dns,azure-dns-prod,DNS Zone,Networking,Domain Name Services,Azure DNS,Microsoft Azure,MIC-AzureDNS,MIC-AzureDNS-eastus,sub-a1b2c3d4,assinatura-producao,Subscription,"{""OwnerTeam"": ""redes"", ""Environment"": ""prod"", ""ManagedBy"": ""manual""}"
0.4454,sub-a1b2c3d4,cloudfinops-demo,Billing Account,USD,2026-08-01T00:00:00Z,2026-09-01T00:00:00Z,Usage,,Azure DNS - Domain Name Services,Usage-Based,2026-08-01T00:00:00Z,2026-08-01T23:59:59Z,,,,1.575,Query,0.4454,0.282794,0.4454,Microsoft Corporation,0.4454,0.282794,Standard,1.575,Query,eastus,East US,microsoft/sub-d4e5f6a7/azure-dns,azure-dns-dev,DNS Zone,Networking,Domain Name Services,Azure DNS,Microsoft Azure,MIC-AzureDNS,MIC-AzureDNS-eastus,sub-d4e5f6a7,assinatura-dev,Subscription,"{""OwnerTeam"": ""dados"", ""Environment"": ""dev"", ""ManagedBy"": ""manual""}"
0.4498,sub-a1b2c3d4,cloudfinops-demo,Billing Account,USD,2026-08-01T00:00:00Z,2026-09-01T00:00:00Z,Usage,,Azure DNS - Domain Name Services,Usage-Based,2026-08-02T00:00:00Z,2026-08-02T23:59:59Z,,,,1.144,Query,0.4498,0.393182,0.4498,Microsoft Corporation,0.4498,0.393182,Standard,1.144,Query,eastus,East US,microsoft/sub-d4e5f6a7/azure-dns,azure-dns-dev,DNS Zone,Networking,Domain Name Services,Azure DNS,Microsoft Azure,MIC-AzureDNS,MIC-AzureDNS-eastus,sub-d4e5f6a7,assinatura-dev,Subscription,"{""OwnerTeam"": ""plataforma"", ""Environment"": ""dev"", ""ManagedBy"": ""terraform""}"
0.5394,sub-a1b2c3d4,cloudfinops-demo,Billing Account,USD,2026-08-01T00:00:00Z,2026-09-01T00:00:00Z,Usage,,Azure DNS - Domain Name Services,Usage-Based,2026-08-03T00:00:00Z,2026-08-03T23:59:59Z,,,,1.648,Query,0.5394,0.327306,0.5394,Microsoft Corporation,0.5394,0.327306,Standard,1.648,Query,eastus,East US,microsoft/sub-d4e5f6a7/azure-dns,azure-dns-dev,DNS Zone,Networking,Domain Name Services,Azure DNS,Microsoft Azure,MIC-AzureDNS,MIC-AzureDNS-eastus,sub-d4e5f6a7,assinatura-dev,Subscription,"{""OwnerTeam"": ""plataforma"", ""Environment"": ""dev"", ""ManagedBy"": ""manual""}"
0.5322,sub-a1b2c3d4,cloudfinops-demo,Billing Account,USD,2026-08-01T00:00:00Z,2026-09-01T00:00:00Z,Usage,,Azure DNS - Domain Name Services,Usage-Based,2026-08-04T00:00:00Z,2026-08-04T23:59:59Z,,,,1.572,Query,0.5322,0.33855,0.5322,Microsoft Corporation,0.5322,0.33855,Standard,1.572,Query,eastus,East US,microsoft/sub-d4e5f6a7/azure-dns,azure-dns-dev,DNS Zone,Networking,Domain Name Services,Azure DNS,Microsoft Azure,MIC-AzureDNS,MIC-AzureDNS-eastus,sub-d4e5f6a7,assinatura-dev,Subscription,"{""OwnerTeam"": ""redes"", ""Environment"": ""dev"", ""ManagedBy"": ""manual""}"
0.5483,sub-a1b2c3d4,cloudfinops-demo,Billing Account,USD,2026-08-01T00:00:00Z,2026-09-01T00:00:00Z,Usage,,Azure DNS - Domain Name Services,Usage-Based,2026-08-05T00:00:00Z,2026-08-05T23:59:59Z,,,,1.593,Query,0.5483,0.344193,0.5483,Microsoft Corporation,0.5483,0.344193,Standard,1.593,Query,eastus,East US,microsoft/sub-d4e5f6a7/azure-dns,azure-dns-dev,DNS Zone,Networking,Domain Name Services,Azure DNS,Microsoft Azure,MIC-AzureDNS,MIC-AzureDNS-eastus,sub-d4e5f6a7,assinatura-dev,Subscription,"{""OwnerTeam"": ""redes"", ""Environment"": ""dev"", ""ManagedBy"": ""terraform""}"
0.5314,sub-a1b2c3d4,cloudfinops-demo,Billing Account,USD,2026-08-01T00:00:00Z,2026-09-01T00:00:00Z,Usage,,Azure DNS - Domain Name Services,Usage-Based,2026-08-06T00:00:00Z,2026-08-06T23:59:59Z,,,,2.279,Query,0.5314,0.233172,0.5314,Microsoft Corporation,0.5314,0.233172,Standard,2.279,Query,eastus,East US,microsoft/sub-d4e5f6a7/azure-dns,azure-dns-dev,DNS Zone,Networking,Domain Name Services,Azure DNS,Microsoft Azure,MIC-AzureDNS,MIC-AzureDNS-eastus,sub-d4e5f6a7,assinatura-dev,Subscription,"{""OwnerTeam"": ""redes"", ""Environment"": ""dev"", ""ManagedBy"": ""manual""}"
0.5354,sub-a1b2c3d4,cloudfinops-demo,Billing Account,USD,2026-08-01T00:00:00Z,2026-09-01T00:00:00Z,Usage,,Azure DNS - Domain Name Services,Usage-Based,2026-08-07T00:00:00Z,2026-08-07T23:59:59Z,,,,6.584,Query,0.5354,0.081318,0.5354,Microsoft Corporation,0.5354,0.081318,Standard,6.584,Query,eastus,East US,microsoft/sub-d4e5f6a7/azure-dns,azure-dns-dev,DNS Zone,Networking,Domain Name Services,Azure DNS,Microsoft Azure,MIC-AzureDNS,MIC-AzureDNS-eastus,sub-d4e5f6a7,assinatura-dev,Subscription,"{""OwnerTeam"": ""plataforma"", ""Environment"": ""dev"", ""ManagedBy"": ""manual""}"
0.4652,sub-a1b2c3d4,cloudfinops-demo,Billing Account,USD,2026-08-01T00:00:00Z,2026-09-01T00:00:00Z,Usage,,Azure DNS - Domain Name Services,Usage-Based,2026-08-08T00:00:00Z,2026-08-08T23:59:59Z,,,,3.634,Query,0.4652,0.128013,0.4652,Microsoft Corporation,0.4652,0.128013,Standard,3.634,Query,eastus,East US,microsoft/sub-d4e5f6a7/azure-dns,azure-dns-dev,DNS Zone,Networking,Domain Name Services,Azure DNS,Microsoft Azure,MIC-AzureDNS,MIC-AzureDNS-eastus,sub-d4e5f6a7,assinatura-dev,Subscription,"{""OwnerTeam"": ""dados"", ""Environment"": ""dev"", ""ManagedBy"": ""terraform""}"
0.4674,sub-a1b2c3d4,cloudfinops-demo,Billing Account,USD,2026-08-01T00:00:00Z,2026-09-01T00:00:00Z,Usage,,Azure DNS - Domain Name Services,Usage-Based,2026-08-09T00:00:00Z,2026-08-09T23:59:59Z,,,,3.127,Query,0.4674,0.149472,0.4674,Microsoft Corporation,0.4674,0.149472,Standard,3.127,Query,eastus,East US,microsoft/sub-d4e5f6a7/azure-dns,azure-dns-dev,DNS Zone,Networking,Domain Name Services,Azure DNS,Microsoft Azure,MIC-AzureDNS,MIC-AzureDNS-eastus,sub-d4e5f6a7,assinatura-dev,Subscription,"{""OwnerTeam"": ""plataforma"", ""Environment"": ""dev"", ""ManagedBy"": ""manual""}"
0.5391,sub-a1b2c3d4,cloudfinops-demo,Billing Account,USD,2026-08-01T00:00:00Z,2026-09-01T00:00:00Z,Usage,,Azure DNS - Domain Name Services,Usage-Based,2026-08-10T00:00:00Z,2026-08-10T23:59:59Z,,,,21.657,Query,0.5391,0.024893,0.5391,Microsoft Corporation,0.5391,0.024893,Standard,21.657,Query,eastus,East US,microsoft/sub-d4e5f6a7/azure-dns,azure-dns-dev,DNS Zone,Networking,Domain Name Services,Azure DNS,Microsoft Azure,MIC-AzureDNS,MIC-AzureDNS-eastus,sub-d4e5f6a7,assinatura-dev,Subscription,"{""OwnerTeam"": ""redes"", ""Environment"": ""dev"", ""ManagedBy"": ""cloudformation""}"
0.5284,sub-a1b2c3d4,cloudfinops-demo,Billing Account,USD,2026-08-01T00:00:00Z,2026-09-01T00:00:00Z,Usage,,Azure DNS - Domain Name Services,Usage-Based,2026-08-11T00:00:00Z,2026-08-11T23:59:59Z,,,,1.402,Query,0.5284,0.37689,0.5284,Microsoft Corporation,0.5284,0.37689,Standard,1.402,Query,eastus,East US,microsoft/sub-d4e5f6a7/azure-dns,azure-dns-dev,DNS Zone,Networking,Domain Name Services,Azure DNS,Microsoft Azure,MIC-AzureDNS,MIC-AzureDNS-eastus,sub-d4e5f6a7,assinatura-dev,Subscription,"{""OwnerTeam"": ""backend"", ""Environment"": ""dev"", ""ManagedBy"": ""serverless""}"
0.5521,sub-a1b2c3d4,cloudfinops-demo,Billing Account,USD,2026-08-01T00:00:00Z,2026-09-01T00:00:00Z,Usage,,Azure DNS - Domain Name Services,Usage-Based,2026-08-12T00:00:00Z,2026-08-12T23:59:59Z,,,,1.229,Query,0.5521,0.449227,0.5521,Microsoft Corporation,0.5521,0.449227,Standard,1.229,Query,eastus,East US,microsoft/sub-d4e5f6a7/azure-dns,azure-dns-dev,DNS Zone,Networking,Domain Name Services,Azure DNS,Microsoft Azure,MIC-AzureDNS,MIC-AzureDNS-eastus,sub-d4e5f6a7,assinatura-dev,Subscription,"{""OwnerTeam"": ""redes"", ""Environment"": ""dev"", ""ManagedBy"": ""manual""}"
0.5338,sub-a1b2c3d4,cloudfinops-demo,Billing Account,USD,2026-08-01T00:00:00Z,2026-09-01T00:00:00Z,Usage,,Azure DNS - Domain Name Services,Usage-Based,2026-08-13T00:00:00Z,2026-08-13T23:59:59Z,,,,8.151,Query,0.5338,0.065489,0.5338,Microsoft Corporation,0.5338,0.065489,Standard,8.151,Query,eastus,East US,microsoft/sub-d4e5f6a7/azure-dns,azure-dns-dev,DNS Zone,Networking,Domain Name Services,Azure DNS,Microsoft Azure,MIC-AzureDNS,MIC-AzureDNS-eastus,sub-d4e5f6a7,assinatura-dev,Subscription,"{""OwnerTeam"": ""plataforma"", ""Environment"": ""dev"", ""ManagedBy"": ""manual""}"
0.5429,sub-a1b2c3d4,cloudfinops-demo,Billing Account,USD,2026-08-01T00:00:00Z,2026-09-01T00:00:00Z,Usage,,Azure DNS - Domain Name Services,Usage-Based,2026-08-14T00:00:00Z,2026-08-14T23:59:59Z,,,,4.164,Query,0.5429,0.130379,0.5429,Microsoft Corporation,0.5429,0.130379,Standard,4.164,Query,eastus,East US,microsoft/sub-d4e5f6a7/azure-dns,azure-dns-dev,DNS Zone,Networking,Domain Name Services,Azure DNS,Microsoft Azure,MIC-AzureDNS,MIC-AzureDNS-eastus,sub-d4e5f6a7,assinatura-dev,Subscription,"{""OwnerTeam"": ""backend"", ""Environment"": ""dev"", ""ManagedBy"": ""serverless""}"
0.4482,sub-a1b2c3d4,cloudfinops-demo,Billing Account,USD,2026-08-01T00:00:00Z,2026-09-01T00:00:00Z,Usage,,Azure DNS - Domain Name Services,Usage-Based,2026-08-15T00:00:00Z,2026-08-15T23:59:59Z,,,,2.372,Query,0.4482,0.188954,0.4482,Microsoft Corporation,0.4482,0.188954,Standard,2.372,Query,eastus,East US,microsoft/sub-d4e5f6a7/azure-dns,azure-dns-dev,DNS Zone,Networking,Domain Name Services,Azure DNS,Microsoft Azure,MIC-AzureDNS,MIC-AzureDNS-eastus,sub-d4e5f6a7,assinatura-dev,Subscription,"{""OwnerTeam"": ""backend"", ""Environment"": ""dev"", ""ManagedBy"": ""serverless""}"
0.4438,sub-a1b2c3d4,cloudfinops-demo,Billing Account,USD,2026-08-01T00:00:00Z,2026-09-01T00:00:00Z,Usage,,Azure DNS - Domain Name Services,Usage-Based,2026-08-16T00:00:00Z,2026-08-16T23:59:59Z,,,,1.648,Query,0.4438,0.269296,0.4438,Microsoft Corporation,0.4438,0.269296,Standard,1.648,Query,eastus,East US,microsoft/sub-d4e5f6a7/azure-dns,azure-dns-dev,DNS Zone,Networking,Domain Name Services,Azure DNS,Microsoft Azure,MIC-AzureDNS,MIC-AzureDNS-eastus,sub-d4e5f6a7,assinatura-dev,Subscription,"{""OwnerTeam"": ""plataforma"", ""Environment"": ""dev"", ""ManagedBy"": ""terraform""}"
0.54,sub-a1b2c3d4,cloudfinops-demo,Billing Account,USD,2026-08-01T00:00:00Z,2026-09-01T00:00:00Z,Usage,,Azure DNS - Domain Name Services,Usage-Based,2026-08-17T00:00:00Z,2026-08-17T23:59:59Z,,,,1.757,Query,0.54,0.307342,0.54,Microsoft Corporation,0.54,0.307342,Standard,1.757,Query,eastus,East US,microsoft/sub-d4e5f6a7/azure-dns,azure-dns-dev,DNS Zone,Networking,Domain Name Services,Azure DNS,Microsoft Azure,MIC-AzureDNS,MIC-AzureDNS-eastus,sub-d4e5f6a7,assinatura-dev,Subscription,"{""OwnerTeam"": ""dados"", ""Environment"": ""dev"", ""ManagedBy"": ""terraform""}"
0.5451,sub-a1b2c3d4,cloudfinops-demo,Billing Account,USD,2026-08-01T00:00:00Z,2026-09-01T00:00:00Z,Usage,,Azure DNS - Domain Name Services,Usage-Based,2026-08-18T00:00:00Z,2026-08-18T23:59:59Z,,,,4.273,Query,0.5451,0.127568,0.5451,Microsoft Corporation,0.5451,0.127568,Standard,4.273,Query,eastus,East US,microsoft/sub-d4e5f6a7/azure-dns,azure-dns-dev,DNS Zone,Networking,Domain Name Services,Azure DNS,Microsoft Azure,MIC-AzureDNS,MIC-AzureDNS-eastus,sub-d4e5f6a7,assinatura-dev,Subscription,"{""OwnerTeam"": ""plataforma"", ""Environment"": ""dev"", ""ManagedBy"": ""cloudformation""}"
0.5528,sub-a1b2c3d4,cloudfinops-demo,Billing Account,USD,2026-08-01T00:00:00Z,2026-09-01T00:00:00Z,Usage,,Azure DNS - Domain Name Services,Usage-Based,2026-08-19T00:00:00Z,2026-08-19T23:59:59Z,,,,2.328,Query,0.5528,0.237457,0.5528,Microsoft Corporation,0.5528,0.237457,Standard,2.328,Query,eastus,East US,microsoft/sub-d4e5f6a7/azure-dns,azure-dns-dev,DNS Zone,Networking,Domain Name Services,Azure DNS,Microsoft Azure,MIC-AzureDNS,MIC-AzureDNS-eastus,sub-d4e5f6a7,assinatura-dev,Subscription,"{""OwnerTeam"": ""plataforma"", ""Environment"": ""dev"", ""ManagedBy"": ""serverless""}"
0.5378,sub-a1b2c3d4,cloudfinops-demo,Billing Account,USD,2026-08-01T00:00:00Z,2026-09-01T00:00:00Z,Usage,,Azure DNS - Domain Name Services,Usage-Based,2026-08-20T00:00:00Z,2026-08-20T23:59:59Z,,,,23.783,Query,0.5378,0.022613,0.5378,Microsoft Corporation,0.5378,0.022613,Standard,23.783,Query,eastus,East US,microsoft/sub-d4e5f6a7/azure-dns,azure-dns-dev,DNS Zone,Networking,Domain Name Services,Azure DNS,Microsoft Azure,MIC-AzureDNS,MIC-AzureDNS-eastus,sub-d4e5f6a7,assinatura-dev,Subscription,"{""OwnerTeam"": ""dados"", ""Environment"": ""dev"", ""ManagedBy"": ""cloudformation""}"
0.5365,sub-a1b2c3d4,cloudfinops-demo,Billing Account,USD,2026-08-01T00:00:00Z,2026-09-01T00:00:00Z,Usage,,Azure DNS - Domain Name Services,Usage-Based,2026-08-21T00:00:00Z,2026-08-21T23:59:59Z,,,,1.443,Query,0.5365,0.371795,0.5365,Microsoft Corporation,0.5365,0.371795,Standard,1.443,Query,eastus,East US,microsoft/sub-d4e5f6a7/azure-dns,azure-dns-dev,DNS Zone,Networking,Domain Name Services,Azure DNS,Microsoft Azure,MIC-AzureDNS,MIC-AzureDNS-eastus,sub-d4e5f6a7,assinatura-dev,Subscription,"{""OwnerTeam"": ""redes"", ""Environment"": ""dev"", ""ManagedBy"": ""cloudformation""}"
0.445,sub-a1b2c3d4,cloudfinops-demo,Billing Account,USD,2026-08-01T00:00:00Z,2026-09-01T00:00:00Z,Usage,,Azure DNS - Domain Name Services,Usage-Based,2026-08-22T00:00:00Z,2026-08-22T23:59:59Z,,,,3.325,Query,0.445,0.133835,0.445,Microsoft Corporation,0.445,0.133835,Standard,3.325,Query,eastus,East US,microsoft/sub-d4e5f6a7/azure-dns,azure-dns-dev,DNS Zone,Networking,Domain Name Services,Azure DNS,Microsoft Azure,MIC-AzureDNS,MIC-AzureDNS-eastus,sub-d4e5f6a7,assinatura-dev,Subscription,"{""OwnerTeam"": ""backend"", ""Environment"": ""dev"", ""ManagedBy"": ""serverless""}"
0.4547,sub-a1b2c3d4,cloudfinops-demo,Billing Account,USD,2026-08-01T00:00:00Z,2026-09-01T00:00:00Z,Usage,,Azure DNS - Domain Name Services,Usage-Based,2026-08-23T00:00:00Z,2026-08-23T23:59:59Z,,,,14.195,Query,0.4547,0.032032,0.4547,Microsoft Corporation,0.4547,0.032032,Standard,14.195,Query,eastus,East US,microsoft/sub-d4e5f6a7/azure-dns,azure-dns-dev,DNS Zone,Networking,Domain Name Services,Azure DNS,Microsoft Azure,MIC-AzureDNS,MIC-AzureDNS-eastus,sub-d4e5f6a7,assinatura-dev,Subscription,"{""OwnerTeam"": ""redes"", ""Environment"": ""dev"", ""ManagedBy"": ""manual""}"
0.5342,sub-a1b2c3d4,cloudfinops-demo,Billing Account,USD,2026-08-01T00:00:00Z,2026-09-01T00:00:00Z,Usage,,Azure DNS - Domain Name Services,Usage-Based,2026-08-24T00:00:00Z,2026-08-24T23:59:59Z,,,,4.363,Query,0.5342,0.122439,0.5342,Microsoft Corporation,0.5342,0.122439,Standard,4.363,Query,eastus,East US,microsoft/sub-d4e5f6a7/azure-dns,azure-dns-dev,DNS Zone,Networking,Domain Name Services,Azure DNS,Microsoft Azure,MIC-AzureDNS,MIC-AzureDNS-eastus,sub-d4e5f6a7,assinatura-dev,Subscription,"{""OwnerTeam"": ""backend"", ""Environment"": ""dev"", ""ManagedBy"": ""manual""}"
0.5293,sub-a1b2c3d4,cloudfinops-demo,Billing Account,USD,2026-08-01T00:00:00Z,2026-09-01T00:00:00Z,Usage,,Azure DNS - Domain Name Services,Usage-Based,2026-08-25T00:00:00Z,2026-08-25T23:59:59Z,,,,7.058,Query,0.5293,0.074993,0.5293,Microsoft Corporation,0.5293,0.074993,Standard,7.058,Query,eastus,East US,microsoft/sub-d4e5f6a7/azure-dns,azure-dns-dev,DNS Zone,Networking,Domain Name Services,Azure DNS,Microsoft Azure,MIC-AzureDNS,MIC-AzureDNS-eastus,sub-d4e5f6a7,assinatura-dev,Subscription,"{""OwnerTeam"": ""backend"", ""Environment"": ""dev"", ""ManagedBy"": ""cloudformation""}"
0.5565,sub-a1b2c3d4,cloudfinops-demo,Billing Account,USD,2026-08-01T00:00:00Z,2026-09-01T00:00:00Z,Usage,,Azure DNS - Domain Name Services,Usage-Based,2026-08-26T00:00:00Z,2026-08-26T23:59:59Z,,,,16.567,Query,0.5565,0.033591,0.5565,Microsoft Corporation,0.5565,0.033591,Standard,16.567,Query,eastus,East US,microsoft/sub-d4e5f6a7/azure-dns,azure-dns-dev,DNS Zone,Networking,Domain Name Services,Azure DNS,Microsoft Azure,MIC-AzureDNS,MIC-AzureDNS-eastus,sub-d4e5f6a7,assinatura-dev,Subscription,"{""OwnerTeam"": ""plataforma"", ""Environment"": ""dev"", ""ManagedBy"": ""serverless""}"
0.5525,sub-a1b2c3d4,cloudfinops-demo,Billing Account,USD,2026-08-01T00:00:00Z,2026-09-01T00:00:00Z,Usage,,Azure DNS - Domain Name Services,Usage-Based,2026-08-27T00:00:00Z,2026-08-27T23:59:59Z,,,,1.525,Query,0.5525,0.362295,0.5525,Microsoft Corporation,0.5525,0.362295,Standard,1.525,Query,eastus,East US,microsoft/sub-d4e5f6a7/azure-dns,azure-dns-dev,DNS Zone,Networking,Domain Name Services,Azure DNS,Microsoft Azure,MIC-AzureDNS,MIC-AzureDNS-eastus,sub-d4e5f6a7,assinatura-dev,Subscription,"{""OwnerTeam"": ""plataforma"", ""Environment"": ""dev"", ""ManagedBy"": ""serverless""}"
0.5558,sub-a1b2c3d4,cloudfinops-demo,Billing Account,USD,2026-08-01T00:00:00Z,2026-09-01T00:00:00Z,Usage,,Azure DNS - Domain Name Services,Usage-Based,2026-08-28T00:00:00Z,2026-08-28T23:59:59Z,,,,11.138,Query,0.5558,0.049901,0.5558,Microsoft Corporation,0.5558,0.049901,Standard,11.138,Query,eastus,East US,microsoft/sub-d4e5f6a7/azure-dns,azure-dns-dev,DNS Zone,Networking,Domain Name Services,Azure DNS,Microsoft Azure,MIC-AzureDNS,MIC-AzureDNS-eastus,sub-d4e5f6a7,assinatura-dev,Subscription,"{""OwnerTeam"": ""dados"", ""Environment"": ""dev"", ""ManagedBy"": ""terraform""}"
0.463,sub-a1b2c3d4,cloudfinops-demo,Billing Account,USD,2026-08-01T00:00:00Z,2026-09-01T00:00:00Z,Usage,,Azure DNS - Domain Name Services,Usage-Based,2026-08-29T00:00:00Z,2026-08-29T23:59:59Z,,,,1.736,Query,0.463,0.266705,0.463,Microsoft Corporation,0.463,0.266705,Standard,1.736,Query,eastus,East US,microsoft/sub-d4e5f6a7/azure-dns,azure-dns-dev,DNS Zone,Networking,Domain Name Services,Azure DNS,Microsoft Azure,MIC-AzureDNS,MIC-AzureDNS-eastus,sub-d4e5f6a7,assinatura-dev,Subscription,"{""OwnerTeam"": ""plataforma"", ""Environment"": ""dev"", ""ManagedBy"": ""terraform""}"
0.4515,sub-a1b2c3d4,cloudfinops-demo,Billing Account,USD,2026-08-01T00:00:00Z,2026-09-01T00:00:00Z,Usage,,Azure DNS - Domain Name Services,Usage-Based,2026-08-30T00:00:00Z,2026-08-30T23:59:59Z,,,,1.046,Query,0.4515,0.431644,0.4515,Microsoft Corporation,0.4515,0.431644,Standard,1.046,Query,eastus,East US,microsoft/sub-d4e5f6a7/azure-dns,azure-dns-dev,DNS Zone,Networking,Domain Name Services,Azure DNS,Microsoft Azure,MIC-AzureDNS,MIC-AzureDNS-eastus,sub-d4e5f6a7,assinatura-dev,Subscription,"{""OwnerTeam"": ""dados"", ""Environment"": ""dev"", ""ManagedBy"": ""terraform""}"
0.5532,sub-a1b2c3d4,cloudfinops-demo,Billing Account,USD,2026-08-01T00:00:00Z,2026-09-01T00:00:00Z,Usage,,Azure DNS - Domain Name Services,Usage-Based,2026-08-31T00:00:00Z,2026-08-31T23:59:59Z,,,,6.799,Query,0.5532,0.081365,0.5532,Microsoft Corporation,0.5532,0.081365,Standard,6.799,Query,eastus,East US,microsoft/sub-d4e5f6a7/azure-dns,azure-dns-dev,DNS Zone,Networking,Domain Name Services,Azure DNS,Microsoft Azure,MIC-AzureDNS,MIC-AzureDNS-eastus,sub-d4e5f6a7,assinatura-dev,Subscription,"{""OwnerTeam"": ""backend"", ""Environment"": ""dev"", ""ManagedBy"": ""serverless""}"
0.5498,sub-a1b2c3d4,cloudfinops-demo,Billing Account,USD,2026-09-01T00:00:00Z,2026-10-01T00:00:00Z,Usage,,Azure DNS - Domain Name Services,Usage-Based,2026-09-01T00:00:00Z,2026-09-01T23:59:59Z,,,,15.976,Query,0.5498,0.034414,0.5498,Microsoft Corporation,0.5498,0.034414,Standard,15.976,Query,eastus,East US,microsoft/sub-d4e5f6a7/azure-dns,azure-dns-dev,DNS Zone,Networking,Domain Name Services,Azure DNS,Microsoft Azure,MIC-AzureDNS,MIC-AzureDNS-eastus,sub-d4e5f6a7,assinatura-dev,Subscription,"{""OwnerTeam"": ""redes"", ""Environment"": ""dev"", ""ManagedBy"": ""serverless""}"
0.547,sub-a1b2c3d4,cloudfinops-demo,Billing Account,USD,2026-09-01T00:00:00Z,2026-10-01T00:00:00Z,Usage,,Azure DNS - Domain Name Services,Usage-Based,2026-09-02T00:00:00Z,2026-09-02T23:59:59Z,,,,2.567,Query,0.547,0.213089,0.547,Microsoft Corporation,0.547,0.213089,Standard,2.567,Query,eastus,East US,microsoft/sub-d4e5f6a7/azure-dns,azure-dns-dev,DNS Zone,Networking,Domain Name Services,Azure DNS,Microsoft Azure,MIC-AzureDNS,MIC-AzureDNS-eastus,sub-d4e5f6a7,assinatura-dev,Subscription,"{""OwnerTeam"": ""backend"", ""Environment"": ""dev"", ""ManagedBy"": ""manual""}"
0.5853,sub-a1b2c3d4,cloudfinops-demo,Billing Account,USD,2026-09-01T00:00:00Z,2026-10-01T00:00:00Z,Usage,,Azure DNS - Domain Name Services,Usage-Based,2026-09-03T00:00:00Z,2026-09-03T23:59:59Z,,,,1.507,Query,0.5853,0.388388,0.5853,Microsoft Corporation,0.5853,0.388388,Standard,1.507,Query,eastus,East US,microsoft/sub-d4e5f6a7/azure-dns,azure-dns-dev,DNS Zone,Networking,Domain Name Services,Azure DNS,Microsoft Azure,MIC-AzureDNS,MIC-AzureDNS-eastus,sub-d4e5f6a7,assinatura-dev,Subscription,"{""OwnerTeam"": ""plataforma"", ""Environment"": ""dev"", ""ManagedBy"": ""serverless""}"
0.5736,sub-a1b2c3d4,cloudfinops-demo,Billing Account,USD,2026-09-01T00:00:00Z,2026-10-01T00:00:00Z,Usage,,Azure DNS - Domain Name Services,Usage-Based,2026-09-04T00:00:00Z,2026-09-04T23:59:59Z,,,,11.883,Query,0.5736,0.048271,0.5736,Microsoft Corporation,0.5736,0.048271,Standard,11.883,Query,eastus,East US,microsoft/sub-d4e5f6a7/azure-dns,azure-dns-dev,DNS Zone,Networking,Domain Name Services,Azure DNS,Microsoft Azure,MIC-AzureDNS,MIC-AzureDNS-eastus,sub-d4e5f6a7,assinatura-dev,Subscription,"{""OwnerTeam"": ""plataforma"", ""Environment"": ""dev"", ""ManagedBy"": ""serverless""}"
0.4842,sub-a1b2c3d4,cloudfinops-demo,Billing Account,USD,2026-09-01T00:00:00Z,2026-10-01T00:00:00Z,Usage,,Azure DNS - Domain Name Services,Usage-Based,2026-09-05T00:00:00Z,2026-09-05T23:59:59Z,,,,17.73,Query,0.4842,0.02731,0.4842,Microsoft Corporation,0.4842,0.02731,Standard,17.73,Query,eastus,East US,microsoft/sub-d4e5f6a7/azure-dns,azure-dns-dev,DNS Zone,Networking,Domain Name Services,Azure DNS,Microsoft Azure,MIC-AzureDNS,MIC-AzureDNS-eastus,sub-d4e5f6a7,assinatura-dev,Subscription,"{""OwnerTeam"": ""redes"", ""Environment"": ""dev"", ""ManagedBy"": ""serverless""}"
0.4857,sub-a1b2c3d4,cloudfinops-demo,Billing Account,USD,2026-09-01T00:00:00Z,2026-10-01T00:00:00Z,Usage,,Azure DNS - Domain Name Services,Usage-Based,2026-09-06T00:00:00Z,2026-09-06T23:59:59Z,,,,1.175,Query,0.4857,0.413362,0.4857,Microsoft Corporation,0.4857,0.413362,Standard,1.175,Query,eastus,East US,microsoft/sub-d4e5f6a7/azure-dns,azure-dns-dev,DNS Zone,Networking,Domain Name Services,Azure DNS,Microsoft Azure,MIC-AzureDNS,MIC-AzureDNS-eastus,sub-d4e5f6a7,assinatura-dev,Subscription,"{""OwnerTeam"": ""plataforma"", ""Environment"": ""dev"", ""ManagedBy"": ""terraform""}"
0.5833,sub-a1b2c3d4,cloudfinops-demo,Billing Account,USD,2026-09-01T00:00:00Z,2026-10-01T00:00:00Z,Usage,,Azure DNS - Domain Name Services,Usage-Based,2026-09-07T00:00:00Z,2026-09-07T23:59:59Z,,,,7.794,Query,0.5833,0.07484,0.5833,Microsoft Corporation,0.5833,0.07484,Standard,7.794,Query,eastus,East US,microsoft/sub-d4e5f6a7/azure-dns,azure-dns-dev,DNS Zone,Networking,Domain Name Services,Azure DNS,Microsoft Azure,MIC-AzureDNS,MIC-AzureDNS-eastus,sub-d4e5f6a7,assinatura-dev,Subscription,"{""OwnerTeam"": ""dados"", ""Environment"": ""dev"", ""ManagedBy"": ""cloudformation""}"
0.5736,sub-a1b2c3d4,cloudfinops-demo,Billing Account,USD,2026-09-01T00:00:00Z,2026-10-01T00:00:00Z,Usage,,Azure DNS - Domain Name Services,Usage-Based,2026-09-08T00:00:00Z,2026-09-08T23:59:59Z,,,,3.078,Query,0.5736,0.186355,0.5736,Microsoft Corporation,0.5736,0.186355,Standard,3.078,Query,eastus,East US,microsoft/sub-d4e5f6a7/azure-dns,azure-dns-dev,DNS Zone,Networking,Domain Name Services,Azure DNS,Microsoft Azure,MIC-AzureDNS,MIC-AzureDNS-eastus,sub-d4e5f6a7,assinatura-dev,Subscription,"{""OwnerTeam"": ""plataforma"", ""Environment"": ""dev"", ""ManagedBy"": ""terraform""}"
0.5672,sub-a1b2c3d4,cloudfinops-demo,Billing Account,USD,2026-09-01T00:00:00Z,2026-10-01T00:00:00Z,Usage,,Azure DNS - Domain Name Services,Usage-Based,2026-09-09T00:00:00Z,2026-09-09T23:59:59Z,,,,4.122,Query,0.5672,0.137603,0.5672,Microsoft Corporation,0.5672,0.137603,Standard,4.122,Query,eastus,East US,microsoft/sub-d4e5f6a7/azure-dns,azure-dns-dev,DNS Zone,Networking,Domain Name Services,Azure DNS,Microsoft Azure,MIC-AzureDNS,MIC-AzureDNS-eastus,sub-d4e5f6a7,assinatura-dev,Subscription,"{""OwnerTeam"": ""plataforma"", ""Environment"": ""dev"", ""ManagedBy"": ""cloudformation""}"
0.5546,sub-a1b2c3d4,cloudfinops-demo,Billing Account,USD,2026-09-01T00:00:00Z,2026-10-01T00:00:00Z,Usage,,Azure DNS - Domain Name Services,Usage-Based,2026-09-10T00:00:00Z,2026-09-10T23:59:59Z,,,,2.845,Query,0.5546,0.194938,0.5546,Microsoft Corporation,0.5546,0.194938,Standard,2.845,Query,eastus,East US,microsoft/sub-d4e5f6a7/azure-dns,azure-dns-dev,DNS Zone,Networking,Domain Name Services,Azure DNS,Microsoft Azure,MIC-AzureDNS,MIC-AzureDNS-eastus,sub-d4e5f6a7,assinatura-dev,Subscription,"{""OwnerTeam"": ""plataforma"", ""Environment"": ""dev"", ""ManagedBy"": ""cloudformation""}"
0.5652,sub-a1b2c3d4,cloudfinops-demo,Billing Account,USD,2026-09-01T00:00:00Z,2026-10-01T00:00:00Z,Usage,,Azure DNS - Domain Name Services,Usage-Based,2026-09-11T00:00:00Z,2026-09-11T23:59:59Z,,,,1.458,Query,0.5652,0.387654,0.5652,Microsoft Corporation,0.5652,0.387654,Standard,1.458,Query,eastus,East US,microsoft/sub-d4e5f6a7/azure-dns,azure-dns-dev,DNS Zone,Networking,Domain Name Services,Azure DNS,Microsoft Azure,MIC-AzureDNS,MIC-AzureDNS-eastus,sub-d4e5f6a7,assinatura-dev,Subscription,"{""OwnerTeam"": ""redes"", ""Environment"": ""dev"", ""ManagedBy"": ""manual""}"
0.4833,sub-a1b2c3d4,cloudfinops-demo,Billing Account,USD,2026-09-01T00:00:00Z,2026-10-01T00:00:00Z,Usage,,Azure DNS - Domain Name Services,Usage-Based,2026-09-12T00:00:00Z,2026-09-12T23:59:59Z,,,,1.224,Query,0.4833,0.394853,0.4833,Microsoft Corporation,0.4833,0.394853,Standard,1.224,Query,eastus,East US,microsoft/sub-d4e5f6a7/azure-dns,azure-dns-dev,DNS Zone,Networking,Domain Name Services,Azure DNS,Microsoft Azure,MIC-AzureDNS,MIC-AzureDNS-eastus,sub-d4e5f6a7,assinatura-dev,Subscription,"{""OwnerTeam"": ""plataforma"", ""Environment"": ""dev"", ""ManagedBy"": ""terraform""}"
0.4671,sub-a1b2c3d4,cloudfinops-demo,Billing Account,USD,2026-09-01T00:00:00Z,2026-10-01T00:00:00Z,Usage,,Azure DNS - Domain Name Services,Usage-Based,2026-09-13T00:00:00Z,2026-09-13T23:59:59Z,,,,1.262,Query,0.4671,0.370127,0.4671,Microsoft Corporation,0.4671,0.370127,Standard,1.262,Query,eastus,East US,microsoft/sub-d4e5f6a7/azure-dns,azure-dns-dev,DNS Zone,Networking,Domain Name Services,Azure DNS,Microsoft Azure,MIC-AzureDNS,MIC-AzureDNS-eastus,sub-d4e5f6a7,assinatura-dev,Subscription,"{""OwnerTeam"": ""redes"", ""Environment"": ""dev"", ""ManagedBy"": ""serverless""}"
0.5684,sub-a1b2c3d4,cloudfinops-demo,Billing Account,USD,2026-09-01T00:00:00Z,2026-10-01T00:00:00Z,Usage,,Azure DNS - Domain Name Services,Usage-Based,2026-09-14T00:00:00Z,2026-09-14T23:59:59Z,,,,3.978,Query,0.5684,0.142886,0.5684,Microsoft Corporation,0.5684,0.142886,Standard,3.978,Query,eastus,East US,microsoft/sub-d4e5f6a7/azure-dns,azure-dns-dev,DNS Zone,Networking,Domain Name Services,Azure DNS,Microsoft Azure,MIC-AzureDNS,MIC-AzureDNS-eastus,sub-d4e5f6a7,assinatura-dev,Subscription,"{""OwnerTeam"": ""dados"", ""Environment"": ""dev"", ""ManagedBy"": ""terraform""}"
0.5612,sub-a1b2c3d4,cloudfinops-demo,Billing Account,USD,2026-09-01T00:00:00Z,2026-10-01T00:00:00Z,Usage,,Azure DNS - Domain Name Services,Usage-Based,2026-09-15T00:00:00Z,2026-09-15T23:59:59Z,,,,12.491,Query,0.5612,0.044928,0.5612,Microsoft Corporation,0.5612,0.044928,Standard,12.491,Query,eastus,East US,microsoft/sub-d4e5f6a7/azure-dns,azure-dns-dev,DNS Zone,Networking,Domain Name Services,Azure DNS,Microsoft Azure,MIC-AzureDNS,MIC-AzureDNS-eastus,sub-d4e5f6a7,assinatura-dev,Subscription,"{""OwnerTeam"": ""dados"", ""Environment"": ""dev"", ""ManagedBy"": ""cloudformation""}"
0.5683,sub-a1b2c3d4,cloudfinops-demo,Billing Account,USD,2026-09-01T00:00:00Z,2026-10-01T00:00:00Z,Usage,,Azure DNS - Domain Name Services,Usage-Based,2026-09-16T00:00:00Z,2026-09-16T23:59:59Z,,,,1.691,Query,0.5683,0.336073,0.5683,Microsoft Corporation,0.5683,0.336073,Standard,1.691,Query,eastus,East US,microsoft/sub-d4e5f6a7/azure-dns,azure-dns-dev,DNS Zone,Networking,Domain Name Services,Azure DNS,Microsoft Azure,MIC-AzureDNS,MIC-AzureDNS-eastus,sub-d4e5f6a7,assinatura-dev,Subscription,"{""OwnerTeam"": ""backend"", ""Environment"": ""dev"", ""ManagedBy"": ""serverless""}"
0.5647,sub-a1b2c3d4,cloudfinops-demo,Billing Account,USD,2026-09-01T00:00:00Z,2026-10-01T00:00:00Z,Usage,,Azure DNS - Domain Name Services,Usage-Based,2026-09-17T00:00:00Z,2026-09-17T23:59:59Z,,,,11.387,Query,0.5647,0.049592,0.5647,Microsoft Corporation,0.5647,0.049592,Standard,11.387,Query,eastus,East US,microsoft/sub-d4e5f6a7/azure-dns,azure-dns-dev,DNS Zone,Networking,Domain Name Services,Azure DNS,Microsoft Azure,MIC-AzureDNS,MIC-AzureDNS-eastus,sub-d4e5f6a7,assinatura-dev,Subscription,"{""OwnerTeam"": ""backend"", ""Environment"": ""dev"", ""ManagedBy"": ""terraform""}"
0.561,sub-a1b2c3d4,cloudfinops-demo,Billing Account,USD,2026-09-01T00:00:00Z,2026-10-01T00:00:00Z,Usage,,Azure DNS - Domain Name Services,Usage-Based,2026-09-18T00:00:00Z,2026-09-18T23:59:59Z,,,,1.526,Query,0.561,0.367628,0.561,Microsoft Corporation,0.561,0.367628,Standard,1.526,Query,eastus,East US,microsoft/sub-d4e5f6a7/azure-dns,azure-dns-dev,DNS Zone,Networking,Domain Name Services,Azure DNS,Microsoft Azure,MIC-AzureDNS,MIC-AzureDNS-eastus,sub-d4e5f6a7,assinatura-dev,Subscription,"{""OwnerTeam"": ""redes"", ""Environment"": ""dev"", ""ManagedBy"": ""manual""}"
0.4689,sub-a1b2c3d4,cloudfinops-demo,Billing Account,USD,2026-09-01T00:00:00Z,2026-10-01T00:00:00Z,Usage,,Azure DNS - Domain Name Services,Usage-Based,2026-09-19T00:00:00Z,2026-09-19T23:59:59Z,,,,2.543,Query,0.4689,0.184389,0.4689,Microsoft Corporation,0.4689,0.184389,Standard,2.543,Query,eastus,East US,microsoft/sub-d4e5f6a7/azure-dns,azure-dns-dev,DNS Zone,Networking,Domain Name Services,Azure DNS,Microsoft Azure,MIC-AzureDNS,MIC-AzureDNS-eastus,sub-d4e5f6a7,assinatura-dev,Subscription,"{""OwnerTeam"": ""plataforma"", ""Environment"": ""dev"", ""ManagedBy"": ""terraform""}"
0.4918,sub-a1b2c3d4,cloudfinops-demo,Billing Account,USD,2026-09-01T00:00:00Z,2026-10-01T00:00:00Z,Usage,,Azure DNS - Domain Name Services,Usage-Based,2026-09-20T00:00:00Z,2026-09-20T23:59:59Z,,,,1.209,Query,0.4918,0.406782,0.4918,Microsoft Corporation,0.4918,0.406782,Standard,1.209,Query,eastus,East US,microsoft/sub-d4e5f6a7/azure-dns,azure-dns-dev,DNS Zone,Networking,Domain Name Services,Azure DNS,Microsoft Azure,MIC-AzureDNS,MIC-AzureDNS-eastus,sub-d4e5f6a7,assinatura-dev,Subscription,"{""OwnerTeam"": ""backend"", ""Environment"": ""dev"", ""ManagedBy"": ""cloudformation""}"
0.5801,sub-a1b2c3d4,cloudfinops-demo,Billing Account,USD,2026-09-01T00:00:00Z,2026-10-01T00:00:00Z,Usage,,Azure DNS - Domain Name Services,Usage-Based,2026-09-21T00:00:00Z,2026-09-21T23:59:59Z,,,,7.608,Query,0.5801,0.076249,0.5801,Microsoft Corporation,0.5801,0.076249,Standard,7.608,Query,eastus,East US,microsoft/sub-d4e5f6a7/azure-dns,azure-dns-dev,DNS Zone,Networking,Domain Name Services,Azure DNS,Microsoft Azure,MIC-AzureDNS,MIC-AzureDNS-eastus,sub-d4e5f6a7,assinatura-dev,Subscription,"{""OwnerTeam"": ""dados"", ""Environment"": ""dev"", ""ManagedBy"": ""serverless""}"
0.5804,sub-a1b2c3d4,cloudfinops-demo,Billing Account,USD,2026-09-01T00:00:00Z,2026-10-01T00:00:00Z,Usage,,Azure DNS - Domain Name Services,Usage-Based,2026-09-22T00:00:00Z,2026-09-22T23:59:59Z,,,,1.821,Query,0.5804,0.318726,0.5804,Microsoft Corporation,0.5804,0.318726,Standard,1.821,Query,eastus,East US,microsoft/sub-d4e5f6a7/azure-dns,azure-dns-dev,DNS Zone,Networking,Domain Name Services,Azure DNS,Microsoft Azure,MIC-AzureDNS,MIC-AzureDNS-eastus,sub-d4e5f6a7,assinatura-dev,Subscription,"{""OwnerTeam"": ""dados"", ""Environment"": ""dev"", ""ManagedBy"": ""terraform""}"
0.5677,sub-a1b2c3d4,cloudfinops-demo,Billing Account,USD,2026-09-01T00:00:00Z,2026-10-01T00:00:00Z,Usage,,Azure DNS - Domain Name Services,Usage-Based,2026-09-23T00:00:00Z,2026-09-23T23:59:59Z,,,,27.472,Query,0.5677,0.020665,0.5677,Microsoft Corporation,0.5677,0.020665,Standard,27.472,Query,eastus,East US,microsoft/sub-d4e5f6a7/azure-dns,azure-dns-dev,DNS Zone,Networking,Domain Name Services,Azure DNS,Microsoft Azure,MIC-AzureDNS,MIC-AzureDNS-eastus,sub-d4e5f6a7,assinatura-dev,Subscription,"{""OwnerTeam"": ""redes"", ""Environment"": ""dev"", ""ManagedBy"": ""manual""}"
0.5835,sub-a1b2c3d4,cloudfinops-demo,Billing Account,USD,2026-09-01T00:00:00Z,2026-10-01T00:00:00Z,Usage,,Azure DNS - Domain Name Services,Usage-Based,2026-09-24T00:00:00Z,2026-09-24T23:59:59Z,,,,6.431,Query,0.5835,0.090732,0.5835,Microsoft Corporation,0.5835,0.090732,Standard,6.431,Query,eastus,East US,microsoft/sub-d4e5f6a7/azure-dns,azure-dns-dev,DNS Zone,Networking,Domain Name Services,Azure DNS,Microsoft Azure,MIC-AzureDNS,MIC-AzureDNS-eastus,sub-d4e5f6a7,assinatura-dev,Subscription,"{""OwnerTeam"": ""backend"", ""Environment"": ""dev"", ""ManagedBy"": ""terraform""}"
0.5593,sub-a1b2c3d4,cloudfinops-demo,Billing Account,USD,2026-09-01T00:00:00Z,2026-10-01T00:00:00Z,Usage,,Azure DNS - Domain Name Services,Usage-Based,2026-09-25T00:00:00Z,2026-09-25T23:59:59Z,,,,5.104,Query,0.5593,0.109581,0.5593,Microsoft Corporation,0.5593,0.109581,Standard,5.104,Query,eastus,East US,microsoft/sub-d4e5f6a7/azure-dns,azure-dns-dev,DNS Zone,Networking,Domain Name Services,Azure DNS,Microsoft Azure,MIC-AzureDNS,MIC-AzureDNS-eastus,sub-d4e5f6a7,assinatura-dev,Subscription,"{""OwnerTeam"": ""dados"", ""Environment"": ""dev"", ""ManagedBy"": ""terraform""}"
0.4801,sub-a1b2c3d4,cloudfinops-demo,Billing Account,USD,2026-09-01T00:00:00Z,2026-10-01T00:00:00Z,Usage,,Azure DNS - Domain Name Services,Usage-Based,2026-09-26T00:00:00Z,2026-09-26T23:59:59Z,,,,4.659,Query,0.4801,0.103048,0.4801,Microsoft Corporation,0.4801,0.103048,Standard,4.659,Query,eastus,East US,microsoft/sub-d4e5f6a7/azure-dns,azure-dns-dev,DNS Zone,Networking,Domain Name Services,Azure DNS,Microsoft Azure,MIC-AzureDNS,MIC-AzureDNS-eastus,sub-d4e5f6a7,assinatura-dev,Subscription,"{""OwnerTeam"": ""backend"", ""Environment"": ""dev"", ""ManagedBy"": ""serverless""}"
0.477,sub-a1b2c3d4,cloudfinops-demo,Billing Account,USD,2026-09-01T00:00:00Z,2026-10-01T00:00:00Z,Usage,,Azure DNS - Domain Name Services,Usage-Based,2026-09-27T00:00:00Z,2026-09-27T23:59:59Z,,,,5.44,Query,0.477,0.087684,0.477,Microsoft Corporation,0.477,0.087684,Standard,5.44,Query,eastus,East US,microsoft/sub-d4e5f6a7/azure-dns,azure-dns-dev,DNS Zone,Networking,Domain Name Services,Azure DNS,Microsoft Azure,MIC-AzureDNS,MIC-AzureDNS-eastus,sub-d4e5f6a7,assinatura-dev,Subscription,"{""OwnerTeam"": ""backend"", ""Environment"": ""dev"", ""ManagedBy"": ""cloudformation""}"
0.5685,sub-a1b2c3d4,cloudfinops-demo,Billing Account,USD,2026-09-01T00:00:00Z,2026-10-01T00:00:00Z,Usage,,Azure DNS - Domain Name Services,Usage-Based,2026-09-28T00:00:00Z,2026-09-28T23:59:59Z,,,,1.822,Query,0.5685,0.31202,0.5685,Microsoft Corporation,0.5685,0.31202,Standard,1.822,Query,eastus,East US,microsoft/sub-d4e5f6a7/azure-dns,azure-dns-dev,DNS Zone,Networking,Domain Name Services,Azure DNS,Microsoft Azure,MIC-AzureDNS,MIC-AzureDNS-eastus,sub-d4e5f6a7,assinatura-dev,Subscription,"{""OwnerTeam"": ""dados"", ""Environment"": ""dev"", ""ManagedBy"": ""cloudformation""}"
0.5536,sub-a1b2c3d4,cloudfinops-demo,Billing Account,USD,2026-09-01T00:00:00Z,2026-10-01T00:00:00Z,Usage,,Azure DNS - Domain Name Services,Usage-Based,2026-09-29T00:00:00Z,2026-09-29T23:59:59Z,,,,1.737,Query,0.5536,0.31871,0.5536,Microsoft Corporation,0.5536,0.31871,Standard,1.737,Query,eastus,East US,microsoft/sub-d4e5f6a7/azure-dns,azure-dns-dev,DNS Zone,Networking,Domain Name Services,Azure DNS,Microsoft Azure,MIC-AzureDNS,MIC-AzureDNS-eastus,sub-d4e5f6a7,assinatura-dev,Subscription,"{""OwnerTeam"": ""backend"", ""Environment"": ""dev"", ""ManagedBy"": ""cloudformation""}"
0.579,sub-a1b2c3d4,cloudfinops-demo,Billing Account,USD,2026-09-01T00:00:00Z,2026-10-01T00:00:00Z,Usage,,Azure DNS - Domain Name Services,Usage-Based,2026-09-30T00:00:00Z,2026-09-30T23:59:59Z,,,,2.156,Query,0.579,0.268553,0.579,Microsoft Corporation,0.579,0.268553,Standard,2.156,Query,eastus,East US,microsoft/sub-d4e5f6a7/azure-dns,azure-dns-dev,DNS Zone,Networking,Domain Name Services,Azure DNS,Microsoft Azure,MIC-AzureDNS,MIC-AzureDNS-eastus,sub-d4e5f6a7,assinatura-dev,Subscription,"{""OwnerTeam"": ""backend"", ""Environment"": ""dev"", ""ManagedBy"": ""terraform""}"
0.5949,sub-a1b2c3d4,cloudfinops-demo,Billing Account,USD,2026-10-01T00:00:00Z,2026-11-01T00:00:00Z,Usage,,Azure DNS - Domain Name Services,Usage-Based,2026-10-01T00:00:00Z,2026-10-01T23:59:59Z,,,,7.139,Query,0.5949,0.083331,0.5949,Microsoft Corporation,0.5949,0.083331,Standard,7.139,Query,eastus,East US,microsoft/sub-d4e5f6a7/azure-dns,azure-dns-dev,DNS Zone,Networking,Domain Name Services,Azure DNS,Microsoft Azure,MIC-AzureDNS,MIC-AzureDNS-eastus,sub-d4e5f6a7,assinatura-dev,Subscription,"{""OwnerTeam"": ""backend"", ""Environment"": ""dev"", ""ManagedBy"": ""serverless""}"
0.572,sub-a1b2c3d4,cloudfinops-demo,Billing Account,USD,2026-10-01T00:00:00Z,2026-11-01T00:00:00Z,Usage,,Azure DNS - Domain Name Services,Usage-Based,2026-10-02T00:00:00Z,2026-10-02T23:59:59Z,,,,1.807,Query,0.572,0.316547,0.572,Microsoft Corporation,0.572,0.316547,Standard,1.807,Query,eastus,East US,microsoft/sub-d4e5f6a7/azure-dns,azure-dns-dev,DNS Zone,Networking,Domain Name Services,Azure DNS,Microsoft Azure,MIC-AzureDNS,MIC-AzureDNS-eastus,sub-d4e5f6a7,assinatura-dev,Subscription,"{""OwnerTeam"": ""backend"", ""Environment"": ""dev"", ""ManagedBy"": ""cloudformation""}"
0.5107,sub-a1b2c3d4,cloudfinops-demo,Billing Account,USD,2026-10-01T00:00:00Z,2026-11-01T00:00:00Z,Usage,,Azure DNS - Domain Name Services,Usage-Based,2026-10-03T00:00:00Z,2026-10-03T23:59:59Z,,,,6.795,Query,0.5107,0.075158,0.5107,Microsoft Corporation,0.5107,0.075158,Standard,6.795,Query,eastus,East US,microsoft/sub-d4e5f6a7/azure-dns,azure-dns-dev,DNS Zone,Networking,Domain Name Services,Azure DNS,Microsoft Azure,MIC-AzureDNS,MIC-AzureDNS-eastus,sub-d4e5f6a7,assinatura-dev,Subscription,"{""OwnerTeam"": ""backend"", ""Environment"": ""dev"", ""ManagedBy"": ""terraform""}"
1.2113,sub-a1b2c3d4,cloudfinops-demo,Billing Account,USD,2026-08-01T00:00:00Z,2026-09-01T00:00:00Z,Usage,,Key Vault - Key Management,Usage-Based,2026-08-01T00:00:00Z,2026-08-01T23:59:59Z,,,,3.952,Operation,1.2113,0.306503,1.2113,Microsoft Corporation,1.2113,0.306503,Standard,3.952,Operation,eastus,East US,microsoft/sub-a1b2c3d4/key-vault,key-vault-prod,Vault,Security,Key Management,Key Vault,Microsoft Azure,MIC-KeyVault,MIC-KeyVault-eastus,sub-a1b2c3d4,assinatura-producao,Subscription,"{""OwnerTeam"": ""dados"", ""Environment"": ""prod"", ""ManagedBy"": ""cloudformation""}"
1.1877,sub-a1b2c3d4,cloudfinops-demo,Billing Account,USD,2026-08-01T00:00:00Z,2026-09-01T00:00:00Z,Usage,,Key Vault - Key Management,Usage-Based,2026-08-02T00:00:00Z,2026-08-02T23:59:59Z,,,,9.846,Operation,1.1877,0.120628,1.1877,Microsoft Corporation,1.1877,0.120628,Standard,9.846,Operation,eastus,East US,microsoft/sub-a1b2c3d4/key-vault,key-vault-prod,Vault,Security,Key Management,Key Vault,Microsoft Azure,MIC-KeyVault,MIC-KeyVault-eastus,sub-a1b2c3d4,assinatura-producao,Subscription,"{""OwnerTeam"": ""backend"", ""Environment"": ""prod"", ""ManagedBy"": ""terraform""}"
1.3625,sub-a1b2c3d4,cloudfinops-demo,Billing Account,USD,2026-08-01T00:00:00Z,2026-09-01T00:00:00Z,Usage,,Key Vault - Key Management,Usage-Based,2026-08-03T00:00:00Z,2026-08-03T23:59:59Z,,,,4.812,Operation,1.3625,0.283146,1.3625,Microsoft Corporation,1.3625,0.283146,Standard,4.812,Operation,eastus,East US,microsoft/sub-a1b2c3d4/key-vault,key-vault-prod,Vault,Security,Key Management,Key Vault,Microsoft Azure,MIC-KeyVault,MIC-KeyVault-eastus,sub-a1b2c3d4,assinatura-producao,Subscription,"{""OwnerTeam"": ""plataforma"", ""Environment"": ""prod"", ""ManagedBy"": ""cloudformation""}"
1.4094,sub-a1b2c3d4,cloudfinops-demo,Billing Account,USD,2026-08-01T00:00:00Z,2026-09-01T00:00:00Z,Usage,,Key Vault - Key Management,Usage-Based,2026-08-04T00:00:00Z,2026-08-04T23:59:59Z,,,,18.285,Operation,1.4094,0.07708,1.4094,Microsoft Corporation,1.4094,0.07708,Standard,18.285,Operation,eastus,East US,microsoft/sub-a1b2c3d4/key-vault,key-vault-prod,Vault,Security,Key Management,Key Vault,Microsoft Azure,MIC-KeyVault,MIC-KeyVault-eastus,sub-a1b2c3d4,assinatura-producao,Subscription,"{""OwnerTeam"": ""plataforma"", ""Environment"": ""prod"", ""ManagedBy"": ""serverless""}"
1.4303,sub-a1b2c3d4,cloudfinops-demo,Billing Account,USD,2026-08-01T00:00:00Z,2026-09-01T00:00:00Z,Usage,,Key Vault - Key Management,Usage-Based,2026-08-05T00:00:00Z,2026-08-05T23:59:59Z,,,,34.787,Operation,1.4303,0.041116,1.4303,Microsoft Corporation,1.4303,0.041116,Standard,34.787,Operation,eastus,East US,microsoft/sub-a1b2c3d4/key-vault,key-vault-prod,Vault,Security,Key Management,Key Vault,Microsoft Azure,MIC-KeyVault,MIC-KeyVault-eastus,sub-a1b2c3d4,assinatura-producao,Subscription,"{""OwnerTeam"": ""plataforma"", ""Environment"": ""prod"", ""ManagedBy"": ""manual""}"
1.3466,sub-a1b2c3d4,cloudfinops-demo,Billing Account,USD,2026-08-01T00:00:00Z,2026-09-01T00:00:00Z,Usage,,Key Vault - Key Management,Usage-Based,2026-08-06T00:00:00Z,2026-08-06T23:59:59Z,,,,15.461,Operation,1.3466,0.087097,1.3466,Microsoft Corporation,1.3466,0.087097,Standard,15.461,Operation,eastus,East US,microsoft/sub-a1b2c3d4/key-vault,key-vault-prod,Vault,Security,Key Management,Key Vault,Microsoft Azure,MIC-KeyVault,MIC-KeyVault-eastus,sub-a1b2c3d4,assinatura-producao,Subscription,"{""OwnerTeam"": ""plataforma"", ""Environment"": ""prod"", ""ManagedBy"": ""manual""}"
1.432,sub-a1b2c3d4,cloudfinops-demo,Billing Account,USD,2026-08-01T00:00:00Z,2026-09-01T00:00:00Z,Usage,,Key Vault - Key Management,Usage-Based,2026-08-07T00:00:00Z,2026-08-07T23:59:59Z,,,,4.388,Operation,1.432,0.326345,1.432,Microsoft Corporation,1.432,0.326345,Standard,4.388,Operation,eastus,East US,microsoft/sub-a1b2c3d4/key-vault,key-vault-prod,Vault,Security,Key Management,Key Vault,Microsoft Azure,MIC-KeyVault,MIC-KeyVault-eastus,sub-a1b2c3d4,assinatura-producao,Subscription,"{""OwnerTeam"": ""redes"", ""Environment"": ""prod"", ""ManagedBy"": ""cloudformation""}"
1.1518,sub-a1b2c3d4,cloudfinops-demo,Billing Account,USD,2026-08-01T00:00:00Z,2026-09-01T00:00:00Z,Usage,,Key Vault - Key Management,Usage-Based,2026-08-08T00:00:00Z,2026-08-08T23:59:59Z,,,,5.914,Operation,1.1518,0.194758,1.1518,Microsoft Corporation,1.1518,0.194758,Standard,5.914,Operation,eastus,East US,microsoft/sub-a1b2c3d4/key-vault,key-vault-prod,Vault,Security,Key Management,Key Vault,Microsoft Azure,MIC-KeyVault,MIC-KeyVault-eastus,sub-a1b2c3d4,assinatura-producao,Subscription,"{""OwnerTeam"": ""backend"", ""Environment"": ""prod"", ""ManagedBy"": ""manual""}"
1.1715,sub-a1b2c3d4,cloudfinops-demo,Billing Account,USD,2026-08-01T00:00:00Z,2026-09-01T00:00:00Z,Usage,,Key Vault - Key Management,Usage-Based,2026-08-09T00:00:00Z,2026-08-09T23:59:59Z,,,,3.196,Operation,1.1715,0.366552,1.1715,Microsoft Corporation,1.1715,0.366552,Standard,3.196,Operation,eastus,East US,microsoft/sub-a1b2c3d4/key-vault,key-vault-prod,Vault,Security,Key Management,Key Vault,Microsoft Azure,MIC-KeyVault,MIC-KeyVault-eastus,sub-a1b2c3d4,assinatura-producao,Subscription,"{""OwnerTeam"": ""backend"", ""Environment"": ""prod"", ""ManagedBy"": ""cloudformation""}"
1.4314,sub-a1b2c3d4,cloudfinops-demo,Billing Account,USD,2026-08-01T00:00:00Z,2026-09-01T00:00:00Z,Usage,,Key Vault - Key Management,Usage-Based,2026-08-10T00:00:00Z,2026-08-10T23:59:59Z,,,,3.203,Operation,1.4314,0.446894,1.4314,Microsoft Corporation,1.4314,0.446894,Standard,3.203,Operation,eastus,East US,microsoft/sub-a1b2c3d4/key-vault,key-vault-prod,Vault,Security,Key Management,Key Vault,Microsoft Azure,MIC-KeyVault,MIC-KeyVault-eastus,sub-a1b2c3d4,assinatura-producao,Subscription,"{""OwnerTeam"": ""plataforma"", ""Environment"": ""prod"", ""ManagedBy"": ""serverless""}"
1.379,sub-a1b2c3d4,cloudfinops-demo,Billing Account,USD,2026-08-01T00:00:00Z,2026-09-01T00:00:00Z,Usage,,Key Vault - Key Management,Usage-Based,2026-08-11T00:00:00Z,2026-08-11T23:59:59Z,,,,4.583,Operation,1.379,0.300895,1.379,Microsoft Corporation,1.379,0.300895,Standard,4.583,Operation,eastus,East US,microsoft/sub-a1b2c3d4/key-vault,key-vault-prod,Vault,Security,Key Management,Key Vault,Microsoft Azure,MIC-KeyVault,MIC-KeyVault-eastus,sub-a1b2c3d4,assinatura-producao,Subscription,"{""OwnerTeam"": ""dados"", ""Environment"": ""prod"", ""ManagedBy"": ""serverless""}"
1.4307,sub-a1b2c3d4,cloudfinops-demo,Billing Account,USD,2026-08-01T00:00:00Z,2026-09-01T00:00:00Z,Usage,,Key Vault - Key Management,Usage-Based,2026-08-12T00:00:00Z,2026-08-12T23:59:59Z,,,,4.096,Operation,1.4307,0.349292,1.4307,Microsoft Corporation,1.4307,0.349292,Standard,4.096,Operation,eastus,East US,microsoft/sub-a1b2c3d4/key-vault,key-vault-prod,Vault,Security,Key Management,Key Vault,Microsoft Azure,MIC-KeyVault,MIC-KeyVault-eastus,sub-a1b2c3d4,assinatura-producao,Subscription,"{""OwnerTeam"": ""redes"", ""Environment"": ""prod"", ""ManagedBy"": ""terraform""}"
1.3761,sub-a1b2c3d4,cloudfinops-demo,Billing Account,USD,2026-08-01T00:00:00Z,2026-09-01T00:00:00Z,Usage,,Key Vault - Key Management,Usage-Based,2026-08-13T00:00:00Z,2026-08-13T23:59:59Z,,,,3.125,Operation,1.3761,0.440352,1.3761,Microsoft Corporation,1.3761,0.440352,Standard,3.125,Operation,eastus,East US,microsoft/sub-a1b2c3d4/key-vault,key-vault-prod,Vault,Security,Key Management,Key Vault,Microsoft Azure,MIC-KeyVault,MIC-KeyVault-eastus,sub-a1b2c3d4,assinatura-producao,Subscription,"{""OwnerTeam"": ""plataforma"", ""Environment"": ""prod"", ""ManagedBy"": ""manual""}"
1.407,sub-a1b2c3d4,cloudfinops-demo,Billing Account,USD,2026-08-01T00:00:00Z,2026-09-01T00:00:00Z,Usage,,Key Vault - Key Management,Usage-Based,2026-08-14T00:00:00Z,2026-08-14T23:59:59Z,,,,29.012,Operation,1.407,0.048497,1.407,Microsoft Corporation,1.407,0.048497,Standard,29.012,Operation,eastus,East US,microsoft/sub-a1b2c3d4/key-vault,key-vault-prod,Vault,Security,Key Management,Key Vault,Microsoft Azure,MIC-KeyVault,MIC-KeyVault-eastus,sub-a1b2c3d4,assinatura-producao,Subscription,"{""OwnerTeam"": ""redes"", ""Environment"": ""prod"", ""ManagedBy"": ""cloudformation""}"
1.1757,sub-a1b2c3d4,cloudfinops-demo,Billing Account,USD,2026-08-01T00:00:00Z,2026-09-01T00:00:00Z,Usage,,Key Vault - Key Management,Usage-Based,2026-08-15T00:00:00Z,2026-08-15T23:59:59Z,,,,23.431,Operation,1.1757,0.050177,1.1757,Microsoft Corporation,1.1757,0.050177,Standard,23.431,Operation,eastus,East US,microsoft/sub-a1b2c3d4/key-vault,key-vault-prod,Vault,Security,Key Management,Key Vault,Microsoft Azure,MIC-KeyVault,MIC-KeyVault-eastus,sub-a1b2c3d4,assinatura-producao,Subscription,"{""OwnerTeam"": ""redes"", ""Environment"": ""prod"", ""ManagedBy"": ""serverless""}"
1.1772,sub-a1b2c3d4,cloudfinops-demo,Billing Account,USD,2026-08-01T00:00:00Z,2026-09-01T00:00:00Z,Usage,,Key Vault - Key Management,Usage-Based,2026-08-16T00:00:00Z,2026-08-16T23:59:59Z,,,,11.227,Operation,1.1772,0.104854,1.1772,Microsoft Corporation,1.1772,0.104854,Standard,11.227,Operation,eastus,East US,microsoft/sub-a1b2c3d4/key-vault,key-vault-prod,Vault,Security,Key Management,Key Vault,Microsoft Azure,MIC-KeyVault,MIC-KeyVault-eastus,sub-a1b2c3d4,assinatura-producao,Subscription,"{""OwnerTeam"": ""backend"", ""Environment"": ""prod"", ""ManagedBy"": ""serverless""}"
1.3428,sub-a1b2c3d4,cloudfinops-demo,Billing Account,USD,2026-08-01T00:00:00Z,2026-09-01T00:00:00Z,Usage,,Key Vault - Key Management,Usage-Based,2026-08-17T00:00:00Z,2026-08-17T23:59:59Z,,,,18.508,Operation,1.3428,0.072552,1.3428,Microsoft Corporation,1.3428,0.072552,Standard,18.508,Operation,eastus,East US,microsoft/sub-a1b2c3d4/key-vault,key-vault-prod,Vault,Security,Key Management,Key Vault,Microsoft Azure,MIC-KeyVault,MIC-KeyVault-eastus,sub-a1b2c3d4,assinatura-producao,Subscription,"{""OwnerTeam"": ""backend"", ""Environment"": ""prod"", ""ManagedBy"": ""terraform""}"
1.4244,sub-a1b2c3d4,cloudfinops-demo,Billing Account,USD,2026-08-01T00:00:00Z,2026-09-01T00:00:00Z,Usage,,Key Vault - Key Management,Usage-Based,2026-08-18T00:00:00Z,2026-08-18T23:59:59Z,,,,3.206,Operation,1.4244,0.444292,1.4244,Microsoft Corporation,1.4244,0.444292,Standard,3.206,Operation,eastus,East US,microsoft/sub-a1b2c3d4/key-vault,key-vault-prod,Vault,Security,Key Management,Key Vault,Microsoft Azure,MIC-KeyVault,MIC-KeyVault-eastus,sub-a1b2c3d4,assinatura-producao,Subscription,"{""OwnerTeam"": ""backend"", ""Environment"": ""prod"", ""ManagedBy"": ""terraform""}"
1.4039,sub-a1b2c3d4,cloudfinops-demo,Billing Account,USD,2026-08-01T00:00:00Z,2026-09-01T00:00:00Z,Usage,,Key Vault - Key Management,Usage-Based,2026-08-19T00:00:00Z,2026-08-19T23:59:59Z,,,,26.752,Operation,1.4039,0.052478,1.4039,Microsoft Corporation,1.4039,0.052478,Standard,26.752,Operation,eastus,East US,microsoft/sub-a1b2c3d4/key-vault,key-vault-prod,Vault,Security,Key Management,Key Vault,Microsoft Azure,MIC-KeyVault,MIC-KeyVault-eastus,sub-a1b2c3d4,assinatura-producao,Subscription,"{""OwnerTeam"": ""backend"", ""Environment"": ""prod"", ""ManagedBy"": ""cloudformation""}"
1.4233,sub-a1b2c3d4,cloudfinops-demo,Billing Account,USD,2026-08-01T00:00:00Z,2026-09-01T00:00:00Z,Usage,,Key Vault - Key Management,Usage-Based,2026-08-20T00:00:00Z,2026-08-20T23:59:59Z,,,,13.347,Operation,1.4233,0.106638,1.4233,Microsoft Corporation,1.4233,0.106638,Standard,13.347,Operation,eastus,East US,microsoft/sub-a1b2c3d4/key-vault,key-vault-prod,Vault,Security,Key Management,Key Vault,Microsoft Azure,MIC-KeyVault,MIC-KeyVault-eastus,sub-a1b2c3d4,assinatura-producao,Subscription,"{""OwnerTeam"": ""redes"", ""Environment"": ""prod"", ""ManagedBy"": ""serverless""}"
1.3728,sub-a1b2c3d4,cloudfinops-demo,Billing Account,USD,2026-08-01T00:00:00Z,2026-09-01T00:00:00Z,Usage,,Key Vault - Key Management,Usage-Based,2026-08-21T00:00:00Z,2026-08-21T23:59:59Z,,,,5.698,Operation,1.3728,0.240927,1.3728,Microsoft Corporation,1.3728,0.240927,Standard,5.698,Operation,eastus,East US,microsoft/sub-a1b2c3d4/key-vault,key-vault-prod,Vault,Security,Key Management,Key Vault,Microsoft Azure,MIC-KeyVault,MIC-KeyVault-eastus,sub-a1b2c3d4,assinatura-producao,Subscription,"{""OwnerTeam"": ""plataforma"", ""Environment"": ""prod"", ""ManagedBy"": ""serverless""}"
1.1339,sub-a1b2c3d4,cloudfinops-demo,Billing Account,USD,2026-08-01T00:00:00Z,2026-09-01T00:00:00Z,Usage,,Key Vault - Key Management,Usage-Based,2026-08-22T00:00:00Z,2026-08-22T23:59:59Z,,,,10.079,Operation,1.1339,0.112501,1.1339,Microsoft Corporation,1.1339,0.112501,Standard,10.079,Operation,eastus,East US,microsoft/sub-a1b2c3d4/key-vault,key-vault-prod,Vault,Security,Key Management,Key Vault,Microsoft Azure,MIC-KeyVault,MIC-KeyVault-eastus,sub-a1b2c3d4,assinatura-producao,Subscription,"{""OwnerTeam"": ""backend"", ""Environment"": ""prod"", ""ManagedBy"": ""terraform""}"
1.1509,sub-a1b2c3d4,cloudfinops-demo,Billing Account,USD,2026-08-01T00:00:00Z,2026-09-01T00:00:00Z,Usage,,Key Vault - Key Management,Usage-Based,2026-08-23T00:00:00Z,2026-08-23T23:59:59Z,,,,2.577,Operation,1.1509,0.446605,1.1509,Microsoft Corporation,1.1509,0.446605,Standard,2.577,Operation,eastus,East US,microsoft/sub-a1b2c3d4/key-vault,key-vault-prod,Vault,Security,Key Management,Key Vault,Microsoft Azure,MIC-KeyVault,MIC-KeyVault-eastus,sub-a1b2c3d4,assinatura-producao,Subscription,"{""OwnerTeam"": ""plataforma"", ""Environment"": ""prod"", ""ManagedBy"": ""terraform""}"
1.3925,sub-a1b2c3d4,cloudfinops-demo,Billing Account,USD,2026-08-01T00:00:00Z,2026-09-01T00:00:00Z,Usage,,Key Vault - Key Management,Usage-Based,2026-08-24T00:00:00Z,2026-08-24T23:59:59Z,,,,3.87,Operation,1.3925,0.359819,1.3925,Microsoft Corporation,1.3925,0.359819,Standard,3.87,Operation,eastus,East US,microsoft/sub-a1b2c3d4/key-vault,key-vault-prod,Vault,Security,Key Management,Key Vault,Microsoft Azure,MIC-KeyVault,MIC-KeyVault-eastus,sub-a1b2c3d4,assinatura-producao,Subscription,"{""OwnerTeam"": ""backend"", ""Environment"": ""prod"", ""ManagedBy"": ""cloudformation""}"
1.3976,sub-a1b2c3d4,cloudfinops-demo,Billing Account,USD,2026-08-01T00:00:00Z,2026-09-01T00:00:00Z,Usage,,Key Vault - Key Management,Usage-Based,2026-08-25T00:00:00Z,2026-08-25T23:59:59Z,,,,6.232,Operation,1.3976,0.224262,1.3976,Microsoft Corporation,1.3976,0.224262,Standard,6.232,Operation,eastus,East US,microsoft/sub-a1b2c3d4/key-vault,key-vault-prod,Vault,Security,Key Management,Key Vault,Microsoft Azure,MIC-KeyVault,MIC-KeyVault-eastus,sub-a1b2c3d4,assinatura-producao,Subscription,"{""OwnerTeam"": ""plataforma"", ""Environment"": ""prod"", ""ManagedBy"": ""cloudformation""}"
1.4251,sub-a1b2c3d4,cloudfinops-demo,Billing Account,USD,2026-08-01T00:00:00Z,2026-09-01T00:00:00Z,Usage,,Key Vault - Key Management,Usage-Based,2026-08-26T00:00:00Z,2026-08-26T23:59:59Z,,,,14.074,Operation,1.4251,0.101258,1.4251,Microsoft Corporation,1.4251,0.101258,Standard,14.074,Operation,eastus,East US,microsoft/sub-a1b2c3d4/key-vault,key-vault-prod,Vault,Security,Key Management,Key Vault,Microsoft Azure,MIC-KeyVault,MIC-KeyVault-eastus,sub-a1b2c3d4,assinatura-producao,Subscription,"{""OwnerTeam"": ""dados"", ""Environment"": ""prod"", ""ManagedBy"": ""serverless""}"
1.3476,sub-a1b2c3d4,cloudfinops-demo,Billing Account,USD,2026-08-01T00:00:00Z,2026-09-01T00:00:00Z,Usage,,Key Vault - Key Management,Usage-Based,2026-08-27T00:00:00Z,2026-08-27T23:59:59Z,,,,4.671,Operation,1.3476,0.288504,1.3476,Microsoft Corporation,1.3476,0.288504,Standard,4.671,Operation,eastus,East US,microsoft/sub-a1b2c3d4/key-vault,key-vault-prod,Vault,Security,Key Management,Key Vault,Microsoft Azure,MIC-KeyVault,MIC-KeyVault-eastus,sub-a1b2c3d4,assinatura-producao,Subscription,"{""OwnerTeam"": ""backend"", ""Environment"": ""prod"", ""ManagedBy"": ""cloudformation""}"
1.3455,sub-a1b2c3d4,cloudfinops-demo,Billing Account,USD,2026-08-01T00:00:00Z,2026-09-01T00:00:00Z,Usage,,Key Vault - Key Management,Usage-Based,2026-08-28T00:00:00Z,2026-08-28T23:59:59Z,,,,9.027,Operation,1.3455,0.149053,1.3455,Microsoft Corporation,1.3455,0.149053,Standard,9.027,Operation,eastus,East US,microsoft/sub-a1b2c3d4/key-vault,key-vault-prod,Vault,Security,Key Management,Key Vault,Microsoft Azure,MIC-KeyVault,MIC-KeyVault-eastus,sub-a1b2c3d4,assinatura-producao,Subscription,"{""OwnerTeam"": ""dados"", ""Environment"": ""prod"", ""ManagedBy"": ""cloudformation""}"
1.1794,sub-a1b2c3d4,cloudfinops-demo,Billing Account,USD,2026-08-01T00:00:00Z,2026-09-01T00:00:00Z,Usage,,Key Vault - Key Management,Usage-Based,2026-08-29T00:00:00Z,2026-08-29T23:59:59Z,,,,2.88,Operation,1.1794,0.409514,1.1794,Microsoft Corporation,1.1794,0.409514,Standard,2.88,Operation,eastus,East US,microsoft/sub-a1b2c3d4/key-vault,key-vault-prod,Vault,Security,Key Management,Key Vault,Microsoft Azure,MIC-KeyVault,MIC-KeyVault-eastus,sub-a1b2c3d4,assinatura-producao,Subscription,"{""OwnerTeam"": ""plataforma"", ""Environment"": ""prod"", ""ManagedBy"": ""terraform""}"
1.2092,sub-a1b2c3d4,cloudfinops-demo,Billing Account,USD,2026-08-01T00:00:00Z,2026-09-01T00:00:00Z,Usage,,Key Vault - Key Management,Usage-Based,2026-08-30T00:00:00Z,2026-08-30T23:59:59Z,,,,42.474,Operation,1.2092,0.028469,1.2092,Microsoft Corporation,1.2092,0.028469,Standard,42.474,Operation,eastus,East US,microsoft/sub-a1b2c3d4/key-vault,key-vault-prod,Vault,Security,Key Management,Key Vault,Microsoft Azure,MIC-KeyVault,MIC-KeyVault-eastus,sub-a1b2c3d4,assinatura-producao,Subscription,"{""OwnerTeam"": ""dados"", ""Environment"": ""prod"", ""ManagedBy"": ""cloudformation""}"
1.4266,sub-a1b2c3d4,cloudfinops-demo,Billing Account,USD,2026-08-01T00:00:00Z,2026-09-01T00:00:00Z,Usage,,Key Vault - Key Management,Usage-Based,2026-08-31T00:00:00Z,2026-08-31T23:59:59Z,,,,7.448,Operation,1.4266,0.191541,1.4266,Microsoft Corporation,1.4266,0.191541,Standard,7.448,Operation,eastus,East US,microsoft/sub-a1b2c3d4/key-vault,key-vault-prod,Vault,Security,Key Management,Key Vault,Microsoft Azure,MIC-KeyVault,MIC-KeyVault-eastus,sub-a1b2c3d4,assinatura-producao,Subscription,"{""OwnerTeam"": ""dados"", ""Environment"": ""prod"", ""ManagedBy"": ""cloudformation""}"
1.4157,sub-a1b2c3d4,cloudfinops-demo,Billing Account,USD,2026-09-01T00:00:00Z,2026-10-01T00:00:00Z,Usage,,Key Vault - Key Management,Usage-Based,2026-09-01T00:00:00Z,2026-09-01T23:59:59Z,,,,7.637,Operation,1.4157,0.185374,1.4157,Microsoft Corporation,1.4157,0.185374,Standard,7.637,Operation,eastus,East US,microsoft/sub-a1b2c3d4/key-vault,key-vault-prod,Vault,Security,Key Management,Key Vault,Microsoft Azure,MIC-KeyVault,MIC-KeyVault-eastus,sub-a1b2c3d4,assinatura-producao,Subscription,"{""OwnerTeam"": ""plataforma"", ""Environment"": ""prod"", ""ManagedBy"": ""serverless""}"
1.4998,sub-a1b2c3d4,cloudfinops-demo,Billing Account,USD,2026-09-01T00:00:00Z,2026-10-01T00:00:00Z,Usage,,Key Vault - Key Management,Usage-Based,2026-09-02T00:00:00Z,2026-09-02T23:59:59Z,,,,3.852,Operation,1.4998,0.389356,1.4998,Microsoft Corporation,1.4998,0.389356,Standard,3.852,Operation,eastus,East US,microsoft/sub-a1b2c3d4/key-vault,key-vault-prod,Vault,Security,Key Management,Key Vault,Microsoft Azure,MIC-KeyVault,MIC-KeyVault-eastus,sub-a1b2c3d4,assinatura-producao,Subscription,"{""OwnerTeam"": ""dados"", ""Environment"": ""prod"", ""ManagedBy"": ""serverless""}"
1.4171,sub-a1b2c3d4,cloudfinops-demo,Billing Account,USD,2026-09-01T00:00:00Z,2026-10-01T00:00:00Z,Usage,,Key Vault - Key Management,Usage-Based,2026-09-03T00:00:00Z,2026-09-03T23:59:59Z,,,,5.537,Operation,1.4171,0.255933,1.4171,Microsoft Corporation,1.4171,0.255933,Standard,5.537,Operation,eastus,East US,microsoft/sub-a1b2c3d4/key-vault,key-vault-prod,Vault,Security,Key Management,Key Vault,Microsoft Azure,MIC-KeyVault,MIC-KeyVault-eastus,sub-a1b2c3d4,assinatura-producao,Subscription,"{""OwnerTeam"": ""backend"", ""Environment"": ""prod"", ""ManagedBy"": ""manual""}"
1.4128,sub-a1b2c3d4,cloudfinops-demo,Billing Account,USD,2026-09-01T00:00:00Z,2026-10-01T00:00:00Z,Usage,,Key Vault - Key Management,Usage-Based,2026-09-04T00:00:00Z,2026-09-04T23:59:59Z,,,,7.759,Operation,1.4128,0.182085,1.4128,Microsoft Corporation,1.4128,0.182085,Standard,7.759,Operation,eastus,East US,microsoft/sub-a1b2c3d4/key-vault,key-vault-prod,Vault,Security,Key Management,Key Vault,Microsoft Azure,MIC-KeyVault,MIC-KeyVault-eastus,sub-a1b2c3d4,assinatura-producao,Subscription,"{""OwnerTeam"": ""backend"", ""Environment"": ""prod"", ""ManagedBy"": ""serverless""}"
1.2178,sub-a1b2c3d4,cloudfinops-demo,Billing Account,USD,2026-09-01T00:00:00Z,2026-10-01T00:00:00Z,Usage,,Key Vault - Key Management,Usage-Based,2026-09-05T00:00:00Z,2026-09-05T23:59:59Z,,,,2.94,Operation,1.2178,0.414218,1.2178,Microsoft Corporation,1.2178,0.414218,Standard,2.94,Operation,eastus,East US,microsoft/sub-a1b2c3d4/key-vault,key-vault-prod,Vault,Security,Key Management,Key Vault,Microsoft Azure,MIC-KeyVault,MIC-KeyVault-eastus,sub-a1b2c3d4,assinatura-producao,Subscription,"{""OwnerTeam"": ""backend"", ""Environment"": ""prod"", ""ManagedBy"": ""cloudformation""}"
1.2084,sub-a1b2c3d4,cloudfinops-demo,Billing Account,USD,2026-09-01T00:00:00Z,2026-10-01T00:00:00Z,Usage,,Key Vault - Key Management,Usage-Based,2026-09-06T00:00:00Z,2026-09-06T23:59:59Z,,,,9.084,Operation,1.2084,0.133025,1.2084,Microsoft Corporation,1.2084,0.133025,Standard,9.084,Operation,eastus,East US,microsoft/sub-a1b2c3d4/key-vault,key-vault-prod,Vault,Security,Key Management,Key Vault,Microsoft Azure,MIC-KeyVault,MIC-KeyVault-eastus,sub-a1b2c3d4,assinatura-producao,Subscription,"{""OwnerTeam"": ""plataforma"", ""Environment"": ""prod"", ""ManagedBy"": ""manual""}"
1.4235,sub-a1b2c3d4,cloudfinops-demo,Billing Account,USD,2026-09-01T00:00:00Z,2026-10-01T00:00:00Z,Usage,,Key Vault - Key Management,Usage-Based,2026-09-07T00:00:00Z,2026-09-07T23:59:59Z,,,,5.889,Operation,1.4235,0.241722,1.4235,Microsoft Corporation,1.4235,0.241722,Standard,5.889,Operation,eastus,East US,microsoft/sub-a1b2c3d4/key-vault,key-vault-prod,Vault,Security,Key Management,Key Vault,Microsoft Azure,MIC-KeyVault,MIC-KeyVault-eastus,sub-a1b2c3d4,assinatura-producao,Subscription,"{""OwnerTeam"": ""plataforma"", ""Environment"": ""prod"", ""ManagedBy"": ""manual""}"
1.4063,sub-a1b2c3d4,cloudfinops-demo,Billing Account,USD,2026-09-01T00:00:00Z,2026-10-01T00:00:00Z,Usage,,Key Vault - Key Management,Usage-Based,2026-09-08T00:00:00Z,2026-09-08T23:59:59Z,,,,6.521,Operation,1.4063,0.215657,1.4063,Microsoft Corporation,1.4063,0.215657,Standard,6.521,Operation,eastus,East US,microsoft/sub-a1b2c3d4/key-vault,key-vault-prod,Vault,Security,Key Management,Key Vault,Microsoft Azure,MIC-KeyVault,MIC-KeyVault-eastus,sub-a1b2c3d4,assinatura-producao,Subscription,"{""OwnerTeam"": ""dados"", ""Environment"": ""prod"", ""ManagedBy"": ""terraform""}"
1.4122,sub-a1b2c3d4,cloudfinops-demo,Billing Account,USD,2026-09-01T00:00:00Z,2026-10-01T00:00:00Z,Usage,,Key Vault - Key Management,Usage-Based,2026-09-09T00:00:00Z,2026-09-09T23:59:59Z,,,,6.893,Operation,1.4122,0.204875,1.4122,Microsoft Corporation,1.4122,0.204875,Standard,6.893,Operation,eastus,East US,microsoft/sub-a1b2c3d4/key-vault,key-vault-prod,Vault,Security,Key Management,Key Vault,Microsoft Azure,MIC-KeyVault,MIC-KeyVault-eastus,sub-a1b2c3d4,assinatura-producao,Subscription,"{""OwnerTeam"": ""dados"", ""Environment"": ""prod"", ""ManagedBy"": ""serverless""}"
1.438,sub-a1b2c3d4,cloudfinops-demo,Billing Account,USD,2026-09-01T00:00:00Z,2026-10-01T00:00:00Z,Usage,,Key Vault - Key Management,Usage-Based,2026-09-10T00:00:00Z,2026-09-10T23:59:59Z,,,,22.411,Operation,1.438,0.064165,1.438,Microsoft Corporation,1.438,0.064165,Standard,22.411,Operation,eastus,East US,microsoft/sub-a1b2c3d4/key-vault,key-vault-prod,Vault,Security,Key Management,Key Vault,Microsoft Azure,MIC-KeyVault,MIC-KeyVault-eastus,sub-a1b2c3d4,assinatura-producao,Subscription,"{""OwnerTeam"": ""backend"", ""Environment"": ""prod"", ""ManagedBy"": ""manual""}"
1.5018,sub-a1b2c3d4,cloudfinops-demo,Billing Account,USD,2026-09-01T00:00:00Z,2026-10-01T00:00:00Z,Usage,,Key Vault - Key Management,Usage-Based,2026-09-11T00:00:00Z,2026-09-11T23:59:59Z,,,,4.423,Operation,1.5018,0.339543,1.5018,Microsoft Corporation,1.5018,0.339543,Standard,4.423,Operation,eastus,East US,microsoft/sub-a1b2c3d4/key-vault,key-vault-prod,Vault,Security,Key Management,Key Vault,Microsoft Azure,MIC-KeyVault,MIC-KeyVault-eastus,sub-a1b2c3d4,assinatura-producao,Subscription,"{""OwnerTeam"": ""backend"", ""Environment"": ""prod"", ""ManagedBy"": ""manual""}"
1.2455,sub-a1b2c3d4,cloudfinops-demo,Billing Account,USD,2026-09-01T00:00:00Z,2026-10-01T00:00:00Z,Usage,,Key Vault - Key Management,Usage-Based,2026-09-12T00:00:00Z,2026-09-12T23:59:59Z,,,,4.145,Operation,1.2455,0.300483,1.2455,Microsoft Corporation,1.2455,0.300483,Standard,4.145,Operation,eastus,East US,microsoft/sub-a1b2c3d4/key-vault,key-vault-prod,Vault,Security,Key Management,Key Vault,Microsoft Azure,MIC-KeyVault,MIC-KeyVault-eastus,sub-a1b2c3d4,assinatura-producao,Subscription,"{""OwnerTeam"": ""redes"", ""Environment"": ""prod"", ""ManagedBy"": ""serverless""}"
1.2659,sub-a1b2c3d4,cloudfinops-demo,Billing Account,USD,2026-09-01T00:00:00Z,2026-10-01T00:00:00Z,Usage,,Key Vault - Key Management,Usage-Based,2026-09-13T00:00:00Z,2026-09-13T23:59:59Z,,,,29.671,Operation,1.2659,0.042665,1.2659,Microsoft Corporation,1.2659,0.042665,Standard,29.671,Operation,eastus,East US,microsoft/sub-a1b2c3d4/key-vault,key-vault-prod,Vault,Security,Key Management,Key Vault,Microsoft Azure,MIC-KeyVault,MIC-KeyVault-eastus,sub-a1b2c3d4,assinatura-producao,Subscription,"{""OwnerTeam"": ""redes"", ""Environment"": ""prod"", ""ManagedBy"": ""cloudformation""}"
1.4904,sub-a1b2c3d4,cloudfinops-demo,Billing Account,USD,2026-09-01T00:00:00Z,2026-10-01T00:00:00Z,Usage,,Key Vault - Key Management,Usage-Based,2026-09-14T00:00:00Z,2026-09-14T23:59:59Z,,,,4.836,Operation,1.4904,0.308189,1.4904,Microsoft Corporation,1.4904,0.308189,Standard,4.836,Operation,eastus,East US,microsoft/sub-a1b2c3d4/key-vault,key-vault-prod,Vault,Security,Key Management,Key Vault,Microsoft Azure,MIC-KeyVault,MIC-KeyVault-eastus,sub-a1b2c3d4,assinatura-producao,Subscription,"{""OwnerTeam"": ""dados"", ""Environment"": ""prod"", ""ManagedBy"": ""manual""}"
1.4407,sub-a1b2c3d4,cloudfinops-demo,Billing Account,USD,2026-09-01T00:00:00Z,2026-10-01T00:00:00Z,Usage,,Key Vault - Key Management,Usage-Based,2026-09-15T00:00:00Z,2026-09-15T23:59:59Z,,,,3.812,Operation,1.4407,0.377938,1.4407,Microsoft Corporation,1.4407,0.377938,Standard,3.812,Operation,eastus,East US,microsoft/sub-a1b2c3d4/key-vault,key-vault-prod,Vault,Security,Key Management,Key Vault,Microsoft Azure,MIC-KeyVault,MIC-KeyVault-eastus,sub-a1b2c3d4,assinatura-producao,Subscription,"{""OwnerTeam"": ""backend"", ""Environment"": ""prod"", ""ManagedBy"": ""manual""}"
1.4676,sub-a1b2c3d4,cloudfinops-demo,Billing Account,USD,2026-09-01T00:00:00Z,2026-10-01T00:00:00Z,Usage,,Key Vault - Key Management,Usage-Based,2026-09-16T00:00:00Z,2026-09-16T23:59:59Z,,,,4.553,Operation,1.4676,0.322337,1.4676,Microsoft Corporation,1.4676,0.322337,Standard,4.553,Operation,eastus,East US,microsoft/sub-a1b2c3d4/key-vault,key-vault-prod,Vault,Security,Key Management,Key Vault,Microsoft Azure,MIC-KeyVault,MIC-KeyVault-eastus,sub-a1b2c3d4,assinatura-producao,Subscription,"{""OwnerTeam"": ""redes"", ""Environment"": ""prod"", ""ManagedBy"": ""manual""}"
1.4328,sub-a1b2c3d4,cloudfinops-demo,Billing Account,USD,2026-09-01T00:00:00Z,2026-10-01T00:00:00Z,Usage,,Key Vault - Key Management,Usage-Based,2026-09-17T00:00:00Z,2026-09-17T23:59:59Z,,,,3.316,Operation,1.4328,0.432087,1.4328,Microsoft Corporation,1.4328,0.432087,Standard,3.316,Operation,eastus,East US,microsoft/sub-a1b2c3d4/key-vault,key-vault-prod,Vault,Security,Key Management,Key Vault,Microsoft Azure,MIC-KeyVault,MIC-KeyVault-eastus,sub-a1b2c3d4,assinatura-producao,Subscription,"{""OwnerTeam"": ""backend"", ""Environment"": ""prod"", ""ManagedBy"": ""manual""}"
1.4094,sub-a1b2c3d4,cloudfinops-demo,Billing Account,USD,2026-09-01T00:00:00Z,2026-10-01T00:00:00Z,Usage,,Key Vault - Key Management,Usage-Based,2026-09-18T00:00:00Z,2026-09-18T23:59:59Z,,,,11.15,Operation,1.4094,0.126404,1.4094,Microsoft Corporation,1.4094,0.126404,Standard,11.15,Operation,eastus,East US,microsoft/sub-a1b2c3d4/key-vault,key-vault-prod,Vault,Security,Key Management,Key Vault,Microsoft Azure,MIC-KeyVault,MIC-KeyVault-eastus,sub-a1b2c3d4,assinatura-producao,Subscription,"{""OwnerTeam"": ""redes"", ""Environment"": ""prod"", ""ManagedBy"": ""cloudformation""}"
1.1987,sub-a1b2c3d4,cloudfinops-demo,Billing Account,USD,2026-09-01T00:00:00Z,2026-10-01T00:00:00Z,Usage,,Key Vault - Key Management,Usage-Based,2026-09-19T00:00:00Z,2026-09-19T23:59:59Z,,,,2.762,Operation,1.1987,0.433997,1.1987,Microsoft Corporation,1.1987,0.433997,Standard,2.762,Operation,eastus,East US,microsoft/sub-a1b2c3d4/key-vault,key-vault-prod,Vault,Security,Key Management,Key Vault,Microsoft Azure,MIC-KeyVault,MIC-KeyVault-eastus,sub-a1b2c3d4,assinatura-producao,Subscription,"{""OwnerTeam"": ""backend"", ""Environment"": ""prod"", ""ManagedBy"": ""cloudformation""}"
1.2608,sub-a1b2c3d4,cloudfinops-demo,Billing Account,USD,2026-09-01T00:00:00Z,2026-10-01T00:00:00Z,Usage,,Key Vault - Key Management,Usage-Based,2026-09-20T00:00:00Z,2026-09-20T23:59:59Z,,,,6.316,Operation,1.2608,0.19962,1.2608,Microsoft Corporation,1.2608,0.19962,Standard,6.316,Operation,eastus,East US,microsoft/sub-a1b2c3d4/key-vault,key-vault-prod,Vault,Security,Key Management,Key Vault,Microsoft Azure,MIC-KeyVault,MIC-KeyVault-eastus,sub-a1b2c3d4,assinatura-producao,Subscription,"{""OwnerTeam"": ""backend"", ""Environment"": ""prod"", ""ManagedBy"": ""cloudformation""}"
1.4691,sub-a1b2c3d4,cloudfinops-demo,Billing Account,USD,2026-09-01T00:00:00Z,2026-10-01T00:00:00Z,Usage,,Key Vault - Key Management,Usage-Based,2026-09-21T00:00:00Z,2026-09-21T23:59:59Z,,,,7.504,Operation,1.4691,0.195776,1.4691,Microsoft Corporation,1.4691,0.195776,Standard,7.504,Operation,eastus,East US,microsoft/sub-a1b2c3d4/key-vault,key-vault-prod,Vault,Security,Key Management,Key Vault,Microsoft Azure,MIC-KeyVault,MIC-KeyVault-eastus,sub-a1b2c3d4,assinatura-producao,Subscription,"{""OwnerTeam"": ""backend"", ""Environment"": ""prod"", ""ManagedBy"": ""serverless""}"
1.4995,sub-a1b2c3d4,cloudfinops-demo,Billing Account,USD,2026-09-01T00:00:00Z,2026-10-01T00:00:00Z,Usage,,Key Vault - Key Management,Usage-Based,2026-09-22T00:00:00Z,2026-09-22T23:59:59Z,,,,3.792,Operation,1.4995,0.395438,1.4995,Microsoft Corporation,1.4995,0.395438,Standard,3.792,Operation,eastus,East US,microsoft/sub-a1b2c3d4/key-vault,key-vault-prod,Vault,Security,Key Management,Key Vault,Microsoft Azure,MIC-KeyVault,MIC-KeyVault-eastus,sub-a1b2c3d4,assinatura-producao,Subscription,"{""OwnerTeam"": ""dados"", ""Environment"": ""prod"", ""ManagedBy"": ""serverless""}"
1.4067,sub-a1b2c3d4,cloudfinops-demo,Billing Account,USD,2026-09-01T00:00:00Z,2026-10-01T00:00:00Z,Usage,,Key Vault - Key Management,Usage-Based,2026-09-23T00:00:00Z,2026-09-23T23:59:59Z,,,,3.505,Operation,1.4067,0.401341,1.4067,Microsoft Corporation,1.4067,0.401341,Standard,3.505,Operation,eastus,East US,microsoft/sub-a1b2c3d4/key-vault,key-vault-prod,Vault,Security,Key Management,Key Vault,Microsoft Azure,MIC-KeyVault,MIC-KeyVault-eastus,sub-a1b2c3d4,assinatura-producao,Subscription,"{""OwnerTeam"": ""plataforma"", ""Environment"": ""prod"", ""ManagedBy"": ""terraform""}"
1.5067,sub-a1b2c3d4,cloudfinops-demo,Billing Account,USD,2026-09-01T00:00:00Z,2026-10-01T00:00:00Z,Usage,,Key Vault - Key Management,Usage-Based,2026-09-24T00:00:00Z,2026-09-24T23:59:59Z,,,,6.109,Operation,1.5067,0.246636,1.5067,Microsoft Corporation,1.5067,0.246636,Standard,6.109,Operation,eastus,East US,microsoft/sub-a1b2c3d4/key-vault,key-vault-prod,Vault,Security,Key Management,Key Vault,Microsoft Azure,MIC-KeyVault,MIC-KeyVault-eastus,sub-a1b2c3d4,assinatura-producao,Subscription,"{""OwnerTeam"": ""plataforma"", ""Environment"": ""prod"", ""ManagedBy"": ""cloudformation""}"
1.4327,sub-a1b2c3d4,cloudfinops-demo,Billing Account,USD,2026-09-01T00:00:00Z,2026-10-01T00:00:00Z,Usage,,Key Vault - Key Management,Usage-Based,2026-09-25T00:00:00Z,2026-09-25T23:59:59Z,,,,4.525,Operation,1.4327,0.316619,1.4327,Microsoft Corporation,1.4327,0.316619,Standard,4.525,Operation,eastus,East US,microsoft/sub-a1b2c3d4/key-vault,key-vault-prod,Vault,Security,Key Management,Key Vault,Microsoft Azure,MIC-KeyVault,MIC-KeyVault-eastus,sub-a1b2c3d4,assinatura-producao,Subscription,"{""OwnerTeam"": ""backend"", ""Environment"": ""prod"", ""ManagedBy"": ""serverless""}"
1.2459,sub-a1b2c3d4,cloudfinops-demo,Billing Account,USD,2026-09-01T00:00:00Z,2026-10-01T00:00:00Z,Usage,,Key Vault - Key Management,Usage-Based,2026-09-26T00:00:00Z,2026-09-26T23:59:59Z,,,,4.191,Operation,1.2459,0.29728,1.2459,Microsoft Corporation,1.2459,0.29728,Standard,4.191,Operation,eastus,East US,microsoft/sub-a1b2c3d4/key-vault,key-vault-prod,Vault,Security,Key Management,Key Vault,Microsoft Azure,MIC-KeyVault,MIC-KeyVault-eastus,sub-a1b2c3d4,assinatura-producao,Subscription,"{""OwnerTeam"": ""backend"", ""Environment"": ""prod"", ""ManagedBy"": ""terraform""}"
1.1942,sub-a1b2c3d4,cloudfinops-demo,Billing Account,USD,2026-09-01T00:00:00Z,2026-10-01T00:00:00Z,Usage,,Key Vault - Key Management,Usage-Based,2026-09-27T00:00:00Z,2026-09-27T23:59:59Z,,,,3.61,Operation,1.1942,0.330803,1.1942,Microsoft Corporation,1.1942,0.330803,Standard,3.61,Operation,eastus,East US,microsoft/sub-a1b2c3d4/key-vault,key-vault-prod,Vault,Security,Key Management,Key Vault,Microsoft Azure,MIC-KeyVault,MIC-KeyVault-eastus,sub-a1b2c3d4,assinatura-producao,Subscription,"{""OwnerTeam"": ""redes"", ""Environment"": ""prod"", ""ManagedBy"": ""cloudformation""}"
1.4887,sub-a1b2c3d4,cloudfinops-demo,Billing Account,USD,2026-09-01T00:00:00Z,2026-10-01T00:00:00Z,Usage,,Key Vault - Key Management,Usage-Based,2026-09-28T00:00:00Z,2026-09-28T23:59:59Z,,,,11.134,Operation,1.4887,0.133708,1.4887,Microsoft Corporation,1.4887,0.133708,Standard,11.134,Operation,eastus,East US,microsoft/sub-a1b2c3d4/key-vault,key-vault-prod,Vault,Security,Key Management,Key Vault,Microsoft Azure,MIC-KeyVault,MIC-KeyVault-eastus,sub-a1b2c3d4,assinatura-producao,Subscription,"{""OwnerTeam"": ""backend"", ""Environment"": ""prod"", ""ManagedBy"": ""serverless""}"
1.4725,sub-a1b2c3d4,cloudfinops-demo,Billing Account,USD,2026-09-01T00:00:00Z,2026-10-01T00:00:00Z,Usage,,Key Vault - Key Management,Usage-Based,2026-09-29T00:00:00Z,2026-09-29T23:59:59Z,,,,4.377,Operation,1.4725,0.336418,1.4725,Microsoft Corporation,1.4725,0.336418,Standard,4.377,Operation,eastus,East US,microsoft/sub-a1b2c3d4/key-vault,key-vault-prod,Vault,Security,Key Management,Key Vault,Microsoft Azure,MIC-KeyVault,MIC-KeyVault-eastus,sub-a1b2c3d4,assinatura-producao,Subscription,"{""OwnerTeam"": ""plataforma"", ""Environment"": ""prod"", ""ManagedBy"": ""terraform""}"
1.4454,sub-a1b2c3d4,cloudfinops-demo,Billing Account,USD,2026-09-01T00:00:00Z,2026-10-01T00:00:00Z,Usage,,Key Vault - Key Management,Usage-Based,2026-09-30T00:00:00Z,2026-09-30T23:59:59Z,,,,3.371,Operation,1.4454,0.428775,1.4454,Microsoft Corporation,1.4454,0.428775,Standard,3.371,Operation,eastus,East US,microsoft/sub-a1b2c3d4/key-vault,key-vault-prod,Vault,Security,Key Management,Key Vault,Microsoft Azure,MIC-KeyVault,MIC-KeyVault-eastus,sub-a1b2c3d4,assinatura-producao,Subscription,"{""OwnerTeam"": ""backend"", ""Environment"": ""prod"", ""ManagedBy"": ""cloudformation""}"
1.5534,sub-a1b2c3d4,cloudfinops-demo,Billing Account,USD,2026-10-01T00:00:00Z,2026-11-01T00:00:00Z,Usage,,Key Vault - Key Management,Usage-Based,2026-10-01T00:00:00Z,2026-10-01T23:59:59Z,,,,3.717,Operation,1.5534,0.417918,1.5534,Microsoft Corporation,1.5534,0.417918,Standard,3.717,Operation,eastus,East US,microsoft/sub-a1b2c3d4/key-vault,key-vault-prod,Vault,Security,Key Management,Key Vault,Microsoft Azure,MIC-KeyVault,MIC-KeyVault-eastus,sub-a1b2c3d4,assinatura-producao,Subscription,"{""OwnerTeam"": ""dados"", ""Environment"": ""prod"", ""ManagedBy"": ""terraform""}"
1.4642,sub-a1b2c3d4,cloudfinops-demo,Billing Account,USD,2026-10-01T00:00:00Z,2026-11-01T00:00:00Z,Usage,,Key Vault - Key Management,Usage-Based,2026-10-02T00:00:00Z,2026-10-02T23:59:59Z,,,,24.272,Operation,1.4642,0.060325,1.4642,Microsoft Corporation,1.4642,0.060325,Standard,24.272,Operation,eastus,East US,microsoft/sub-a1b2c3d4/key-vault,key-vault-prod,Vault,Security,Key Management,Key Vault,Microsoft Azure,MIC-KeyVault,MIC-KeyVault-eastus,sub-a1b2c3d4,assinatura-producao,Subscription,"{""OwnerTeam"": ""redes"", ""Environment"": ""prod"", ""ManagedBy"": ""manual""}"
1.247,sub-a1b2c3d4,cloudfinops-demo,Billing Account,USD,2026-10-01T00:00:00Z,2026-11-01T00:00:00Z,Usage,,Key Vault - Key Management,Usage-Based,2026-10-03T00:00:00Z,2026-10-03T23:59:59Z,,,,3.497,Operation,1.247,0.356591,1.247,Microsoft Corporation,1.247,0.356591,Standard,3.497,Operation,eastus,East US,microsoft/sub-a1b2c3d4/key-vault,key-vault-prod,Vault,Security,Key Management,Key Vault,Microsoft Azure,MIC-KeyVault,MIC-KeyVault-eastus,sub-a1b2c3d4,assinatura-producao,Subscription,"{""OwnerTeam"": ""plataforma"", ""Environment"": ""prod"", ""ManagedBy"": ""cloudformation""}"
0.4422,sub-a1b2c3d4,cloudfinops-demo,Billing Account,USD,2026-08-01T00:00:00Z,2026-09-01T00:00:00Z,Usage,,Key Vault - Key Management,Usage-Based,2026-08-01T00:00:00Z,2026-08-01T23:59:59Z,,,,5.243,Operation,0.4422,0.084341,0.4422,Microsoft Corporation,0.4422,0.084341,Standard,5.243,Operation,eastus,East US,microsoft/sub-d4e5f6a7/key-vault,key-vault-dev,Vault,Security,Key Management,Key Vault,Microsoft Azure,MIC-KeyVault,MIC-KeyVault-eastus,sub-d4e5f6a7,assinatura-dev,Subscription,"{""OwnerTeam"": ""redes"", ""Environment"": ""dev"", ""ManagedBy"": ""serverless""}"
0.4457,sub-a1b2c3d4,cloudfinops-demo,Billing Account,USD,2026-08-01T00:00:00Z,2026-09-01T00:00:00Z,Usage,,Key Vault - Key Management,Usage-Based,2026-08-02T00:00:00Z,2026-08-02T23:59:59Z,,,,2.159,Operation,0.4457,0.206438,0.4457,Microsoft Corporation,0.4457,0.206438,Standard,2.159,Operation,eastus,East US,microsoft/sub-d4e5f6a7/key-vault,key-vault-dev,Vault,Security,Key Management,Key Vault,Microsoft Azure,MIC-KeyVault,MIC-KeyVault-eastus,sub-d4e5f6a7,assinatura-dev,Subscription,"{""OwnerTeam"": ""dados"", ""Environment"": ""dev"", ""ManagedBy"": ""cloudformation""}"
0.5298,sub-a1b2c3d4,cloudfinops-demo,Billing Account,USD,2026-08-01T00:00:00Z,2026-09-01T00:00:00Z,Usage,,Key Vault - Key Management,Usage-Based,2026-08-03T00:00:00Z,2026-08-03T23:59:59Z,,,,1.2,Operation,0.5298,0.4415,0.5298,Microsoft Corporation,0.5298,0.4415,Standard,1.2,Operation,eastus,East US,microsoft/sub-d4e5f6a7/key-vault,key-vault-dev,Vault,Security,Key Management,Key Vault,Microsoft Azure,MIC-KeyVault,MIC-KeyVault-eastus,sub-d4e5f6a7,assinatura-dev,Subscription,"{""OwnerTeam"": ""redes"", ""Environment"": ""dev"", ""ManagedBy"": ""manual""}"
0.5596,sub-a1b2c3d4,cloudfinops-demo,Billing Account,USD,2026-08-01T00:00:00Z,2026-09-01T00:00:00Z,Usage,,Key Vault - Key Management,Usage-Based,2026-08-04T00:00:00Z,2026-08-04T23:59:59Z,,,,3.963,Operation,0.5596,0.141206,0.5596,Microsoft Corporation,0.5596,0.141206,Standard,3.963,Operation,eastus,East US,microsoft/sub-d4e5f6a7/key-vault,key-vault-dev,Vault,Security,Key Management,Key Vault,Microsoft Azure,MIC-KeyVault,MIC-KeyVault-eastus,sub-d4e5f6a7,assinatura-dev,Subscription,"{""OwnerTeam"": ""plataforma"", ""Environment"": ""dev"", ""ManagedBy"": ""cloudformation""}"
0.5434,sub-a1b2c3d4,cloudfinops-demo,Billing Account,USD,2026-08-01T00:00:00Z,2026-09-01T00:00:00Z,Usage,,Key Vault - Key Management,Usage-Based,2026-08-05T00:00:00Z,2026-08-05T23:59:59Z,,,,12.232,Operation,0.5434,0.044424,0.5434,Microsoft Corporation,0.5434,0.044424,Standard,12.232,Operation,eastus,East US,microsoft/sub-d4e5f6a7/key-vault,key-vault-dev,Vault,Security,Key Management,Key Vault,Microsoft Azure,MIC-KeyVault,MIC-KeyVault-eastus,sub-d4e5f6a7,assinatura-dev,Subscription,"{""OwnerTeam"": ""redes"", ""Environment"": ""dev"", ""ManagedBy"": ""manual""}"
0.5365,sub-a1b2c3d4,cloudfinops-demo,Billing Account,USD,2026-08-01T00:00:00Z,2026-09-01T00:00:00Z,Usage,,Key Vault - Key Management,Usage-Based,2026-08-06T00:00:00Z,2026-08-06T23:59:59Z,,,,4.37,Operation,0.5365,0.122769,0.5365,Microsoft Corporation,0.5365,0.122769,Standard,4.37,Operation,eastus,East US,microsoft/sub-d4e5f6a7/key-vault,key-vault-dev,Vault,Security,Key Management,Key Vault,Microsoft Azure,MIC-KeyVault,MIC-KeyVault-eastus,sub-d4e5f6a7,assinatura-dev,Subscription,"{""OwnerTeam"": ""backend"", ""Environment"": ""dev"", ""ManagedBy"": ""manual""}"
0.5557,sub-a1b2c3d4,cloudfinops-demo,Billing Account,USD,2026-08-01T00:00:00Z,2026-09-01T00:00:00Z,Usage,,Key Vault - Key Management,Usage-Based,2026-08-07T00:00:00Z,2026-08-07T23:59:59Z,,,,3.64,Operation,0.5557,0.152665,0.5557,Microsoft Corporation,0.5557,0.152665,Standard,3.64,Operation,eastus,East US,microsoft/sub-d4e5f6a7/key-vault,key-vault-dev,Vault,Security,Key Management,Key Vault,Microsoft Azure,MIC-KeyVault,MIC-KeyVault-eastus,sub-d4e5f6a7,assinatura-dev,Subscription,"{""OwnerTeam"": ""backend"", ""Environment"": ""dev"", ""ManagedBy"": ""terraform""}"
0.4684,sub-a1b2c3d4,cloudfinops-demo,Billing Account,USD,2026-08-01T00:00:00Z,2026-09-01T00:00:00Z,Usage,,Key Vault - Key Management,Usage-Based,2026-08-08T00:00:00Z,2026-08-08T23:59:59Z,,,,1.82,Operation,0.4684,0.257363,0.4684,Microsoft Corporation,0.4684,0.257363,Standard,1.82,Operation,eastus,East US,microsoft/sub-d4e5f6a7/key-vault,key-vault-dev,Vault,Security,Key Management,Key Vault,Microsoft Azure,MIC-KeyVault,MIC-KeyVault-eastus,sub-d4e5f6a7,assinatura-dev,Subscription,"{""OwnerTeam"": ""redes"", ""Environment"": ""dev"", ""ManagedBy"": ""manual""}"
0.4646,sub-a1b2c3d4,cloudfinops-demo,Billing Account,USD,2026-08-01T00:00:00Z,2026-09-01T00:00:00Z,Usage,,Key Vault - Key Management,Usage-Based,2026-08-09T00:00:00Z,2026-08-09T23:59:59Z,,,,14.043,Operation,0.4646,0.033084,0.4646,Microsoft Corporation,0.4646,0.033084,Standard,14.043,Operation,eastus,East US,microsoft/sub-d4e5f6a7/key-vault,key-vault-dev,Vault,Security,Key Management,Key Vault,Microsoft Azure,MIC-KeyVault,MIC-KeyVault-eastus,sub-d4e5f6a7,assinatura-dev,Subscription,"{""OwnerTeam"": ""redes"", ""Environment"": ""dev"", ""ManagedBy"": ""cloudformation""}"
0.54,sub-a1b2c3d4,cloudfinops-demo,Billing Account,USD,2026-08-01T00:00:00Z,2026-09-01T00:00:00Z,Usage,,Key Vault - Key Management,Usage-Based,2026-08-10T00:00:00Z,2026-08-10T23:59:59Z,,,,26.075,Operation,0.54,0.020709,0.54,Microsoft Corporation,0.54,0.020709,Standard,26.075,Operation,eastus,East US,microsoft/sub-d4e5f6a7/key-vault,key-vault-dev,Vault,Security,Key Management,Key Vault,Microsoft Azure,MIC-KeyVault,MIC-KeyVault-eastus,sub-d4e5f6a7,assinatura-dev,Subscription,"{""OwnerTeam"": ""redes"", ""Environment"": ""dev"", ""ManagedBy"": ""serverless""}"
0.5341,sub-a1b2c3d4,cloudfinops-demo,Billing Account,USD,2026-08-01T00:00:00Z,2026-09-01T00:00:00Z,Usage,,Key Vault - Key Management,Usage-Based,2026-08-11T00:00:00Z,2026-08-11T23:59:59Z,,,,7.429,Operation,0.5341,0.071894,0.5341,Microsoft Corporation,0.5341,0.071894,Standard,7.429,Operation,eastus,East US,microsoft/sub-d4e5f6a7/key-vault,key-vault-dev,Vault,Security,Key Management,Key Vault,Microsoft Azure,MIC-KeyVault,MIC-KeyVault-eastus,sub-d4e5f6a7,assinatura-dev,Subscription,"{""OwnerTeam"": ""backend"", ""Environment"": ""dev"", ""ManagedBy"": ""cloudformation""}"
0.5437,sub-a1b2c3d4,cloudfinops-demo,Billing Account,USD,2026-08-01T00:00:00Z,2026-09-01T00:00:00Z,Usage,,Key Vault - Key Management,Usage-Based,2026-08-12T00:00:00Z,2026-08-12T23:59:59Z,,,,1.764,Operation,0.5437,0.30822,0.5437,Microsoft Corporation,0.5437,0.30822,Standard,1.764,Operation,eastus,East US,microsoft/sub-d4e5f6a7/key-vault,key-vault-dev,Vault,Security,Key Management,Key Vault,Microsoft Azure,MIC-KeyVault,MIC-KeyVault-eastus,sub-d4e5f6a7,assinatura-dev,Subscription,"{""OwnerTeam"": ""plataforma"", ""Environment"": ""dev"", ""ManagedBy"": ""manual""}"
0.5276,sub-a1b2c3d4,cloudfinops-demo,Billing Account,USD,2026-08-01T00:00:00Z,2026-09-01T00:00:00Z,Usage,,Key Vault - Key Management,Usage-Based,2026-08-13T00:00:00Z,2026-08-13T23:59:59Z,,,,1.647,Operation,0.5276,0.32034,0.5276,Microsoft Corporation,0.5276,0.32034,Standard,1.647,Operation,eastus,East US,microsoft/sub-d4e5f6a7/key-vault,key-vault-dev,Vault,Security,Key Management,Key Vault,Microsoft Azure,MIC-KeyVault,MIC-KeyVault-eastus,sub-d4e5f6a7,assinatura-dev,Subscription,"{""OwnerTeam"": ""plataforma"", ""Environment"": ""dev"", ""ManagedBy"": ""manual""}"
0.5475,sub-a1b2c3d4,cloudfinops-demo,Billing Account,USD,2026-08-01T00:00:00Z,2026-09-01T00:00:00Z,Usage,,Key Vault - Key Management,Usage-Based,2026-08-14T00:00:00Z,2026-08-14T23:59:59Z,,,,8.19,Operation,0.5475,0.06685,0.5475,Microsoft Corporation,0.5475,0.06685,Standard,8.19,Operation,eastus,East US,microsoft/sub-d4e5f6a7/key-vault,key-vault-dev,Vault,Security,Key Management,Key Vault,Microsoft Azure,MIC-KeyVault,MIC-KeyVault-eastus,sub-d4e5f6a7,assinatura-dev,Subscription,"{""OwnerTeam"": ""backend"", ""Environment"": ""dev"", ""ManagedBy"": ""terraform""}"
0.4505,sub-a1b2c3d4,cloudfinops-demo,Billing Account,USD,2026-08-01T00:00:00Z,2026-09-01T00:00:00Z,Usage,,Key Vault - Key Management,Usage-Based,2026-08-15T00:00:00Z,2026-08-15T23:59:59Z,,,,1.925,Operation,0.4505,0.234026,0.4505,Microsoft Corporation,0.4505,0.234026,Standard,1.925,Operation,eastus,East US,microsoft/sub-d4e5f6a7/key-vault,key-vault-dev,Vault,Security,Key Management,Key Vault,Microsoft Azure,MIC-KeyVault,MIC-KeyVault-eastus,sub-d4e5f6a7,assinatura-dev,Subscription,"{""OwnerTeam"": ""plataforma"", ""Environment"": ""dev"", ""ManagedBy"": ""manual""}"
0.4694,sub-a1b2c3d4,cloudfinops-demo,Billing Account,USD,2026-08-01T00:00:00Z,2026-09-01T00:00:00Z,Usage,,Key Vault - Key Management,Usage-Based,2026-08-16T00:00:00Z,2026-08-16T23:59:59Z,,,,10.241,Operation,0.4694,0.045835,0.4694,Microsoft Corporation,0.4694,0.045835,Standard,10.241,Operation,eastus,East US,microsoft/sub-d4e5f6a7/key-vault,key-vault-dev,Vault,Security,Key Management,Key Vault,Microsoft Azure,MIC-KeyVault,MIC-KeyVault-eastus,sub-d4e5f6a7,assinatura-dev,Subscription,"{""OwnerTeam"": ""dados"", ""Environment"": ""dev"", ""ManagedBy"": ""manual""}"
0.5415,sub-a1b2c3d4,cloudfinops-demo,Billing Account,USD,2026-08-01T00:00:00Z,2026-09-01T00:00:00Z,Usage,,Key Vault - Key Management,Usage-Based,2026-08-17T00:00:00Z,2026-08-17T23:59:59Z,,,,4.786,Operation,0.5415,0.113142,0.5415,Microsoft Corporation,0.5415,0.113142,Standard,4.786,Operation,eastus,East US,microsoft/sub-d4e5f6a7/key-vault,key-vault-dev,Vault,Security,Key Management,Key Vault,Microsoft Azure,MIC-KeyVault,MIC-KeyVault-eastus,sub-d4e5f6a7,assinatura-dev,Subscription,"{""OwnerTeam"": ""backend"", ""Environment"": ""dev"", ""ManagedBy"": ""cloudformation""}"
0.5549,sub-a1b2c3d4,cloudfinops-demo,Billing Account,USD,2026-08-01T00:00:00Z,2026-09-01T00:00:00Z,Usage,,Key Vault - Key Management,Usage-Based,2026-08-18T00:00:00Z,2026-08-18T23:59:59Z,,,,2.471,Operation,0.5549,0.224565,0.5549,Microsoft Corporation,0.5549,0.224565,Standard,2.471,Operation,eastus,East US,microsoft/sub-d4e5f6a7/key-vault,key-vault-dev,Vault,Security,Key Management,Key Vault,Microsoft Azure,MIC-KeyVault,MIC-KeyVault-eastus,sub-d4e5f6a7,assinatura-dev,Subscription,"{""OwnerTeam"": ""dados"", ""Environment"": ""dev"", ""ManagedBy"": ""terraform""}"
0.5318,sub-a1b2c3d4,cloudfinops-demo,Billing Account,USD,2026-08-01T00:00:00Z,2026-09-01T00:00:00Z,Usage,,Key Vault - Key Management,Usage-Based,2026-08-19T00:00:00Z,2026-08-19T23:59:59Z,,,,3.323,Operation,0.5318,0.160036,0.5318,Microsoft Corporation,0.5318,0.160036,Standard,3.323,Operation,eastus,East US,microsoft/sub-d4e5f6a7/key-vault,key-vault-dev,Vault,Security,Key Management,Key Vault,Microsoft Azure,MIC-KeyVault,MIC-KeyVault-eastus,sub-d4e5f6a7,assinatura-dev,Subscription,"{""OwnerTeam"": ""plataforma"", ""Environment"": ""dev"", ""ManagedBy"": ""manual""}"
0.5245,sub-a1b2c3d4,cloudfinops-demo,Billing Account,USD,2026-08-01T00:00:00Z,2026-09-01T00:00:00Z,Usage,,Key Vault - Key Management,Usage-Based,2026-08-20T00:00:00Z,2026-08-20T23:59:59Z,,,,1.529,Operation,0.5245,0.343035,0.5245,Microsoft Corporation,0.5245,0.343035,Standard,1.529,Operation,eastus,East US,microsoft/sub-d4e5f6a7/key-vault,key-vault-dev,Vault,Security,Key Management,Key Vault,Microsoft Azure,MIC-KeyVault,MIC-KeyVault-eastus,sub-d4e5f6a7,assinatura-dev,Subscription,"{""OwnerTeam"": ""dados"", ""Environment"": ""dev"", ""ManagedBy"": ""manual""}"
0.5501,sub-a1b2c3d4,cloudfinops-demo,Billing Account,USD,2026-08-01T00:00:00Z,2026-09-01T00:00:00Z,Usage,,Key Vault - Key Management,Usage-Based,2026-08-21T00:00:00Z,2026-08-21T23:59:59Z,,,,2.84,Operation,0.5501,0.193697,0.5501,Microsoft Corporation,0.5501,0.193697,Standard,2.84,Operation,eastus,East US,microsoft/sub-d4e5f6a7/key-vault,key-vault-dev,Vault,Security,Key Management,Key Vault,Microsoft Azure,MIC-KeyVault,MIC-KeyVault-eastus,sub-d4e5f6a7,assinatura-dev,Subscription,"{""OwnerTeam"": ""plataforma"", ""Environment"": ""dev"", ""ManagedBy"": ""cloudformation""}"
0.4582,sub-a1b2c3d4,cloudfinops-demo,Billing Account,USD,2026-08-01T00:00:00Z,2026-09-01T00:00:00Z,Usage,,Key Vault - Key Management,Usage-Based,2026-08-22T00:00:00Z,2026-08-22T23:59:59Z,,,,10.47,Operation,0.4582,0.043763,0.4582,Microsoft Corporation,0.4582,0.043763,Standard,10.47,Operation,eastus,East US,microsoft/sub-d4e5f6a7/key-vault,key-vault-dev,Vault,Security,Key Management,Key Vault,Microsoft Azure,MIC-KeyVault,MIC-KeyVault-eastus,sub-d4e5f6a7,assinatura-dev,Subscription,"{""OwnerTeam"": ""plataforma"", ""Environment"": ""dev"", ""ManagedBy"": ""serverless""}"
0.4526,sub-a1b2c3d4,cloudfinops-demo,Billing Account,USD,2026-08-01T00:00:00Z,2026-09-01T00:00:00Z,Usage,,Key Vault - Key Management,Usage-Based,2026-08-23T00:00:00Z,2026-08-23T23:59:59Z,,,,1.7,Operation,0.4526,0.266235,0.4526,Microsoft Corporation,0.4526,0.266235,Standard,1.7,Operation,eastus,East US,microsoft/sub-d4e5f6a7/key-vault,key-vault-dev,Vault,Security,Key Management,Key Vault,Microsoft Azure,MIC-KeyVault,MIC-KeyVault-eastus,sub-d4e5f6a7,assinatura-dev,Subscription,"{""OwnerTeam"": ""dados"", ""Environment"": ""dev"", ""ManagedBy"": ""manual""}"
0.5597,sub-a1b2c3d4,cloudfinops-demo,Billing Account,USD,2026-08-01T00:00:00Z,2026-09-01T00:00:00Z,Usage,,Key Vault - Key Management,Usage-Based,2026-08-24T00:00:00Z,2026-08-24T23:59:59Z,,,,2.33,Operation,0.5597,0.240215,0.5597,Microsoft Corporation,0.5597,0.240215,Standard,2.33,Operation,eastus,East US,microsoft/sub-d4e5f6a7/key-vault,key-vault-dev,Vault,Security,Key Management,Key Vault,Microsoft Azure,MIC-KeyVault,MIC-KeyVault-eastus,sub-d4e5f6a7,assinatura-dev,Subscription,"{""OwnerTeam"": ""plataforma"", ""Environment"": ""dev"", ""ManagedBy"": ""manual""}"
0.5466,sub-a1b2c3d4,cloudfinops-demo,Billing Account,USD,2026-08-01T00:00:00Z,2026-09-01T00:00:00Z,Usage,,Key Vault - Key Management,Usage-Based,2026-08-25T00:00:00Z,2026-08-25T23:59:59Z,,,,2.001,Operation,0.5466,0.273163,0.5466,Microsoft Corporation,0.5466,0.273163,Standard,2.001,Operation,eastus,East US,microsoft/sub-d4e5f6a7/key-vault,key-vault-dev,Vault,Security,Key Management,Key Vault,Microsoft Azure,MIC-KeyVault,MIC-KeyVault-eastus,sub-d4e5f6a7,assinatura-dev,Subscription,"{""OwnerTeam"": ""plataforma"", ""Environment"": ""dev"", ""ManagedBy"": ""manual""}"
0.5346,sub-a1b2c3d4,cloudfinops-demo,Billing Account,USD,2026-08-01T00:00:00Z,2026-09-01T00:00:00Z,Usage,,Key Vault - Key Management,Usage-Based,2026-08-26T00:00:00Z,2026-08-26T23:59:59Z,,,,1.242,Operation,0.5346,0.430435,0.5346,Microsoft Corporation,0.5346,0.430435,Standard,1.242,Operation,eastus,East US,microsoft/sub-d4e5f6a7/key-vault,key-vault-dev,Vault,Security,Key Management,Key Vault,Microsoft Azure,MIC-KeyVault,MIC-KeyVault-eastus,sub-d4e5f6a7,assinatura-dev,Subscription,"{""OwnerTeam"": ""plataforma"", ""Environment"": ""dev"", ""ManagedBy"": ""cloudformation""}"
0.5278,sub-a1b2c3d4,cloudfinops-demo,Billing Account,USD,2026-08-01T00:00:00Z,2026-09-01T00:00:00Z,Usage,,Key Vault - Key Management,Usage-Based,2026-08-27T00:00:00Z,2026-08-27T23:59:59Z,,,,5.646,Operation,0.5278,0.093482,0.5278,Microsoft Corporation,0.5278,0.093482,Standard,5.646,Operation,eastus,East US,microsoft/sub-d4e5f6a7/key-vault,key-vault-dev,Vault,Security,Key Management,Key Vault,Microsoft Azure,MIC-KeyVault,MIC-KeyVault-eastus,sub-d4e5f6a7,assinatura-dev,Subscription,"{""OwnerTeam"": ""redes"", ""Environment"": ""dev"", ""ManagedBy"": ""manual""}"
0.5506,sub-a1b2c3d4,cloudfinops-demo,Billing Account,USD,2026-08-01T00:00:00Z,2026-09-01T00:00:00Z,Usage,,Key Vault - Key Management,Usage-Based,2026-08-28T00:00:00Z,2026-08-28T23:59:59Z,,,,4.744,Operation,0.5506,0.116062,0.5506,Microsoft Corporation,0.5506,0.116062,Standard,4.744,Operation,eastus,East US,microsoft/sub-d4e5f6a7/key-vault,key-vault-dev,Vault,Security,Key Management,Key Vault,Microsoft Azure,MIC-KeyVault,MIC-KeyVault-eastus,sub-d4e5f6a7,assinatura-dev,Subscription,"{""OwnerTeam"": ""backend"", ""Environment"": ""dev"", ""ManagedBy"": ""serverless""}"
0.4599,sub-a1b2c3d4,cloudfinops-demo,Billing Account,USD,2026-08-01T00:00:00Z,2026-09-01T00:00:00Z,Usage,,Key Vault - Key Management,Usage-Based,2026-08-29T00:00:00Z,2026-08-29T23:59:59Z,,,,1.251,Operation,0.4599,0.367626,0.4599,Microsoft Corporation,0.4599,0.367626,Standard,1.251,Operation,eastus,East US,microsoft/sub-d4e5f6a7/key-vault,key-vault-dev,Vault,Security,Key Management,Key Vault,Microsoft Azure,MIC-KeyVault,MIC-KeyVault-eastus,sub-d4e5f6a7,assinatura-dev,Subscription,"{""OwnerTeam"": ""redes"", ""Environment"": ""dev"", ""ManagedBy"": ""manual""}"
0.4541,sub-a1b2c3d4,cloudfinops-demo,Billing Account,USD,2026-08-01T00:00:00Z,2026-09-01T00:00:00Z,Usage,,Key Vault - Key Management,Usage-Based,2026-08-30T00:00:00Z,2026-08-30T23:59:59Z,,,,4.608,Operation,0.4541,0.098546,0.4541,Microsoft Corporation,0.4541,0.098546,Standard,4.608,Operation,eastus,East US,microsoft/sub-d4e5f6a7/key-vault,key-vault-dev,Vault,Security,Key Management,Key Vault,Microsoft Azure,MIC-KeyVault,MIC-KeyVault-eastus,sub-d4e5f6a7,assinatura-dev,Subscription,"{""OwnerTeam"": ""plataforma"", ""Environment"": ""dev"", ""ManagedBy"": ""manual""}"
0.5284,sub-a1b2c3d4,cloudfinops-demo,Billing Account,USD,2026-08-01T00:00:00Z,2026-09-01T00:00:00Z,Usage,,Key Vault - Key Management,Usage-Based,2026-08-31T00:00:00Z,2026-08-31T23:59:59Z,,,,2.7,Operation,0.5284,0.195704,0.5284,Microsoft Corporation,0.5284,0.195704,Standard,2.7,Operation,eastus,East US,microsoft/sub-d4e5f6a7/key-vault,key-vault-dev,Vault,Security,Key Management,Key Vault,Microsoft Azure,MIC-KeyVault,MIC-KeyVault-eastus,sub-d4e5f6a7,assinatura-dev,Subscription,"{""OwnerTeam"": ""backend"", ""Environment"": ""dev"", ""ManagedBy"": ""cloudformation""}"
0.5494,sub-a1b2c3d4,cloudfinops-demo,Billing Account,USD,2026-09-01T00:00:00Z,2026-10-01T00:00:00Z,Usage,,Key Vault - Key Management,Usage-Based,2026-09-01T00:00:00Z,2026-09-01T23:59:59Z,,,,2.858,Operation,0.5494,0.192232,0.5494,Microsoft Corporation,0.5494,0.192232,Standard,2.858,Operation,eastus,East US,microsoft/sub-d4e5f6a7/key-vault,key-vault-dev,Vault,Security,Key Management,Key Vault,Microsoft Azure,MIC-KeyVault,MIC-KeyVault-eastus,sub-d4e5f6a7,assinatura-dev,Subscription,"{""OwnerTeam"": ""backend"", ""Environment"": ""dev"", ""ManagedBy"": ""terraform""}"
0.5485,sub-a1b2c3d4,cloudfinops-demo,Billing Account,USD,2026-09-01T00:00:00Z,2026-10-01T00:00:00Z,Usage,,Key Vault - Key Management,Usage-Based,2026-09-02T00:00:00Z,2026-09-02T23:59:59Z,,,,1.427,Operation,0.5485,0.384373,0.5485,Microsoft Corporation,0.5485,0.384373,Standard,1.427,Operation,eastus,East US,microsoft/sub-d4e5f6a7/key-vault,key-vault-dev,Vault,Security,Key Management,Key Vault,Microsoft Azure,MIC-KeyVault,MIC-KeyVault-eastus,sub-d4e5f6a7,assinatura-dev,Subscription,"{""OwnerTeam"": ""redes"", ""Environment"": ""dev"", ""ManagedBy"": ""serverless""}"
0.5777,sub-a1b2c3d4,cloudfinops-demo,Billing Account,USD,2026-09-01T00:00:00Z,2026-10-01T00:00:00Z,Usage,,Key Vault - Key Management,Usage-Based,2026-09-03T00:00:00Z,2026-09-03T23:59:59Z,,,,1.465,Operation,0.5777,0.394334,0.5777,Microsoft Corporation,0.5777,0.394334,Standard,1.465,Operation,eastus,East US,microsoft/sub-d4e5f6a7/key-vault,key-vault-dev,Vault,Security,Key Management,Key Vault,Microsoft Azure,MIC-KeyVault,MIC-KeyVault-eastus,sub-d4e5f6a7,assinatura-dev,Subscription,"{""OwnerTeam"": ""backend"", ""Environment"": ""dev"", ""ManagedBy"": ""manual""}"
0.5586,sub-a1b2c3d4,cloudfinops-demo,Billing Account,USD,2026-09-01T00:00:00Z,2026-10-01T00:00:00Z,Usage,,Key Vault - Key Management,Usage-Based,2026-09-04T00:00:00Z,2026-09-04T23:59:59Z,,,,2.084,Operation,0.5586,0.268042,0.5586,Microsoft Corporation,0.5586,0.268042,Standard,2.084,Operation,eastus,East US,microsoft/sub-d4e5f6a7/key-vault,key-vault-dev,Vault,Security,Key Management,Key Vault,Microsoft Azure,MIC-KeyVault,MIC-KeyVault-eastus,sub-d4e5f6a7,assinatura-dev,Subscription,"{""OwnerTeam"": ""dados"", ""Environment"": ""dev"", ""ManagedBy"": ""manual""}"
0.4681,sub-a1b2c3d4,cloudfinops-demo,Billing Account,USD,2026-09-01T00:00:00Z,2026-10-01T00:00:00Z,Usage,,Key Vault - Key Management,Usage-Based,2026-09-05T00:00:00Z,2026-09-05T23:59:59Z,,,,1.069,Operation,0.4681,0.437886,0.4681,Microsoft Corporation,0.4681,0.437886,Standard,1.069,Operation,eastus,East US,microsoft/sub-d4e5f6a7/key-vault,key-vault-dev,Vault,Security,Key Management,Key Vault,Microsoft Azure,MIC-KeyVault,MIC-KeyVault-eastus,sub-d4e5f6a7,assinatura-dev,Subscription,"{""OwnerTeam"": ""backend"", ""Environment"": ""dev"", ""ManagedBy"": ""serverless""}"
0.4897,sub-a1b2c3d4,cloudfinops-demo,Billing Account,USD,2026-09-01T00:00:00Z,2026-10-01T00:00:00Z,Usage,,Key Vault - Key Management,Usage-Based,2026-09-06T00:00:00Z,2026-09-06T23:59:59Z,,,,3.688,Operation,0.4897,0.132782,0.4897,Microsoft Corporation,0.4897,0.132782,Standard,3.688,Operation,eastus,East US,microsoft/sub-d4e5f6a7/key-vault,key-vault-dev,Vault,Security,Key Management,Key Vault,Microsoft Azure,MIC-KeyVault,MIC-KeyVault-eastus,sub-d4e5f6a7,assinatura-dev,Subscription,"{""OwnerTeam"": ""backend"", ""Environment"": ""dev"", ""ManagedBy"": ""cloudformation""}"
0.5778,sub-a1b2c3d4,cloudfinops-demo,Billing Account,USD,2026-09-01T00:00:00Z,2026-10-01T00:00:00Z,Usage,,Key Vault - Key Management,Usage-Based,2026-09-07T00:00:00Z,2026-09-07T23:59:59Z,,,,1.545,Operation,0.5778,0.373981,0.5778,Microsoft Corporation,0.5778,0.373981,Standard,1.545,Operation,eastus,East US,microsoft/sub-d4e5f6a7/key-vault,key-vault-dev,Vault,Security,Key Management,Key Vault,Microsoft Azure,MIC-KeyVault,MIC-KeyVault-eastus,sub-d4e5f6a7,assinatura-dev,Subscription,"{""OwnerTeam"": ""dados"", ""Environment"": ""dev"", ""ManagedBy"": ""cloudformation""}"
0.5712,sub-a1b2c3d4,cloudfinops-demo,Billing Account,USD,2026-09-01T00:00:00Z,2026-10-01T00:00:00Z,Usage,,Key Vault - Key Management,Usage-Based,2026-09-08T00:00:00Z,2026-09-08T23:59:59Z,,,,1.804,Operation,0.5712,0.31663,0.5712,Microsoft Corporation,0.5712,0.31663,Standard,1.804,Operation,eastus,East US,microsoft/sub-d4e5f6a7/key-vault,key-vault-dev,Vault,Security,Key Management,Key Vault,Microsoft Azure,MIC-KeyVault,MIC-KeyVault-eastus,sub-d4e5f6a7,assinatura-dev,Subscription,"{""OwnerTeam"": ""dados"", ""Environment"": ""dev"", ""ManagedBy"": ""manual""}"
0.5548,sub-a1b2c3d4,cloudfinops-demo,Billing Account,USD,2026-09-01T00:00:00Z,2026-10-01T00:00:00Z,Usage,,Key Vault - Key Management,Usage-Based,2026-09-09T00:00:00Z,2026-09-09T23:59:59Z,,,,2.229,Operation,0.5548,0.248901,0.5548,Microsoft Corporation,0.5548,0.248901,Standard,2.229,Operation,eastus,East US,microsoft/sub-d4e5f6a7/key-vault,key-vault-dev,Vault,Security,Key Management,Key Vault,Microsoft Azure,MIC-KeyVault,MIC-KeyVault-eastus,sub-d4e5f6a7,assinatura-dev,Subscription,"{""OwnerTeam"": ""backend"", ""Environment"": ""dev"", ""ManagedBy"": ""serverless""}"
0.5484,sub-a1b2c3d4,cloudfinops-demo,Billing Account,USD,2026-09-01T00:00:00Z,2026-10-01T00:00:00Z,Usage,,Key Vault - Key Management,Usage-Based,2026-09-10T00:00:00Z,2026-09-10T23:59:59Z,,,,1.76,Operation,0.5484,0.311591,0.5484,Microsoft Corporation,0.5484,0.311591,Standard,1.76,Operation,eastus,East US,microsoft/sub-d4e5f6a7/key-vault,key-vault-dev,Vault,Security,Key Management,Key Vault,Microsoft Azure,MIC-KeyVault,MIC-KeyVault-eastus,sub-d4e5f6a7,assinatura-dev,Subscription,"{""OwnerTeam"": ""backend"", ""Environment"": ""dev"", ""ManagedBy"": ""manual""}"
0.5619,sub-a1b2c3d4,cloudfinops-demo,Billing Account,USD,2026-09-01T00:00:00Z,2026-10-01T00:00:00Z,Usage,,Key Vault - Key Management,Usage-Based,2026-09-11T00:00:00Z,2026-09-11T23:59:59Z,,,,3.481,Operation,0.5619,0.161419,0.5619,Microsoft Corporation,0.5619,0.161419,Standard,3.481,Operation,eastus,East US,microsoft/sub-d4e5f6a7/key-vault,key-vault-dev,Vault,Security,Key Management,Key Vault,Microsoft Azure,MIC-KeyVault,MIC-KeyVault-eastus,sub-d4e5f6a7,assinatura-dev,Subscription,"{""OwnerTeam"": ""redes"", ""Environment"": ""dev"", ""ManagedBy"": ""serverless""}"
0.471,sub-a1b2c3d4,cloudfinops-demo,Billing Account,USD,2026-09-01T00:00:00Z,2026-10-01T00:00:00Z,Usage,,Key Vault - Key Management,Usage-Based,2026-09-12T00:00:00Z,2026-09-12T23:59:59Z,,,,1.224,Operation,0.471,0.384804,0.471,Microsoft Corporation,0.471,0.384804,Standard,1.224,Operation,eastus,East US,microsoft/sub-d4e5f6a7/key-vault,key-vault-dev,Vault,Security,Key Management,Key Vault,Microsoft Azure,MIC-KeyVault,MIC-KeyVault-eastus,sub-d4e5f6a7,assinatura-dev,Subscription,"{""OwnerTeam"": ""plataforma"", ""Environment"": ""dev"", ""ManagedBy"": ""manual""}"
0.4813,sub-a1b2c3d4,cloudfinops-demo,Billing Account,USD,2026-09-01T00:00:00Z,2026-10-01T00:00:00Z,Usage,,Key Vault - Key Management,Usage-Based,2026-09-13T00:00:00Z,2026-09-13T23:59:59Z,,,,2.103,Operation,0.4813,0.228864,0.4813,Microsoft Corporation,0.4813,0.228864,Standard,2.103,Operation,eastus,East US,microsoft/sub-d4e5f6a7/key-vault,key-vault-dev,Vault,Security,Key Management,Key Vault,Microsoft Azure,MIC-KeyVault,MIC-KeyVault-eastus,sub-d4e5f6a7,assinatura-dev,Subscription,"{""OwnerTeam"": ""dados"", ""Environment"": ""dev"", ""ManagedBy"": ""manual""}"
0.562,sub-a1b2c3d4,cloudfinops-demo,Billing Account,USD,2026-09-01T00:00:00Z,2026-10-01T00:00:00Z,Usage,,Key Vault - Key Management,Usage-Based,2026-09-14T00:00:00Z,2026-09-14T23:59:59Z,,,,9.668,Operation,0.562,0.05813,0.562,Microsoft Corporation,0.562,0.05813,Standard,9.668,Operation,eastus,East US,microsoft/sub-d4e5f6a7/key-vault,key-vault-dev,Vault,Security,Key Management,Key Vault,Microsoft Azure,MIC-KeyVault,MIC-KeyVault-eastus,sub-d4e5f6a7,assinatura-dev,Subscription,"{""OwnerTeam"": ""dados"", ""Environment"": ""dev"", ""ManagedBy"": ""cloudformation""}"
0.5843,sub-a1b2c3d4,cloudfinops-demo,Billing Account,USD,2026-09-01T00:00:00Z,2026-10-01T00:00:00Z,Usage,,Key Vault - Key Management,Usage-Based,2026-09-15T00:00:00Z,2026-09-15T23:59:59Z,,,,13.794,Operation,0.5843,0.042359,0.5843,Microsoft Corporation,0.5843,0.042359,Standard,13.794,Operation,eastus,East US,microsoft/sub-d4e5f6a7/key-vault,key-vault-dev,Vault,Security,Key Management,Key Vault,Microsoft Azure,MIC-KeyVault,MIC-KeyVault-eastus,sub-d4e5f6a7,assinatura-dev,Subscription,"{""OwnerTeam"": ""redes"", ""Environment"": ""dev"", ""ManagedBy"": ""serverless""}"
0.5765,sub-a1b2c3d4,cloudfinops-demo,Billing Account,USD,2026-09-01T00:00:00Z,2026-10-01T00:00:00Z,Usage,,Key Vault - Key Management,Usage-Based,2026-09-16T00:00:00Z,2026-09-16T23:59:59Z,,,,1.614,Operation,0.5765,0.357187,0.5765,Microsoft Corporation,0.5765,0.357187,Standard,1.614,Operation,eastus,East US,microsoft/sub-d4e5f6a7/key-vault,key-vault-dev,Vault,Security,Key Management,Key Vault,Microsoft Azure,MIC-KeyVault,MIC-KeyVault-eastus,sub-d4e5f6a7,assinatura-dev,Subscription,"{""OwnerTeam"": ""plataforma"", ""Environment"": ""dev"", ""ManagedBy"": ""manual""}"
0.5512,sub-a1b2c3d4,cloudfinops-demo,Billing Account,USD,2026-09-01T00:00:00Z,2026-10-01T00:00:00Z,Usage,,Key Vault - Key Management,Usage-Based,2026-09-17T00:00:00Z,2026-09-17T23:59:59Z,,,,2.908,Operation,0.5512,0.189546,0.5512,Microsoft Corporation,0.5512,0.189546,Standard,2.908,Operation,eastus,East US,microsoft/sub-d4e5f6a7/key-vault,key-vault-dev,Vault,Security,Key Management,Key Vault,Microsoft Azure,MIC-KeyVault,MIC-KeyVault-eastus,sub-d4e5f6a7,assinatura-dev,Subscription,"{""OwnerTeam"": ""redes"", ""Environment"": ""dev"", ""ManagedBy"": ""manual""}"
0.5564,sub-a1b2c3d4,cloudfinops-demo,Billing Account,USD,2026-09-01T00:00:00Z,2026-10-01T00:00:00Z,Usage,,Key Vault - Key Management,Usage-Based,2026-09-18T00:00:00Z,2026-09-18T23:59:59Z,,,,2.3,Operation,0.5564,0.241913,0.5564,Microsoft Corporation,0.5564,0.241913,Standard,2.3,Operation,eastus,East US,microsoft/sub-d4e5f6a7/key-vault,key-vault-dev,Vault,Security,Key Management,Key Vault,Microsoft Azure,MIC-KeyVault,MIC-KeyVault-eastus,sub-d4e5f6a7,assinatura-dev,Subscription,"{""OwnerTeam"": ""backend"", ""Environment"": ""dev"", ""ManagedBy"": ""manual""}"
0.4707,sub-a1b2c3d4,cloudfinops-demo,Billing Account,USD,2026-09-01T00:00:00Z,2026-10-01T00:00:00Z,Usage,,Key Vault - Key Management,Usage-Based,2026-09-19T00:00:00Z,2026-09-19T23:59:59Z,,,,1.435,Operation,0.4707,0.328014,0.4707,Microsoft Corporation,0.4707,0.328014,Standard,1.435,Operation,eastus,East US,microsoft/sub-d4e5f6a7/key-vault,key-vault-dev,Vault,Security,Key Management,Key Vault,Microsoft Azure,MIC-KeyVault,MIC-KeyVault-eastus,sub-d4e5f6a7,assinatura-dev,Subscription,"{""OwnerTeam"": ""backend"", ""Environment"": ""dev"", ""ManagedBy"": ""manual""}"
0.4825,sub-a1b2c3d4,cloudfinops-demo,Billing Account,USD,2026-09-01T00:00:00Z,2026-10-01T00:00:00Z,Usage,,Key Vault - Key Management,Usage-Based,2026-09-20T00:00:00Z,2026-09-20T23:59:59Z,,,,6.074,Operation,0.4825,0.079437,0.4825,Microsoft Corporation,0.4825,0.079437,Standard,6.074,Operation,eastus,East US,microsoft/sub-d4e5f6a7/key-vault,key-vault-dev,Vault,Security,Key Management,Key Vault,Microsoft Azure,MIC-KeyVault,MIC-KeyVault-eastus,sub-d4e5f6a7,assinatura-dev,Subscription,"{""OwnerTeam"": ""plataforma"", ""Environment"": ""dev"", ""ManagedBy"": ""terraform""}"
0.5608,sub-a1b2c3d4,cloudfinops-demo,Billing Account,USD,2026-09-01T00:00:00Z,2026-10-01T00:00:00Z,Usage,,Key Vault - Key Management,Usage-Based,2026-09-21T00:00:00Z,2026-09-21T23:59:59Z,,,,2.448,Operation,0.5608,0.229085,0.5608,Microsoft Corporation,0.5608,0.229085,Standard,2.448,Operation,eastus,East US,microsoft/sub-d4e5f6a7/key-vault,key-vault-dev,Vault,Security,Key Management,Key Vault,Microsoft Azure,MIC-KeyVault,MIC-KeyVault-eastus,sub-d4e5f6a7,assinatura-dev,Subscription,"{""OwnerTeam"": ""dados"", ""Environment"": ""dev"", ""ManagedBy"": ""cloudformation""}"
0.5544,sub-a1b2c3d4,cloudfinops-demo,Billing Account,USD,2026-09-01T00:00:00Z,2026-10-01T00:00:00Z,Usage,,Key Vault - Key Management,Usage-Based,2026-09-22T00:00:00Z,2026-09-22T23:59:59Z,,,,3.159,Operation,0.5544,0.175499,0.5544,Microsoft Corporation,0.5544,0.175499,Standard,3.159,Operation,eastus,East US,microsoft/sub-d4e5f6a7/key-vault,key-vault-dev,Vault,Security,Key Management,Key Vault,Microsoft Azure,MIC-KeyVault,MIC-KeyVault-eastus,sub-d4e5f6a7,assinatura-dev,Subscription,"{""OwnerTeam"": ""backend"", ""Environment"": ""dev"", ""ManagedBy"": ""cloudformation""}"
0.5795,sub-a1b2c3d4,cloudfinops-demo,Billing Account,USD,2026-09-01T00:00:00Z,2026-10-01T00:00:00Z,Usage,,Key Vault - Key Management,Usage-Based,2026-09-23T00:00:00Z,2026-09-23T23:59:59Z,,,,2.016,Operation,0.5795,0.28745,0.5795,Microsoft Corporation,0.5795,0.28745,Standard,2.016,Operation,eastus,East US,microsoft/sub-d4e5f6a7/key-vault,key-vault-dev,Vault,Security,Key Management,Key Vault,Microsoft Azure,MIC-KeyVault,MIC-KeyVault-eastus,sub-d4e5f6a7,assinatura-dev,Subscription,"{""OwnerTeam"": ""backend"", ""Environment"": ""dev"", ""ManagedBy"": ""terraform""}"
0.55,sub-a1b2c3d4,cloudfinops-demo,Billing Account,USD,2026-09-01T00:00:00Z,2026-10-01T00:00:00Z,Usage,,Key Vault - Key Management,Usage-Based,2026-09-24T00:00:00Z,2026-09-24T23:59:59Z,,,,7.517,Operation,0.55,0.073167,0.55,Microsoft Corporation,0.55,0.073167,Standard,7.517,Operation,eastus,East US,microsoft/sub-d4e5f6a7/key-vault,key-vault-dev,Vault,Security,Key Management,Key Vault,Microsoft Azure,MIC-KeyVault,MIC-KeyVault-eastus,sub-d4e5f6a7,assinatura-dev,Subscription,"{""OwnerTeam"": ""redes"", ""Environment"": ""dev"", ""ManagedBy"": ""cloudformation""}"
0.5667,sub-a1b2c3d4,cloudfinops-demo,Billing Account,USD,2026-09-01T00:00:00Z,2026-10-01T00:00:00Z,Usage,,Key Vault - Key Management,Usage-Based,2026-09-25T00:00:00Z,2026-09-25T23:59:59Z,,,,3.372,Operation,0.5667,0.16806,0.5667,Microsoft Corporation,0.5667,0.16806,Standard,3.372,Operation,eastus,East US,microsoft/sub-d4e5f6a7/key-vault,key-vault-dev,Vault,Security,Key Management,Key Vault,Microsoft Azure,MIC-KeyVault,MIC-KeyVault-eastus,sub-d4e5f6a7,assinatura-dev,Subscription,"{""OwnerTeam"": ""backend"", ""Environment"": ""dev"", ""ManagedBy"": ""manual""}"
0.4856,sub-a1b2c3d4,cloudfinops-demo,Billing Account,USD,2026-09-01T00:00:00Z,2026-10-01T00:00:00Z,Usage,,Key Vault - Key Management,Usage-Based,2026-09-26T00:00:00Z,2026-09-26T23:59:59Z,,,,4.46,Operation,0.4856,0.108879,0.4856,Microsoft Corporation,0.4856,0.108879,Standard,4.46,Operation,eastus,East US,microsoft/sub-d4e5f6a7/key-vault,key-vault-dev,Vault,Security,Key Management,Key Vault,Microsoft Azure,MIC-KeyVault,MIC-KeyVault-eastus,sub-d4e5f6a7,assinatura-dev,Subscription,"{""OwnerTeam"": ""plataforma"", ""Environment"": ""dev"", ""ManagedBy"": ""manual""}"
0.4801,sub-a1b2c3d4,cloudfinops-demo,Billing Account,USD,2026-09-01T00:00:00Z,2026-10-01T00:00:00Z,Usage,,Key Vault - Key Management,Usage-Based,2026-09-27T00:00:00Z,2026-09-27T23:59:59Z,,,,8.331,Operation,0.4801,0.057628,0.4801,Microsoft Corporation,0.4801,0.057628,Standard,8.331,Operation,eastus,East US,microsoft/sub-d4e5f6a7/key-vault,key-vault-dev,Vault,Security,Key Management,Key Vault,Microsoft Azure,MIC-KeyVault,MIC-KeyVault-eastus,sub-d4e5f6a7,assinatura-dev,Subscription,"{""OwnerTeam"": ""backend"", ""Environment"": ""dev"", ""ManagedBy"": ""manual""}"
0.552,sub-a1b2c3d4,cloudfinops-demo,Billing Account,USD,2026-09-01T00:00:00Z,2026-10-01T00:00:00Z,Usage,,Key Vault - Key Management,Usage-Based,2026-09-28T00:00:00Z,2026-09-28T23:59:59Z,,,,4.811,Operation,0.552,0.114737,0.552,Microsoft Corporation,0.552,0.114737,Standard,4.811,Operation,eastus,East US,microsoft/sub-d4e5f6a7/key-vault,key-vault-dev,Vault,Security,Key Management,Key Vault,Microsoft Azure,MIC-KeyVault,MIC-KeyVault-eastus,sub-d4e5f6a7,assinatura-dev,Subscription,"{""OwnerTeam"": ""backend"", ""Environment"": ""dev"", ""ManagedBy"": ""serverless""}"
0.5525,sub-a1b2c3d4,cloudfinops-demo,Billing Account,USD,2026-09-01T00:00:00Z,2026-10-01T00:00:00Z,Usage,,Key Vault - Key Management,Usage-Based,2026-09-29T00:00:00Z,2026-09-29T23:59:59Z,,,,1.263,Operation,0.5525,0.437451,0.5525,Microsoft Corporation,0.5525,0.437451,Standard,1.263,Operation,eastus,East US,microsoft/sub-d4e5f6a7/key-vault,key-vault-dev,Vault,Security,Key Management,Key Vault,Microsoft Azure,MIC-KeyVault,MIC-KeyVault-eastus,sub-d4e5f6a7,assinatura-dev,Subscription,"{""OwnerTeam"": ""dados"", ""Environment"": ""dev"", ""ManagedBy"": ""cloudformation""}"
0.5707,sub-a1b2c3d4,cloudfinops-demo,Billing Account,USD,2026-09-01T00:00:00Z,2026-10-01T00:00:00Z,Usage,,Key Vault - Key Management,Usage-Based,2026-09-30T00:00:00Z,2026-09-30T23:59:59Z,,,,4.429,Operation,0.5707,0.128855,0.5707,Microsoft Corporation,0.5707,0.128855,Standard,4.429,Operation,eastus,East US,microsoft/sub-d4e5f6a7/key-vault,key-vault-dev,Vault,Security,Key Management,Key Vault,Microsoft Azure,MIC-KeyVault,MIC-KeyVault-eastus,sub-d4e5f6a7,assinatura-dev,Subscription,"{""OwnerTeam"": ""backend"", ""Environment"": ""dev"", ""ManagedBy"": ""terraform""}"
0.5854,sub-a1b2c3d4,cloudfinops-demo,Billing Account,USD,2026-10-01T00:00:00Z,2026-11-01T00:00:00Z,Usage,,Key Vault - Key Management,Usage-Based,2026-10-01T00:00:00Z,2026-10-01T23:59:59Z,,,,2.561,Operation,0.5854,0.228583,0.5854,Microsoft Corporation,0.5854,0.228583,Standard,2.561,Operation,eastus,East US,microsoft/sub-d4e5f6a7/key-vault,key-vault-dev,Vault,Security,Key Management,Key Vault,Microsoft Azure,MIC-KeyVault,MIC-KeyVault-eastus,sub-d4e5f6a7,assinatura-dev,Subscription,"{""OwnerTeam"": ""redes"", ""Environment"": ""dev"", ""ManagedBy"": ""serverless""}"
0.5692,sub-a1b2c3d4,cloudfinops-demo,Billing Account,USD,2026-10-01T00:00:00Z,2026-11-01T00:00:00Z,Usage,,Key Vault - Key Management,Usage-Based,2026-10-02T00:00:00Z,2026-10-02T23:59:59Z,,,,1.644,Operation,0.5692,0.346229,0.5692,Microsoft Corporation,0.5692,0.346229,Standard,1.644,Operation,eastus,East US,microsoft/sub-d4e5f6a7/key-vault,key-vault-dev,Vault,Security,Key Management,Key Vault,Microsoft Azure,MIC-KeyVault,MIC-KeyVault-eastus,sub-d4e5f6a7,assinatura-dev,Subscription,"{""OwnerTeam"": ""backend"", ""Environment"": ""dev"", ""ManagedBy"": ""cloudformation""}"
0.4919,sub-a1b2c3d4,cloudfinops-demo,Billing Account,USD,2026-10-01T00:00:00Z,2026-11-01T00:00:00Z,Usage,,Key Vault - Key Management,Usage-Based,2026-10-03T00:00:00Z,2026-10-03T23:59:59Z,,,,4.45,Operation,0.4919,0.110539,0.4919,Microsoft Corporation,0.4919,0.110539,Standard,4.45,Operation,eastus,East US,microsoft/sub-d4e5f6a7/key-vault,key-vault-dev,Vault,Security,Key Management,Key Vault,Microsoft Azure,MIC-KeyVault,MIC-KeyVault-eastus,sub-d4e5f6a7,assinatura-dev,Subscription,"{""OwnerTeam"": ""redes"", ""Environment"": ""dev"", ""ManagedBy"": ""serverless""}"
